{
  "mass_kg": 0.25,
  "friction": 0.6,
  "restitution": 0.1,
  "density_kg_m3": 1000.0,
  "size_cm": [
    10.0,
    8.1,
    8.0
  ],
  "tags": [
    "mug",
    "cup",
    "container",
    "cylinder",
    "handle",
    "grasp",
    "mug_03"
  ],
  "source": "objaverse",
  "description": "Ceramic mug (Objaverse) [uid=0166cd3012284d0cb89d0c6548f9680c]",
  "stable_poses": [
    {
      "z": 0.078685,
      "quat": [
        0.214956,
        -0.673642,
        0.673642,
        0.214956
      ],
      "probability": 0.3326
    },
    {
      "z": 0.082544,
      "quat": [
        0.673642,
        -0.214956,
        0.214956,
        0.673642
      ],
      "probability": 0.3269
    },
    {
      "z": 0.076699,
      "quat": [
        0.0,
        0.0,
        0.707107,
        0.707107
      ],
      "probability": 0.1477
    },
    {
      "z": 0.088353,
      "quat": [
        0.707107,
        -0.707107,
        0.0,
        0.0
      ],
      "probability": 0.1452
    }
  ]
}