{
  "mass_kg": 0.3,
  "friction": 1.5,
  "restitution": 0.1,
  "density_kg_m3": 1000.0,
  "size_cm": [
    14.0,
    5.5,
    13.3
  ],
  "tags": [
    "bowl",
    "container",
    "concave",
    "round",
    "grasp",
    "bowl_02"
  ],
  "source": "objaverse",
  "description": "Ceramic bowl (Objaverse) [uid=68655c9cf95642efa50c98f895c7a449]",
  "stable_poses": [
    {
      "z": 0.093152,
      "quat": [
        0.005753,
        -0.006157,
        -0.730616,
        -0.682736
      ],
      "probability": 0.6305
    },
    {
      "z": 0.094638,
      "quat": [
        0.708296,
        -0.705911,
        -0.00186,
        -0.001867
      ],
      "probability": 0.3695
    }
  ]
}