# https://github.com/mikedh/trimesh
v 0.00001993 -0.00343978 0.00272371
v 0.00074587 -0.00384446 0.00308761
v 0.00074600 -0.01060524 -0.00407197
v 0.00074600 -0.00910920 0.00391871
v 0.00074600 -0.00355808 0.00245935
v 0.00074600 -0.00346275 -0.00378924
v 0.00074600 -0.00352814 -0.00387193
v 0.00074600 -0.00351623 -0.00385681
v 0.00074600 -0.00350417 -0.00384170
v 0.00074600 -0.00349059 0.00255036
v 0.00074600 -0.00266053 -0.00110976
v 0.00074600 -0.00354340 -0.00387098
v 0.01013806 -0.00008863 -0.00610230
v 0.00930867 -0.00008863 -0.00610230
v 0.00930867 -0.00008863 0.00482822
v 0.01013806 -0.00008863 0.00482822
v 0.00034569 -0.00337991 0.00373810
v 0.00107125 -0.00337991 0.00268247
v 0.01012532 -0.00295447 0.00200002
v 0.00072611 -0.00345258 0.00270802
v 0.00542159 -0.00181222 -0.00077615
v 0.00066047 -0.00337991 -0.00600318
v 0.00074600 -0.00337991 -0.00392207
v 0.00081490 -0.00333525 0.00251099
v 0.01014232 -0.00313720 -0.00352223
v 0.01023253 -0.00302727 -0.00379774
v 0.01023253 -0.00033497 -0.00594476
v 0.01023253 -0.00033497 0.00467068
v 0.01023253 -0.00313358 0.00467068
v 0.01023253 -0.00243556 -0.00272164
v 0.01023253 -0.00208604 -0.00116844
v 0.01023253 -0.00208604 -0.00010571
v -0.00135677 -0.00008863 0.00482822
v 0.00001993 -0.00008863 0.00482822
v 0.00001993 -0.00008863 -0.00610230
v -0.00135677 -0.00008863 -0.00610230
v 0.00139664 -0.00008863 -0.00610230
v 0.00139664 -0.00008863 0.00482822
v -0.00070613 -0.01195471 -0.00159923
v -0.00069506 -0.01233995 -0.00022436
v -0.00070613 -0.00372543 0.00267262
v -0.00070613 -0.00351536 -0.00385754
v -0.00070613 -0.00352742 -0.00387265
v -0.00070613 -0.00346246 -0.00379069
v -0.00070613 -0.00350344 -0.00384243
v -0.00070613 -0.00352422 -0.00386859
v -0.00070613 -0.00352426 0.00258433
v -0.00070613 -0.00275012 0.00079060
v -0.00070613 -0.00252290 -0.00063704
v -0.00070613 -0.00298661 -0.00262362
v -0.00070613 -0.00337991 0.00264799
v 0.01011381 -0.00246812 -0.00209600
v -0.00126115 -0.00337991 -0.00600318
v -0.00080176 -0.00337991 -0.00399335
v -0.00126115 -0.00337991 -0.00396537
v -0.01009819 -0.00008863 -0.00610230
v -0.01009819 -0.00008863 0.00482822
v -0.00926880 -0.00008863 0.00482822
v -0.00926880 -0.00008863 -0.00610230
v -0.01019266 -0.00328544 0.00482822
v -0.01018801 -0.00331466 0.00482822
v -0.01018801 -0.00328544 0.00485845
v -0.01017464 -0.00334096 0.00482822
v -0.01015371 -0.00336189 0.00482822
v -0.01017464 -0.00328544 0.00488577
v -0.01009819 -0.00337991 0.00482822
v -0.01009819 -0.00337526 0.00485845
v -0.01012741 -0.00337526 0.00482822
v -0.01009819 -0.00336189 0.00488577
v -0.01009819 -0.00334096 0.00490743
v -0.01015611 -0.00334344 0.00488881
v -0.01009819 -0.00328544 0.00492617
v -0.01012741 -0.00328544 0.00492138
v -0.01009819 -0.00331466 0.00492138
v -0.01015371 -0.00328544 0.00490743
v -0.01009819 -0.00018310 0.00492617
v -0.01009819 -0.00015388 0.00492138
v -0.01012741 -0.00018310 0.00492138
v -0.01009819 -0.00012758 0.00490743
v -0.01009819 -0.00010665 0.00488577
v -0.01015371 -0.00018310 0.00490743
v -0.01012741 -0.00009328 0.00482822
v -0.01009819 -0.00009328 0.00485845
v -0.01015371 -0.00010665 0.00482822
v -0.01017464 -0.00012758 0.00482822
v -0.01015614 -0.00012512 0.00488883
v -0.01019266 -0.00018310 0.00482822
v -0.01018801 -0.00018310 0.00485845
v -0.01018801 -0.00015388 0.00482822
v -0.01017464 -0.00018310 0.00488577
v -0.01009819 -0.00337991 -0.00610230
v -0.01012741 -0.00337526 -0.00610230
v -0.01009819 -0.00337526 -0.00613253
v -0.01015371 -0.00336189 -0.00610230
v -0.01017464 -0.00334096 -0.00610230
v -0.01009819 -0.00336189 -0.00615985
v -0.01019266 -0.00328544 -0.00610230
v -0.01018801 -0.00328544 -0.00613253
v -0.01018801 -0.00331466 -0.00610230
v -0.01017464 -0.00328544 -0.00615985
v -0.01015371 -0.00328544 -0.00618150
v -0.01015612 -0.00334334 -0.00616299
v -0.01009819 -0.00328544 -0.00620025
v -0.01009819 -0.00331466 -0.00619546
v -0.01012741 -0.00328544 -0.00619546
v -0.01009819 -0.00334096 -0.00618150
v -0.01009819 -0.00009328 -0.00613253
v -0.01012741 -0.00009328 -0.00610230
v -0.01009819 -0.00010665 -0.00615985
v -0.01009819 -0.00012758 -0.00618150
v -0.01015371 -0.00010665 -0.00610230
v -0.01009819 -0.00018310 -0.00620025
v -0.01012741 -0.00018310 -0.00619546
v -0.01009819 -0.00015388 -0.00619546
v -0.01015371 -0.00018310 -0.00618150
v -0.01017464 -0.00018310 -0.00615985
v -0.01015604 -0.00012502 -0.00616291
v -0.01019266 -0.00018310 -0.00610230
v -0.01018801 -0.00015388 -0.00610230
v -0.01018801 -0.00018310 -0.00613253
v -0.01017464 -0.00012758 -0.00610230
v 0.01023253 -0.00328544 0.00482822
v 0.01022788 -0.00328544 0.00485845
v 0.01022788 -0.00331466 0.00482822
v 0.01021451 -0.00328544 0.00488577
v 0.01019358 -0.00328544 0.00490743
v 0.01021451 -0.00334096 0.00482822
v 0.01013806 -0.00328544 0.00492617
v 0.01013806 -0.00331466 0.00492138
v 0.01016727 -0.00328544 0.00492138
v 0.01013806 -0.00334096 0.00490743
v 0.01013806 -0.00336189 0.00488577
v 0.01019599 -0.00334334 0.00488891
v 0.01013806 -0.00337991 0.00482822
v 0.01016727 -0.00337526 0.00482822
v 0.01013806 -0.00337526 0.00485845
v 0.01019358 -0.00336189 0.00482822
v 0.01013806 -0.00009328 0.00485845
v 0.01016727 -0.00009328 0.00482822
v 0.01013806 -0.00010665 0.00488577
v 0.01013806 -0.00012758 0.00490743
v 0.01019358 -0.00010665 0.00482822
v 0.01013806 -0.00018310 0.00492617
v 0.01016727 -0.00018310 0.00492138
v 0.01013806 -0.00015388 0.00492138
v 0.01019358 -0.00018310 0.00490743
v 0.01021451 -0.00018310 0.00488577
v 0.01019590 -0.00012502 0.00488883
v 0.01023253 -0.00018310 0.00482822
v 0.01022788 -0.00015388 0.00482822
v 0.01022788 -0.00018310 0.00485845
v 0.01021451 -0.00012758 0.00482822
v 0.01013806 -0.00328544 -0.00620025
v 0.01016727 -0.00328544 -0.00619546
v 0.01013806 -0.00331466 -0.00619546
v 0.01019358 -0.00328544 -0.00618150
v 0.01021451 -0.00328544 -0.00615985
v 0.01013806 -0.00334096 -0.00618150
v 0.01023253 -0.00328544 -0.00610230
v 0.01022788 -0.00331466 -0.00610230
v 0.01022788 -0.00328544 -0.00613253
v 0.01021451 -0.00334096 -0.00610230
v 0.01019358 -0.00336189 -0.00610230
v 0.01019598 -0.00334344 -0.00616289
v 0.01013806 -0.00337991 -0.00610230
v 0.01013806 -0.00337526 -0.00613253
v 0.01016727 -0.00337526 -0.00610230
v 0.01013806 -0.00336189 -0.00615985
v 0.01016727 -0.00009328 -0.00610230
v 0.01013806 -0.00009328 -0.00613253
v 0.01019358 -0.00010665 -0.00610230
v 0.01021451 -0.00012758 -0.00610230
v 0.01013806 -0.00010665 -0.00615985
v 0.01023253 -0.00018310 -0.00610230
v 0.01022788 -0.00018310 -0.00613253
v 0.01022788 -0.00015388 -0.00610230
v 0.01021451 -0.00018310 -0.00615985
v 0.01019358 -0.00018310 -0.00618150
v 0.01019601 -0.00012513 -0.00616291
v 0.01013806 -0.00018310 -0.00620025
v 0.01013806 -0.00015388 -0.00619546
v 0.01016727 -0.00018310 -0.00619546
v 0.01013806 -0.00012758 -0.00618150
v 0.01013806 -0.00337991 -0.00386626
v 0.01016713 -0.00337482 -0.00386800
v 0.01013806 -0.00337686 -0.00385463
v 0.01019343 -0.00336160 -0.00386989
v 0.01021422 -0.00334081 -0.00387207
v 0.01013806 -0.00336843 -0.00383676
v 0.01023155 -0.00329135 -0.00385491
v 0.01022744 -0.00331451 -0.00387396
v 0.01020116 -0.00335433 -0.00383845
v 0.01013806 -0.00335520 -0.00381438
v -0.01009819 -0.00337991 -0.00386626
v -0.01009819 -0.00337686 -0.00385463
v -0.01012726 -0.00337482 -0.00386800
v -0.01015989 -0.00329784 -0.00375888
v -0.01015357 -0.00336160 -0.00386989
v -0.01019266 -0.00328544 -0.00387571
v -0.01018757 -0.00331451 -0.00387396
v -0.01017435 -0.00334081 -0.00387207
v 0.01015078 -0.00334617 0.00252854
v 0.01020621 -0.00335194 0.00256784
v 0.01013806 -0.00335520 0.00254030
v 0.01023253 -0.00328544 0.00260163
v 0.01022744 -0.00331451 0.00259988
v 0.01021422 -0.00334081 0.00259800
v 0.01019343 -0.00336160 0.00259582
v 0.01013806 -0.00337991 0.00259218
v 0.01013806 -0.00337686 0.00258056
v 0.01016713 -0.00337482 0.00259393
v 0.01013806 -0.00336843 0.00256268
v -0.01009819 -0.00335520 0.00254030
v -0.01009819 -0.00336843 0.00256268
v -0.01009819 -0.00337991 0.00259218
v -0.01012726 -0.00337482 0.00259393
v -0.01009819 -0.00337686 0.00258056
v -0.01015357 -0.00336160 0.00259582
v -0.01017435 -0.00334081 0.00259800
v -0.01018757 -0.00331451 0.00259988
v -0.01016234 -0.00335421 0.00256609
v -0.00926880 -0.00018310 -0.00620025
v -0.00926880 -0.00015388 -0.00619546
v -0.00926880 -0.00012758 -0.00618150
v -0.00926880 -0.00010665 -0.00615985
v -0.00926880 -0.00009328 -0.00613253
v -0.01019266 -0.00304783 -0.00357560
v -0.01018801 -0.00307225 -0.00355860
v -0.01017464 -0.00309419 -0.00354334
v -0.01015371 -0.00311163 -0.00353128
v -0.00926880 -0.00328544 0.00492617
v -0.00926880 -0.00331466 0.00492138
v -0.00926880 -0.00334096 0.00490743
v -0.00926880 -0.00336189 0.00488577
v -0.00926880 -0.00337526 0.00485845
v -0.00926880 -0.00337991 0.00482822
v -0.01019266 -0.00257638 -0.00266119
v -0.01018801 -0.00260356 -0.00264942
v -0.01017464 -0.00262797 -0.00263895
v -0.01015371 -0.00264745 -0.00263067
v -0.00926880 -0.00336843 -0.00383676
v -0.00926880 -0.00337700 -0.00385463
v -0.00926880 -0.00337991 -0.00386626
v -0.01019266 -0.00257638 0.00138696
v -0.01018954 -0.00265673 0.00154008
v -0.01019031 -0.00319901 0.00245743
v -0.01010195 -0.00293430 0.00196960
v -0.01019266 -0.00228616 0.00039480
v -0.01018801 -0.00231493 0.00038884
v -0.01019266 -0.00228616 -0.00166888
v -0.01018801 -0.00231493 -0.00166292
v -0.01017464 -0.00234095 -0.00165769
v -0.01008881 -0.00222332 -0.00066598
v -0.01019266 -0.00218821 -0.00063704
v -0.01018801 -0.00221742 -0.00063704
v -0.01017464 -0.00224387 -0.00063704
v -0.01014546 -0.00226650 -0.00027190
v -0.00074493 -0.00335520 -0.00381438
v -0.00074493 -0.00317819 -0.00358098
v -0.00072415 -0.00336843 -0.00383676
v -0.00072415 -0.00323778 -0.00365059
v -0.00071064 -0.00337700 -0.00385463
v -0.00071064 -0.00331291 -0.00373837
v -0.00070613 -0.00337991 -0.00386626
v -0.00070613 -0.00339619 -0.00383574
v -0.00070644 -0.00247080 -0.00175160
v -0.00071064 -0.00272476 -0.00259739
v -0.00072415 -0.00270035 -0.00260800
v -0.00074493 -0.00268087 -0.00261628
v -0.00199438 -0.00227363 -0.00199341
v -0.00076581 -0.00275030 0.00167435
v -0.00072192 -0.00231173 -0.00005828
v -0.00070613 -0.00337991 0.00259218
v -0.00071064 -0.00337700 0.00258056
v -0.00070671 -0.00337511 0.00257060
v -0.00135677 -0.00336843 0.00256268
v -0.00135677 -0.00337700 0.00258056
v -0.00135677 -0.00337991 0.00259218
v -0.00072415 -0.00232220 -0.00063704
v -0.00074493 -0.00230113 -0.00063704
v 0.00930867 -0.00009328 -0.00613253
v 0.00930867 -0.00010665 -0.00615985
v 0.00930867 -0.00012758 -0.00618150
v 0.00930867 -0.00015388 -0.00619546
v 0.00930867 -0.00018310 -0.00620025
v 0.00930867 -0.00337991 0.00482822
v 0.00930867 -0.00337526 0.00485845
v 0.00930867 -0.00336189 0.00488577
v 0.00930867 -0.00334096 0.00490743
v 0.00930867 -0.00331466 0.00492138
v 0.00930867 -0.00328544 0.00492617
v -0.00072415 -0.00241768 -0.00164185
v -0.00074493 -0.00239705 -0.00164606
v 0.01011473 -0.00283491 -0.00304265
v 0.01019358 -0.00311163 -0.00353128
v 0.01021451 -0.00309419 -0.00354334
v 0.01022788 -0.00307225 -0.00355860
v 0.01023253 -0.00304783 -0.00357560
v 0.00930867 -0.00337991 -0.00386626
v 0.00930867 -0.00337700 -0.00385463
v 0.00930867 -0.00336843 -0.00383676
v 0.00930867 -0.00335520 -0.00381438
v 0.01019358 -0.00264745 -0.00263067
v 0.01021451 -0.00262797 -0.00263895
v 0.01022788 -0.00260356 -0.00264942
v 0.01023253 -0.00257638 -0.00266119
v 0.01019358 -0.00311163 0.00225720
v 0.01021451 -0.00309419 0.00226926
v 0.01022788 -0.00307225 0.00228452
v 0.01023253 -0.00304783 0.00230152
v 0.01019358 -0.00264745 0.00135659
v 0.01021451 -0.00262797 0.00136487
v 0.01022788 -0.00260356 0.00137534
v 0.01023253 -0.00257638 0.00138696
v 0.01019358 -0.00236144 -0.00165333
v 0.01021451 -0.00234095 -0.00165769
v 0.01022788 -0.00231493 -0.00166292
v 0.01023253 -0.00228616 -0.00166888
v 0.01014678 -0.00222154 -0.00062079
v 0.01019358 -0.00236144 0.00037925
v 0.01021451 -0.00234095 0.00038346
v 0.01022788 -0.00231493 0.00038884
v 0.01023253 -0.00228616 0.00039480
v -0.00135677 -0.00328544 0.00492617
v -0.00135677 -0.00331466 0.00492138
v -0.00135677 -0.00334096 0.00490743
v -0.00135677 -0.00336189 0.00488577
v -0.00135677 -0.00337526 0.00485845
v -0.00135677 -0.00337991 0.00482822
v 0.01019358 -0.00226494 -0.00063704
v 0.01021451 -0.00224387 -0.00063704
v 0.01022788 -0.00221742 -0.00063704
v 0.01023253 -0.00218821 -0.00063704
v -0.00926880 -0.00018310 0.00492617
v -0.00926880 -0.00015388 0.00492138
v -0.00926880 -0.00012758 0.00490743
v -0.00926880 -0.00010665 0.00488577
v -0.00926880 -0.00009328 0.00485845
v -0.00926880 -0.00328544 -0.00620025
v -0.00926880 -0.00331466 -0.00619546
v -0.00926880 -0.00334096 -0.00618150
v -0.00926880 -0.00336189 -0.00615985
v -0.00926880 -0.00337526 -0.00613253
v -0.00926880 -0.00337991 -0.00610230
v -0.00926880 -0.00335520 0.00254030
v -0.00926880 -0.00336843 0.00256268
v -0.00926880 -0.00337700 0.00258056
v -0.00926880 -0.00337991 0.00259218
v -0.00135677 -0.00335520 -0.00381438
v -0.00135677 -0.00336843 -0.00383676
v -0.00135677 -0.00337700 -0.00385463
v -0.00135677 -0.00337991 -0.00386626
v 0.00081125 -0.00266838 -0.00262166
v 0.00081125 -0.00313997 -0.00353622
v 0.00078480 -0.00268087 -0.00261628
v 0.00078480 -0.00317819 -0.00358098
v 0.00076402 -0.00270035 -0.00260800
v 0.00076402 -0.00323778 -0.00365059
v 0.00075051 -0.00272476 -0.00259739
v 0.00074600 -0.00337991 -0.00386626
v 0.00075051 -0.00337700 -0.00385463
v 0.00074658 -0.00337511 -0.00384467
v 0.00081125 -0.00266838 0.00134758
v 0.00081125 -0.00238382 0.00037474
v 0.00078480 -0.00268087 0.00134220
v 0.00078480 -0.00239705 0.00037198
v 0.00076402 -0.00270020 0.00133392
v 0.00076402 -0.00241768 0.00036777
v 0.00075051 -0.00272476 0.00132331
v 0.00075051 -0.00244355 0.00036239
v 0.00074600 -0.00275179 0.00131168
v 0.00074600 -0.00247233 0.00035643
v 0.00081125 -0.00313997 0.00226214
v 0.00078480 -0.00335520 0.00254030
v 0.00078480 -0.00317819 0.00230690
v 0.00076402 -0.00336843 0.00256268
v 0.00076402 -0.00323778 0.00237651
v 0.00075051 -0.00337700 0.00258056
v 0.00075051 -0.00331291 0.00246429
v 0.00074600 -0.00337991 0.00259218
v 0.00074600 -0.00339619 0.00256166
v 0.00081125 -0.00238382 -0.00164882
v 0.00078480 -0.00239705 -0.00164606
v 0.00076402 -0.00241768 -0.00164185
v 0.00075051 -0.00244355 -0.00163647
v 0.00074600 -0.00247233 -0.00163051
v 0.00081125 -0.00228776 -0.00063704
v 0.00078480 -0.00230113 -0.00063704
v 0.00076402 -0.00232220 -0.00063704
v 0.00075051 -0.00234865 -0.00063704
v 0.00074600 -0.00237801 -0.00063704
v -0.00135677 -0.00018310 -0.00620025
v -0.00135677 -0.00015388 -0.00619546
v -0.00135677 -0.00012758 -0.00618150
v -0.00135677 -0.00010665 -0.00615985
v -0.00135677 -0.00009328 -0.00613253
v 0.00139664 -0.00337991 0.00259218
v 0.00139664 -0.00337700 0.00258056
v 0.00139664 -0.00336843 0.00256268
v 0.00139664 -0.00335520 0.00254030
v 0.00139664 -0.00333849 0.00251559
v 0.00139664 -0.00337991 0.00482822
v 0.00139664 -0.00337526 0.00485845
v 0.00139664 -0.00336189 0.00488577
v 0.00139664 -0.00334096 0.00490743
v 0.00139664 -0.00331466 0.00492138
v 0.00139664 -0.00328544 0.00492617
v 0.00930867 -0.00337991 -0.00610230
v 0.00930867 -0.00337526 -0.00613253
v 0.00930867 -0.00336189 -0.00615985
v 0.00930867 -0.00334096 -0.00618150
v 0.00930867 -0.00331466 -0.00619546
v 0.00930867 -0.00328544 -0.00620025
v 0.00930867 -0.00009328 0.00485845
v 0.00930867 -0.00010665 0.00488577
v 0.00930867 -0.00012758 0.00490743
v 0.00930867 -0.00015388 0.00492138
v 0.00930867 -0.00018310 0.00492617
v 0.00139664 -0.00009328 -0.00613253
v 0.00139664 -0.00010665 -0.00615985
v 0.00139664 -0.00012758 -0.00618150
v 0.00139664 -0.00015388 -0.00619546
v 0.00139664 -0.00018310 -0.00620025
v 0.00139664 -0.00337991 -0.00386626
v 0.00139664 -0.00337700 -0.00385463
v 0.00139664 -0.00336843 -0.00383676
v 0.00078714 -0.00334312 -0.00379567
v 0.00930867 -0.00337991 0.00259218
v 0.00930867 -0.00337700 0.00258056
v 0.00930867 -0.00336843 0.00256268
v 0.00930867 -0.00335520 0.00254030
v 0.00930867 -0.00333849 0.00251559
v 0.00001993 -0.00009328 -0.00613253
v 0.00001993 -0.00010665 -0.00615985
v 0.00001993 -0.00012758 -0.00618150
v 0.00001993 -0.00015388 -0.00619546
v 0.00001993 -0.00018310 -0.00620025
v 0.00139664 -0.00337991 -0.00610230
v 0.00139664 -0.00337526 -0.00613253
v 0.00139664 -0.00336189 -0.00615985
v 0.00139664 -0.00334096 -0.00618150
v 0.00139664 -0.00331466 -0.00619546
v 0.00139664 -0.00328544 -0.00620025
v 0.00139664 -0.00009328 0.00485845
v 0.00139664 -0.00010665 0.00488577
v 0.00139664 -0.00012758 0.00490743
v 0.00139664 -0.00015388 0.00492138
v 0.00139664 -0.00018310 0.00492617
v 0.00001993 -0.00337991 0.00482822
v 0.00001993 -0.00337526 0.00485845
v 0.00001993 -0.00336189 0.00488577
v 0.00001993 -0.00334096 0.00490743
v 0.00001993 -0.00331466 0.00492138
v 0.00001993 -0.00328544 0.00492617
v 0.00001993 -0.00337991 -0.00610230
v 0.00001993 -0.00337526 -0.00613253
v 0.00001993 -0.00336189 -0.00615985
v 0.00001993 -0.00334096 -0.00618150
v 0.00001993 -0.00331466 -0.00619546
v 0.00001993 -0.00328544 -0.00620025
v 0.00001993 -0.00009328 0.00485845
v 0.00001993 -0.00010665 0.00488577
v 0.00001993 -0.00012758 0.00490743
v 0.00001993 -0.00015388 0.00492138
v 0.00001993 -0.00018310 0.00492617
v 0.00074600 -0.00342787 0.00270859
v 0.00001993 -0.00342787 0.00270859
v -0.00040222 -0.00383304 -0.00495314
v 0.00001993 -0.00341580 -0.00396755
v 0.00074600 -0.00341580 -0.00396755
v 0.00001993 -0.00340389 -0.00395244
v 0.00074600 -0.00340389 -0.00395244
v 0.00001993 -0.00339183 -0.00393718
v 0.00074600 -0.00339183 -0.00393718
v 0.00001993 -0.00337991 -0.00392207
v 0.00074600 -0.00337991 0.00264799
v 0.00001993 -0.00337991 0.00264799
v 0.00001993 -0.00339183 0.00266310
v 0.00074600 -0.00339183 0.00266310
v 0.00001993 -0.00340389 0.00267836
v 0.00074600 -0.00340389 0.00267836
v 0.00001993 -0.00341580 0.00269348
v 0.00074600 -0.00341580 0.00269348
v -0.00135677 -0.00328544 -0.00620025
v -0.00135677 -0.00331466 -0.00619546
v -0.00135677 -0.00334096 -0.00618150
v -0.00135677 -0.00336189 -0.00615985
v -0.00135677 -0.00337526 -0.00613253
v -0.00135677 -0.00337991 -0.00610230
v -0.00135677 -0.00018310 0.00492617
v -0.00135677 -0.00015388 0.00492138
v -0.00135677 -0.00012758 0.00490743
v -0.00135677 -0.00010665 0.00488577
v -0.00135677 -0.00009328 0.00485845
v -0.00070613 -0.00342787 0.00270859
v -0.00070613 -0.00341580 0.00269348
v -0.00070613 -0.00340389 0.00267836
v -0.00070613 -0.00339183 0.00266310
v -0.00070613 -0.00337991 -0.00392207
v -0.00070613 -0.00339183 -0.00393718
v -0.00070613 -0.00340389 -0.00395244
v -0.00070613 -0.00341580 -0.00396755
v -0.01019266 -0.00032843 -0.00595159
v -0.01019266 -0.00314011 -0.00595159
v -0.01019266 -0.00314011 -0.00392962
v -0.01019266 -0.00314011 0.00366653
v -0.01019266 -0.00303330 -0.00379461
v -0.01019266 -0.00244152 -0.00271903
v -0.01019266 -0.00209258 -0.00116771
v -0.01019266 -0.00209251 -0.00010637
v 0.00012278 -0.00878559 -0.00623299
v 0.00016802 -0.01220666 -0.00313265
v 0.00074600 -0.01186061 -0.00260029
v 0.00073772 -0.01218281 -0.00164635
v 0.00074600 -0.01214211 -0.00163792
v 0.00071432 -0.01231375 -0.00063704
v 0.00073772 -0.01227872 -0.00063704
v 0.00074600 -0.01223716 -0.00063704
v 0.00067944 -0.01224036 0.00038405
v 0.00071432 -0.01221725 0.00037940
v 0.00073772 -0.01218281 0.00037227
v 0.00074600 -0.01214211 0.00036385
v -0.00068485 -0.00910453 0.00508630
v 0.00067944 -0.01195304 0.00136604
v 0.00071432 -0.01193138 0.00135659
v 0.00073772 -0.01189883 0.00134264
v 0.00074600 -0.01186061 0.00132622
v 0.00067944 -0.01148653 0.00227086
v 0.00071432 -0.01146706 0.00225734
v 0.00073772 -0.01143785 0.00223714
v 0.00074600 -0.01140326 0.00221316
v 0.00064196 -0.01120058 0.00272828
v 0.00071432 -0.01084214 0.00304677
v 0.00073772 -0.01081729 0.00302105
v 0.00074600 -0.01078793 0.00299068
v 0.00071432 -0.01008076 0.00369465
v 0.00073772 -0.01006129 0.00366442
v 0.00074600 -0.01003818 0.00362867
v 0.00071432 -0.00921213 0.00417613
v 0.00073772 -0.00919861 0.00414256
v 0.00074600 -0.00918277 0.00410274
v 0.00071432 -0.00826952 0.00447260
v 0.00073772 -0.00826269 0.00443685
v 0.00074600 -0.00825455 0.00439470
v 0.00071432 -0.00728927 0.00457273
v 0.00073772 -0.00728927 0.00453625
v 0.00074600 -0.00728927 0.00449324
v 0.00071432 -0.00630902 0.00447260
v 0.00073772 -0.00631585 0.00443685
v 0.00074600 -0.00632399 0.00439470
v 0.00071432 -0.00536642 0.00417613
v 0.00073772 -0.00537993 0.00414256
v 0.00074600 -0.00539577 0.00410274
v 0.00071432 -0.00449778 0.00369465
v 0.00073772 -0.00451726 0.00366442
v -0.00045989 -0.00340382 0.00299352
v 0.00071432 -0.00373640 0.00304677
v 0.00074600 -0.00275114 0.00079031
v 0.00074600 -0.00354340 0.00259691
v 0.00074600 -0.00351470 -0.00385492
v -0.00070613 -0.00352422 -0.00390477
v -0.00070613 -0.00351383 -0.00385551
v -0.00070613 -0.00770046 0.00369184
v 0.01023253 -0.00302727 0.00252366
v 0.01023253 -0.00243556 0.00144757
v -0.01019266 -0.00268400 0.00191524
v -0.00576715 -0.00682750 -0.00493946
v -0.01015487 -0.00794543 -0.00539920
v -0.01094750 -0.02345790 -0.00539920
v -0.01094910 -0.02345790 0.00135528
v -0.01085448 -0.02209570 0.00167041
v -0.01011827 -0.00710339 -0.00567164
v -0.01005949 -0.00462451 -0.00032965
v -0.00141243 -0.02378141 -0.00498181
v -0.00108951 -0.02378141 -0.00557766
v -0.00108951 -0.02378141 -0.00530488
v -0.00141243 -0.02378141 0.00500189
v -0.00080005 -0.02378061 0.00560593
v -0.01059696 -0.02378141 0.00559760
v -0.00067140 -0.01100273 0.00202685
v -0.00067140 -0.01926268 0.00202685
v -0.00067140 -0.01926268 0.00545227
v -0.00067140 -0.02349075 0.00545227
v -0.00067140 -0.02349075 0.00135528
v -0.00098618 -0.02346648 -0.00572299
v -0.00069034 -0.00705542 -0.00577052
v -0.00108951 -0.00813073 -0.00572299
v -0.01081002 -0.02363608 -0.00572299
v -0.00705324 -0.01545806 -0.00519541
v -0.00081673 -0.02378141 -0.00557766
v -0.00091759 -0.01105887 0.00246251
v -0.00108951 -0.01104793 0.00242985
v -0.01057953 -0.01911735 0.00574293
v -0.01059057 -0.02363608 0.00574293
v -0.01039132 -0.01911735 0.00574293
v -0.01015633 -0.01128540 0.00231751
v -0.01037839 -0.01882669 0.00231751
v -0.01004602 -0.01128540 0.00231751
v -0.01051892 -0.01897202 0.00246284
v -0.01038493 -0.01897202 0.00559760
v -0.01038493 -0.01897202 0.00246284
v -0.00108951 -0.02378141 0.00135528
v -0.00141243 -0.02378141 0.00135528
v -0.01007654 -0.01989515 0.00150061
v -0.00155776 -0.01989515 0.00150061
v -0.00155776 -0.01989515 0.00485656
v -0.01007654 -0.01989515 0.00485656
v -0.00141243 -0.02363608 0.00485656
v -0.00141243 -0.02004048 0.00485656
v -0.00141243 -0.02004048 0.00150061
v -0.00141243 -0.02363608 0.00150061
v -0.00141243 -0.02363608 0.00120995
v -0.00141243 -0.02004048 0.00120995
v -0.00141243 -0.02004048 -0.00483648
v -0.00141243 -0.02363608 -0.00483648
v -0.00067140 -0.01911735 0.00559760
v -0.00067852 -0.01907244 0.00559760
v -0.00067852 -0.01911735 0.00564250
v -0.00069916 -0.01911735 0.00568290
v -0.00073142 -0.01911735 0.00571517
v -0.00069916 -0.01903189 0.00559760
v -0.00077182 -0.01911735 0.00573580
v -0.00078580 -0.01908882 0.00573907
v -0.00081673 -0.01897202 0.00559760
v -0.00073912 -0.01901999 0.00569486
v -0.00077182 -0.01897914 0.00559760
v -0.00073142 -0.01899978 0.00559760
v -0.01072267 -0.01911720 0.00559760
v -0.01071628 -0.01911720 0.00564250
v -0.01071337 -0.01907229 0.00559760
v -0.01069070 -0.01903175 0.00559760
v -0.01065684 -0.01899963 0.00559760
v -0.01069637 -0.01911720 0.00568305
v -0.01061528 -0.01897914 0.00559760
v -0.01060480 -0.01897937 0.00563384
v -0.01065201 -0.01902396 0.00569849
v -0.01062443 -0.01911735 0.00573580
v -0.01066469 -0.01911720 0.00571517
v -0.01029047 -0.01107162 0.00217218
v -0.01028494 -0.01110911 0.00221680
v -0.01026692 -0.01115358 0.00225734
v -0.01026442 -0.01113612 0.00231239
v -0.01019905 -0.01124616 0.00230981
v -0.01023727 -0.01120081 0.00228946
v -0.00067140 -0.01107147 0.00217218
v -0.00072013 -0.01113855 0.00232352
v -0.00067910 -0.01110984 0.00221680
v -0.00069959 -0.01115474 0.00225734
v -0.00073171 -0.01120212 0.00228946
v -0.00081673 -0.01128540 0.00231751
v -0.00077226 -0.01124703 0.00230981
v -0.01066629 -0.01911720 0.00217218
v -0.01065742 -0.01907273 0.00222406
v -0.01065684 -0.01906416 0.00221665
v -0.01063417 -0.01900268 0.00225734
v -0.01059958 -0.01893845 0.00228946
v -0.01063606 -0.01903218 0.00228496
v -0.01055642 -0.01887799 0.00230981
v -0.01054063 -0.01891323 0.00233025
v -0.01060981 -0.01896533 0.00231132
v -0.01056281 -0.01897972 0.00241037
v -0.01060351 -0.01900006 0.00234919
v -0.00067140 -0.01911735 0.00217218
v -0.00067910 -0.01906517 0.00221665
v -0.00067910 -0.01907288 0.00222435
v -0.00069945 -0.01903218 0.00228539
v -0.00073171 -0.01900006 0.00234963
v -0.00069945 -0.01900413 0.00225734
v -0.00077226 -0.01897972 0.00241067
v -0.00074025 -0.01895026 0.00233049
v -0.00081673 -0.01882669 0.00231751
v -0.00077226 -0.01887886 0.00230981
v -0.00073171 -0.01893990 0.00228946
v -0.01085478 -0.02363506 -0.00571514
v -0.01089518 -0.02363462 -0.00569480
v -0.01092730 -0.02363462 -0.00566282
v -0.01095564 -0.02363622 -0.00557766
v -0.01094779 -0.02363520 -0.00562228
v -0.01090437 -0.02373587 -0.00567415
v -0.01095012 -0.02368084 -0.00557766
v -0.00073007 -0.02373351 -0.00567733
v -0.00077211 -0.02377356 -0.00557766
v -0.00073156 -0.02375321 -0.00557766
v -0.00069959 -0.02372109 -0.00557766
v -0.00067140 -0.02363608 -0.00557766
v -0.00067925 -0.02368069 -0.00557766
v -0.00067925 -0.02363608 -0.00562228
v -0.00069959 -0.02363608 -0.00566282
v -0.00073156 -0.02363608 -0.00569480
v -0.00081673 -0.02363608 -0.00572299
v -0.00077211 -0.02363608 -0.00571514
v -0.01090457 -0.02373884 0.00568803
v -0.01035106 -0.02386799 0.00500967
v -0.01093180 -0.02372124 0.00559760
v -0.01095564 -0.02363622 0.00559760
v -0.01095012 -0.02368084 0.00559760
v -0.01094779 -0.02363520 0.00564221
v -0.01092730 -0.02363462 0.00568276
v -0.01089518 -0.02363462 0.00571473
v -0.01085478 -0.02363506 0.00573508
v -0.01082562 -0.02369812 0.00573046
v -0.00081673 -0.02363608 0.00574293
v -0.00073002 -0.02373560 0.00569523
v -0.00077211 -0.02363608 0.00573508
v -0.00073156 -0.02363608 0.00571473
v -0.00069959 -0.02363608 0.00568276
v -0.00067140 -0.02363608 0.00559760
v -0.00067925 -0.02363608 0.00564221
v -0.00067925 -0.02368069 0.00559760
v -0.00069959 -0.02372109 0.00559760
v -0.00073156 -0.02375321 0.00559760
v -0.00077211 -0.02377356 0.00559760
v -0.00077182 -0.00796098 -0.00571587
v -0.00081673 -0.00796128 -0.00572299
v -0.00073127 -0.00795997 -0.00569523
v -0.00069916 -0.00795837 -0.00566297
v -0.00067852 -0.00795633 -0.00562257
v -0.01005561 -0.00796098 -0.00571587
v -0.01009616 -0.00795997 -0.00569523
v -0.01012813 -0.00795837 -0.00566297
v -0.01014862 -0.00795633 -0.00562257
v -0.01007021 -0.00697306 -0.00578640
v -0.01015560 -0.00795415 -0.00557766
v -0.01059653 -0.02377356 -0.00562228
v -0.01059566 -0.02375321 -0.00566282
v -0.01059420 -0.02372109 -0.00569480
v -0.01059246 -0.02368069 -0.00571514
v -0.01059057 -0.02363608 -0.00572299
v -0.01012654 -0.01104679 0.00249922
v -0.00070960 -0.00874660 0.00430052
v -0.01014417 -0.00837776 0.00437114
v -0.00489207 -0.00142957 -0.00056333
v -0.01001947 -0.00461600 -0.00534907
v -0.01059246 -0.02368069 0.00573508
v -0.01059420 -0.02372109 0.00571473
v -0.01059566 -0.02375321 0.00568276
v -0.01059653 -0.02377356 0.00564221
v -0.01003701 -0.01108382 0.00239555
v -0.01003541 -0.01104793 0.00242985
v -0.01003905 -0.01113004 0.00236401
v -0.01004137 -0.01118250 0.00233916
v -0.01004384 -0.01123613 0.00232347
v -0.01038042 -0.01887130 0.00232521
v -0.01038217 -0.01891185 0.00234570
v -0.01038362 -0.01894382 0.00237768
v -0.01038449 -0.01896417 0.00241808
v -0.01038522 -0.01897914 0.00564250
v -0.01038609 -0.01899978 0.00568290
v -0.01038755 -0.01903189 0.00571517
v -0.01038929 -0.01907244 0.00573580
v -0.01093268 -0.02372153 0.00135528
v -0.01095157 -0.02368098 0.00135528
v -0.01095680 -0.02363608 0.00135528
v -0.00067140 -0.02363608 0.00135528
v -0.00067852 -0.02368098 0.00135528
v -0.00069916 -0.02372139 0.00135528
v -0.00073127 -0.02375365 0.00135528
v -0.00077182 -0.02377428 0.00135528
v -0.00081673 -0.02378141 0.00135528
v -0.00383729 -0.02196402 -0.00522987
v -0.00884059 -0.01961769 -0.00571341
v -0.00108951 -0.02363608 -0.00572299
v -0.00098618 -0.00813073 -0.00572299
v -0.00108951 -0.02375321 -0.00566282
v -0.00108951 -0.02377356 -0.00562228
v -0.00108951 -0.01894382 0.00237768
v -0.00108951 -0.01891185 0.00234570
v -0.00108951 -0.01108382 0.00239555
v -0.00108951 -0.01887130 0.00232521
v -0.00108951 -0.01882669 0.00231751
v -0.00108951 -0.02377356 0.00564221
v -0.00108951 -0.01907244 0.00573580
v -0.00108951 -0.02368069 -0.00571514
v -0.00108951 -0.01903189 0.00571517
v -0.00108951 -0.01899978 0.00568290
v -0.00108951 -0.01123613 0.00232347
v -0.00108951 -0.01118250 0.00233916
v -0.00108951 -0.02375321 0.00568276
v -0.00108951 -0.02372109 0.00571473
v -0.00108951 -0.02372109 -0.00569480
v -0.00108951 -0.01897914 0.00564250
v -0.00108951 -0.01897202 0.00559760
v -0.00108951 -0.02363608 0.00574293
v -0.00108951 -0.01113004 0.00236401
v -0.00108951 -0.01896417 0.00241808
v -0.00108951 -0.02368069 0.00573508
v -0.00081224 -0.01896901 0.00243042
v -0.00108951 -0.01128540 0.00231751
v -0.01028297 -0.02387981 -0.00498741
v -0.01022187 -0.01989515 0.00500189
v -0.01022187 -0.01989515 0.00135528
v -0.00141243 -0.01989515 0.00135528
v -0.00141243 -0.01989515 0.00500189
v -0.00141243 -0.01989515 -0.00498181
v 0.00001993 0.00908962 0.00486411
v -0.00799818 0.00038136 0.00484581
v -0.00754200 0.01849520 -0.00610561
v 0.00815380 0.01797721 0.00396103
v 0.00758187 0.01849520 0.00483153
v 0.00250346 0.01839858 0.00484678
v 0.01088723 0.00125547 0.00277146
v 0.00666857 0.01895148 0.00334910
v -0.00554115 0.01917240 -0.00105534
v -0.00669907 0.01896055 0.00461312
v 0.00689926 0.01892347 -0.00242624
v -0.00003663 0.01018640 -0.00614351
v 0.00803805 0.00038136 -0.00611988
v -0.01069928 0.00003214 0.00468187
v 0.00001971 -0.00029517 -0.00063703
v -0.00799920 0.00002560 0.00468158
v -0.00799906 0.00003722 0.00471981
v -0.01071876 0.00003980 0.00470142
v -0.01073735 0.00003722 0.00333205
v -0.01069826 0.00006135 0.00475294
v -0.00799877 0.00005583 0.00475454
v -0.00799847 0.00008053 0.00478477
v -0.01071756 0.00007787 0.00477054
v -0.01077034 0.00006135 0.00468144
v -0.01077209 0.00005583 0.00333191
v -0.01080232 0.00008053 0.00333176
v -0.01069811 0.00018342 0.00483316
v -0.00799833 0.00018372 0.00483970
v -0.01093025 0.00025478 0.00471778
v -0.00799847 0.00014549 0.00482808
v -0.01069797 0.00011236 0.00480395
v -0.00799847 0.00011076 0.00480947
v -0.01080812 0.00014297 0.00477312
v -0.01069928 0.00003214 -0.00595595
v -0.00783418 0.00002148 -0.00594221
v -0.01069899 0.00002560 -0.00460613
v -0.01073735 0.00003722 -0.00460613
v -0.01071876 0.00003980 -0.00597549
v -0.00799906 0.00003722 -0.00599388
v -0.01077034 0.00006135 -0.00595552
v -0.01077209 0.00005583 -0.00460599
v -0.01080232 0.00008053 -0.00460584
v -0.01079224 0.00012084 -0.00604914
v -0.01069826 0.00006135 -0.00602702
v -0.00799877 0.00005583 -0.00602862
v -0.00799847 0.00008053 -0.00605885
v -0.01085467 0.00017699 -0.00597792
v -0.01069811 0.00018342 -0.00610724
v -0.01069043 0.00039057 -0.00611610
v -0.00799833 0.00018372 -0.00611378
v -0.00799847 0.00014549 -0.00610215
v -0.01069797 0.00011236 -0.00607803
v -0.00799847 0.00011076 -0.00608355
v -0.01072769 0.00016320 -0.00609853
v 0.01073915 0.00003214 0.00468187
v 0.00787405 0.00002148 0.00466814
v 0.01073885 0.00002560 0.00333205
v 0.01077722 0.00003722 0.00333205
v 0.01075863 0.00003980 0.00470142
v 0.00803892 0.00003722 0.00471981
v 0.01081021 0.00006135 0.00468144
v 0.01081196 0.00005583 0.00333191
v 0.01084218 0.00008053 0.00333176
v 0.01073813 0.00006135 0.00475294
v 0.00803863 0.00005583 0.00475454
v 0.00803834 0.00008053 0.00478477
v 0.01091356 0.00026648 0.00468896
v 0.01088549 0.00014549 0.00333205
v 0.01086122 0.00011236 0.00468144
v 0.01086704 0.00011076 0.00333191
v 0.01073798 0.00018342 0.00483316
v 0.01073030 0.00039058 0.00484202
v 0.00803820 0.00018372 0.00483970
v 0.00803834 0.00014549 0.00482808
v 0.01073784 0.00011236 0.00480395
v 0.00803834 0.00011076 0.00480947
v 0.01083104 0.00011966 0.00477743
v 0.01079297 0.00014767 0.00481121
v 0.01073915 0.00003214 -0.00595595
v 0.00803907 0.00002560 -0.00595566
v 0.00803892 0.00003722 -0.00599388
v 0.01075863 0.00003980 -0.00597549
v 0.01077722 0.00003722 -0.00460613
v 0.01073813 0.00006135 -0.00602702
v 0.00803863 0.00005583 -0.00602862
v 0.00803834 0.00008053 -0.00605885
v 0.01075742 0.00007787 -0.00604461
v 0.01081021 0.00006135 -0.00595552
v 0.01081196 0.00005583 -0.00460599
v 0.01084218 0.00008053 -0.00460584
v 0.01082246 0.00008405 -0.00600516
v 0.01073798 0.00018342 -0.00610724
v 0.00803820 0.00018372 -0.00611378
v 0.01080957 0.00021372 -0.00608785
v 0.00803834 0.00014549 -0.00610215
v 0.01073784 0.00011236 -0.00607803
v 0.00803834 0.00011076 -0.00608355
v 0.01089029 0.00018342 -0.00595595
v 0.01090672 0.00083096 -0.00595000
v 0.01089697 0.00018372 -0.00460613
v 0.01088549 0.00014549 -0.00460613
v 0.01088118 0.00019459 -0.00599393
v 0.01086122 0.00011236 -0.00595552
v 0.01086704 0.00011076 -0.00460599
v 0.01083323 0.00013179 -0.00605272
v -0.01069884 0.00002342 -0.00063704
v -0.01073735 0.00003504 -0.00063704
v -0.01077267 0.00005394 -0.00063704
v -0.01080362 0.00007922 -0.00063704
v -0.01082906 0.00011032 -0.00063704
v -0.01091482 0.00041931 -0.00340357
v -0.01069753 0.00089409 0.00484188
v -0.01035325 0.00339884 0.00484188
v -0.01039161 0.00340015 0.00483026
v -0.01073605 0.00089409 0.00483026
v -0.01077165 0.00089409 0.00481136
v -0.01042693 0.00340146 0.00481136
v -0.01045788 0.00340262 0.00478608
v -0.01080275 0.00089409 0.00478608
v -0.01082833 0.00089409 0.00475512
v -0.01048332 0.00340349 0.00475512
v -0.01050221 0.00340422 0.00471981
v -0.01069753 0.00089409 -0.00611596
v -0.01035325 0.00339884 -0.00611596
v -0.01073605 0.00089409 -0.00610433
v -0.01039161 0.00340015 -0.00610433
v -0.01077165 0.00089409 -0.00608544
v -0.01042693 0.00340146 -0.00608544
v -0.01080275 0.00089409 -0.00606015
v -0.01045788 0.00340262 -0.00606015
v -0.01082833 0.00089409 -0.00602920
v -0.01048332 0.00340349 -0.00602920
v -0.01050221 0.00340422 -0.00599388
v -0.01085914 0.00089409 -0.00595552
v -0.01051384 0.00340465 -0.00595552
v 0.00001993 0.00002342 -0.00595552
v 0.00001993 0.00003504 -0.00599388
v 0.00001993 0.00005394 -0.00602920
v 0.00001993 0.00007922 -0.00606015
v 0.00001993 0.00011032 -0.00608544
v 0.00001993 0.00014549 -0.00610433
v 0.00001993 0.00018386 -0.00611596
v 0.01089901 0.00089409 -0.00595552
v 0.01055573 0.00340549 -0.00594817
v 0.01088724 0.00089409 -0.00599388
v 0.01054208 0.00340422 -0.00599388
v 0.01086820 0.00089409 -0.00602920
v 0.01052319 0.00340349 -0.00602920
v 0.01084262 0.00089409 -0.00606015
v 0.01049775 0.00340262 -0.00606015
v 0.01081152 0.00089409 -0.00608544
v 0.01046680 0.00340146 -0.00608544
v 0.01077591 0.00089409 -0.00610433
v 0.01043148 0.00340015 -0.00610433
v 0.01073740 0.00089409 -0.00611596
v 0.01039312 0.00339884 -0.00611596
v 0.01073871 0.00002342 -0.00063704
v 0.01077722 0.00003504 -0.00063704
v 0.01081254 0.00005394 -0.00063704
v 0.01084349 0.00007922 -0.00063704
v 0.01086893 0.00011032 -0.00063704
v 0.01088782 0.00014549 -0.00063704
v 0.01089930 0.00018386 -0.00063704
v 0.01073740 0.00089409 0.00484188
v 0.01039312 0.00339884 0.00484188
v 0.01077591 0.00089409 0.00483026
v 0.01043148 0.00340015 0.00483026
v 0.01081152 0.00089409 0.00481136
v 0.01046680 0.00340146 0.00481136
v 0.01084262 0.00089409 0.00478608
v 0.01049775 0.00340262 0.00478608
v 0.01086820 0.00089409 0.00475512
v 0.01052319 0.00340349 0.00475512
v 0.01054208 0.00340422 0.00471981
v 0.01089901 0.00089409 0.00468144
v 0.01055371 0.00340465 0.00468144
v 0.00001993 0.00002342 0.00468144
v 0.00001993 0.00003504 0.00471981
v 0.00001993 0.00005394 0.00475512
v 0.00001993 0.00007922 0.00478608
v 0.00001993 0.00011032 0.00481136
v 0.00001993 0.00014549 0.00483026
v 0.00001993 0.00018386 0.00484188
v -0.00491938 0.01882949 0.00483026
v -0.00668295 0.01884838 0.00481136
v -0.00492185 0.01886466 0.00481136
v -0.00492403 0.01889561 0.00478608
v -0.00677004 0.01885998 0.00479586
v -0.00669167 0.01890419 0.00475512
v -0.00492577 0.01892090 0.00475512
v -0.00492708 0.01893979 0.00471981
v -0.00707921 0.01885539 0.00472450
v -0.00667162 0.01877571 -0.00611596
v -0.00491676 0.01879127 -0.00611596
v -0.00688565 0.01877689 -0.00610659
v -0.00491938 0.01882949 -0.00610433
v -0.00668295 0.01884838 -0.00608544
v -0.00492185 0.01886466 -0.00608544
v -0.00677004 0.01885998 -0.00606994
v -0.00492403 0.01889561 -0.00606015
v -0.00669167 0.01890419 -0.00602920
v -0.00492577 0.01892090 -0.00602920
v -0.00707227 0.01885352 -0.00596775
v -0.00492708 0.01893979 -0.00599388
v -0.00669632 0.01893427 -0.00595552
v -0.00492795 0.01895127 -0.00595552
v -0.00795106 0.01797114 0.00476082
v -0.00800804 0.01792819 0.00468183
v -0.00794770 0.01791950 -0.00605970
v -0.00750850 0.01856095 0.00482685
v -0.00831151 0.01562904 0.00483026
v -0.00796229 0.01776844 0.00481136
v -0.00834538 0.01563849 0.00481136
v -0.00837502 0.01564663 0.00478608
v -0.00801519 0.01778806 0.00475512
v -0.00839944 0.01565346 0.00475512
v -0.00841760 0.01565854 0.00471981
v -0.00831151 0.01562904 -0.00610433
v -0.00796229 0.01776844 -0.00608544
v -0.00834538 0.01563849 -0.00608544
v -0.00837502 0.01564663 -0.00606015
v -0.00801519 0.01778806 -0.00602920
v -0.00839944 0.01565346 -0.00602920
v -0.00841760 0.01565854 -0.00599388
v -0.00845959 0.01745661 -0.00430037
v 0.00495925 0.01882949 -0.00610433
v 0.00672282 0.01884838 -0.00608544
v 0.00496172 0.01886466 -0.00608544
v 0.00496390 0.01889561 -0.00606015
v 0.00673154 0.01890419 -0.00602920
v 0.00496564 0.01892090 -0.00602920
v 0.00496695 0.01893979 -0.00599388
v 0.00673619 0.01893427 -0.00595552
v 0.00496782 0.01895127 -0.00595552
v 0.00671148 0.01877571 0.00484188
v 0.00495663 0.01879127 0.00484188
v 0.00692552 0.01877689 0.00483251
v 0.00495925 0.01882949 0.00483026
v 0.00672282 0.01884838 0.00481136
v 0.00496172 0.01886466 0.00481136
v 0.00680990 0.01885998 0.00479586
v 0.00496390 0.01889561 0.00478608
v 0.00673154 0.01890419 0.00475512
v 0.00496564 0.01892090 0.00475512
v 0.00699101 0.01888310 0.00471233
v 0.00496695 0.01893979 0.00471981
v 0.00673619 0.01893427 0.00468144
v 0.00496782 0.01895127 0.00468144
v 0.00697836 0.01887828 -0.00601616
v 0.00799092 0.01797114 -0.00603490
v 0.00804791 0.01792819 -0.00595591
v 0.00798757 0.01791950 0.00478563
v 0.00750260 0.01859620 -0.00610100
v 0.00835138 0.01562904 -0.00610433
v 0.00800216 0.01776844 -0.00608544
v 0.00838524 0.01563849 -0.00608544
v 0.00841489 0.01564663 -0.00606015
v 0.00805506 0.01778806 -0.00602920
v 0.00843931 0.01565346 -0.00602920
v 0.00845747 0.01565854 -0.00599388
v 0.00835138 0.01562904 0.00483026
v 0.00800216 0.01776844 0.00481136
v 0.00838524 0.01563849 0.00481136
v 0.00841489 0.01564663 0.00478608
v 0.00805506 0.01778806 0.00475512
v 0.00843931 0.01565346 0.00475512
v 0.00845747 0.01565854 0.00471981
v -0.00932025 0.00957229 -0.00611596
v -0.00935789 0.00957781 -0.00610433
v -0.00939247 0.00958290 -0.00608544
v -0.00942299 0.00958726 -0.00606015
v -0.00944784 0.00959089 -0.00602920
v -0.00946645 0.00959365 -0.00599388
v -0.00947793 0.00959525 -0.00595552
v -0.00932025 0.00957229 0.00484188
v -0.00935789 0.00957781 0.00483026
v -0.00939247 0.00958290 0.00481136
v -0.00942299 0.00958726 0.00478608
v -0.00944784 0.00959089 0.00475512
v -0.00946645 0.00959365 0.00471981
v 0.00001993 0.01879650 -0.00611596
v 0.00001993 0.01883486 -0.00610433
v 0.00001993 0.01887018 -0.00608544
v 0.00001993 0.01890114 -0.00606015
v 0.00001993 0.01892642 -0.00602920
v 0.00001993 0.01894531 -0.00599388
v 0.00001993 0.01895694 -0.00595552
v 0.00001993 0.01879650 0.00484188
v 0.00001993 0.01883486 0.00483026
v 0.00001993 0.01887018 0.00481136
v 0.00001993 0.01890114 0.00478608
v 0.00001993 0.01892642 0.00475512
v 0.00001993 0.01894531 0.00471981
v 0.00001993 0.01895694 0.00468144
v 0.00951780 0.00959525 0.00468144
v 0.00950632 0.00959365 0.00471981
v 0.00948771 0.00959089 0.00475512
v 0.00946286 0.00958726 0.00478608
v 0.00943234 0.00958290 0.00481136
v 0.00939775 0.00957781 0.00483026
v 0.00936011 0.00957229 0.00484188
v 0.00951780 0.00959525 -0.00595552
v 0.00950632 0.00959365 -0.00599388
v 0.00948771 0.00959089 -0.00602920
v 0.00946286 0.00958726 -0.00606015
v 0.00943234 0.00958290 -0.00608544
v 0.00939775 0.00957781 -0.00610433
v 0.00936011 0.00957229 -0.00611596
v -0.00918990 0.01302841 0.00339874
v -0.01040273 0.01791640 -0.00270180
v -0.01432355 0.00149067 0.00087354
v -0.00861550 0.01486766 0.00318852
v -0.00759690 0.01762881 0.00074564
v -0.00919016 0.01191089 0.00286075
v -0.00926328 0.01158112 0.00266239
v -0.00925320 0.01158748 0.00265802
v -0.00880991 0.01322804 0.00332361
v -0.00932392 0.01127623 0.00242883
v -0.00931785 0.01128104 0.00242622
v -0.00937726 0.01099800 0.00216520
v -0.00931204 0.01128605 0.00242316
v -0.00937161 0.01100364 0.00216230
v -0.00936656 0.01100925 0.00215895
v -0.00942522 0.01074730 0.00187440
v -0.00942031 0.01075369 0.00187149
v -0.00946770 0.01052678 0.00155976
v -0.00941602 0.01075991 0.00186815
v -0.00946357 0.01053363 0.00155685
v -0.00946025 0.01054021 0.00155366
v -0.00950446 0.01033818 0.00122449
v -0.00951556 0.01027237 0.00107227
v -0.01252626 0.00547445 0.00491430
v -0.01069661 0.00172099 0.00991241
v -0.01087871 0.00239243 0.00925041
v -0.01380366 0.00385162 0.00779106
v -0.01410464 0.00384229 0.00781136
v -0.01388239 0.00385223 0.00780106
v -0.01395451 0.00384963 0.00779854
v -0.01380366 0.00385220 0.00779577
v -0.01395408 0.00384988 0.00780810
v -0.01380366 0.00385245 0.00780533
v -0.01380366 0.00385191 0.00781018
v -0.01502828 -0.00074762 0.00567431
v -0.01542389 0.00354355 0.00814218
v -0.01454073 0.00353532 0.00746053
v -0.01469310 0.00359694 0.00819590
v -0.01595779 0.00326728 0.00841521
v -0.01640494 0.00286276 0.00882265
v -0.01639269 0.00287285 0.00882376
v -0.01634173 0.00293149 0.00874360
v -0.01635361 0.00291064 0.00879065
v -0.01622029 0.00303654 0.00866348
v -0.01635056 0.00291129 0.00879423
v -0.01626075 0.00299656 0.00870900
v -0.01625740 0.00299658 0.00871240
v -0.01634722 0.00291183 0.00879771
v -0.01634373 0.00291174 0.00880100
v -0.01625391 0.00299619 0.00871560
v -0.01634010 0.00291165 0.00880409
v -0.01633632 0.00291104 0.00880709
v -0.01653133 0.00271380 0.00896526
v -0.01651144 0.00273100 0.00897388
v -0.01652196 0.00272636 0.00896524
v -0.01661101 0.00259078 0.00912093
v -0.01650839 0.00273225 0.00897723
v -0.01643412 0.00282273 0.00888256
v -0.01646970 0.00277855 0.00893307
v -0.01657611 0.00263940 0.00907446
v -0.01663700 0.00254427 0.00917393
v -0.01657262 0.00264034 0.00907771
v -0.01663352 0.00254551 0.00917707
v -0.01649778 0.00273415 0.00898693
v -0.01650156 0.00273383 0.00898386
v -0.01656899 0.00264107 0.00908077
v -0.01662988 0.00254634 0.00918003
v -0.01659838 0.00259313 0.00913401
v -0.01642395 0.00282434 0.00889258
v -0.01642758 0.00282412 0.00888940
v -0.01649400 0.00273415 0.00898971
v -0.01642017 0.00282414 0.00889557
v -0.01652063 0.00269383 0.00903447
v -0.01641625 0.00282383 0.00889846
v -0.01656129 0.00264180 0.00908640
v -0.01662203 0.00254716 0.00918534
v -0.01661782 0.00254725 0.00918781
v -0.01648586 0.00273332 0.00899488
v -0.01652377 0.00267560 0.00905727
v -0.01641232 0.00282310 0.00890095
v -0.01676866 0.00229768 0.00941243
v -0.01682542 0.00225914 0.00925776
v -0.01683972 0.00208669 0.00962708
v -0.01682114 0.00214042 0.00958112
v -0.01674179 0.00234691 0.00937582
v -0.01672315 0.00239495 0.00931956
v -0.01678509 0.00224446 0.00947782
v -0.01681823 0.00214270 0.00958422
v -0.01679939 0.00219650 0.00953375
v -0.01669455 0.00244570 0.00927240
v -0.01673844 0.00234846 0.00937884
v -0.01669121 0.00244725 0.00927543
v -0.01671125 0.00240333 0.00932525
v -0.01677855 0.00224818 0.00948365
v -0.01681154 0.00214681 0.00958983
v -0.01677492 0.00224972 0.00948647
v -0.01680791 0.00214835 0.00959245
v -0.01669682 0.00238570 0.00936171
v -0.01673103 0.00235093 0.00938430
v -0.01668002 0.00245024 0.00928396
v -0.01668395 0.00244953 0.00928131
v -0.01667581 0.00245064 0.00928631
v -0.01687040 0.00192845 0.00979105
v -0.01689616 0.00175904 0.00993812
v -0.01686808 0.00193134 0.00979413
v -0.01684962 0.00203499 0.00968571
v -0.01685757 0.00198616 0.00974272
v -0.01687927 0.00182720 0.00990309
v -0.01687651 0.00182998 0.00990587
v -0.01688028 0.00172564 0.01001504
v -0.01685921 0.00193896 0.00980259
v -0.01686241 0.00193649 0.00979991
v -0.01687360 0.00183255 0.00990865
v -0.01684076 0.00204231 0.00969448
v -0.01684395 0.00204004 0.00969159
v -0.01683727 0.00204426 0.00969709
v -0.01672651 0.00082021 0.01077176
v -0.01689552 0.00152461 0.01019075
v -0.01664601 0.00091222 0.01086614
v -0.01674179 0.00111504 0.01066436
v -0.01669761 0.00101290 0.01076625
v -0.01669455 0.00101624 0.01076777
v -0.01664325 0.00091568 0.01086796
v -0.01664035 0.00091903 0.01086948
v -0.01672053 0.00108570 0.01070331
v -0.01677855 0.00121846 0.01056108
v -0.01612693 0.00177192 0.01013743
v -0.01669121 0.00101948 0.01076920
v -0.01663700 0.00092237 0.01087080
v -0.01663352 0.00092549 0.01087171
v -0.01666116 0.00099492 0.01080770
v -0.01662988 0.00092850 0.01087253
v -0.01659744 0.00088439 0.01092199
v -0.01636902 0.00052903 0.01124233
v -0.01652132 0.00071599 0.01105955
v -0.01644851 0.00062123 0.01115242
v -0.01636756 0.00053283 0.01124486
v -0.01640712 0.00057920 0.01120194
v -0.01651929 0.00071987 0.01106156
v -0.01658730 0.00081302 0.01096401
v -0.01655268 0.00077031 0.01101447
v -0.01644488 0.00062900 0.01115666
v -0.01636393 0.00054069 0.01124899
v -0.01644255 0.00063276 0.01115837
v -0.01636175 0.00054466 0.01125069
v -0.01651144 0.00073085 0.01106640
v -0.01651435 0.00072720 0.01106499
v -0.01643994 0.00063652 0.01115988
v -0.01635928 0.00054852 0.01125209
v -0.01639900 0.00059656 0.01120678
v -0.01657916 0.00082380 0.01096906
v -0.01658222 0.00082035 0.01096765
v -0.01650839 0.00073439 0.01106750
v -0.01657611 0.00082724 0.01097027
v -0.01657262 0.00083056 0.01097118
v -0.01643412 0.00064380 0.01116208
v -0.01635361 0.00055600 0.01125408
v -0.01646994 0.00069015 0.01111649
v -0.01635056 0.00055951 0.01125456
v -0.01649778 0.00074400 0.01106889
v -0.01650156 0.00074101 0.01106870
v -0.01642758 0.00065073 0.01116315
v -0.01634359 0.00056864 0.01125423
v -0.01656899 0.00083367 0.01097168
v -0.01644868 0.00070121 0.01112211
v -0.01618721 0.00036981 0.01142171
v -0.01598901 0.00020299 0.01158265
v -0.01627877 0.00045139 0.01133642
v -0.01628051 0.00044729 0.01133421
v -0.01618546 0.00037389 0.01142352
v -0.01627688 0.00045536 0.01133833
v -0.01622996 0.00041859 0.01138317
v -0.01609115 0.00029727 0.01150369
v -0.01608926 0.00030143 0.01150498
v -0.01604304 0.00028345 0.01154047
v -0.01620915 0.00042215 0.01139724
v -0.01618111 0.00038202 0.01142630
v -0.01626976 0.00046713 0.01134232
v -0.01627237 0.00046318 0.01134123
v -0.01626699 0.00047096 0.01134289
v -0.01526077 0.00010289 0.01177699
v -0.01586638 0.00012153 0.01166804
v -0.01162745 0.00012472 0.01167266
v -0.01196797 0.00169872 0.01007160
v -0.01073692 0.00151110 0.01022774
v -0.01072006 0.00171658 0.01000643
v -0.01072262 0.00166610 0.01006595
v -0.01073924 0.00151429 0.01023050
v -0.01074989 0.00146536 0.01028783
v -0.01072805 0.00161843 0.01012154
v -0.01072442 0.00172287 0.01001226
v -0.01073081 0.00162131 0.01012421
v -0.01072703 0.00172564 0.01001504
v -0.01074811 0.00152298 0.01023758
v -0.01074491 0.00152023 0.01023542
v -0.01073372 0.00162417 0.01012668
v -0.01073706 0.00162683 0.01012894
v -0.01073009 0.00172841 0.01001761
v -0.01073328 0.00173098 0.01002019
v -0.01078177 0.00135480 0.01041411
v -0.01076337 0.00141678 0.01034364
v -0.01072857 0.00144676 0.01027031
v -0.01075160 0.00152563 0.01023964
v -0.01076661 0.00145848 0.01031463
v -0.01074055 0.00162938 0.01013111
v -0.01073677 0.00173332 0.01002237
v -0.01074433 0.00163161 0.01013298
v -0.01074055 0.00173545 0.01002434
v -0.01074825 0.00163373 0.01013476
v -0.01074462 0.00173737 0.01002633
v -0.01076675 0.00162823 0.01015465
v -0.01077964 0.00214444 0.00954629
v -0.01075174 0.00202620 0.00967595
v -0.01077761 0.00212925 0.00956817
v -0.01073692 0.00192845 0.00979105
v -0.01073488 0.00192546 0.00978787
v -0.01075349 0.00202920 0.00967934
v -0.01077935 0.00213225 0.00957155
v -0.01076665 0.00208313 0.00962919
v -0.01072573 0.00182421 0.00990012
v -0.01072369 0.00182112 0.00989704
v -0.01073924 0.00193134 0.00979413
v -0.01072805 0.00182720 0.00990309
v -0.01073510 0.00188294 0.00985075
v -0.01075770 0.00203499 0.00968571
v -0.01078357 0.00213794 0.00957802
v -0.01076032 0.00203757 0.00968869
v -0.01078618 0.00214042 0.00958112
v -0.01074811 0.00193896 0.00980259
v -0.01074491 0.00193659 0.00979980
v -0.01076337 0.00204004 0.00969159
v -0.01078909 0.00214270 0.00958422
v -0.01077771 0.00209284 0.00964148
v -0.01073706 0.00183512 0.00991123
v -0.01073372 0.00183255 0.00990865
v -0.01075160 0.00194101 0.00980509
v -0.01074055 0.00183726 0.00991362
v -0.01074875 0.00189127 0.00986170
v -0.01077005 0.00204426 0.00969709
v -0.01079578 0.00214681 0.00958983
v -0.01077369 0.00204599 0.00969949
v -0.01079941 0.00214835 0.00959245
v -0.01076351 0.00194597 0.00981148
v -0.01075930 0.00194457 0.00980958
v -0.01077775 0.00204762 0.00970179
v -0.01078182 0.00204883 0.00970391
v -0.01080333 0.00214977 0.00959476
v -0.01075247 0.00184272 0.00991948
v -0.01074825 0.00184112 0.00991780
v -0.01076769 0.00192870 0.00983467
v -0.01078618 0.00204992 0.00970572
v -0.01081176 0.00215178 0.00959900
v -0.01081612 0.00215237 0.00960094
v -0.01082355 0.00211420 0.00964629
v -0.01082063 0.00215263 0.00960237
v -0.01082910 0.00228074 0.00940855
v -0.01085478 0.00233789 0.00936268
v -0.01085289 0.00233509 0.00935929
v -0.01090027 0.00243448 0.00925544
v -0.01095477 0.00253199 0.00915341
v -0.01092765 0.00248559 0.00920877
v -0.01081438 0.00223721 0.00946812
v -0.01081249 0.00223432 0.00946483
v -0.01085696 0.00234038 0.00936618
v -0.01081670 0.00223981 0.00947152
v -0.01083759 0.00229218 0.00942169
v -0.01090434 0.00243957 0.00926235
v -0.01095884 0.00253708 0.00916052
v -0.01090695 0.00244186 0.00926586
v -0.01096131 0.00253927 0.00916394
v -0.01086553 0.00234691 0.00937582
v -0.01086234 0.00234484 0.00937270
v -0.01090971 0.00244394 0.00926918
v -0.01096407 0.00254115 0.00916747
v -0.01093902 0.00249525 0.00922093
v -0.01082528 0.00224643 0.00948083
v -0.01082208 0.00224446 0.00947782
v -0.01086888 0.00234846 0.00937884
v -0.01082877 0.00224818 0.00948365
v -0.01087251 0.00234980 0.00938167
v -0.01083240 0.00224972 0.00948647
v -0.01091611 0.00244725 0.00927543
v -0.01097032 0.00254427 0.00917393
v -0.01091960 0.00244860 0.00927846
v -0.01097380 0.00254551 0.00917707
v -0.01088036 0.00235194 0.00938684
v -0.01087629 0.00235103 0.00938440
v -0.01092338 0.00244953 0.00928131
v -0.01092730 0.00245024 0.00928396
v -0.01097744 0.00254634 0.00918003
v -0.01082234 0.00220105 0.00954456
v -0.01083632 0.00225104 0.00948889
v -0.01088443 0.00235244 0.00938908
v -0.01084461 0.00225276 0.00949345
v -0.01084897 0.00225314 0.00949539
v -0.01093151 0.00245064 0.00928631
v -0.01098529 0.00254716 0.00918534
v -0.01090991 0.00240066 0.00934104
v -0.01098950 0.00254725 0.00918781
v -0.01089867 0.00235235 0.00939495
v -0.01089329 0.00235269 0.00939308
v -0.01094009 0.00245070 0.00929073
v -0.01099371 0.00254691 0.00918988
v -0.01097263 0.00250103 0.00923945
v -0.01085885 0.00225316 0.00949879
v -0.01085347 0.00225330 0.00949713
v -0.01093706 0.00241847 0.00932732
v -0.01108600 0.00272346 0.00895935
v -0.01101798 0.00263022 0.00905701
v -0.01104793 0.00267188 0.00896276
v -0.01108803 0.00272576 0.00896307
v -0.01102002 0.00263251 0.00906052
v -0.01105483 0.00268125 0.00901538
v -0.01116244 0.00281664 0.00886798
v -0.01116477 0.00281852 0.00887171
v -0.01124557 0.00290673 0.00877949
v -0.01109588 0.00273100 0.00897388
v -0.01109297 0.00272953 0.00897034
v -0.01116738 0.00282030 0.00887535
v -0.01124804 0.00290831 0.00878334
v -0.01120978 0.00286672 0.00883222
v -0.01102816 0.00263805 0.00907122
v -0.01102511 0.00263648 0.00906778
v -0.01109893 0.00273225 0.00897723
v -0.01103121 0.00263940 0.00907446
v -0.01103470 0.00264034 0.00907771
v -0.01117320 0.00282273 0.00888256
v -0.01125371 0.00291064 0.00879065
v -0.01113762 0.00277854 0.00893308
v -0.01125676 0.00291129 0.00879423
v -0.01110954 0.00273415 0.00898693
v -0.01110576 0.00273383 0.00898386
v -0.01117974 0.00282412 0.00888940
v -0.01118337 0.00282434 0.00889258
v -0.01126010 0.00291183 0.00879771
v -0.01100893 0.00259310 0.00913404
v -0.01103833 0.00264107 0.00908077
v -0.01104603 0.00264180 0.00908640
v -0.01113220 0.00275460 0.00897112
v -0.01143028 0.00307688 0.00861203
v -0.01133756 0.00299471 0.00869797
v -0.01126493 0.00293217 0.00871851
v -0.01140693 0.00305392 0.00864556
v -0.01134033 0.00299567 0.00870163
v -0.01132973 0.00296747 0.00875198
v -0.01179725 0.00334848 0.00829371
v -0.01211306 0.00283377 0.00899193
v -0.01103020 -0.00281942 0.00548015
v -0.01238545 0.00361183 0.00806845
v -0.01320345 0.00381073 0.00783382
v -0.01315895 0.00380198 0.00781079
v -0.01320403 0.00381142 0.00783842
v -0.01312947 0.00380110 0.00785409
v -0.01297737 0.00363225 0.00775359
v -0.01305841 0.00378890 0.00787185
v -0.01320534 0.00381167 0.00784797
v -0.01297403 0.00377381 0.00788876
v -0.01320607 0.00381133 0.00785282
v -0.01291686 0.00375902 0.00791471
v -0.01306030 0.00378781 0.00788115
v -0.01306132 0.00378674 0.00788571
v -0.01320679 0.00381058 0.00785747
v -0.01320766 0.00380941 0.00786194
v -0.01272663 0.00371146 0.00797452
v -0.01283909 0.00374482 0.00792361
v -0.01296594 0.00376599 0.00791235
v -0.01306248 0.00378516 0.00789019
v -0.01320854 0.00380793 0.00786652
v -0.01320941 0.00380614 0.00787080
v -0.01350181 0.00384022 0.00779714
v -0.01335183 0.00382745 0.00781047
v -0.01342776 0.00383609 0.00780767
v -0.01365266 0.00384894 0.00779373
v -0.01350268 0.00384229 0.00781136
v -0.01350239 0.00384201 0.00780654
v -0.01365281 0.00384963 0.00779854
v -0.01365295 0.00385001 0.00780326
v -0.01335314 0.00382952 0.00782469
v -0.01335270 0.00382924 0.00781986
v -0.01350312 0.00384226 0.00781609
v -0.01335372 0.00382949 0.00782942
v -0.01343039 0.00383662 0.00782610
v -0.01365324 0.00384988 0.00780810
v -0.01365339 0.00384944 0.00781284
v -0.01350428 0.00383981 0.00783027
v -0.01350384 0.00384097 0.00782560
v -0.01365353 0.00384859 0.00781760
v -0.01335546 0.00382713 0.00784349
v -0.01335474 0.00382830 0.00783882
v -0.01335604 0.00382555 0.00784797
v -0.01648494 -0.00353242 0.00610828
v -0.01090944 0.00100664 0.01077475
v -0.01616911 0.00030236 0.01142285
v -0.01618480 0.00304988 0.00866735
v -0.01573131 0.00115592 0.00612467
v -0.01575423 0.00055708 0.00557566
v -0.01582515 0.00149952 0.00655741
v -0.01192506 0.00090114 0.00582592
v -0.01187674 0.00115941 0.00612732
v -0.01205105 0.00208467 0.00681151
v -0.01206930 0.00036828 0.00515213
v -0.01554725 0.00037362 0.00516720
v -0.01570602 0.00049630 0.00546107
v -0.01574817 0.00054142 0.00555195
v -0.01556128 0.00207334 0.00680669
v -0.01552756 0.00213814 0.00683445
v -0.01566268 0.00084020 0.00574724
v -0.01575866 0.00168624 0.00665988
v -0.01570588 0.00181042 0.00671709
v -0.01576692 0.00167225 0.00665424
v -0.01555444 0.00038804 0.00518787
v -0.01589771 0.00089845 0.00606450
v -0.01590905 0.00103903 0.00621169
v -0.01587278 0.00077911 0.00592254
v -0.01589960 0.00089379 0.00606077
v -0.01588681 0.00082606 0.00598142
v -0.01586894 0.00076174 0.00589969
v -0.01590730 0.00096481 0.00613742
v -0.01589771 0.00119270 0.00634563
v -0.01587715 0.00131405 0.00643996
v -0.01589960 0.00119540 0.00634913
v -0.01590730 0.00111578 0.00628175
v -0.01588681 0.00127757 0.00641313
v -0.01586894 0.00136198 0.00647345
v -0.01581836 0.00153674 0.00658297
v -0.01584612 0.00144851 0.00653019
v -0.01581851 0.00065468 0.00574139
v -0.01581836 0.00064385 0.00572955
v -0.01578566 0.00059061 0.00564165
v -0.01584612 0.00070093 0.00581567
v -0.01377531 0.00390940 0.00312892
v -0.01208310 0.00214813 0.00683907
v -0.01205658 0.00206872 0.00679399
v -0.01205196 0.00038972 0.00519041
v -0.01199158 0.00041908 0.00528452
v -0.01185987 0.00054471 0.00555565
v -0.01185915 0.00054152 0.00555185
v -0.01195843 0.00191168 0.00675059
v -0.01199576 0.00199729 0.00678826
v -0.01190348 0.00181448 0.00671828
v -0.01186017 0.00171999 0.00667715
v -0.01170961 0.00089855 0.00606439
v -0.01173124 0.00079691 0.00594434
v -0.01170132 0.00096767 0.00613968
v -0.01169827 0.00103913 0.00621158
v -0.01170772 0.00089389 0.00606066
v -0.01170002 0.00096501 0.00613720
v -0.01169740 0.00103911 0.00621096
v -0.01172051 0.00082616 0.00598131
v -0.01173838 0.00076184 0.00589958
v -0.01170961 0.00119270 0.00634563
v -0.01171177 0.00106588 0.00622297
v -0.01170132 0.00111427 0.00627995
v -0.01173545 0.00134294 0.00646043
v -0.01170772 0.00119560 0.00634892
v -0.01172051 0.00127777 0.00641292
v -0.01173838 0.00136207 0.00647335
v -0.01170002 0.00111597 0.00628154
v -0.01178684 0.00151666 0.00656787
v -0.01185319 0.00169639 0.00666430
v -0.01178910 0.00153705 0.00658285
v -0.01182209 0.00162751 0.00663194
v -0.01176120 0.00144861 0.00653009
v -0.01178546 0.00066476 0.00575536
v -0.01178896 0.00064395 0.00572945
v -0.01176120 0.00070103 0.00581556
v -0.01182166 0.00059081 0.00564144
v -0.01103071 0.00257416 0.00916599
v 0.00882741 0.01374681 -0.00459116
v 0.00935372 0.01639859 -0.00433873
v 0.00875556 0.01412902 -0.00456689
v 0.00882395 0.01374794 -0.00458593
v 0.00882129 0.01374878 -0.00458026
v 0.00823190 0.01700699 0.00152340
v 0.00829145 0.01675830 0.00187440
v 0.00834005 0.01650250 0.00216429
v 0.00835266 0.01639180 0.00226941
v 0.00844616 0.01591150 0.00265698
v 0.00838822 0.01621813 0.00242316
v 0.00843951 0.01590956 0.00265075
v 0.00795078 0.01773953 -0.00072011
v 0.00856679 0.01523718 0.00302290
v 0.00850213 0.01558284 0.00285436
v 0.00851696 0.01544627 0.00291553
v 0.00856025 0.01523652 0.00301611
v 0.00996662 0.01588167 0.00337229
v 0.00870022 0.01450511 0.00324965
v 0.00862881 0.01487691 0.00315126
v 0.00869535 0.01450584 0.00324573
v 0.00862468 0.01487688 0.00314676
v 0.00869114 0.01450624 0.00324122
v 0.00862151 0.01487645 0.00314182
v 0.00877109 0.01412552 0.00330878
v 0.00883669 0.01374379 0.00332581
v 0.00876310 0.01412745 0.00330270
v 0.00883167 0.01374538 0.00332188
v 0.00875892 0.01412845 0.00329805
v 0.00882741 0.01374681 0.00331709
v 0.00875556 0.01412902 0.00329282
v 0.00890849 0.01335995 0.00330878
v 0.00897322 0.01298219 0.00324965
v 0.00890024 0.01336330 0.00330270
v 0.00896801 0.01298477 0.00324573
v 0.00886155 0.01352595 0.00330617
v 0.00896357 0.01298720 0.00324122
v 0.00911691 0.01224260 0.00302933
v 0.00904578 0.01260735 0.00315824
v 0.00911052 0.01224600 0.00302715
v 0.00903989 0.01261040 0.00315519
v 0.00910470 0.01224950 0.00302425
v 0.00903458 0.01261356 0.00315126
v 0.00909931 0.01225309 0.00302047
v 0.00904998 0.01247649 0.00309563
v 0.00909451 0.01225663 0.00301611
v 0.00918381 0.01189278 0.00286408
v 0.00923805 0.01156505 0.00266267
v 0.00917276 0.01189896 0.00286075
v 0.00923164 0.01156933 0.00266063
v 0.00916669 0.01190301 0.00285784
v 0.00922563 0.01157384 0.00265802
v 0.00916122 0.01190702 0.00285436
v 0.00922006 0.01157842 0.00265467
v 0.00915646 0.01191117 0.00285014
v 0.00921519 0.01158314 0.00265075
v 0.00915262 0.01191519 0.00284549
v 0.00921124 0.01158773 0.00264639
v 0.00920808 0.01159202 0.00264159
v 0.00928668 0.01126043 0.00242883
v 0.00928057 0.01126550 0.00242622
v 0.00933118 0.01098060 0.00216520
v 0.00927503 0.01127069 0.00242316
v 0.00932565 0.01098653 0.00216230
v 0.00927021 0.01127600 0.00241953
v 0.00932089 0.01099230 0.00215895
v 0.00926615 0.01128116 0.00241546
v 0.00931672 0.01099803 0.00215532
v 0.00926117 0.01128912 0.00240801
v 0.00931347 0.01100364 0.00215125
v 0.00937140 0.01072867 0.00187440
v 0.00936665 0.01073518 0.00187149
v 0.00940708 0.01050692 0.00155976
v 0.00936253 0.01074151 0.00186815
v 0.00940314 0.01051388 0.00155685
v 0.00935931 0.01074771 0.00186452
v 0.00939984 0.01052051 0.00155366
v 0.00935694 0.01075333 0.00186059
v 0.00939584 0.01053505 0.00155840
v 0.00943787 0.01031723 0.00122449
v 0.01202352 0.00563386 0.00514305
v 0.00943490 0.01032452 0.00122173
v 0.00946387 0.01016139 0.00087192
v 0.00943265 0.01033105 0.00121896
v 0.00950021 0.00994978 0.00021357
v 0.01309832 0.00059796 0.00088331
v 0.00927676 0.01119918 -0.00361423
v 0.00920808 0.01159202 -0.00391567
v 0.00909451 0.01225663 -0.00429019
v 0.00915262 0.01191519 -0.00411957
v 0.00909077 0.01226008 -0.00428539
v 0.00914956 0.01191891 -0.00411463
v 0.00908782 0.01226323 -0.00428001
v 0.00914745 0.01192236 -0.00410925
v 0.00908593 0.01226362 -0.00427165
v 0.00942617 0.01179520 -0.00429398
v 0.00903268 0.01261479 -0.00442380
v 0.00896357 0.01298720 -0.00451530
v 0.00902626 0.01261941 -0.00441590
v 0.00895990 0.01298948 -0.00451007
v 0.00902341 0.01262199 -0.00441037
v 0.00895717 0.01299149 -0.00450440
v 0.00902151 0.01262429 -0.00440471
v 0.00895567 0.01298982 -0.00449643
v 0.00889796 0.01336421 -0.00457473
v 0.00889220 0.01336684 -0.00456689
v 0.00888957 0.01336827 -0.00456123
v 0.00888788 0.01336944 -0.00455527
v 0.01525667 0.00270110 0.00376394
v 0.01525580 0.00268101 0.00375845
v 0.01526615 0.00267973 0.00376380
v 0.01672342 0.00312780 0.00404192
v 0.01579485 0.00163008 0.00284418
v 0.01516703 0.00244146 0.00354093
v 0.01518260 0.00245849 0.00356118
v 0.01514940 0.00238568 0.00349860
v 0.01504999 0.00226019 0.00337533
v 0.01506962 0.00227442 0.00339484
v 0.01507852 0.00226849 0.00339442
v 0.01092481 0.00344387 0.00453390
v 0.01351798 0.00531636 0.00127273
v 0.01536145 0.00318707 0.00866011
v 0.01648751 0.00216960 0.00951990
v 0.01655863 0.00182835 0.00981107
v 0.01655901 0.00167961 0.00998891
v 0.01654041 0.00189561 0.00977774
v 0.01655462 0.00174007 0.00993956
v 0.01655363 0.00178776 0.00988317
v 0.01655727 0.00168278 0.00999211
v 0.01652675 0.00184029 0.00988265
v 0.01654927 0.00179379 0.00988927
v 0.01655291 0.00168901 0.00999801
v 0.01655029 0.00169196 0.01000081
v 0.01654041 0.00147639 0.01021258
v 0.01656012 0.00157554 0.01008787
v 0.01655363 0.00157780 0.01010106
v 0.01655160 0.00158107 0.01010395
v 0.01654927 0.00158413 0.01010685
v 0.01653808 0.00147955 0.01021537
v 0.01654247 0.00153375 0.01016474
v 0.01651962 0.00137547 0.01032337
v 0.01649158 0.00109555 0.01050360
v 0.01651701 0.00137862 0.01032575
v 0.01649114 0.00127545 0.01043300
v 0.01652922 0.00148828 0.01022264
v 0.01649983 0.00133248 0.01038363
v 0.01651396 0.00138156 0.01032814
v 0.01653241 0.00148554 0.01022025
v 0.01648823 0.00127859 0.01043518
v 0.01654360 0.00159003 0.01011203
v 0.01649599 0.00142088 0.01031495
v 0.01650727 0.00138722 0.01033210
v 0.01648155 0.00128424 0.01043893
v 0.01647792 0.00128696 0.01044050
v 0.01646413 0.00129173 0.01044794
v 0.01632416 0.00086028 0.01083905
v 0.01642255 0.00106517 0.01063919
v 0.01635038 0.00091717 0.01079201
v 0.01637706 0.00096203 0.01074006
v 0.01632256 0.00086395 0.01084173
v 0.01646062 0.00116981 0.01053672
v 0.01642037 0.00106873 0.01064156
v 0.01645801 0.00117317 0.01053910
v 0.01641775 0.00107218 0.01064383
v 0.01637299 0.00096915 0.01074501
v 0.01631849 0.00087127 0.01084646
v 0.01637037 0.00097260 0.01074707
v 0.01631602 0.00087492 0.01084852
v 0.01641179 0.00107866 0.01064756
v 0.01633936 0.00093145 0.01080056
v 0.01636761 0.00097605 0.01074893
v 0.01641499 0.00107543 0.01064590
v 0.01631326 0.00087837 0.01085038
v 0.01645510 0.00117641 0.01054117
v 0.01645205 0.00117944 0.01054304
v 0.01644856 0.00118236 0.01054461
v 0.01640845 0.00108169 0.01064922
v 0.01642664 0.00113556 0.01059755
v 0.01636122 0.00098250 0.01075205
v 0.01630701 0.00088513 0.01085318
v 0.01635773 0.00098562 0.01075320
v 0.01630352 0.00088814 0.01085423
v 0.01635395 0.00098842 0.01075405
v 0.01640104 0.00108740 0.01065143
v 0.01626636 0.00084384 0.01090706
v 0.01629989 0.00089124 0.01085497
v 0.01644100 0.00118768 0.01054724
v 0.01641648 0.00114172 0.01060044
v 0.01632056 0.00094346 0.01080664
v 0.01628782 0.00089896 0.01085548
v 0.01619133 0.00067795 0.01104108
v 0.01626123 0.00076797 0.01094138
v 0.01625934 0.00077173 0.01094375
v 0.01625731 0.00077539 0.01094601
v 0.01618929 0.00068171 0.01104324
v 0.01622148 0.00073189 0.01099766
v 0.01611488 0.00059043 0.01113794
v 0.01615768 0.00057167 0.01108394
v 0.01611256 0.00059428 0.01113958
v 0.01603176 0.00050580 0.01123153
v 0.01618144 0.00069274 0.01104808
v 0.01606900 0.00055787 0.01118788
v 0.01610994 0.00059802 0.01114112
v 0.01618435 0.00068910 0.01104664
v 0.01602928 0.00050964 0.01123296
v 0.01625222 0.00078258 0.01094962
v 0.01624917 0.00078622 0.01095106
v 0.01624612 0.00078954 0.01095221
v 0.01617839 0.00069626 0.01104901
v 0.01624263 0.00079286 0.01095315
v 0.01613952 0.00065430 0.01109703
v 0.01610413 0.00060528 0.01114339
v 0.01602362 0.00051710 0.01123502
v 0.01602056 0.00052071 0.01123544
v 0.01616778 0.00070597 0.01105060
v 0.01605795 0.00057335 0.01118784
v 0.01609759 0.00061219 0.01114434
v 0.01617156 0.00070287 0.01105027
v 0.01601722 0.00052421 0.01123575
v 0.01623899 0.00079586 0.01095378
v 0.01623129 0.00080162 0.01095424
v 0.01616400 0.00070884 0.01105052
v 0.01622722 0.00080408 0.01095397
v 0.01616008 0.00071140 0.01105014
v 0.01609018 0.00061846 0.01114427
v 0.01601010 0.00053058 0.01123538
v 0.01608625 0.00062112 0.01114378
v 0.01600632 0.00053354 0.01123478
v 0.01615093 0.00071649 0.01104815
v 0.01608233 0.00062377 0.01114289
v 0.01615587 0.00071385 0.01104946
v 0.01622301 0.00080643 0.01095339
v 0.01584864 0.00034641 0.01140744
v 0.01585877 0.00032576 0.01140630
v 0.01594238 0.00042396 0.01132175
v 0.01593976 0.00042789 0.01132288
v 0.01593700 0.00043171 0.01132349
v 0.01584588 0.00035023 0.01140805
v 0.01589088 0.00039547 0.01136554
v 0.01575229 0.00027385 0.01148744
v 0.01574967 0.00027776 0.01148754
v 0.01565550 0.00020767 0.01156027
v 0.01583672 0.00036134 0.01140816
v 0.01574676 0.00028166 0.01148743
v 0.01583992 0.00035774 0.01140836
v 0.01593075 0.00043893 0.01132412
v 0.01592741 0.00044242 0.01132402
v 0.01592392 0.00044570 0.01132352
v 0.01571650 0.00027899 0.01150112
v 0.01592827 0.00047027 0.01130487
v 0.01537577 -0.00007578 0.01175519
v 0.01550996 0.00013604 0.01165019
v 0.01135651 -0.00347759 0.00814583
v 0.01135767 -0.00348203 0.00814122
v 0.01126945 -0.00349000 0.00801458
v 0.01127091 -0.00349444 0.00801018
v 0.01144443 -0.00347997 0.00824366
v 0.01144298 -0.00347541 0.00824857
v 0.01135912 -0.00348668 0.00813662
v 0.01127250 -0.00349867 0.00800577
v 0.01131874 -0.00349503 0.00807407
v 0.01136305 -0.00349536 0.00812739
v 0.01127716 -0.00350712 0.00799736
v 0.01127992 -0.00351104 0.00799325
v 0.01158117 -0.00344237 0.00842112
v 0.01140098 -0.00350417 0.00815840
v 0.01125663 -0.00352228 0.00793803
v 0.01129387 -0.00352480 0.00797882
v 0.01138107 -0.00351773 0.00810241
v 0.01156703 -0.00351570 0.00830300
v 0.01126072 -0.00353322 0.00791111
v 0.01125775 -0.00354291 0.00786913
v 0.01108532 -0.00349606 0.00772001
v 0.01114429 -0.00349189 0.00782461
v 0.01092811 -0.00348779 0.00743668
v 0.01108648 -0.00350176 0.00771441
v 0.01102691 -0.00350632 0.00760275
v 0.01090962 -0.00349341 0.00738666
v 0.01117862 -0.00349837 0.00786934
v 0.01118007 -0.00350281 0.00786514
v 0.01109230 -0.00351444 0.00770201
v 0.01118429 -0.00351115 0.00785684
v 0.01118196 -0.00350703 0.00786094
v 0.01108997 -0.00351032 0.00770611
v 0.01099900 -0.00350750 0.00754525
v 0.01100132 -0.00351162 0.00754115
v 0.01091165 -0.00349773 0.00738256
v 0.01100394 -0.00351552 0.00753745
v 0.01109491 -0.00351824 0.00769820
v 0.01104794 -0.00352323 0.00760356
v 0.01091659 -0.00350566 0.00737465
v 0.01091979 -0.00350936 0.00737095
v 0.01118691 -0.00351506 0.00785294
v 0.01118981 -0.00351897 0.00784903
v 0.01110523 -0.00352881 0.00768759
v 0.01119316 -0.00352256 0.00784543
v 0.01110145 -0.00352553 0.00769090
v 0.01101062 -0.00352281 0.00753015
v 0.01092328 -0.00351285 0.00736745
v 0.01096577 -0.00352306 0.00743470
v 0.01101847 -0.00352905 0.00752384
v 0.01110930 -0.00353188 0.00768449
v 0.01102297 -0.00353190 0.00752093
v 0.01111380 -0.00353473 0.00768159
v 0.01093113 -0.00351919 0.00736104
v 0.01093549 -0.00352204 0.00735814
v 0.01120086 -0.00352902 0.00783872
v 0.01120507 -0.00353198 0.00783572
v 0.01112325 -0.00353949 0.00767668
v 0.01120958 -0.00353462 0.00783301
v 0.01111831 -0.00353727 0.00767898
v 0.01102762 -0.00353434 0.00751843
v 0.01094014 -0.00352448 0.00735563
v 0.01097971 -0.00353192 0.00742214
v 0.01103751 -0.00353846 0.00751412
v 0.01112834 -0.00354140 0.00767468
v 0.01104288 -0.00354005 0.00751242
v 0.01113342 -0.00354298 0.00767297
v 0.01091103 -0.00352192 0.00727604
v 0.01095540 -0.00353019 0.00734962
v 0.01121917 -0.00353897 0.00782830
v 0.01122425 -0.00354076 0.00782639
v 0.01114476 -0.00354533 0.00766995
v 0.01122934 -0.00354214 0.00782489
v 0.01113880 -0.00354426 0.00767157
v 0.01104826 -0.00354132 0.00751101
v 0.01083722 0.00063325 0.01113264
v 0.01209240 -0.00005078 0.01188524
v 0.01082713 -0.00347232 0.00722864
v 0.01075818 -0.00345704 0.00706061
v 0.01087202 -0.00349612 0.00729299
v 0.01083041 -0.00347959 0.00722200
v 0.01075571 -0.00345303 0.00706461
v 0.01076080 -0.00346095 0.00705671
v 0.01071458 -0.00344159 0.00694169
v 0.01083550 -0.00348751 0.00721430
v 0.01083870 -0.00349121 0.00721060
v 0.01077126 -0.00347152 0.00704630
v 0.01084596 -0.00349808 0.00720369
v 0.01084218 -0.00349480 0.00720700
v 0.01076749 -0.00346824 0.00704961
v 0.01077533 -0.00347448 0.00704330
v 0.01073526 -0.00345679 0.00693732
v 0.01085003 -0.00350104 0.00720069
v 0.01085439 -0.00350389 0.00719779
v 0.01085904 -0.00350632 0.00719528
v 0.01078449 -0.00347976 0.00703789
v 0.01062387 0.00077737 0.01086629
v 0.01063131 0.00087492 0.01084852
v 0.01076589 0.00069274 0.01104808
v 0.01066658 0.00083184 0.01090308
v 0.01069511 0.00078258 0.01094962
v 0.01063393 0.00087837 0.01085038
v 0.01070121 0.00078954 0.01095221
v 0.01064032 0.00088513 0.01085318
v 0.01064381 0.00088814 0.01085423
v 0.01052744 -0.00327728 0.00651478
v 0.01063563 -0.00338917 0.00671308
v 0.01041357 0.00140115 0.01027679
v 0.01046436 0.00119121 0.01048414
v 0.01044761 0.00126190 0.01042237
v 0.01040692 0.00147639 0.01021258
v 0.01039262 0.00163198 0.01005147
v 0.01040489 0.00147312 0.01020969
v 0.01039006 0.00168278 0.00999211
v 0.01042349 0.00136885 0.01031790
v 0.01044936 0.00126537 0.01042526
v 0.01043665 0.00132099 0.01037375
v 0.01042770 0.00137547 0.01032337
v 0.01040925 0.00147955 0.01021537
v 0.01041947 0.00143207 0.01027057
v 0.01045357 0.00127209 0.01043063
v 0.01045619 0.00127545 0.01043300
v 0.01039806 0.00158413 0.01010685
v 0.01039442 0.00168901 0.00999801
v 0.01040082 0.00158718 0.01010954
v 0.01039704 0.00169196 0.01000081
v 0.01041811 0.00148838 0.01022253
v 0.01040707 0.00159266 0.01011433
v 0.01040373 0.00159003 0.01011203
v 0.01041492 0.00148554 0.01022025
v 0.01040329 0.00169714 0.01000591
v 0.01040009 0.00169461 0.01000351
v 0.01043337 0.00138156 0.01032814
v 0.01045910 0.00127859 0.01043518
v 0.01044748 0.00133258 0.01038352
v 0.01044006 0.00138722 0.01033210
v 0.01042160 0.00149090 0.01022452
v 0.01043326 0.00144047 0.01028129
v 0.01046578 0.00128424 0.01043893
v 0.01046941 0.00128696 0.01044050
v 0.01041056 0.00159508 0.01011642
v 0.01040678 0.00169946 0.01000811
v 0.01041433 0.00159740 0.01011841
v 0.01041056 0.00170168 0.01001021
v 0.01043352 0.00149740 0.01022928
v 0.01042247 0.00160118 0.01012160
v 0.01041826 0.00159940 0.01012011
v 0.01042930 0.00149552 0.01022789
v 0.01041869 0.00170526 0.01001360
v 0.01041462 0.00170357 0.01001200
v 0.01044776 0.00139204 0.01033525
v 0.01047334 0.00128936 0.01044177
v 0.01046286 0.00134355 0.01038883
v 0.01044356 0.00154235 0.01019284
v 0.01048177 0.00129372 0.01044351
v 0.01046948 0.00135129 0.01038597
v 0.01042683 0.00160286 0.01012279
v 0.01042305 0.00170664 0.01001511
v 0.01042756 0.00170791 0.01001631
v 0.01036310 -0.00266368 0.00561913
v 0.01037774 0.00168482 0.00995108
v 0.01042175 0.00199385 0.00966301
v 0.01044761 0.00209733 0.00955565
v 0.01040692 0.00189561 0.00977774
v 0.01043684 0.00205174 0.00961568
v 0.01042349 0.00199692 0.00966632
v 0.01040489 0.00189254 0.00977443
v 0.01044936 0.00210040 0.00955896
v 0.01039370 0.00178776 0.00988317
v 0.01039573 0.00179093 0.00988616
v 0.01039806 0.00179389 0.00988917
v 0.01040925 0.00189846 0.00978064
v 0.01040509 0.00184991 0.00983714
v 0.01042770 0.00200254 0.00967265
v 0.01045357 0.00210582 0.00956549
v 0.01043032 0.00200520 0.00967576
v 0.01045619 0.00210848 0.00956861
v 0.01041811 0.00190600 0.00978918
v 0.01044807 0.00206195 0.00962733
v 0.01043337 0.00200764 0.00967867
v 0.01041492 0.00190366 0.00978657
v 0.01045910 0.00211072 0.00957173
v 0.01040373 0.00179928 0.00989488
v 0.01040707 0.00180172 0.00989738
v 0.01041056 0.00180384 0.00989979
v 0.01042160 0.00190802 0.00979169
v 0.01041846 0.00185828 0.00984773
v 0.01044006 0.00201170 0.00968412
v 0.01046578 0.00211468 0.00957728
v 0.01044369 0.00201351 0.00968664
v 0.01046941 0.00211639 0.00957991
v 0.01043352 0.00191302 0.00979803
v 0.01044776 0.00201501 0.00968886
v 0.01042930 0.00191163 0.00979612
v 0.01041826 0.00180765 0.00990401
v 0.01042247 0.00180924 0.00990571
v 0.01042683 0.00181052 0.00990732
v 0.01047010 0.00201829 0.00970033
v 0.01051912 0.00229409 0.00933647
v 0.01044919 0.00211339 0.00951127
v 0.01049362 0.00223566 0.00941181
v 0.01051999 0.00229801 0.00934058
v 0.01056751 0.00239789 0.00923701
v 0.01056867 0.00240087 0.00924063
v 0.01062317 0.00249895 0.00913876
v 0.01052478 0.00230672 0.00935103
v 0.01059669 0.00245351 0.00919772
v 0.01057027 0.00240374 0.00924415
v 0.01052290 0.00230396 0.00934761
v 0.01062477 0.00250172 0.00914239
v 0.01048249 0.00220278 0.00945255
v 0.01048438 0.00220554 0.00945597
v 0.01048671 0.00220820 0.00945929
v 0.01052696 0.00230928 0.00935446
v 0.01050690 0.00226038 0.00940871
v 0.01057434 0.00240897 0.00925111
v 0.01062884 0.00250674 0.00914955
v 0.01057696 0.00241112 0.00925454
v 0.01063131 0.00250900 0.00915309
v 0.01053554 0.00231572 0.00936415
v 0.01060988 0.00246636 0.00920803
v 0.01057972 0.00241316 0.00925788
v 0.01053234 0.00231378 0.00936092
v 0.01063407 0.00251084 0.00915643
v 0.01049209 0.00221290 0.00946574
v 0.01049528 0.00221483 0.00946877
v 0.01049877 0.00221656 0.00947161
v 0.01053888 0.00231734 0.00936709
v 0.01052045 0.00226684 0.00942397
v 0.01058611 0.00241652 0.00926426
v 0.01048218 0.00213659 0.00956724
v 0.01062959 0.00247165 0.00922805
v 0.01075014 -0.00173915 0.00465266
v 0.01104375 -0.00141424 0.00436620
v 0.01075600 0.00269405 0.00894924
v 0.01068610 0.00259780 0.00904283
v 0.01068799 0.00260037 0.00904647
v 0.01069002 0.00260262 0.00905000
v 0.01075804 0.00269641 0.00895287
v 0.01072475 0.00265168 0.00900443
v 0.01083245 0.00278759 0.00885828
v 0.01083477 0.00278954 0.00886193
v 0.01091558 0.00287813 0.00877008
v 0.01076589 0.00270154 0.00896373
v 0.01084015 0.00279252 0.00886935
v 0.01083739 0.00279119 0.00886569
v 0.01076298 0.00270010 0.00896017
v 0.01092081 0.00288090 0.00877772
v 0.01091805 0.00287956 0.00877385
v 0.01069511 0.00260662 0.00905719
v 0.01080530 0.00273666 0.00894939
v 0.01084320 0.00279364 0.00887282
v 0.01092371 0.00288192 0.00878129
v 0.01092677 0.00288254 0.00878487
v 0.01119518 -0.00126899 0.00424655
v 0.01119650 -0.00129714 0.00423866
v 0.01114912 -0.00134036 0.00427569
v 0.01130099 -0.00122096 0.00415970
v 0.01130419 -0.00122455 0.00415609
v 0.01110799 -0.00138728 0.00431123
v 0.01110421 -0.00138400 0.00431453
v 0.01120318 -0.00130432 0.00423187
v 0.01130767 -0.00122814 0.00415270
v 0.01125541 -0.00126854 0.00419043
v 0.01121118 -0.00131066 0.00422567
v 0.01111221 -0.00139024 0.00430843
v 0.01116525 -0.00135244 0.00426352
v 0.01131581 -0.00123447 0.00414670
v 0.01132017 -0.00123711 0.00414400
v 0.01101890 -0.00147332 0.00439447
v 0.01102341 -0.00147597 0.00439177
v 0.01112630 -0.00139773 0.00430133
v 0.01096196 -0.00154686 0.00445717
v 0.01102806 -0.00147850 0.00438937
v 0.01112136 -0.00139551 0.00430343
v 0.01122033 -0.00131593 0.00422067
v 0.01110029 0.00304877 0.00860343
v 0.01100495 0.00296525 0.00868506
v 0.01100757 0.00296638 0.00868894
v 0.01101033 0.00296721 0.00869272
v 0.01110291 0.00304969 0.00860731
v 0.01105500 0.00300706 0.00865489
v 0.01120129 0.00312867 0.00852518
v 0.01120405 0.00312919 0.00852907
v 0.01130767 0.00320467 0.00845064
v 0.01111221 0.00305010 0.00861830
v 0.01121016 0.00312888 0.00853659
v 0.01120711 0.00312919 0.00853288
v 0.01110901 0.00305031 0.00861469
v 0.01131349 0.00320426 0.00845826
v 0.01131058 0.00320457 0.00845455
v 0.01101658 0.00296812 0.00869999
v 0.01103283 0.00296957 0.00871040
v 0.01121336 0.00312836 0.00854010
v 0.01131654 0.00320354 0.00846198
v 0.01131974 0.00320250 0.00846540
v 0.01124218 0.00313622 0.00853956
v 0.01158001 -0.00102721 0.00398596
v 0.01152291 -0.00107568 0.00401686
v 0.01140810 -0.00114446 0.00408822
v 0.01152567 -0.00107969 0.00401306
v 0.01160389 -0.00104012 0.00396635
v 0.01141086 -0.00114837 0.00408432
v 0.01141406 -0.00115207 0.00408082
v 0.01153628 -0.00109014 0.00400296
v 0.01142147 -0.00115883 0.00407422
v 0.01141754 -0.00115555 0.00407753
v 0.01153235 -0.00108676 0.00400616
v 0.01170226 -0.00100040 0.00391100
v 0.01177256 -0.00105618 0.00392607
v 0.01178634 -0.00096921 0.00386847
v 0.01142554 -0.00116189 0.00407133
v 0.01179308 -0.00097310 0.00386501
v 0.01179802 -0.00097522 0.00386280
v 0.01180325 -0.00097701 0.00386111
v 0.01180848 -0.00097859 0.00385961
v 0.01152581 0.00334421 0.00829696
v 0.01170815 0.00344083 0.00819640
v 0.01127794 0.00264481 0.00757924
v 0.01181933 0.00349282 0.00814040
v 0.01141406 0.00327634 0.00837200
v 0.01152814 0.00334463 0.00830116
v 0.01147068 0.00331040 0.00834085
v 0.01164673 0.00340892 0.00823455
v 0.01176982 0.00346911 0.00817205
v 0.01164905 0.00340893 0.00823876
v 0.01177186 0.00346902 0.00817637
v 0.01153570 0.00334404 0.00831341
v 0.01165385 0.00340802 0.00824691
v 0.01165138 0.00340863 0.00824288
v 0.01153308 0.00334455 0.00830949
v 0.01177651 0.00346791 0.00818473
v 0.01177418 0.00346862 0.00818060
v 0.01141929 0.00327656 0.00838001
v 0.01142219 0.00327605 0.00838393
v 0.01142510 0.00327523 0.00838755
v 0.01153846 0.00334311 0.00831714
v 0.01142815 0.00327419 0.00839118
v 0.01154136 0.00334188 0.00832077
v 0.01165647 0.00340700 0.00825094
v 0.01177883 0.00346689 0.00818877
v 0.01165908 0.00340566 0.00825468
v 0.01178145 0.00346545 0.00819261
v 0.01154776 0.00333807 0.00832817
v 0.01166184 0.00340412 0.00825822
v 0.01154427 0.00334033 0.00832431
v 0.01143120 0.00327264 0.00839451
v 0.01184571 -0.00092804 0.00384298
v 0.01198468 -0.00088158 0.00378061
v 0.01205569 -0.00086753 0.00375121
v 0.01192620 -0.00091893 0.00380442
v 0.01192111 -0.00091681 0.00380663
v 0.01212732 -0.00083528 0.00372385
v 0.01218823 -0.00082384 0.00370212
v 0.01206063 -0.00086953 0.00374952
v 0.01231103 -0.00078466 0.00366117
v 0.01224710 -0.00081459 0.00368235
v 0.01193128 -0.00092083 0.00380262
v 0.01193666 -0.00092230 0.00380123
v 0.01181812 0.00349129 0.00812507
v 0.01202211 0.00357353 0.00804277
v 0.01189204 0.00352320 0.00810078
v 0.01202342 0.00357478 0.00804715
v 0.01215829 0.00362187 0.00799827
v 0.01223242 0.00364468 0.00796418
v 0.01202633 0.00357626 0.00805616
v 0.01223017 0.00364571 0.00798363
v 0.01215960 0.00362272 0.00800288
v 0.01202473 0.00357573 0.00805165
v 0.01229737 0.00366521 0.00795885
v 0.01189350 0.00352404 0.00810518
v 0.01189699 0.00352500 0.00811409
v 0.01202793 0.00357638 0.00806068
v 0.01189888 0.00352481 0.00811852
v 0.01202982 0.00357630 0.00806520
v 0.01216236 0.00362337 0.00801191
v 0.01229998 0.00366577 0.00796799
v 0.01216410 0.00362319 0.00801654
v 0.01230144 0.00366548 0.00797252
v 0.01203359 0.00357489 0.00807388
v 0.01216570 0.00362259 0.00802097
v 0.01203156 0.00357580 0.00806953
v 0.01190105 0.00352441 0.00812274
v 0.01190309 0.00352360 0.00812698
v 0.01190541 0.00352248 0.00813112
v 0.01241010 0.00369230 0.00796034
v 0.01252353 -0.00073490 0.00360155
v 0.01192518 0.00036488 0.00478045
v 0.01285518 -0.00068347 0.00354793
v 0.01258236 0.00373613 0.00789031
v 0.01243819 0.00370290 0.00791969
v 0.01243936 0.00370324 0.00792441
v 0.01244052 0.00370326 0.00792903
v 0.01278859 0.00377541 0.00785942
v 0.01353131 0.00331038 0.00710570
v 0.01367613 -0.00087413 0.01104389
v 0.01423712 -0.00175000 0.00638994
v 0.01210288 -0.00348480 0.00752780
v 0.01209479 -0.00351498 0.00765629
v 0.01208980 -0.00351881 0.00783799
v 0.01208926 -0.00352179 0.00766623
v 0.01208649 -0.00351842 0.00749908
v 0.01208868 -0.00351440 0.00750308
v 0.01209144 -0.00351777 0.00767023
v 0.01207807 -0.00350616 0.00734115
v 0.01208606 -0.00352065 0.00783263
v 0.01207954 -0.00352659 0.00789364
v 0.01208141 -0.00352838 0.00782451
v 0.01208664 -0.00352569 0.00766232
v 0.01208306 -0.00353077 0.00769927
v 0.01207190 -0.00353542 0.00790385
v 0.01208388 -0.00352233 0.00749518
v 0.01207342 -0.00351418 0.00733335
v 0.01208112 -0.00352602 0.00749168
v 0.01207051 -0.00351798 0.00732976
v 0.01206894 -0.00353166 0.00739794
v 0.01206731 -0.00352157 0.00732636
v 0.01118318 -0.00350687 0.00650232
v 0.01206005 -0.00352800 0.00732047
v 0.01203461 -0.00347143 0.00706100
v 0.01202590 -0.00344927 0.00699797
v 0.01206698 -0.00350294 0.00725281
v 0.01205510 -0.00349741 0.00718651
v 0.01201876 -0.00346660 0.00699774
v 0.01203661 -0.00349028 0.00709533
v 0.01204915 -0.00350490 0.00717962
v 0.01204580 -0.00350827 0.00717663
v 0.01204202 -0.00351153 0.00717394
v 0.01194535 -0.00343550 0.00676624
v 0.01120439 0.00024330 0.01152883
v 0.01052478 0.00106517 0.01063919
v 0.01048438 0.00116635 0.01053425
v 0.01057434 0.00096915 0.01074501
v 0.01052696 0.00106873 0.01064156
v 0.01057696 0.00097260 0.01074707
v 0.01050794 0.00112203 0.01059181
v 0.01048671 0.00116981 0.01053672
v 0.01053554 0.00107866 0.01064756
v 0.01049528 0.00117944 0.01054304
v 0.01049209 0.00117641 0.01054117
v 0.01053234 0.00107543 0.01064590
v 0.01057972 0.00097605 0.01074893
v 0.01058277 0.00097938 0.01075069
v 0.01058611 0.00098250 0.01075205
v 0.01053888 0.00108169 0.01064922
v 0.01056586 0.00103190 0.01070501
v 0.01049877 0.00118236 0.01054461
v 0.01050240 0.00118518 0.01054607
v 0.01055036 0.00108989 0.01065219
v 0.01051040 0.00119017 0.01054820
v 0.01050633 0.00118768 0.01054724
v 0.01054629 0.00108740 0.01065143
v 0.01059245 0.00103166 0.01072164
v 0.01051461 0.00119235 0.01054886
v 0.01206490 -0.00351454 0.00811126
v 0.01193970 -0.00358339 0.00836243
v 0.01104887 -0.00347310 0.00768901
v 0.01136793 -0.00346702 0.00817778
v 0.01039058 0.00146219 0.01017474
v 0.01070408 -0.00341235 0.00700069
v 0.01630764 0.00095679 0.01080109
v 0.01176072 0.00344473 0.00821905
v 0.01173249 0.00030981 0.00510602
v 0.01540131 0.00113818 0.00610808
v 0.01524676 0.00048374 0.00530475
v 0.01525583 0.00039533 0.00522402
v 0.01345199 0.00395629 0.00313643
v 0.01163626 0.00164218 0.00649231
v 0.01172228 0.00037578 0.00517064
v 0.01174541 0.00033988 0.00511546
v 0.01527553 0.00039640 0.00524555
v 0.01537603 0.00048125 0.00544170
v 0.01541817 0.00052598 0.00553290
v 0.01542770 0.00166811 0.00664618
v 0.01537588 0.00179019 0.00670314
v 0.01541817 0.00169790 0.00666237
v 0.01520766 0.00210315 0.00681748
v 0.01522339 0.00037326 0.00516602
v 0.01520679 0.00035304 0.00512933
v 0.01556772 0.00088095 0.00604681
v 0.01554466 0.00077103 0.00591561
v 0.01555682 0.00080888 0.00596355
v 0.01556961 0.00087633 0.00604324
v 0.01553894 0.00074487 0.00588151
v 0.01557731 0.00094698 0.00611996
v 0.01557905 0.00102087 0.00619454
v 0.01556772 0.00117391 0.00632926
v 0.01557731 0.00109742 0.00626503
v 0.01556961 0.00117678 0.00633278
v 0.01555682 0.00125861 0.00639706
v 0.01553894 0.00134281 0.00645779
v 0.01548851 0.00150572 0.00655863
v 0.01523203 0.00205060 0.00679287
v 0.01554137 0.00132511 0.00644555
v 0.01551613 0.00142896 0.00651476
v 0.01548837 0.00151707 0.00656798
v 0.01545567 0.00160672 0.00661726
v 0.01549538 0.00065366 0.00574574
v 0.01542876 0.00054501 0.00556487
v 0.01545567 0.00057489 0.00562265
v 0.01548837 0.00062776 0.00571096
v 0.01540049 0.00148344 0.00643686
v 0.01551613 0.00068449 0.00579731
v 0.01172358 0.00206987 0.00680145
v 0.01167608 0.00199688 0.00678279
v 0.01175129 0.00212294 0.00682511
v 0.01174759 0.00035201 0.00512355
v 0.01151703 0.00054841 0.00556992
v 0.01157130 0.00048135 0.00544159
v 0.01152916 0.00052608 0.00553279
v 0.01174112 0.00035205 0.00512699
v 0.01151758 0.00166321 0.00664364
v 0.01155896 0.00174035 0.00667240
v 0.01174657 0.00211630 0.00682303
v 0.01153017 0.00169997 0.00666293
v 0.01137961 0.00088116 0.00604681
v 0.01139879 0.00078512 0.00593365
v 0.01136828 0.00102108 0.00619453
v 0.01137002 0.00094719 0.00611995
v 0.01137772 0.00087653 0.00604303
v 0.01136740 0.00102085 0.00619392
v 0.01139051 0.00080898 0.00596344
v 0.01140839 0.00074497 0.00588140
v 0.01137961 0.00117411 0.00632925
v 0.01140518 0.00132385 0.00644470
v 0.01139051 0.00125881 0.00639685
v 0.01137772 0.00117698 0.00633257
v 0.01140839 0.00134291 0.00645769
v 0.01137002 0.00109752 0.00626493
v 0.01146205 0.00151156 0.00656086
v 0.01149210 0.00160765 0.00661733
v 0.01145911 0.00151738 0.00656787
v 0.01143120 0.00142906 0.00651466
v 0.01145882 0.00063868 0.00572289
v 0.01143120 0.00068459 0.00579720
v 0.01145896 0.00062786 0.00571085
v 0.01143874 0.00120780 0.00629281
v 0.01149166 0.00057499 0.00562254
v 0.01201840 0.00355849 0.00810152
v -0.00231675 0.02709837 0.00589360
v -0.00001914 0.02712620 0.00596642
v 0.00136410 0.02574775 0.00610797
v 0.00144147 0.02844899 0.00607135
v 0.00210647 0.02246004 0.00624122
v -0.00303282 0.02259533 0.00573268
v 0.00375434 0.02233992 0.00510117
v -0.00408155 0.02233992 0.00489082
v 0.00035374 0.02574775 0.00615760
v 0.01098226 -0.02324965 0.00132224
v 0.01012428 -0.00506325 -0.00494187
v 0.01022274 -0.00885292 0.00418943
v 0.01085333 -0.02154894 0.00184432
v 0.00112938 -0.02378141 -0.00530488
v 0.00112938 -0.02378141 -0.00557766
v 0.00145230 -0.02378141 0.00500189
v 0.01063683 -0.02378141 0.00559760
v 0.00112938 -0.02378141 0.00559760
v 0.00071127 -0.02349075 0.00135528
v 0.00071127 -0.02349075 0.00545227
v 0.00071127 -0.01926268 0.00545227
v 0.00071127 -0.01926268 0.00202685
v 0.00071127 -0.01100273 0.00202685
v 0.00102605 -0.02346648 -0.00572299
v 0.00112938 -0.02312655 -0.00572299
v 0.00112938 -0.02346648 -0.00572299
v 0.01031202 -0.01641582 -0.00572299
v 0.01064366 -0.02338618 -0.00572299
v 0.00112938 -0.00813073 -0.00572299
v 0.01084989 -0.02363608 -0.00572299
v 0.01005057 -0.00796128 -0.00572299
v 0.00086264 -0.02377015 0.00566955
v 0.00085660 -0.02378141 -0.00557766
v 0.00169858 -0.00269098 -0.00494550
v 0.01062288 -0.02346648 -0.00572299
v 0.01061939 -0.01911735 0.00574293
v 0.01043119 -0.01911735 0.00574293
v 0.01063044 -0.02363608 0.00574293
v 0.01019619 -0.01128540 0.00231751
v 0.01008589 -0.01128540 0.00231751
v 0.01041826 -0.01882669 0.00231751
v 0.01055954 -0.01890659 0.00233218
v 0.01055879 -0.01897202 0.00246284
v 0.01042480 -0.01897202 0.00246284
v 0.01042480 -0.01897202 0.00559760
v 0.01061122 -0.01898692 0.00567608
v 0.00145230 -0.02378141 0.00135528
v 0.00112938 -0.02378141 0.00135528
v 0.01011641 -0.01989515 0.00150061
v 0.01011641 -0.01989515 0.00485656
v 0.00159763 -0.01989515 0.00485656
v 0.00159763 -0.01989515 0.00150061
v 0.00145230 -0.02363608 0.00485656
v 0.00145230 -0.02363608 0.00150061
v 0.00145230 -0.02004048 0.00150061
v 0.00145230 -0.02004048 0.00485656
v 0.00145230 -0.02363608 0.00120995
v 0.00145230 -0.02363608 -0.00483648
v 0.00145230 -0.02004048 -0.00483648
v 0.00145230 -0.02004048 0.00120995
v 0.00071127 -0.01911735 0.00559760
v 0.00071839 -0.01911735 0.00564250
v 0.00071839 -0.01907244 0.00559760
v 0.00073902 -0.01911735 0.00568290
v 0.00077129 -0.01911735 0.00571517
v 0.00073902 -0.01903189 0.00559760
v 0.00085745 -0.01904446 0.00573096
v 0.00077240 -0.01901921 0.00568545
v 0.00081169 -0.01911735 0.00573580
v 0.00085660 -0.01897202 0.00559760
v 0.00081169 -0.01897914 0.00559760
v 0.00077129 -0.01899978 0.00559760
v 0.01076254 -0.01911720 0.00559760
v 0.01075324 -0.01907229 0.00559760
v 0.01075615 -0.01911720 0.00564250
v 0.01073057 -0.01903175 0.00559760
v 0.01069671 -0.01899963 0.00559760
v 0.01073624 -0.01911720 0.00568305
v 0.01069815 -0.01903060 0.00569750
v 0.01065515 -0.01897914 0.00559760
v 0.01066430 -0.01911735 0.00573580
v 0.01070456 -0.01911720 0.00571517
v 0.01033033 -0.01107162 0.00217218
v 0.01032481 -0.01110911 0.00221680
v 0.01030679 -0.01115358 0.00225734
v 0.01023892 -0.01124616 0.00230981
v 0.01027714 -0.01120081 0.00228946
v 0.00071127 -0.01107147 0.00217218
v 0.00071897 -0.01110984 0.00221680
v 0.00073946 -0.01115474 0.00225734
v 0.00077158 -0.01120212 0.00228946
v 0.00085660 -0.01128540 0.00231751
v 0.00081213 -0.01124703 0.00230981
v 0.01070616 -0.01911720 0.00217218
v 0.01069671 -0.01906416 0.00221665
v 0.01069729 -0.01907273 0.00222406
v 0.01067404 -0.01900268 0.00225734
v 0.01063945 -0.01893845 0.00228946
v 0.01067593 -0.01903218 0.00228496
v 0.01064888 -0.01896490 0.00231171
v 0.01059629 -0.01887799 0.00230981
v 0.01060268 -0.01897972 0.00241037
v 0.01064337 -0.01900006 0.00234919
v 0.00071127 -0.01911735 0.00217218
v 0.00071897 -0.01907288 0.00222435
v 0.00071897 -0.01906517 0.00221665
v 0.00073932 -0.01903218 0.00228539
v 0.00077158 -0.01900006 0.00234963
v 0.00073932 -0.01900413 0.00225734
v 0.00075224 -0.01898398 0.00230419
v 0.00081213 -0.01897972 0.00241067
v 0.00085660 -0.01882669 0.00231751
v 0.00081213 -0.01887886 0.00230981
v 0.00082680 -0.01895063 0.00235684
v 0.00077158 -0.01893990 0.00228946
v 0.01089465 -0.02363506 -0.00571514
v 0.01093505 -0.02363462 -0.00569480
v 0.01096717 -0.02363462 -0.00566282
v 0.01099551 -0.02363622 -0.00557766
v 0.01098998 -0.02368084 -0.00557766
v 0.01098766 -0.02363520 -0.00562228
v 0.01097167 -0.02372124 -0.00557766
v 0.01094237 -0.02373536 -0.00567538
v 0.01034506 -0.02383846 -0.00498705
v 0.00081198 -0.02377356 -0.00557766
v 0.00077143 -0.02375321 -0.00557766
v 0.00073946 -0.02372109 -0.00557766
v 0.00071127 -0.02363608 -0.00557766
v 0.00071911 -0.02363608 -0.00562228
v 0.00071911 -0.02368069 -0.00557766
v 0.00073946 -0.02363608 -0.00566282
v 0.00077143 -0.02363608 -0.00569480
v 0.00076994 -0.02373351 -0.00567733
v 0.00085660 -0.02363608 -0.00572299
v 0.00081198 -0.02363608 -0.00571514
v 0.01094130 -0.02375321 0.00559760
v 0.01097167 -0.02372124 0.00559760
v 0.01099551 -0.02363622 0.00559760
v 0.01098766 -0.02363520 0.00564221
v 0.01098998 -0.02368084 0.00559760
v 0.01096717 -0.02363462 0.00568276
v 0.01093505 -0.02363462 0.00571473
v 0.01094504 -0.02373578 0.00568972
v 0.01089465 -0.02363506 0.00573508
v 0.01085817 -0.02371574 0.00572539
v 0.00085660 -0.02363608 0.00574293
v 0.00081198 -0.02363608 0.00573508
v 0.00077143 -0.02363608 0.00571473
v 0.00073946 -0.02363608 0.00568276
v 0.00071127 -0.02363608 0.00559760
v 0.00071911 -0.02368069 0.00559760
v 0.00071911 -0.02363608 0.00564221
v 0.00073946 -0.02372109 0.00559760
v 0.00077143 -0.02375321 0.00559760
v 0.00081198 -0.02377356 0.00559760
v 0.00076592 -0.02372885 0.00569598
v 0.00085660 -0.00796128 -0.00572299
v 0.00081169 -0.00796098 -0.00571587
v 0.00077114 -0.00795997 -0.00569523
v 0.00073902 -0.00795837 -0.00566297
v 0.00071839 -0.00795633 -0.00562257
v 0.00073563 -0.00703594 -0.00578060
v 0.01012019 -0.00698541 -0.00579034
v 0.01009548 -0.00796098 -0.00571587
v 0.01013603 -0.00795997 -0.00569523
v 0.01016800 -0.00795837 -0.00566297
v 0.01018849 -0.00795633 -0.00562257
v 0.01019547 -0.00795415 -0.00557766
v 0.01063640 -0.02377356 -0.00562228
v 0.01063552 -0.02375321 -0.00566282
v 0.01063407 -0.02372109 -0.00569480
v 0.01063233 -0.02368069 -0.00571514
v 0.01063044 -0.02363608 -0.00572299
v 0.01028651 -0.01107904 0.00243445
v 0.00071109 -0.00263229 0.00196558
v 0.01063233 -0.02368069 0.00573508
v 0.01063407 -0.02372109 0.00571473
v 0.01063552 -0.02375321 0.00568276
v 0.01063640 -0.02377356 0.00564221
v 0.01008371 -0.01123613 0.00232347
v 0.01042029 -0.01887130 0.00232521
v 0.01042204 -0.01891185 0.00234570
v 0.01042349 -0.01894382 0.00237768
v 0.01042436 -0.01896417 0.00241808
v 0.01042509 -0.01897914 0.00564250
v 0.01042596 -0.01899978 0.00568290
v 0.01042741 -0.01903189 0.00571517
v 0.01042916 -0.01907244 0.00573580
v 0.01043740 -0.02386405 0.00500933
v 0.01094173 -0.02375365 0.00135528
v 0.01097254 -0.02372153 0.00135528
v 0.01099144 -0.02368098 0.00135528
v 0.01099667 -0.02363608 0.00135528
v 0.00071127 -0.02363608 0.00135528
v 0.00071839 -0.02368098 0.00135528
v 0.00073902 -0.02372139 0.00135528
v 0.00077114 -0.02375365 0.00135528
v 0.00081169 -0.02377428 0.00135528
v 0.00085660 -0.02378141 0.00135528
v 0.00574686 -0.01887278 -0.00461882
v 0.00963232 -0.00333591 -0.00541305
v 0.00629483 -0.00660069 -0.00323231
v 0.00112938 -0.02363608 -0.00572299
v 0.00102605 -0.00813073 -0.00572299
v 0.00112938 -0.02375321 -0.00566282
v 0.00112938 -0.02377356 -0.00562228
v 0.00112938 -0.01894382 0.00237768
v 0.00112938 -0.01891185 0.00234570
v 0.00112938 -0.01887130 0.00232521
v 0.00112938 -0.01882669 0.00231751
v 0.00112938 -0.02377356 0.00564221
v 0.00112938 -0.01911735 0.00574293
v 0.00112938 -0.01907244 0.00573580
v 0.00112938 -0.02368069 -0.00571514
v 0.00112938 -0.01903189 0.00571517
v 0.00112938 -0.01899978 0.00568290
v 0.00112938 -0.01123613 0.00232347
v 0.00072060 -0.01112162 0.00232047
v 0.00112938 -0.02375321 0.00568276
v 0.00112938 -0.02372109 0.00571473
v 0.00112938 -0.02372109 -0.00569480
v 0.00112938 -0.01897914 0.00564250
v 0.00112938 -0.01897202 0.00559760
v 0.00112938 -0.02363608 0.00574293
v 0.00463348 -0.00430801 0.00696100
v 0.00112938 -0.01896417 0.00241808
v 0.00112938 -0.02368069 0.00573508
v 0.00112938 -0.01897202 0.00246284
v 0.00112938 -0.01128540 0.00231751
v 0.00145230 -0.02378141 -0.00498181
v 0.01026174 -0.01989515 0.00500189
v 0.01026174 -0.01989515 0.00135528
v 0.00145230 -0.01989515 0.00135528
v 0.00145230 -0.01989515 0.00500189
v 0.00145230 -0.01989515 -0.00498181
f 6 7 8
f 6 8 9
f 5 2 6
f 10 5 6
f 12 11 559
f 26 190 27
f 27 28 29
f 30 26 27
f 31 30 27
f 27 32 31
f 39 40 468
f 468 523 563
f 42 43 44
f 45 42 44
f 46 45 44
f 468 563 41
f 44 468 41
f 44 41 47
f 47 48 49
f 47 49 50
f 53 22 23
f 53 23 54
f 54 55 53
f 466 467 1
f 466 1 20
f 1 467 495
f 556 1 495
f 503 504 505
f 506 60 503
f 503 507 508
f 503 508 509
f 509 510 503
f 13 14 15
f 13 15 16
f 556 20 1
f 33 34 35
f 33 35 36
f 15 14 37
f 15 37 38
f 38 37 35
f 38 35 34
f 40 512 523
f 21 294 52
f 21 25 294
f 56 57 58
f 56 58 59
f 271 270 272
f 271 247 270
f 58 33 36
f 58 36 59
f 60 61 71
f 60 71 62
f 61 63 71
f 63 64 71
f 62 71 65
f 66 67 71
f 66 71 68
f 67 69 71
f 69 70 71
f 68 71 64
f 72 73 71
f 72 71 74
f 73 75 71
f 75 65 71
f 74 71 70
f 76 77 86
f 76 86 78
f 77 79 86
f 79 80 86
f 78 86 81
f 57 82 86
f 57 86 83
f 82 84 86
f 84 85 86
f 83 86 80
f 87 88 86
f 87 86 89
f 88 90 86
f 90 81 86
f 89 86 85
f 91 92 102
f 91 102 93
f 92 94 102
f 94 95 102
f 93 102 96
f 97 98 102
f 97 102 99
f 98 100 102
f 100 101 102
f 99 102 95
f 103 104 102
f 103 102 105
f 104 106 102
f 106 96 102
f 105 102 101
f 56 107 117
f 56 117 108
f 107 109 117
f 109 110 117
f 108 117 111
f 112 113 117
f 112 117 114
f 113 115 117
f 115 116 117
f 114 117 110
f 118 119 117
f 118 117 120
f 119 121 117
f 121 111 117
f 120 117 116
f 122 123 133
f 122 133 124
f 123 125 133
f 125 126 133
f 124 133 127
f 128 129 133
f 128 133 130
f 129 131 133
f 131 132 133
f 130 133 126
f 134 135 133
f 134 133 136
f 135 137 133
f 137 127 133
f 136 133 132
f 16 138 148
f 16 148 139
f 138 140 148
f 140 141 148
f 139 148 142
f 143 144 148
f 143 148 145
f 144 146 148
f 146 147 148
f 145 148 141
f 149 150 148
f 149 148 151
f 150 152 148
f 152 142 148
f 151 148 147
f 153 154 164
f 153 164 155
f 154 156 164
f 156 157 164
f 155 164 158
f 159 160 164
f 159 164 161
f 160 162 164
f 162 163 164
f 161 164 157
f 165 166 164
f 165 164 167
f 166 168 164
f 168 158 164
f 167 164 163
f 13 169 179
f 13 179 170
f 169 171 179
f 171 172 179
f 170 179 173
f 174 175 179
f 174 179 176
f 175 177 179
f 177 178 179
f 176 179 172
f 180 181 179
f 180 179 182
f 181 183 179
f 183 173 179
f 182 179 178
f 184 185 192
f 184 192 186
f 185 187 192
f 187 188 192
f 186 192 189
f 190 192 191
f 191 192 188
f 25 193 192
f 193 189 192
f 194 195 197
f 194 197 196
f 196 197 198
f 199 200 197
f 200 201 197
f 201 198 197
f 19 203 202
f 205 206 203
f 206 207 203
f 207 208 203
f 209 210 203
f 209 203 211
f 210 212 203
f 212 204 202
f 212 202 203
f 211 203 208
f 247 213 221
f 213 214 221
f 215 216 221
f 215 221 217
f 216 218 221
f 218 219 221
f 217 221 214
f 246 221 220
f 220 221 219
f 222 112 114
f 222 114 223
f 223 114 110
f 223 110 224
f 224 110 109
f 224 109 225
f 225 109 107
f 225 107 226
f 226 107 56
f 226 56 59
f 199 97 99
f 199 99 200
f 200 99 95
f 200 95 201
f 201 95 94
f 201 94 198
f 198 94 92
f 198 92 196
f 196 92 91
f 196 91 194
f 112 103 105
f 112 105 113
f 113 105 101
f 113 101 115
f 115 101 100
f 115 100 116
f 116 100 98
f 116 98 120
f 120 98 97
f 120 97 118
f 87 60 62
f 87 62 88
f 88 62 65
f 88 65 90
f 90 65 75
f 90 75 81
f 81 75 73
f 81 73 78
f 78 73 72
f 78 72 76
f 118 87 89
f 118 89 119
f 119 89 85
f 119 85 121
f 121 85 84
f 121 84 111
f 111 84 82
f 111 82 108
f 108 82 57
f 108 57 56
f 227 199 197
f 227 197 228
f 228 197 229
f 229 197 230
f 231 72 74
f 231 74 232
f 232 74 70
f 232 70 233
f 233 70 69
f 233 69 234
f 234 69 67
f 234 67 235
f 235 67 66
f 235 66 236
f 237 227 228
f 237 228 238
f 238 228 229
f 238 229 239
f 239 229 230
f 239 230 240
f 240 230 197
f 241 197 195
f 241 195 242
f 242 195 194
f 242 194 243
f 246 245 247
f 221 246 247
f 244 248 249
f 244 249 245
f 245 249 257
f 245 257 247
f 247 257 253
f 247 253 270
f 250 237 238
f 250 238 251
f 251 238 239
f 251 239 252
f 252 239 240
f 252 240 253
f 253 240 197
f 253 197 270
f 254 250 251
f 254 251 255
f 255 251 252
f 255 252 256
f 256 252 253
f 256 253 257
f 248 254 255
f 248 255 249
f 249 255 256
f 249 256 257
f 60 246 220
f 60 220 61
f 61 220 219
f 61 219 63
f 63 219 218
f 63 218 64
f 64 218 216
f 64 216 68
f 68 216 215
f 68 215 66
f 270 258 259
f 259 258 260
f 259 260 261
f 261 260 262
f 261 262 263
f 263 262 264
f 263 264 265
f 265 266 267
f 265 267 263
f 263 267 268
f 263 268 261
f 261 268 269
f 261 269 259
f 259 269 270
f 275 273 274
f 271 275 276
f 276 275 274
f 276 274 277
f 277 274 273
f 277 273 278
f 279 272 280
f 280 272 270
f 14 13 170
f 14 170 281
f 281 170 173
f 281 173 282
f 282 173 183
f 282 183 283
f 283 183 181
f 283 181 284
f 284 181 180
f 284 180 285
f 174 159 161
f 174 161 175
f 175 161 157
f 175 157 177
f 177 157 156
f 177 156 178
f 178 156 154
f 178 154 182
f 182 154 153
f 182 153 180
f 184 165 167
f 184 167 185
f 185 167 163
f 185 163 187
f 187 163 162
f 187 162 188
f 188 162 160
f 188 160 191
f 191 160 159
f 191 159 190
f 13 16 139
f 13 139 169
f 169 139 142
f 169 142 171
f 171 142 152
f 171 152 172
f 172 152 150
f 172 150 176
f 176 150 149
f 176 149 174
f 143 128 130
f 143 130 144
f 144 130 126
f 144 126 146
f 146 126 125
f 146 125 147
f 147 125 123
f 147 123 151
f 151 123 122
f 151 122 149
f 286 134 136
f 286 136 287
f 287 136 132
f 287 132 288
f 288 132 131
f 288 131 289
f 289 131 129
f 289 129 290
f 290 129 128
f 290 128 291
f 266 272 279
f 266 279 292
f 292 279 280
f 292 280 293
f 293 280 270
f 25 192 294
f 294 192 295
f 295 192 296
f 296 192 190
f 296 190 297
f 297 190 298
f 299 184 186
f 299 186 300
f 300 186 189
f 300 189 301
f 301 189 193
f 301 193 302
f 302 193 25
f 302 25 21
f 52 294 295
f 52 295 303
f 303 295 296
f 303 296 304
f 304 296 297
f 304 297 305
f 305 297 298
f 305 298 306
f 19 307 203
f 203 307 308
f 203 308 309
f 203 309 310
f 203 310 205
f 19 311 307
f 307 311 312
f 307 312 308
f 308 312 313
f 308 313 309
f 309 313 314
f 309 314 310
f 319 52 303
f 319 303 315
f 315 303 304
f 315 304 316
f 316 304 305
f 316 305 317
f 317 305 306
f 317 306 318
f 21 319 19
f 19 319 320
f 19 320 311
f 311 320 321
f 311 321 312
f 312 321 322
f 312 322 313
f 313 322 323
f 313 323 314
f 324 231 232
f 324 232 325
f 325 232 233
f 325 233 326
f 326 233 234
f 326 234 327
f 327 234 235
f 327 235 328
f 328 235 236
f 328 236 329
f 319 330 320
f 320 330 331
f 320 331 321
f 321 331 332
f 321 332 322
f 322 332 333
f 322 333 323
f 76 334 335
f 76 335 77
f 77 335 336
f 77 336 79
f 79 336 337
f 79 337 80
f 80 337 338
f 80 338 83
f 83 338 58
f 83 58 57
f 103 339 340
f 103 340 104
f 104 340 341
f 104 341 106
f 106 341 342
f 106 342 96
f 96 342 343
f 96 343 93
f 93 343 344
f 93 344 91
f 21 52 319
f 319 315 330
f 330 315 316
f 330 316 331
f 331 316 317
f 331 317 332
f 332 317 318
f 332 318 333
f 134 209 211
f 134 211 135
f 135 211 208
f 135 208 137
f 137 208 207
f 137 207 127
f 127 207 206
f 127 206 124
f 124 206 205
f 124 205 122
f 247 345 213
f 213 345 346
f 213 346 214
f 214 346 347
f 214 347 217
f 217 347 348
f 217 348 215
f 270 197 349
f 349 197 241
f 349 241 350
f 350 241 242
f 350 242 351
f 351 242 243
f 351 243 352
f 21 353 354
f 354 353 355
f 354 355 356
f 356 355 357
f 356 357 358
f 358 357 359
f 358 359 362
f 362 360 361
f 358 362 427
f 358 427 356
f 356 427 354
f 354 427 21
f 21 363 364
f 364 363 365
f 364 365 366
f 366 365 367
f 366 367 368
f 368 367 369
f 368 369 370
f 370 369 371
f 370 371 372
f 21 24 373
f 373 24 374
f 373 374 375
f 375 374 376
f 375 376 377
f 377 376 378
f 377 378 379
f 379 378 380
f 379 380 381
f 21 373 363
f 363 373 375
f 363 375 365
f 365 375 377
f 365 377 367
f 367 377 379
f 367 379 369
f 369 379 381
f 369 381 371
f 21 382 353
f 353 382 383
f 353 383 355
f 355 383 384
f 355 384 357
f 357 384 385
f 357 385 359
f 359 385 386
f 359 386 362
f 21 387 382
f 382 387 388
f 382 388 383
f 383 388 389
f 383 389 384
f 384 389 390
f 384 390 385
f 385 390 391
f 385 391 386
f 21 364 387
f 387 364 366
f 387 366 388
f 388 366 368
f 388 368 389
f 389 368 370
f 389 370 390
f 390 370 372
f 390 372 391
f 392 222 223
f 392 223 393
f 393 223 224
f 393 224 394
f 394 224 225
f 394 225 395
f 395 225 226
f 395 226 396
f 396 226 59
f 396 59 36
f 397 380 378
f 397 378 398
f 398 378 376
f 398 376 399
f 399 376 374
f 399 374 400
f 400 374 24
f 400 24 401
f 401 24 21
f 402 286 287
f 402 287 403
f 403 287 288
f 403 288 404
f 404 288 289
f 404 289 405
f 405 289 290
f 405 290 406
f 406 290 291
f 406 291 407
f 165 408 409
f 165 409 166
f 166 409 410
f 166 410 168
f 168 410 411
f 168 411 158
f 158 411 412
f 158 412 155
f 155 412 413
f 155 413 153
f 16 15 414
f 16 414 138
f 138 414 415
f 138 415 140
f 140 415 416
f 140 416 141
f 141 416 417
f 141 417 145
f 145 417 418
f 145 418 143
f 37 14 281
f 37 281 419
f 419 281 282
f 419 282 420
f 420 282 283
f 420 283 421
f 421 283 284
f 421 284 422
f 422 284 285
f 422 285 423
f 424 299 300
f 424 300 425
f 425 300 301
f 425 301 426
f 426 301 302
f 426 302 427
f 427 302 21
f 209 428 429
f 209 429 210
f 210 429 430
f 210 430 212
f 212 430 431
f 212 431 204
f 204 431 432
f 204 432 202
f 202 432 19
f 35 37 419
f 35 419 433
f 433 419 420
f 433 420 434
f 434 420 421
f 434 421 435
f 435 421 422
f 435 422 436
f 436 422 423
f 436 423 437
f 408 438 439
f 408 439 409
f 409 439 440
f 409 440 410
f 410 440 441
f 410 441 411
f 411 441 442
f 411 442 412
f 412 442 443
f 412 443 413
f 15 38 444
f 15 444 414
f 414 444 445
f 414 445 415
f 415 445 446
f 415 446 416
f 416 446 447
f 416 447 417
f 417 447 448
f 417 448 418
f 449 402 403
f 449 403 450
f 450 403 404
f 450 404 451
f 451 404 405
f 451 405 452
f 452 405 406
f 452 406 453
f 453 406 407
f 453 407 454
f 360 424 425
f 360 425 361
f 361 425 426
f 361 426 362
f 362 426 427
f 428 397 398
f 428 398 429
f 429 398 399
f 429 399 430
f 430 399 400
f 430 400 431
f 431 400 401
f 431 401 432
f 432 401 21
f 432 21 19
f 438 455 456
f 438 456 439
f 439 456 457
f 439 457 440
f 440 457 458
f 440 458 441
f 441 458 459
f 441 459 442
f 442 459 460
f 442 460 443
f 38 34 461
f 38 461 444
f 444 461 462
f 444 462 445
f 445 462 463
f 445 463 446
f 446 463 464
f 446 464 447
f 447 464 465
f 447 465 448
f 468 469 470
f 470 469 471
f 470 471 472
f 472 471 473
f 472 473 474
f 474 473 475
f 474 475 23
f 476 477 478
f 476 478 479
f 479 478 480
f 479 480 481
f 481 480 482
f 481 482 483
f 483 482 467
f 483 467 466
f 267 266 292
f 267 292 268
f 268 292 293
f 268 293 269
f 269 293 270
f 339 484 485
f 339 485 340
f 340 485 486
f 340 486 341
f 341 486 487
f 341 487 342
f 342 487 488
f 342 488 343
f 343 488 489
f 343 489 344
f 334 490 491
f 334 491 335
f 335 491 492
f 335 492 336
f 336 492 493
f 336 493 337
f 337 493 494
f 337 494 338
f 338 494 33
f 338 33 58
f 270 349 258
f 258 349 350
f 258 350 260
f 260 350 351
f 260 351 262
f 262 351 352
f 262 352 264
f 247 271 345
f 345 271 276
f 345 276 346
f 346 276 277
f 346 277 347
f 347 277 278
f 347 278 348
f 437 392 393
f 437 393 436
f 436 393 394
f 436 394 435
f 435 394 395
f 435 395 434
f 434 395 396
f 434 396 433
f 433 396 36
f 433 36 35
f 454 324 325
f 454 325 453
f 453 325 326
f 453 326 452
f 452 326 327
f 452 327 451
f 451 327 328
f 451 328 450
f 450 328 329
f 450 329 449
f 495 467 482
f 495 482 496
f 496 482 480
f 496 480 497
f 497 480 478
f 497 478 498
f 498 478 477
f 498 477 51
f 484 460 459
f 484 459 485
f 485 459 458
f 485 458 486
f 486 458 457
f 486 457 487
f 487 457 456
f 487 456 488
f 488 456 455
f 488 455 489
f 499 475 473
f 499 473 500
f 500 473 471
f 500 471 501
f 501 471 469
f 501 469 502
f 502 469 468
f 490 465 464
f 490 464 491
f 491 464 463
f 491 463 492
f 492 463 462
f 492 462 493
f 493 462 461
f 493 461 494
f 494 461 34
f 494 34 33
f 514 512 513
f 514 513 515
f 516 512 514
f 516 514 517
f 517 514 515
f 517 515 518
f 519 512 516
f 519 516 520
f 520 516 517
f 520 517 521
f 521 517 518
f 521 518 522
f 523 512 519
f 523 519 524
f 524 519 520
f 524 520 525
f 525 520 521
f 525 521 526
f 526 521 522
f 526 522 527
f 532 523 524
f 532 524 528
f 528 524 525
f 528 525 529
f 529 525 526
f 529 526 530
f 530 526 527
f 530 527 531
f 532 528 529
f 532 529 533
f 533 529 530
f 533 530 534
f 534 530 531
f 534 531 535
f 523 532 533
f 523 533 536
f 536 533 534
f 536 534 537
f 537 534 535
f 537 535 538
f 523 536 539
f 539 536 537
f 539 537 540
f 540 537 538
f 540 538 541
f 523 539 542
f 542 539 540
f 542 540 543
f 543 540 541
f 543 541 544
f 523 542 545
f 545 542 543
f 545 543 546
f 546 543 544
f 546 544 547
f 523 545 548
f 548 545 546
f 548 546 549
f 549 546 547
f 549 547 550
f 523 548 551
f 551 548 549
f 551 549 552
f 552 549 550
f 552 550 553
f 556 523 551
f 556 551 554
f 554 551 552
f 554 552 555
f 555 552 553
f 555 553 2
f 556 554 557
f 557 554 555
f 557 555 2
f 20 556 557
f 20 557 2
f 11 12 362
f 12 360 362
f 558 372 371
f 559 381 380
f 559 558 371
f 559 371 381
f 11 362 386
f 11 386 391
f 558 11 391
f 558 391 372
f 7 6 468
f 7 468 470
f 8 7 470
f 8 470 472
f 560 8 472
f 560 472 474
f 560 474 23
f 10 476 479
f 10 479 481
f 10 481 483
f 10 483 466
f 12 560 23
f 12 23 360
f 10 559 380
f 10 380 476
f 2 3 511
f 3 512 511
f 3 513 512
f 3 2 515
f 3 515 513
f 2 518 515
f 2 522 518
f 2 527 522
f 2 531 527
f 2 535 531
f 2 4 538
f 2 538 535
f 4 541 538
f 4 544 541
f 4 2 547
f 4 547 544
f 2 550 547
f 2 553 550
f 2 511 468
f 2 5 20
f 6 2 468
f 5 10 466
f 5 466 20
f 561 50 265
f 561 265 264
f 50 266 265
f 48 275 271
f 48 47 275
f 47 273 275
f 49 48 271
f 49 271 272
f 50 49 272
f 50 272 266
f 47 495 496
f 47 496 497
f 47 497 498
f 47 498 51
f 562 499 500
f 42 562 500
f 42 500 501
f 43 42 501
f 43 501 502
f 44 43 502
f 44 502 468
f 562 561 264
f 562 264 499
f 47 51 273
f 39 468 511
f 39 511 512
f 39 512 40
f 468 40 523
f 41 563 523
f 41 523 556
f 47 41 556
f 47 556 495
f 51 278 273
f 18 380 397
f 17 402 449
f 18 17 477
f 18 477 476
f 51 17 449
f 51 449 329
f 17 51 477
f 51 329 278
f 18 476 380
f 17 18 397
f 17 397 402
f 23 424 360
f 22 455 438
f 55 54 264
f 55 264 352
f 22 53 489
f 22 489 455
f 54 23 475
f 54 475 499
f 54 499 264
f 53 55 352
f 53 352 489
f 23 22 438
f 23 438 424
f 27 190 159
f 27 159 174
f 28 27 174
f 28 174 149
f 29 28 149
f 29 149 122
f 26 298 190
f 26 30 306
f 26 306 298
f 564 205 310
f 565 564 310
f 565 310 314
f 30 31 318
f 30 318 306
f 32 565 314
f 32 314 323
f 31 32 323
f 31 323 333
f 31 333 318
f 564 29 122
f 564 122 205
f 507 504 97
f 507 97 199
f 504 503 118
f 504 118 97
f 503 60 87
f 503 87 118
f 507 199 227
f 508 507 227
f 508 227 237
f 566 244 245
f 506 566 245
f 506 245 246
f 566 510 248
f 566 248 244
f 509 508 237
f 509 237 250
f 510 509 250
f 510 250 254
f 510 254 248
f 506 246 60
f 568 569 570
f 572 568 570
f 570 571 573
f 573 572 570
f 732 733 573
f 575 576 574
f 789 575 574
f 693 577 578
f 578 579 693
f 581 582 583
f 581 583 584
f 732 730 580
f 580 581 584
f 580 584 732
f 567 586 587
f 567 587 762
f 567 762 760
f 567 760 589
f 589 761 588
f 588 567 589
f 575 590 576
f 593 701 594
f 593 594 595
f 596 659 597
f 596 597 598
f 599 635 600
f 599 600 601
f 574 576 602
f 574 602 603
f 604 605 606
f 604 606 607
f 603 602 578
f 603 578 577
f 608 609 610
f 608 610 611
f 612 613 614
f 612 614 615
f 616 617 625
f 616 625 618
f 618 625 619
f 619 625 620
f 617 621 625
f 622 620 625
f 622 625 623
f 624 625 626
f 626 625 627
f 627 625 621
f 628 629 636
f 628 636 630
f 630 636 631
f 631 636 632
f 629 633 636
f 634 632 636
f 634 636 635
f 593 636 637
f 637 636 638
f 638 636 633
f 639 640 642
f 640 641 642
f 596 642 643
f 643 642 644
f 644 642 641
f 645 646 647
f 647 646 648
f 648 646 649
f 650 651 646
f 651 649 646
f 652 653 660
f 652 660 654
f 654 660 655
f 655 660 656
f 653 657 660
f 658 656 660
f 658 660 659
f 599 660 661
f 661 660 662
f 662 660 657
f 663 664 670
f 663 670 665
f 665 670 666
f 666 670 667
f 664 668 670
f 669 667 670
f 669 670 787
f 671 670 672
f 672 670 673
f 673 670 668
f 588 679 674
f 674 679 675
f 675 679 676
f 677 678 679
f 677 679 680
f 678 676 679
f 590 681 682
f 682 681 683
f 683 681 684
f 685 686 681
f 685 681 687
f 687 681 688
f 688 681 689
f 686 684 681
f 690 691 681
f 691 689 681
f 695 696 692
f 695 692 697
f 697 692 698
f 698 692 699
f 696 694 692
f 700 699 692
f 700 692 701
f 702 703 704
f 704 703 705
f 705 703 706
f 707 708 703
f 707 703 709
f 709 703 710
f 710 703 711
f 708 706 703
f 712 711 703
f 712 703 578
f 586 713 714
f 586 715 713
f 586 716 715
f 586 717 716
f 586 732 717
f 567 718 722
f 718 719 722
f 719 720 722
f 720 721 722
f 721 723 572
f 721 572 722
f 789 679 724
f 679 725 724
f 679 726 725
f 679 727 726
f 679 588 728
f 679 728 727
f 714 713 691
f 714 691 690
f 713 715 689
f 713 689 691
f 715 716 688
f 715 688 689
f 716 717 687
f 716 687 688
f 717 732 685
f 717 685 687
f 723 721 678
f 723 678 677
f 721 720 676
f 721 676 678
f 720 719 675
f 720 675 676
f 719 718 674
f 719 674 675
f 718 567 588
f 718 588 674
f 591 646 730
f 731 642 729
f 567 722 733
f 722 572 733
f 701 734 594
f 701 692 735
f 701 735 734
f 692 736 735
f 692 737 736
f 692 693 579
f 692 579 737
f 652 654 640
f 652 640 639
f 654 655 641
f 654 641 640
f 655 656 644
f 655 644 641
f 656 658 643
f 656 643 644
f 658 659 596
f 658 596 643
f 645 647 664
f 645 664 663
f 647 648 668
f 647 668 664
f 648 649 673
f 648 673 668
f 649 651 672
f 649 672 673
f 651 650 671
f 651 671 672
f 702 704 622
f 702 622 623
f 704 705 620
f 704 620 622
f 705 706 619
f 705 619 620
f 706 708 618
f 706 618 619
f 708 707 616
f 708 616 618
f 729 738 739
f 729 740 738
f 729 642 741
f 729 741 740
f 642 742 741
f 642 596 598
f 642 598 742
f 659 743 597
f 659 744 743
f 659 745 744
f 659 660 746
f 659 746 745
f 660 599 601
f 660 601 746
f 695 697 629
f 695 629 628
f 697 698 633
f 697 633 629
f 698 699 638
f 698 638 633
f 699 700 637
f 699 637 638
f 700 701 593
f 700 593 637
f 635 636 747
f 635 747 600
f 636 748 747
f 636 749 748
f 636 750 749
f 636 593 595
f 636 595 750
f 599 661 634
f 599 634 635
f 661 662 632
f 661 632 634
f 662 657 631
f 662 631 632
f 657 653 630
f 657 630 631
f 653 652 628
f 653 628 630
f 789 751 679
f 751 752 680
f 751 680 679
f 752 753 677
f 752 677 680
f 754 755 686
f 754 686 685
f 755 756 684
f 755 684 686
f 756 757 683
f 756 683 684
f 757 758 682
f 757 682 683
f 758 759 590
f 758 590 682
f 663 665 617
f 663 617 616
f 665 666 621
f 665 621 617
f 666 667 627
f 666 627 621
f 667 669 626
f 667 626 627
f 669 787 624
f 669 624 626
f 646 645 730
f 693 692 789
f 692 694 751
f 692 751 789
f 694 696 752
f 694 752 751
f 696 695 753
f 696 753 752
f 707 709 755
f 707 755 754
f 709 710 756
f 709 756 755
f 710 711 757
f 710 757 756
f 711 712 758
f 711 758 757
f 712 578 759
f 712 759 758
f 572 723 568
f 568 723 677
f 568 677 569
f 732 642 731
f 573 733 572
f 571 652 639
f 571 639 573
f 571 695 628
f 571 628 652
f 569 677 753
f 569 753 570
f 573 639 642
f 573 642 732
f 570 753 695
f 570 695 571
f 580 645 663
f 580 663 581
f 582 616 707
f 582 707 583
f 584 754 685
f 584 685 732
f 581 663 616
f 581 616 582
f 730 645 580
f 583 707 754
f 583 754 584
f 732 586 567
f 761 589 760
f 733 732 567
f 585 690 762
f 763 714 690
f 763 690 585
f 764 681 765
f 730 729 591
f 766 670 767
f 768 591 592
f 586 714 763
f 586 763 587
f 769 670 671
f 769 671 770
f 578 703 771
f 623 625 772
f 762 690 681
f 762 681 773
f 774 625 775
f 776 646 777
f 576 590 759
f 576 759 602
f 778 703 779
f 780 681 764
f 781 625 624
f 781 624 782
f 783 702 623
f 784 591 768
f 785 787 670
f 785 670 766
f 786 703 702
f 786 702 783
f 782 624 787
f 602 759 578
f 767 670 769
f 587 763 585
f 587 585 762
f 765 681 590
f 765 590 575
f 772 625 774
f 591 729 739
f 591 739 592
f 788 650 646
f 788 646 776
f 762 728 760
f 771 703 778
f 773 681 780
f 775 625 781
f 777 646 591
f 777 591 784
f 770 671 650
f 770 650 788
f 779 703 786
f 728 588 761
f 728 761 760
f 725 764 765
f 725 765 724
f 745 766 767
f 745 767 744
f 738 768 592
f 738 592 739
f 595 623 772
f 595 772 750
f 743 769 770
f 743 770 597
f 579 578 771
f 579 771 737
f 749 774 775
f 749 775 748
f 728 762 773
f 728 773 727
f 742 776 777
f 742 777 741
f 736 778 779
f 736 779 735
f 726 780 764
f 726 764 725
f 747 781 782
f 747 782 600
f 746 785 766
f 746 766 745
f 740 784 768
f 740 768 738
f 600 782 787
f 600 787 601
f 594 783 623
f 594 623 595
f 734 786 783
f 734 783 594
f 730 731 729
f 744 767 769
f 744 769 743
f 724 765 575
f 724 575 789
f 732 731 730
f 750 772 774
f 750 774 749
f 598 788 776
f 598 776 742
f 737 771 778
f 737 778 736
f 727 773 780
f 727 780 726
f 748 775 781
f 748 781 747
f 601 787 785
f 601 785 746
f 741 777 784
f 741 784 740
f 597 770 788
f 597 788 598
f 735 779 786
f 735 786 734
f 789 574 760
f 589 732 789
f 589 789 760
f 760 574 589
f 789 790 693
f 789 791 790
f 732 791 789
f 732 574 792
f 608 577 793
f 608 793 609
f 611 603 577
f 611 577 608
f 609 793 792
f 609 792 610
f 610 792 603
f 610 603 611
f 615 574 603
f 615 603 612
f 613 792 794
f 613 794 614
f 614 794 574
f 614 574 615
f 612 603 792
f 612 792 613
f 732 589 574
f 693 790 793
f 693 793 577
f 606 793 790
f 606 790 607
f 607 790 791
f 607 791 604
f 605 792 793
f 605 793 606
f 604 791 792
f 604 792 605
f 732 792 791
f 798 801 938
f 795 799 800
f 795 800 1004
f 861 893 938
f 861 938 801
f 805 803 804
f 805 804 802
f 805 802 1039
f 803 997 1004
f 803 1004 804
f 805 1039 1047
f 808 809 810
f 808 810 811
f 808 811 812
f 808 812 813
f 808 813 809
f 814 812 811
f 814 811 815
f 814 815 816
f 814 816 817
f 814 817 812
f 818 819 813
f 818 813 812
f 818 812 823
f 818 823 820
f 818 820 819
f 823 812 817
f 821 822 796
f 821 796 823
f 821 823 827
f 821 827 824
f 821 824 822
f 825 826 824
f 825 824 827
f 825 827 817
f 825 817 816
f 825 816 826
f 827 823 817
f 828 829 830
f 828 830 831
f 828 831 832
f 828 832 833
f 828 833 829
f 834 832 831
f 834 831 835
f 834 835 836
f 834 836 837
f 834 837 832
f 838 839 833
f 838 833 832
f 838 832 837
f 838 837 840
f 838 840 839
f 841 837 836
f 842 843 844
f 842 844 845
f 842 845 848
f 842 848 843
f 846 848 845
f 846 845 847
f 846 847 840
f 846 840 837
f 846 837 848
f 849 850 851
f 849 851 852
f 849 852 853
f 849 853 854
f 849 854 850
f 855 853 852
f 855 852 856
f 855 856 857
f 855 857 871
f 855 871 853
f 858 859 854
f 858 854 853
f 858 853 871
f 858 871 860
f 858 860 859
f 863 864 862
f 863 862 861
f 863 861 871
f 863 871 857
f 863 857 864
f 865 866 867
f 865 867 868
f 865 868 872
f 865 872 866
f 869 872 868
f 869 868 870
f 869 870 860
f 869 860 871
f 869 871 872
f 873 809 874
f 873 874 875
f 873 875 876
f 873 876 877
f 873 877 809
f 878 876 875
f 878 875 879
f 878 879 880
f 878 880 881
f 878 881 876
f 882 883 877
f 882 877 876
f 882 876 885
f 882 885 884
f 882 884 883
f 885 876 881
f 886 887 807
f 886 807 888
f 886 888 899
f 886 899 889
f 886 889 887
f 890 891 889
f 890 889 899
f 890 899 881
f 890 881 880
f 890 880 891
f 899 885 881
f 892 893 894
f 892 894 895
f 892 895 899
f 892 899 896
f 892 896 893
f 897 899 895
f 897 895 898
f 897 898 884
f 897 884 885
f 897 885 899
f 899 888 896
f 900 830 829
f 900 829 809
f 900 809 813
f 900 813 901
f 900 901 831
f 900 831 830
f 902 835 831
f 902 831 901
f 902 901 813
f 902 813 819
f 902 819 820
f 902 820 903
f 902 903 836
f 902 836 835
f 904 841 836
f 904 836 903
f 904 903 820
f 904 820 823
f 904 823 905
f 904 905 841
f 906 823 796
f 906 796 795
f 906 795 907
f 906 907 908
f 906 908 909
f 906 909 823
f 910 823 909
f 910 909 908
f 910 908 911
f 910 911 912
f 910 912 913
f 910 913 823
f 914 823 913
f 914 913 912
f 914 912 915
f 914 915 916
f 914 916 823
f 917 918 806
f 917 806 843
f 917 843 848
f 917 848 919
f 917 919 920
f 917 920 918
f 921 922 920
f 921 920 919
f 921 919 848
f 921 848 837
f 921 837 923
f 921 923 924
f 921 924 922
f 925 926 924
f 925 924 923
f 925 923 837
f 925 837 841
f 925 841 927
f 925 927 926
f 928 929 927
f 928 927 841
f 928 841 905
f 928 905 929
f 930 874 809
f 930 809 829
f 930 829 833
f 930 833 931
f 930 931 875
f 930 875 874
f 932 879 875
f 932 875 931
f 932 931 833
f 932 833 839
f 932 839 840
f 932 840 933
f 932 933 880
f 932 880 879
f 934 891 880
f 934 880 933
f 934 933 840
f 934 840 847
f 934 847 845
f 934 845 935
f 934 935 889
f 934 889 891
f 936 887 889
f 936 889 935
f 936 935 845
f 936 845 844
f 936 844 843
f 936 843 806
f 936 806 807
f 936 807 887
f 937 938 893
f 937 893 896
f 937 896 939
f 937 939 940
f 937 940 938
f 941 942 940
f 941 940 939
f 941 939 896
f 941 896 888
f 941 888 943
f 941 943 944
f 941 944 942
f 945 946 944
f 945 944 943
f 945 943 888
f 945 888 947
f 945 947 948
f 945 948 946
f 949 950 948
f 949 948 947
f 949 947 888
f 949 888 807
f 949 807 806
f 949 806 950
f 951 851 850
f 951 850 809
f 951 809 877
f 951 877 952
f 951 952 852
f 951 852 851
f 953 856 852
f 953 852 952
f 953 952 877
f 953 877 883
f 953 883 884
f 953 884 954
f 953 954 857
f 953 857 856
f 955 864 857
f 955 857 954
f 955 954 884
f 955 884 898
f 955 898 895
f 955 895 956
f 955 956 862
f 955 862 864
f 957 861 862
f 957 862 956
f 957 956 895
f 957 895 894
f 957 894 893
f 957 893 861
f 958 959 795
f 958 795 866
f 958 866 872
f 958 872 960
f 958 960 961
f 958 961 959
f 962 963 961
f 962 961 960
f 962 960 872
f 962 872 871
f 962 871 964
f 962 964 965
f 962 965 963
f 966 967 965
f 966 965 964
f 966 964 871
f 966 871 861
f 966 861 968
f 966 968 967
f 969 970 968
f 969 968 861
f 969 861 801
f 969 801 970
f 971 810 809
f 971 809 850
f 971 850 854
f 971 854 972
f 971 972 811
f 971 811 810
f 973 815 811
f 973 811 972
f 973 972 854
f 973 854 859
f 973 859 860
f 973 860 974
f 973 974 816
f 973 816 815
f 975 826 816
f 975 816 974
f 975 974 860
f 975 860 870
f 975 870 868
f 975 868 976
f 975 976 824
f 975 824 826
f 977 822 824
f 977 824 976
f 977 976 868
f 977 868 867
f 977 867 866
f 977 866 795
f 977 795 796
f 977 796 822
f 979 982 1004
f 979 1004 978
f 979 978 980
f 979 980 981
f 979 981 982
f 983 986 982
f 983 982 981
f 983 981 984
f 983 984 985
f 983 985 986
f 986 985 804
f 987 988 806
f 987 806 797
f 987 797 989
f 987 989 990
f 987 990 988
f 991 992 990
f 991 990 989
f 991 989 993
f 991 993 994
f 991 994 992
f 995 996 994
f 995 994 993
f 995 993 997
f 995 997 998
f 995 998 996
f 999 1000 998
f 999 998 997
f 999 997 803
f 999 803 1000
f 1004 982 986
f 986 804 1004
f 989 797 993
f 797 997 993
f 797 1004 997
f 797 1019 1004
f 1002 1001 1004
f 1002 1004 1019
f 797 1003 1019
f 1006 1007 1005
f 1006 1005 1004
f 1006 1004 1001
f 1006 1001 1008
f 1006 1008 1007
f 1009 1010 1008
f 1009 1008 1001
f 1009 1001 1002
f 1009 1002 1011
f 1009 1011 1010
f 1002 1019 1011
f 1013 797 1012
f 1013 1012 1014
f 1013 1014 1015
f 1013 1015 1003
f 1013 1003 797
f 1016 1003 1015
f 1016 1015 1017
f 1016 1017 1018
f 1016 1018 1019
f 1016 1019 1003
f 1021 1043 1047
f 1021 1047 1020
f 1021 1020 1022
f 1021 1022 1023
f 1021 1023 1043
f 1024 1043 1023
f 1024 1023 1025
f 1024 1025 1026
f 1024 1026 1043
f 1027 1043 1026
f 1027 1026 1028
f 1027 1028 803
f 1027 803 805
f 1027 805 1043
f 1029 1030 800
f 1029 800 799
f 1029 799 1031
f 1029 1031 1032
f 1029 1032 1030
f 1033 1034 1032
f 1033 1032 1031
f 1033 1031 1035
f 1033 1035 1036
f 1033 1036 1034
f 1037 1038 1036
f 1037 1036 1035
f 1037 1035 1039
f 1037 1039 1040
f 1037 1040 1038
f 1041 1042 1040
f 1041 1040 1039
f 1041 1039 802
f 1041 802 1042
f 1043 805 1047
f 1031 799 1035
f 799 1039 1035
f 1039 799 1047
f 799 798 1047
f 1045 1044 1047
f 1045 1047 798
f 799 1046 798
f 1049 1050 1048
f 1049 1048 1047
f 1049 1047 1044
f 1049 1044 1051
f 1049 1051 1050
f 1052 1053 1051
f 1052 1051 1044
f 1052 1044 1045
f 1052 1045 1054
f 1052 1054 1053
f 1045 798 1054
f 1056 799 1055
f 1056 1055 1057
f 1056 1057 1058
f 1056 1058 1046
f 1056 1046 799
f 1059 1046 1058
f 1059 1058 1060
f 1059 1060 1061
f 1059 1061 798
f 1059 798 1046
f 1062 797 806
f 1062 806 918
f 1062 918 920
f 1062 920 1063
f 1062 1063 1012
f 1062 1012 797
f 1064 1014 1012
f 1064 1012 1063
f 1064 1063 920
f 1064 920 922
f 1064 922 924
f 1064 924 1065
f 1064 1065 1015
f 1064 1015 1014
f 1066 1017 1015
f 1066 1015 1065
f 1066 1065 924
f 1066 924 926
f 1066 926 927
f 1066 927 1067
f 1066 1067 1018
f 1066 1018 1017
f 1068 1019 1018
f 1068 1018 1067
f 1068 1067 927
f 1068 927 929
f 1068 929 905
f 1068 905 823
f 1068 823 1019
f 1069 907 795
f 1069 795 1004
f 1069 1004 1005
f 1069 1005 1070
f 1069 1070 908
f 1069 908 907
f 1071 911 908
f 1071 908 1070
f 1071 1070 1005
f 1071 1005 1007
f 1071 1007 1008
f 1071 1008 1072
f 1071 1072 912
f 1071 912 911
f 1073 915 912
f 1073 912 1072
f 1073 1072 1008
f 1073 1008 1010
f 1073 1010 1011
f 1073 1011 1074
f 1073 1074 916
f 1073 916 915
f 1019 823 916
f 1019 916 1074
f 1019 1074 1011
f 1075 1047 806
f 1075 806 988
f 1075 988 990
f 1075 990 1076
f 1075 1076 1020
f 1075 1020 1047
f 1077 1022 1020
f 1077 1020 1076
f 1077 1076 990
f 1077 990 992
f 1077 992 994
f 1077 994 1078
f 1077 1078 1023
f 1077 1023 1022
f 1079 1025 1023
f 1079 1023 1078
f 1079 1078 994
f 1079 994 996
f 1079 996 998
f 1079 998 1080
f 1079 1080 1026
f 1079 1026 1025
f 1081 1028 1026
f 1081 1026 1080
f 1081 1080 998
f 1081 998 1000
f 1081 1000 803
f 1081 803 1028
f 1082 1004 800
f 1082 800 1030
f 1082 1030 1032
f 1082 1032 1083
f 1082 1083 978
f 1082 978 1004
f 1084 980 978
f 1084 978 1083
f 1084 1083 1032
f 1084 1032 1034
f 1084 1034 1036
f 1084 1036 1085
f 1084 1085 981
f 1084 981 980
f 1086 984 981
f 1086 981 1085
f 1086 1085 1036
f 1086 1036 1038
f 1086 1038 1040
f 1086 1040 1087
f 1086 1087 985
f 1086 985 984
f 1088 804 985
f 1088 985 1087
f 1088 1087 1040
f 1088 1040 1042
f 1088 1042 802
f 1088 802 804
f 1089 970 801
f 1089 801 798
f 1089 798 1061
f 1089 1061 1090
f 1089 1090 968
f 1089 968 970
f 1091 967 968
f 1091 968 1090
f 1091 1090 1061
f 1091 1061 1060
f 1091 1060 1058
f 1091 1058 1092
f 1091 1092 965
f 1091 965 967
f 1093 963 965
f 1093 965 1092
f 1093 1092 1058
f 1093 1058 1057
f 1093 1057 1055
f 1093 1055 1094
f 1093 1094 961
f 1093 961 963
f 1095 959 961
f 1095 961 1094
f 1095 1094 1055
f 1095 1055 799
f 1095 799 795
f 1095 795 959
f 1096 798 938
f 1096 938 940
f 1096 940 1097
f 1096 1097 1054
f 1096 1054 798
f 1098 1053 1054
f 1098 1054 1097
f 1098 1097 940
f 1098 940 942
f 1098 942 944
f 1098 944 1099
f 1098 1099 1051
f 1098 1051 1053
f 1100 1050 1051
f 1100 1051 1099
f 1100 1099 944
f 1100 944 946
f 1100 946 948
f 1100 948 1101
f 1100 1101 1048
f 1100 1048 1050
f 1102 1047 1048
f 1102 1048 1101
f 1102 1101 948
f 1102 948 950
f 1102 950 806
f 1102 806 1047
f 1103 1104 1126
f 1105 1126 1104
f 1107 1105 1104
f 1107 1104 1106
f 1103 1106 1104
f 1106 1111 1107
f 1111 1106 1103
f 1108 1103 1109
f 1108 1111 1103
f 1108 1109 1110
f 1108 1110 1111
f 1126 1109 1103
f 1112 1109 1126
f 1112 1113 1110
f 1112 1110 1109
f 1112 1126 1114
f 1112 1114 1113
f 1115 1113 1114
f 1115 1114 1116
f 1115 1111 1110
f 1115 1110 1113
f 1115 1107 1111
f 1115 1116 1117
f 1115 1117 1107
f 1118 1116 1114
f 1118 1114 1126
f 1118 1119 1117
f 1118 1117 1116
f 1118 1126 1120
f 1118 1120 1119
f 1121 1119 1120
f 1121 1120 1122
f 1121 1107 1117
f 1121 1117 1119
f 1121 1122 1123
f 1121 1123 1107
f 1124 1122 1120
f 1124 1120 1126
f 1124 1125 1123
f 1124 1123 1122
f 1124 1126 1125
f 1125 1107 1123
f 1125 1105 1107
f 1105 1125 1126
f 1304 1450 1127
f 1130 1131 1132
f 1130 1132 1139
f 1131 1133 1132
f 1132 1133 1129
f 1132 1129 1139
f 1130 1140 1134
f 1130 1134 1131
f 1131 1134 1135
f 1134 1140 1136
f 1134 1136 1135
f 1130 1139 1140
f 1140 1139 1138
f 1141 1138 1139
f 1141 1184 1144
f 1144 1142 1143
f 1141 1144 1146
f 1144 1145 1147
f 1144 1147 1146
f 1496 1148 1149
f 1496 1146 1148
f 1149 1148 1150
f 1149 1150 1151
f 1148 1146 1147
f 1148 1147 1150
f 1496 1141 1146
f 1496 1149 1152
f 1149 1151 1153
f 1149 1153 1152
f 1152 1153 1154
f 1152 1154 1496
f 1155 1144 1184
f 1155 1142 1144
f 1156 1157 1158
f 1158 1157 1184
f 1157 1155 1184
f 1156 1143 1157
f 1157 1142 1155
f 1157 1143 1142
f 1156 1159 1160
f 1156 1160 1143
f 1159 1161 1160
f 1143 1160 1145
f 1143 1145 1144
f 1160 1161 1147
f 1160 1147 1145
f 1156 1158 1162
f 1156 1162 1159
f 1158 1163 1162
f 1159 1162 1164
f 1159 1164 1161
f 1162 1163 1165
f 1162 1165 1164
f 1166 1167 1168
f 1166 1168 1170
f 1167 1161 1164
f 1167 1164 1168
f 1170 1168 1169
f 1168 1164 1165
f 1168 1165 1169
f 1166 1171 1172
f 1166 1172 1167
f 1171 1151 1150
f 1171 1150 1172
f 1167 1172 1161
f 1172 1150 1147
f 1172 1147 1161
f 1166 1173 1174
f 1166 1174 1171
f 1173 1175 1176
f 1173 1176 1174
f 1171 1174 1153
f 1171 1153 1151
f 1174 1176 1154
f 1174 1154 1153
f 1166 1170 1177
f 1166 1177 1173
f 1170 1178 1177
f 1173 1177 1175
f 1177 1178 1179
f 1177 1179 1175
f 1180 1175 1181
f 1181 1175 1179
f 1181 1179 1200
f 1181 1496 1182
f 1181 1182 1180
f 1180 1182 1176
f 1180 1176 1175
f 1182 1496 1154
f 1182 1154 1176
f 1181 1200 1496
f 1183 1188 1184
f 1184 1185 1186
f 1184 1186 1183
f 1187 1188 1189
f 1187 1189 1191
f 1188 1183 1189
f 1191 1189 1190
f 1189 1183 1186
f 1189 1186 1190
f 1187 1192 1188
f 1192 1158 1184
f 1192 1184 1188
f 1187 1193 1194
f 1187 1194 1192
f 1193 1195 1194
f 1192 1194 1163
f 1192 1163 1158
f 1194 1195 1165
f 1194 1165 1163
f 1187 1191 1196
f 1187 1196 1193
f 1191 1197 1196
f 1193 1196 1198
f 1193 1198 1195
f 1196 1197 1199
f 1196 1199 1198
f 1200 1201 1229
f 1201 1195 1198
f 1201 1198 1229
f 1229 1198 1199
f 1200 1202 1203
f 1200 1203 1201
f 1202 1170 1169
f 1202 1169 1203
f 1201 1203 1195
f 1203 1169 1165
f 1203 1165 1195
f 1200 1204 1202
f 1202 1204 1178
f 1202 1178 1170
f 1204 1200 1179
f 1204 1179 1178
f 1205 1185 1206
f 1206 1185 1184
f 1205 1207 1208
f 1205 1208 1185
f 1207 1209 1208
f 1208 1209 1186
f 1208 1186 1185
f 1205 1206 1210
f 1205 1210 1207
f 1207 1210 1211
f 1207 1211 1209
f 1210 1206 1212
f 1210 1212 1211
f 1213 1214 1215
f 1213 1215 1229
f 1214 1209 1211
f 1214 1211 1215
f 1215 1211 1212
f 1215 1212 1229
f 1213 1216 1217
f 1213 1217 1214
f 1216 1191 1190
f 1216 1190 1217
f 1214 1217 1209
f 1217 1190 1186
f 1217 1186 1209
f 1213 1229 1218
f 1213 1218 1216
f 1216 1218 1197
f 1216 1197 1191
f 1218 1229 1199
f 1218 1199 1197
f 1220 1206 1184
f 1220 1212 1206
f 1220 1229 1212
f 1222 1219 1223
f 1222 1223 1224
f 1224 1223 1225
f 1224 1225 1226
f 1223 1219 1221
f 1223 1221 1225
f 1222 1227 1228
f 1222 1228 1219
f 1227 1229 1228
f 1219 1228 1220
f 1228 1229 1220
f 1222 1224 1230
f 1222 1230 1227
f 1224 1226 1231
f 1224 1231 1230
f 1230 1231 1232
f 1230 1232 1227
f 1229 1227 1233
f 1233 1234 1235
f 1233 1227 1232
f 1233 1232 1234
f 1237 1219 1238
f 1237 1238 1240
f 1240 1238 1239
f 1238 1219 1236
f 1238 1236 1239
f 1237 1241 1242
f 1237 1242 1219
f 1241 1243 1242
f 1242 1243 1221
f 1242 1221 1219
f 1237 1240 1244
f 1237 1244 1241
f 1240 1245 1244
f 1241 1244 1246
f 1241 1246 1243
f 1244 1245 1247
f 1244 1247 1246
f 1248 1249 1250
f 1248 1250 1252
f 1249 1243 1246
f 1249 1246 1250
f 1252 1250 1251
f 1250 1246 1247
f 1250 1247 1251
f 1248 1253 1254
f 1248 1254 1249
f 1253 1226 1225
f 1253 1225 1254
f 1249 1254 1243
f 1254 1225 1221
f 1254 1221 1243
f 1248 1255 1256
f 1248 1256 1253
f 1255 1260 1257
f 1255 1257 1256
f 1253 1256 1231
f 1253 1231 1226
f 1256 1257 1232
f 1256 1232 1231
f 1248 1252 1258
f 1248 1258 1255
f 1252 1259 1258
f 1255 1258 1260
f 1258 1259 1261
f 1258 1261 1260
f 1262 1263 1264
f 1262 1264 1265
f 1263 1260 1264
f 1264 1260 1261
f 1264 1261 1265
f 1262 1235 1266
f 1262 1266 1263
f 1235 1234 1266
f 1263 1266 1257
f 1263 1257 1260
f 1266 1234 1232
f 1266 1232 1257
f 1262 1267 1235
f 1235 1267 1233
f 1267 1229 1233
f 1262 1265 1267
f 1495 1236 1219
f 1268 1495 1269
f 1269 1495 1284
f 1268 1270 1271
f 1268 1271 1495
f 1270 1240 1239
f 1270 1239 1271
f 1271 1239 1236
f 1271 1236 1495
f 1268 1272 1273
f 1268 1273 1270
f 1272 1274 1273
f 1270 1273 1245
f 1270 1245 1240
f 1273 1274 1247
f 1273 1247 1245
f 1268 1269 1275
f 1268 1275 1272
f 1272 1275 1276
f 1272 1276 1274
f 1275 1269 1277
f 1275 1277 1276
f 1278 1279 1277
f 1279 1274 1276
f 1279 1276 1277
f 1278 1280 1281
f 1278 1281 1279
f 1280 1252 1251
f 1280 1251 1281
f 1279 1281 1274
f 1281 1251 1247
f 1281 1247 1274
f 1278 1282 1280
f 1280 1282 1259
f 1280 1259 1252
f 1282 1278 1261
f 1282 1261 1259
f 1283 1265 1278
f 1283 1278 1277
f 1278 1265 1261
f 1265 1283 1267
f 1284 1283 1269
f 1283 1277 1269
f 1287 1304 1127
f 1287 1127 1289
f 1289 1127 1288
f 1287 1290 1304
f 1290 1291 1304
f 1287 1289 1292
f 1287 1292 1290
f 1289 1293 1292
f 1290 1292 1294
f 1290 1294 1291
f 1292 1293 1295
f 1292 1295 1294
f 1296 1297 1298
f 1296 1298 1299
f 1297 1291 1294
f 1297 1294 1298
f 1299 1298 1300
f 1299 1300 1301
f 1298 1294 1295
f 1298 1295 1300
f 1296 1302 1303
f 1296 1303 1297
f 1302 1304 1303
f 1297 1303 1291
f 1303 1304 1291
f 1296 1305 1306
f 1296 1306 1302
f 1306 1286 1302
f 1296 1299 1307
f 1296 1307 1305
f 1299 1301 1308
f 1299 1308 1307
f 1305 1307 1309
f 1305 1309 1306
f 1307 1308 1310
f 1307 1310 1309
f 1313 1306 1309
f 1313 1309 1311
f 1313 1311 1312
f 1311 1309 1310
f 1311 1310 1312
f 1313 1286 1306
f 1127 1314 1315
f 1314 1316 1315
f 1317 1318 1319
f 1317 1319 1321
f 1318 1127 1315
f 1318 1315 1319
f 1321 1319 1320
f 1319 1315 1316
f 1319 1316 1320
f 1317 1322 1323
f 1317 1323 1318
f 1322 1289 1288
f 1322 1288 1323
f 1318 1323 1127
f 1323 1288 1127
f 1317 1324 1325
f 1317 1325 1322
f 1324 1326 1325
f 1322 1325 1293
f 1322 1293 1289
f 1325 1326 1295
f 1325 1295 1293
f 1317 1321 1327
f 1317 1327 1324
f 1321 1328 1327
f 1324 1327 1329
f 1324 1329 1326
f 1327 1328 1330
f 1327 1330 1329
f 1331 1332 1333
f 1331 1333 1335
f 1332 1326 1329
f 1332 1329 1333
f 1335 1333 1334
f 1333 1329 1330
f 1333 1330 1334
f 1331 1336 1337
f 1331 1337 1332
f 1336 1301 1300
f 1336 1300 1337
f 1332 1337 1326
f 1337 1300 1295
f 1337 1295 1326
f 1331 1338 1339
f 1331 1339 1336
f 1338 1340 1339
f 1336 1339 1308
f 1336 1308 1301
f 1339 1340 1310
f 1339 1310 1308
f 1331 1335 1341
f 1331 1341 1338
f 1335 1342 1341
f 1338 1341 1343
f 1338 1343 1340
f 1341 1342 1344
f 1341 1344 1343
f 1345 1346 1347
f 1345 1347 1348
f 1346 1340 1343
f 1346 1343 1347
f 1348 1347 1349
f 1348 1349 1393
f 1347 1343 1344
f 1347 1344 1349
f 1345 1350 1351
f 1345 1351 1346
f 1350 1313 1312
f 1350 1312 1351
f 1346 1351 1340
f 1351 1312 1310
f 1351 1310 1340
f 1345 1352 1350
f 1350 1352 1313
f 1345 1348 1353
f 1345 1353 1352
f 1348 1393 1354
f 1348 1354 1353
f 1353 1354 1355
f 1353 1355 1352
f 1313 1352 1356
f 1356 1352 1355
f 1356 1355 1357
f 1314 1127 1128
f 1128 1358 1314
f 1314 1358 1316
f 1359 1360 1361
f 1359 1361 1363
f 1360 1358 1128
f 1360 1128 1361
f 1363 1361 1362
f 1361 1128 1412
f 1361 1412 1362
f 1359 1364 1365
f 1359 1365 1360
f 1364 1321 1320
f 1364 1320 1365
f 1360 1365 1358
f 1365 1320 1316
f 1365 1316 1358
f 1359 1366 1367
f 1359 1367 1364
f 1366 1368 1367
f 1364 1367 1328
f 1364 1328 1321
f 1367 1368 1330
f 1367 1330 1328
f 1359 1363 1369
f 1359 1369 1366
f 1363 1370 1369
f 1366 1369 1371
f 1366 1371 1368
f 1369 1370 1372
f 1369 1372 1371
f 1373 1374 1375
f 1373 1375 1377
f 1374 1368 1371
f 1374 1371 1375
f 1377 1375 1376
f 1375 1371 1372
f 1375 1372 1376
f 1373 1378 1379
f 1373 1379 1374
f 1378 1335 1334
f 1378 1334 1379
f 1374 1379 1368
f 1379 1334 1330
f 1379 1330 1368
f 1373 1380 1381
f 1373 1381 1378
f 1380 1382 1383
f 1380 1383 1381
f 1378 1381 1342
f 1378 1342 1335
f 1381 1383 1344
f 1381 1344 1342
f 1373 1377 1384
f 1373 1384 1380
f 1377 1385 1384
f 1380 1384 1386
f 1380 1386 1382
f 1384 1385 1387
f 1384 1387 1386
f 1388 1389 1390
f 1388 1390 1391
f 1389 1382 1386
f 1389 1386 1390
f 1391 1390 1392
f 1391 1392 1438
f 1390 1386 1387
f 1390 1387 1392
f 1388 1393 1394
f 1388 1394 1389
f 1393 1349 1394
f 1389 1394 1383
f 1389 1383 1382
f 1394 1349 1344
f 1394 1344 1383
f 1388 1395 1396
f 1388 1396 1393
f 1395 1400 1397
f 1395 1397 1396
f 1393 1396 1354
f 1396 1397 1355
f 1396 1355 1354
f 1388 1391 1398
f 1388 1398 1395
f 1391 1438 1399
f 1391 1399 1398
f 1395 1398 1400
f 1398 1399 1401
f 1398 1401 1400
f 1402 1403 1404
f 1402 1404 1406
f 1403 1400 1404
f 1406 1404 1405
f 1404 1400 1401
f 1404 1401 1405
f 1402 1407 1408
f 1402 1408 1403
f 1407 1356 1357
f 1407 1357 1408
f 1403 1408 1397
f 1403 1397 1400
f 1408 1357 1355
f 1408 1355 1397
f 1402 1409 1407
f 1407 1409 1356
f 1402 1406 1409
f 1410 1412 1444
f 1410 1411 1412
f 1411 1363 1362
f 1411 1362 1412
f 1410 1413 1414
f 1410 1414 1411
f 1413 1415 1414
f 1411 1414 1370
f 1411 1370 1363
f 1414 1415 1372
f 1414 1372 1370
f 1410 1444 1416
f 1410 1416 1413
f 1413 1416 1417
f 1413 1417 1415
f 1416 1444 1418
f 1416 1418 1417
f 1419 1420 1421
f 1419 1421 1423
f 1420 1415 1417
f 1420 1417 1421
f 1423 1421 1422
f 1421 1417 1418
f 1421 1418 1422
f 1419 1424 1425
f 1419 1425 1420
f 1424 1377 1376
f 1424 1376 1425
f 1420 1425 1415
f 1425 1376 1372
f 1425 1372 1415
f 1419 1426 1427
f 1419 1427 1424
f 1426 1431 1428
f 1426 1428 1427
f 1424 1427 1385
f 1424 1385 1377
f 1427 1428 1387
f 1427 1387 1385
f 1419 1423 1429
f 1419 1429 1426
f 1423 1430 1429
f 1426 1429 1431
f 1429 1430 1432
f 1429 1432 1431
f 1433 1434 1435
f 1433 1435 1436
f 1434 1431 1435
f 1436 1435 1437
f 1436 1437 1447
f 1435 1431 1432
f 1435 1432 1437
f 1433 1438 1439
f 1433 1439 1434
f 1438 1392 1439
f 1434 1439 1428
f 1434 1428 1431
f 1439 1392 1387
f 1439 1387 1428
f 1433 1441 1440
f 1433 1440 1438
f 1438 1440 1399
f 1440 1441 1401
f 1440 1401 1399
f 1433 1436 1441
f 1436 1447 1441
f 1447 1570 1441
f 1570 1406 1405
f 1570 1405 1401
f 1570 1401 1441
f 1570 1409 1406
f 1442 1444 1448
f 1442 1443 1444
f 1443 1423 1422
f 1443 1422 1444
f 1444 1422 1418
f 1442 1445 1446
f 1442 1446 1443
f 1443 1446 1430
f 1443 1430 1423
f 1446 1445 1432
f 1446 1432 1430
f 1442 1448 1449
f 1442 1449 1445
f 1449 1447 1445
f 1447 1437 1432
f 1447 1432 1445
f 1456 1451 1448
f 1448 1451 1449
f 1451 1456 1466
f 1455 1453 1454
f 1453 1452 1454
f 1453 1459 1456
f 1453 1455 1457
f 1453 1457 1459
f 1455 1458 1457
f 1457 1458 1460
f 1457 1460 1459
f 1461 1467 1462
f 1461 1462 1463
f 1467 1456 1459
f 1467 1459 1462
f 1463 1462 1464
f 1463 1464 1465
f 1462 1459 1460
f 1462 1460 1464
f 1461 1466 1467
f 1467 1466 1456
f 1461 1468 1466
f 1466 1449 1451
f 1461 1463 1469
f 1461 1469 1468
f 1463 1465 1470
f 1463 1470 1469
f 1469 1470 1471
f 1469 1471 1468
f 1466 1468 1471
f 1466 1471 1140
f 1139 1472 1473
f 1139 1473 1453
f 1472 1474 1473
f 1473 1474 1452
f 1473 1452 1453
f 1472 1139 1475
f 1472 1475 1474
f 1139 1129 1475
f 1476 1477 1478
f 1476 1478 1479
f 1477 1474 1475
f 1477 1475 1478
f 1479 1478 1133
f 1479 1133 1131
f 1478 1475 1129
f 1478 1129 1133
f 1476 1480 1481
f 1476 1481 1477
f 1480 1455 1454
f 1480 1454 1481
f 1477 1481 1474
f 1481 1454 1452
f 1481 1452 1474
f 1476 1482 1483
f 1476 1483 1480
f 1482 1484 1483
f 1480 1483 1458
f 1480 1458 1455
f 1483 1484 1460
f 1483 1460 1458
f 1476 1479 1485
f 1476 1485 1482
f 1479 1131 1135
f 1479 1135 1485
f 1482 1485 1486
f 1482 1486 1484
f 1485 1135 1136
f 1485 1136 1486
f 1487 1488 1489
f 1487 1489 1140
f 1488 1484 1486
f 1488 1486 1489
f 1489 1486 1136
f 1489 1136 1140
f 1487 1490 1491
f 1487 1491 1488
f 1490 1465 1464
f 1490 1464 1491
f 1488 1491 1484
f 1491 1464 1460
f 1491 1460 1484
f 1487 1140 1492
f 1487 1492 1490
f 1490 1492 1470
f 1490 1470 1465
f 1492 1140 1471
f 1492 1471 1470
f 1283 1493 1137
f 1450 1286 1137
f 1494 1285 1450
f 1494 1450 1304
f 1494 1304 1302
f 1494 1286 1285
f 1494 1302 1286
f 1493 1495 1219
f 1493 1141 1137
f 1450 1285 1286
f 1493 1219 1220
f 1493 1284 1495
f 1493 1283 1284
f 1184 1493 1220
f 1141 1493 1184
f 1444 1450 1448
f 1444 1412 1450
f 1450 1128 1127
f 1128 1450 1412
f 1141 1140 1138
f 1229 1267 1283
f 1356 1409 1570
f 1449 1570 1447
f 1466 1140 1286
f 1137 1229 1283
f 1140 1137 1286
f 1533 1453 1456
f 1533 1139 1453
f 1497 1513 1504
f 1497 1522 1513
f 1513 1522 1498
f 1497 1499 1522
f 1497 1507 1499
f 1509 1141 1139
f 1509 1137 1141
f 1500 1448 1450
f 1448 1500 1533
f 1501 1502 1535
f 1501 1545 1502
f 1501 1536 1545
f 1545 1536 1566
f 1501 1503 1536
f 1450 1533 1500
f 1533 1456 1448
f 1513 1498 1505
f 1513 1505 1504
f 1498 1506 1505
f 1508 1507 1497
f 1507 1511 1510
f 1510 1511 1512
f 1507 1508 1511
f 1509 1139 1533
f 1509 1533 1137
f 1514 1522 1515
f 1514 1516 1522
f 1514 1517 1518
f 1514 1518 1516
f 1516 1518 1519
f 1514 1515 1520
f 1514 1520 1517
f 1521 1515 1522
f 1521 1523 1524
f 1521 1524 1515
f 1521 1522 1525
f 1521 1525 1523
f 1522 1526 1525
f 1499 1507 1510
f 1499 1527 1528
f 1499 1528 1522
f 1522 1528 1526
f 1499 1510 1512
f 1499 1512 1527
f 1529 1498 1516
f 1516 1498 1522
f 1529 1530 1531
f 1529 1531 1498
f 1498 1531 1506
f 1529 1516 1532
f 1529 1532 1530
f 1516 1519 1532
f 1502 1541 1534
f 1502 1534 1535
f 1536 1503 1537
f 1538 1537 1539
f 1538 1536 1537
f 1540 1502 1545
f 1540 1545 1562
f 1540 1541 1502
f 1540 1562 1542
f 1540 1542 1541
f 1562 1543 1542
f 1544 1546 1554
f 1544 1554 1545
f 1546 1547 1554
f 1544 1548 1549
f 1544 1549 1546
f 1546 1549 1550
f 1546 1550 1547
f 1544 1545 1551
f 1544 1551 1548
f 1545 1552 1551
f 1553 1554 1555
f 1555 1554 1547
f 1553 1556 1554
f 1554 1556 1545
f 1553 1557 1558
f 1553 1558 1556
f 1556 1558 1559
f 1553 1555 1560
f 1553 1560 1557
f 1555 1547 1550
f 1555 1550 1560
f 1561 1545 1556
f 1561 1562 1545
f 1561 1563 1564
f 1561 1564 1562
f 1562 1564 1543
f 1561 1556 1565
f 1561 1565 1563
f 1556 1559 1565
f 1566 1536 1538
f 1566 1567 1568
f 1566 1568 1545
f 1545 1568 1552
f 1566 1538 1569
f 1566 1569 1567
f 1538 1539 1569
f 1286 1449 1466
f 1137 1140 1141
f 1137 1141 1496
f 1229 1137 1496
f 1229 1496 1200
f 1570 1449 1356
f 1449 1313 1356
f 1449 1286 1313
f 1450 1137 1533
f 1572 1656 1666
f 1682 1656 1572
f 1588 1682 1572
f 1651 1682 1588
f 1683 1656 1682
f 1690 1651 1656
f 1573 1583 1572
f 1573 1572 1571
f 1573 1571 1574
f 1573 1574 1575
f 1573 1575 1583
f 1583 1588 1572
f 1576 1588 1583
f 1577 1578 1588
f 1577 1588 1576
f 1577 1576 1579
f 1577 1579 1578
f 1576 1583 1579
f 1581 1580 1588
f 1581 1588 1578
f 1581 1578 1579
f 1581 1579 1582
f 1581 1582 1580
f 1583 1582 1579
f 1585 1584 1588
f 1585 1588 1580
f 1585 1580 1582
f 1585 1582 1586
f 1585 1586 1587
f 1585 1587 1584
f 1586 1582 1583
f 1590 1591 1589
f 1590 1589 1588
f 1590 1588 1584
f 1590 1584 1587
f 1590 1587 1592
f 1590 1592 1593
f 1590 1593 1591
f 1594 1583 1593
f 1594 1593 1592
f 1594 1592 1587
f 1594 1587 1586
f 1594 1586 1583
f 1595 1588 1589
f 1595 1596 1588
f 1597 1598 1596
f 1597 1596 1595
f 1597 1595 1589
f 1597 1589 1591
f 1597 1591 1593
f 1597 1593 1599
f 1597 1599 1600
f 1597 1600 1598
f 1601 1606 1600
f 1601 1600 1599
f 1601 1599 1593
f 1601 1593 1583
f 1601 1583 1606
f 1602 1588 1596
f 1602 1603 1588
f 1604 1605 1603
f 1604 1603 1602
f 1604 1602 1596
f 1604 1596 1598
f 1604 1598 1600
f 1604 1600 1606
f 1604 1606 1607
f 1604 1607 1605
f 1606 1583 1607
f 1609 1610 1608
f 1609 1608 1588
f 1609 1588 1603
f 1609 1603 1611
f 1609 1611 1612
f 1609 1612 1610
f 1613 1614 1612
f 1613 1612 1611
f 1613 1611 1603
f 1613 1603 1605
f 1613 1605 1607
f 1613 1607 1615
f 1613 1615 1616
f 1613 1616 1614
f 1615 1607 1583
f 1617 1588 1608
f 1617 1618 1588
f 1619 1620 1618
f 1619 1618 1617
f 1619 1617 1608
f 1619 1608 1610
f 1619 1610 1612
f 1619 1612 1621
f 1619 1621 1622
f 1619 1622 1620
f 1623 1624 1622
f 1623 1622 1621
f 1623 1621 1612
f 1623 1612 1614
f 1623 1614 1616
f 1623 1616 1625
f 1623 1625 1626
f 1623 1626 1624
f 1627 1628 1626
f 1627 1626 1625
f 1627 1625 1616
f 1627 1616 1615
f 1627 1615 1583
f 1627 1583 1629
f 1627 1629 1628
f 1651 1588 1618
f 1630 1651 1618
f 1630 1618 1620
f 1630 1620 1622
f 1630 1622 1631
f 1630 1631 1632
f 1630 1632 1651
f 1633 1634 1632
f 1633 1632 1631
f 1633 1631 1622
f 1633 1622 1624
f 1633 1624 1626
f 1633 1626 1635
f 1633 1635 1636
f 1633 1636 1634
f 1637 1638 1636
f 1637 1636 1635
f 1637 1635 1626
f 1637 1626 1628
f 1637 1628 1629
f 1637 1629 1639
f 1637 1639 1640
f 1637 1640 1638
f 1639 1583 1640
f 1639 1629 1583
f 1641 1651 1632
f 1641 1632 1634
f 1641 1634 1636
f 1641 1636 1642
f 1641 1642 1643
f 1641 1643 1651
f 1644 1645 1643
f 1644 1643 1642
f 1644 1642 1636
f 1644 1636 1638
f 1644 1638 1640
f 1644 1640 1646
f 1644 1646 1647
f 1644 1647 1645
f 1648 1649 1647
f 1648 1647 1646
f 1648 1646 1640
f 1648 1640 1583
f 1648 1583 1649
f 1650 1651 1643
f 1650 1643 1645
f 1650 1645 1647
f 1650 1647 1652
f 1650 1652 1653
f 1650 1653 1651
f 1654 1655 1653
f 1654 1653 1652
f 1654 1652 1647
f 1654 1647 1649
f 1654 1649 1655
f 1655 1651 1653
f 1655 1656 1651
f 1656 1583 1657
f 1656 1657 1666
f 1657 1658 1666
f 1660 1661 1659
f 1660 1659 1666
f 1660 1666 1658
f 1660 1658 1662
f 1660 1662 1663
f 1660 1663 1661
f 1664 1665 1663
f 1664 1663 1662
f 1664 1662 1658
f 1664 1658 1657
f 1664 1657 1665
f 1667 1666 1659
f 1667 1668 1666
f 1669 1670 1668
f 1669 1668 1667
f 1669 1667 1659
f 1669 1659 1661
f 1669 1661 1663
f 1669 1663 1671
f 1669 1671 1672
f 1669 1672 1670
f 1673 1674 1672
f 1673 1672 1671
f 1673 1671 1663
f 1673 1663 1665
f 1673 1665 1674
f 1675 1572 1666
f 1675 1666 1668
f 1675 1571 1572
f 1676 1574 1571
f 1676 1571 1675
f 1676 1675 1668
f 1676 1668 1670
f 1676 1670 1672
f 1676 1672 1677
f 1676 1677 1575
f 1676 1575 1574
f 1678 1583 1575
f 1678 1575 1677
f 1678 1677 1672
f 1678 1672 1674
f 1678 1674 1583
f 1583 1655 1649
f 1655 1583 1656
f 1583 1665 1657
f 1583 1674 1665
f 1691 1651 1690
f 1691 1682 1651
f 1691 1679 1682
f 1680 1681 1679
f 1682 1679 1681
f 1682 1681 1683
f 1679 1691 1687
f 1679 1687 1684
f 1679 1684 1680
f 1685 1680 1684
f 1685 1686 1683
f 1685 1683 1681
f 1685 1681 1680
f 1688 1685 1684
f 1688 1684 1687
f 1688 1687 1689
f 1688 1689 1686
f 1688 1686 1685
f 1689 1683 1686
f 1689 1687 1683
f 1691 1656 1687
f 1656 1683 1687
f 1691 1690 1656
f 2280 1918 1930
f 1712 1694 1705
f 1692 2288 2216
f 1694 1695 1705
f 1696 1697 1698
f 1696 1698 1694
f 1697 1699 1698
f 1698 1699 1695
f 1698 1695 1694
f 1696 1694 1693
f 1696 1693 1700
f 1696 1700 1701
f 1696 1701 1697
f 1697 1701 1702
f 1701 1700 1703
f 1701 1703 1702
f 1704 1712 1705
f 1704 1705 1706
f 1704 1706 1707
f 1707 1706 1699
f 1707 1699 1697
f 1706 1705 1695
f 1706 1695 1699
f 1704 1707 1708
f 1704 1708 1709
f 1709 1708 1710
f 1707 1697 1702
f 1707 1702 1708
f 1708 1702 1703
f 1708 1703 1710
f 1704 1709 1711
f 1704 1711 1712
f 1709 1710 1713
f 1709 1713 1711
f 1711 1713 1714
f 1711 1714 1712
f 1715 1716 1717
f 1715 1717 1718
f 1718 1717 1713
f 1718 1713 1710
f 1716 1719 1717
f 1717 1719 1714
f 1717 1714 1713
f 1715 1718 1720
f 1715 1720 1700
f 1718 1710 1720
f 1720 1710 1703
f 1720 1703 1700
f 1715 1700 1721
f 1715 1721 1722
f 1715 1722 1716
f 1716 1722 1723
f 1722 1721 1724
f 1722 1724 1723
f 1725 1724 1721
f 1721 1700 2282
f 1727 1728 1729
f 1727 1729 1712
f 1728 1730 1729
f 1729 1730 1726
f 1729 1726 1712
f 1727 1712 1731
f 1727 1731 1732
f 1732 1731 1733
f 1732 1733 1734
f 1731 1712 1714
f 1731 1714 1733
f 1727 1732 1735
f 1727 1735 1728
f 1728 1735 1736
f 1732 1734 1737
f 1732 1737 1735
f 1735 1737 1738
f 1735 1738 1736
f 1739 1740 1741
f 1739 1741 1742
f 1742 1741 1737
f 1742 1737 1734
f 1740 1743 1741
f 1741 1743 1738
f 1741 1738 1737
f 1739 1742 1744
f 1739 1744 1745
f 1745 1744 1719
f 1745 1719 1716
f 1742 1734 1733
f 1742 1733 1744
f 1744 1733 1714
f 1744 1714 1719
f 1739 1745 1746
f 1739 1746 1747
f 1747 1746 1748
f 1745 1716 1723
f 1745 1723 1746
f 1746 1723 1724
f 1746 1724 1748
f 1739 1747 1749
f 1739 1749 1740
f 1740 1749 1750
f 1747 1748 1751
f 1747 1751 1749
f 1749 1751 1752
f 1749 1752 1750
f 1758 1759 1753
f 1758 1753 1754
f 1754 1753 1751
f 1754 1751 1748
f 1759 1755 1756
f 1759 1756 1753
f 1753 1756 1752
f 1753 1752 1751
f 1758 1754 1757
f 1758 1757 1725
f 1754 1748 1757
f 1757 1748 1724
f 1757 1724 1725
f 1758 2282 1759
f 1758 1725 2282
f 2282 1760 1759
f 2282 1725 1721
f 1768 1712 1726
f 1761 1768 1762
f 1761 1762 1763
f 1763 1762 1730
f 1763 1730 1728
f 1762 1768 1726
f 1762 1726 1730
f 1761 1763 1764
f 1761 1764 1765
f 1765 1764 1766
f 1763 1728 1736
f 1763 1736 1764
f 1764 1736 1738
f 1764 1738 1766
f 1761 1765 1767
f 1761 1767 1768
f 1765 1766 1769
f 1765 1769 1767
f 1767 1769 1770
f 1767 1770 1768
f 1771 1772 1773
f 1771 1773 1774
f 1774 1773 1769
f 1774 1769 1766
f 1772 1775 1773
f 1773 1775 1770
f 1773 1770 1769
f 1771 1774 1776
f 1771 1776 1777
f 1777 1776 1743
f 1777 1743 1740
f 1774 1766 1776
f 1776 1766 1738
f 1776 1738 1743
f 1771 1777 1778
f 1771 1778 1779
f 1779 1778 1780
f 1779 1780 1781
f 1777 1740 1750
f 1777 1750 1778
f 1778 1750 1752
f 1778 1752 1780
f 1771 1779 1782
f 1771 1782 1772
f 1772 1782 1783
f 1779 1781 1782
f 1782 1781 1784
f 1782 1784 1783
f 1785 1786 1787
f 1785 1787 1788
f 1788 1787 1781
f 1786 1789 1787
f 1787 1789 1784
f 1787 1784 1781
f 1785 1788 1790
f 1785 1790 1755
f 1755 1790 1756
f 1788 1781 1780
f 1788 1780 1790
f 1790 1780 1752
f 1790 1752 1756
f 1785 1755 1791
f 1785 1791 1792
f 1792 1791 1793
f 1792 1793 1794
f 1755 1759 1791
f 1791 1759 1760
f 1791 1760 1793
f 1785 1792 1795
f 1785 1795 1786
f 1786 1795 1796
f 1792 1794 1797
f 1792 1797 1795
f 1795 1797 1798
f 1795 1798 1796
f 1799 1820 1800
f 1799 1800 1801
f 1801 1800 1797
f 1801 1797 1794
f 1800 1820 1798
f 1800 1798 1797
f 1799 1801 1802
f 1799 1802 2282
f 1801 1794 1793
f 1801 1793 1802
f 1802 1793 1760
f 1802 1760 2282
f 1799 2282 1820
f 1804 1821 1768
f 1804 1768 1770
f 1803 1804 1805
f 1803 1805 1806
f 1806 1805 1775
f 1806 1775 1772
f 1805 1804 1770
f 1805 1770 1775
f 1803 1806 1807
f 1803 1807 1808
f 1808 1807 1809
f 1806 1772 1783
f 1806 1783 1807
f 1807 1783 1784
f 1807 1784 1809
f 1803 1808 1810
f 1803 1810 1804
f 1804 1810 1821
f 1808 1809 1811
f 1808 1811 1810
f 1810 1811 1812
f 1810 1812 1821
f 1813 1819 1814
f 1813 1814 1815
f 1815 1814 1811
f 1815 1811 1809
f 1819 1822 1814
f 1814 1822 1812
f 1814 1812 1811
f 1813 1815 1816
f 1813 1816 1817
f 1817 1816 1789
f 1817 1789 1786
f 1815 1809 1816
f 1816 1809 1784
f 1816 1784 1789
f 1813 1817 1818
f 1813 1818 1819
f 1819 1818 1820
f 1817 1786 1796
f 1817 1796 1818
f 1818 1796 1798
f 1818 1798 1820
f 1820 2282 1819
f 1822 2217 1821
f 1822 1821 1812
f 2279 1823 1824
f 2279 1825 1823
f 1823 1825 1826
f 1823 1826 1824
f 1827 1840 1828
f 1828 1840 1835
f 1828 1835 2279
f 1827 1828 1829
f 1827 1829 1831
f 1831 1829 1830
f 1828 2279 1824
f 1828 1824 1829
f 1829 1824 1826
f 1829 1826 1830
f 1827 1831 1832
f 1827 1832 1836
f 1831 1833 1832
f 1832 1833 1834
f 1832 1834 1836
f 1827 1836 1840
f 1836 1834 1837
f 1836 1837 1838
f 1840 1836 1839
f 1840 1839 1841
f 1840 1841 1842
f 1839 1836 1838
f 1839 1838 1841
f 1843 1844 2278
f 1843 2278 1845
f 1843 1845 1847
f 1843 1847 1846
f 1847 1845 1848
f 1843 1846 1849
f 1843 1849 1844
f 1844 1849 1825
f 1844 1825 2279
f 1846 1847 1850
f 1846 1850 1849
f 1849 1850 1826
f 1849 1826 1825
f 1851 1852 1853
f 1851 1853 1854
f 1854 1853 1850
f 1854 1850 1847
f 1852 1831 1830
f 1852 1830 1853
f 1853 1830 1826
f 1853 1826 1850
f 1851 1854 1855
f 1851 1855 1856
f 1856 1855 1857
f 1856 1857 1901
f 1854 1847 1855
f 1855 1847 1848
f 1855 1848 1857
f 1851 1856 1858
f 1851 1858 1859
f 1859 1858 1860
f 1856 1901 1861
f 1856 1861 1858
f 1858 1861 1862
f 1858 1862 1860
f 1851 1859 1863
f 1851 1863 1852
f 1852 1863 1833
f 1852 1833 1831
f 1859 1860 1864
f 1859 1864 1863
f 1863 1864 1834
f 1863 1834 1833
f 1865 1837 1866
f 1865 1866 1867
f 1867 1866 1864
f 1867 1864 1860
f 1866 1837 1834
f 1866 1834 1864
f 1865 1867 1868
f 1865 1868 1870
f 1870 1868 1869
f 1867 1860 1868
f 1868 1860 1862
f 1868 1862 1869
f 1865 1870 1871
f 1865 1871 1872
f 1872 1871 1873
f 1872 1873 1874
f 1870 1875 1871
f 1871 1875 1876
f 1871 1876 1873
f 1865 1872 1877
f 1865 1877 1837
f 1872 1874 1878
f 1872 1878 1877
f 1877 1878 1838
f 1877 1838 1837
f 1879 1841 1880
f 1879 1880 1881
f 1881 1880 1878
f 1881 1878 1874
f 1880 1841 1838
f 1880 1838 1878
f 1879 1881 1882
f 1879 1882 1884
f 1884 1882 1883
f 1881 1874 1873
f 1881 1873 1882
f 1882 1873 1876
f 1882 1876 1883
f 1879 1884 1885
f 1879 1885 1886
f 1886 1885 1887
f 1886 1887 1888
f 1884 1889 1885
f 1885 1889 1890
f 1885 1890 1887
f 1879 1886 1891
f 1879 1891 1841
f 1841 1891 1842
f 1886 1888 1892
f 1886 1892 1891
f 1891 1892 1842
f 1893 1842 1894
f 1893 1894 1895
f 1895 1894 1892
f 1895 1892 1888
f 1894 1842 1892
f 1893 1895 1896
f 1893 1896 2239
f 1895 1888 1887
f 1895 1887 1896
f 1896 1887 1890
f 1896 1890 2239
f 1893 2239 1842
f 1898 1897 2251
f 2281 1845 2278
f 2281 1899 1845
f 1899 1848 1845
f 1900 1901 1902
f 1900 1902 1903
f 1903 1902 1899
f 1903 1899 2281
f 1901 1857 1902
f 1902 1857 1848
f 1902 1848 1899
f 1900 1903 2281
f 1900 2281 1927
f 1900 1927 1905
f 1900 1905 1904
f 1900 1904 1906
f 1900 1906 1901
f 1901 1906 1861
f 1904 1905 1907
f 1904 1907 1906
f 1906 1907 1862
f 1906 1862 1861
f 1908 1909 1910
f 1908 1910 1911
f 1911 1910 1907
f 1911 1907 1905
f 1909 1870 1869
f 1909 1869 1910
f 1910 1869 1862
f 1910 1862 1907
f 1908 1911 1905
f 1908 1905 1928
f 1905 1927 1928
f 1908 1928 1913
f 1908 1913 1912
f 1913 1928 2239
f 1908 1912 1914
f 1908 1914 1909
f 1909 1914 1875
f 1909 1875 1870
f 1912 1913 1915
f 1912 1915 1914
f 1914 1915 1876
f 1914 1876 1875
f 2239 1889 1916
f 2239 1916 1917
f 1917 1916 1915
f 1917 1915 1913
f 1889 1884 1883
f 1889 1883 1916
f 1916 1883 1876
f 1916 1876 1915
f 1917 1913 2239
f 2239 1890 1889
f 1920 1921 1922
f 1920 1922 1918
f 1921 1923 1922
f 1922 1923 1919
f 1922 1919 1918
f 1920 1918 1897
f 1918 2251 1897
f 1920 1897 1924
f 1920 1924 1921
f 1921 1924 1925
f 1924 1897 1926
f 1924 1926 1925
f 2239 1927 1981
f 1927 2239 1928
f 2280 1930 1929
f 1929 1930 1931
f 1932 1933 2280
f 1932 2280 1934
f 1934 2280 1929
f 1933 1935 2280
f 2280 1935 1982
f 1932 1934 1936
f 1932 1936 1938
f 1938 1936 1937
f 1934 1929 1936
f 1936 1929 1931
f 1936 1931 1937
f 1932 1938 1939
f 1932 1939 1940
f 1940 1939 1941
f 1938 1942 1939
f 1939 1942 1943
f 1939 1943 1941
f 1932 1940 1944
f 1932 1944 1933
f 1933 1944 1945
f 1940 1941 1946
f 1940 1946 1944
f 1944 1946 1947
f 1944 1947 1945
f 1948 1949 1950
f 1948 1950 1951
f 1951 1950 1946
f 1951 1946 1941
f 1949 1952 1953
f 1949 1953 1950
f 1950 1953 1947
f 1950 1947 1946
f 1948 1951 1954
f 1948 1954 1956
f 1956 1954 1955
f 1951 1941 1954
f 1954 1941 1943
f 1954 1943 1955
f 1948 1956 1957
f 1948 1957 1958
f 1958 1957 1959
f 1956 1960 1957
f 1957 1960 1961
f 1957 1961 1959
f 1948 1958 1962
f 1948 1962 1949
f 1949 1962 1963
f 1949 1963 1952
f 1958 1959 1964
f 1958 1964 1962
f 1962 1964 1965
f 1962 1965 1963
f 1966 1967 1968
f 1966 1968 1969
f 1969 1968 1964
f 1969 1964 1959
f 1967 1970 1971
f 1967 1971 1968
f 1968 1971 1965
f 1968 1965 1964
f 1966 1969 1972
f 1966 1972 1974
f 1974 1972 1973
f 1969 1959 1972
f 1972 1959 1961
f 1972 1961 1973
f 1966 1974 1977
f 1966 1977 1975
f 1974 1976 1977
f 1966 1975 1978
f 1966 1978 1967
f 1967 1978 1979
f 1967 1979 1970
f 1978 1975 1980
f 1978 1980 1979
f 1982 1983 2021
f 2021 1983 1984
f 1985 1986 1987
f 1985 1987 1988
f 1988 1987 1983
f 1988 1983 1982
f 1986 1989 1987
f 1987 1989 1984
f 1987 1984 1983
f 1985 1988 1990
f 1985 1990 1991
f 1991 1990 1935
f 1991 1935 1933
f 1988 1982 1990
f 1990 1982 1935
f 1985 1991 1992
f 1985 1992 1993
f 1993 1992 1994
f 1991 1933 1945
f 1991 1945 1992
f 1992 1945 1947
f 1992 1947 1994
f 1985 1993 1995
f 1985 1995 1986
f 1986 1995 1996
f 1993 1994 1997
f 1993 1997 1995
f 1995 1997 1998
f 1995 1998 1996
f 1999 2000 2001
f 1999 2001 2002
f 2002 2001 1997
f 2002 1997 1994
f 2000 2003 2001
f 2001 2003 1998
f 2001 1998 1997
f 1999 2002 2004
f 1999 2004 2005
f 2005 2004 1953
f 2005 1953 1952
f 2002 1994 2004
f 2004 1994 1947
f 2004 1947 1953
f 1999 2005 2006
f 1999 2006 2007
f 2007 2006 2008
f 2005 1952 1963
f 2005 1963 2006
f 2006 1963 1965
f 2006 1965 2008
f 1999 2007 2009
f 1999 2009 2000
f 2000 2009 2010
f 2007 2008 2011
f 2007 2011 2009
f 2009 2011 2012
f 2009 2012 2010
f 2013 2052 2014
f 2013 2014 2015
f 2015 2014 2011
f 2015 2011 2008
f 2014 2052 2012
f 2014 2012 2011
f 2013 2015 2016
f 2013 2016 2017
f 2017 2016 1971
f 2017 1971 1970
f 2015 2008 2016
f 2016 2008 1965
f 2016 1965 1971
f 2013 2017 2018
f 2013 2018 2019
f 2017 1970 1979
f 2017 1979 2018
f 2018 1979 1980
f 2018 1980 2019
f 2013 2019 2052
f 1975 2019 1980
f 2020 2140 2021
f 2020 2021 2022
f 2020 2022 2023
f 2022 2021 1984
f 2020 2023 2024
f 2020 2024 2140
f 2023 2022 2025
f 2023 2025 2024
f 2024 2025 2026
f 2024 2026 2140
f 2027 2028 2029
f 2027 2029 2030
f 2030 2029 2025
f 2030 2025 2022
f 2028 2031 2029
f 2029 2031 2026
f 2029 2026 2025
f 2027 2030 2032
f 2027 2032 2033
f 2033 2032 1989
f 2033 1989 1986
f 2030 2022 2032
f 2032 2022 1984
f 2032 1984 1989
f 2027 2033 2034
f 2027 2034 2035
f 2035 2034 2036
f 2033 1986 1996
f 2033 1996 2034
f 2034 1996 1998
f 2034 1998 2036
f 2027 2035 2037
f 2027 2037 2028
f 2028 2037 2038
f 2035 2036 2039
f 2035 2039 2037
f 2037 2039 2040
f 2037 2040 2038
f 2041 2042 2043
f 2041 2043 2044
f 2044 2043 2039
f 2044 2039 2036
f 2042 2045 2043
f 2043 2045 2040
f 2043 2040 2039
f 2041 2044 2046
f 2041 2046 2047
f 2047 2046 2003
f 2047 2003 2000
f 2044 2036 2046
f 2046 2036 1998
f 2046 1998 2003
f 2041 2047 2048
f 2041 2048 2049
f 2049 2048 2050
f 2047 2000 2010
f 2047 2010 2048
f 2048 2010 2012
f 2048 2012 2050
f 2041 2049 2051
f 2041 2051 2042
f 2042 2051 2053
f 2049 2050 2053
f 2049 2053 2051
f 2053 2050 2052
f 2052 2050 2012
f 2052 2019 2053
f 2054 2055 2094
f 2056 2140 2057
f 2056 2057 2058
f 2058 2057 2031
f 2058 2031 2028
f 2057 2140 2026
f 2057 2026 2031
f 2056 2058 2059
f 2056 2059 2060
f 2060 2059 2061
f 2058 2028 2038
f 2058 2038 2059
f 2059 2038 2040
f 2059 2040 2061
f 2056 2060 2062
f 2056 2062 2140
f 2060 2061 2063
f 2060 2063 2062
f 2062 2063 2064
f 2062 2064 2140
f 2065 2066 2067
f 2065 2067 2068
f 2068 2067 2063
f 2068 2063 2061
f 2066 2069 2070
f 2066 2070 2067
f 2067 2070 2064
f 2067 2064 2063
f 2065 2068 2071
f 2065 2071 2053
f 2053 2071 2045
f 2053 2045 2042
f 2068 2061 2071
f 2071 2061 2040
f 2071 2040 2045
f 2065 2053 2072
f 2065 2072 2073
f 2065 2073 2066
f 2066 2073 2074
f 2066 2074 2069
f 2073 2072 2075
f 2073 2075 2074
f 2076 2055 2140
f 2055 2076 2077
f 2055 2077 2078
f 2076 2079 2077
f 2077 2079 2080
f 2077 2080 2078
f 2081 2055 2082
f 2082 2055 2078
f 2081 2082 2083
f 2081 2083 2085
f 2085 2083 2084
f 2082 2078 2083
f 2083 2078 2080
f 2083 2080 2084
f 2081 2085 2086
f 2081 2086 2087
f 2087 2086 2088
f 2085 2089 2086
f 2086 2089 2090
f 2086 2090 2088
f 2081 2087 2091
f 2081 2091 2055
f 2087 2088 2092
f 2087 2092 2091
f 2091 2092 2094
f 2091 2094 2055
f 2093 2094 2095
f 2093 2095 2096
f 2096 2095 2092
f 2096 2092 2088
f 2095 2094 2092
f 2093 2096 2097
f 2093 2097 2131
f 2096 2088 2097
f 2097 2088 2090
f 2097 2090 2131
f 2093 2131 2094
f 2131 2054 2094
f 2098 2140 2099
f 2098 2099 2100
f 2100 2099 2070
f 2100 2070 2069
f 2099 2140 2064
f 2099 2064 2070
f 2098 2100 2101
f 2098 2101 2102
f 2102 2101 2103
f 2100 2069 2074
f 2100 2074 2101
f 2101 2074 2075
f 2101 2075 2103
f 2098 2102 2104
f 2098 2104 2140
f 2102 2103 2105
f 2102 2105 2104
f 2104 2105 2106
f 2104 2106 2140
f 2107 2108 2109
f 2107 2109 2110
f 2110 2109 2105
f 2110 2105 2103
f 2108 2111 2112
f 2108 2112 2109
f 2109 2112 2106
f 2109 2106 2105
f 2107 2110 2113
f 2107 2113 2114
f 2114 2113 2072
f 2110 2103 2113
f 2113 2103 2075
f 2113 2075 2072
f 2107 2114 2115
f 2107 2115 2108
f 2108 2115 2116
f 2108 2116 2111
f 2114 2118 2115
f 2115 2118 2117
f 2115 2117 2116
f 2120 2121 2119
f 2121 2076 2119
f 2119 2076 2140
f 2120 2119 2122
f 2122 2119 2123
f 2119 2169 2123
f 2120 2122 2124
f 2120 2124 2121
f 2121 2124 2079
f 2121 2079 2076
f 2122 2123 2125
f 2122 2125 2124
f 2124 2125 2080
f 2124 2080 2079
f 2126 2127 2128
f 2126 2128 2129
f 2129 2128 2125
f 2129 2125 2123
f 2127 2085 2084
f 2127 2084 2128
f 2128 2084 2080
f 2128 2080 2125
f 2126 2129 2123
f 2126 2123 2130
f 2130 2123 2169
f 2126 2130 2131
f 2130 2132 2131
f 2126 2131 2133
f 2126 2133 2127
f 2127 2133 2089
f 2127 2089 2085
f 2133 2131 2090
f 2133 2090 2089
f 2131 2134 2135
f 2131 2132 2134
f 2131 2135 2136
f 2131 2136 2137
f 2138 2139 2140
f 2139 2141 2140
f 2140 2141 2181
f 2138 2140 2142
f 2138 2142 2143
f 2143 2142 2144
f 2142 2140 2106
f 2142 2106 2144
f 2138 2143 2145
f 2138 2145 2139
f 2139 2145 2146
f 2143 2144 2147
f 2143 2147 2145
f 2145 2147 2148
f 2145 2148 2146
f 2149 2150 2151
f 2149 2151 2152
f 2152 2151 2147
f 2152 2147 2144
f 2150 2153 2154
f 2150 2154 2151
f 2151 2154 2148
f 2151 2148 2147
f 2149 2152 2155
f 2149 2155 2156
f 2156 2155 2112
f 2156 2112 2111
f 2152 2144 2155
f 2155 2144 2106
f 2155 2106 2112
f 2149 2156 2157
f 2149 2157 2158
f 2158 2157 2159
f 2158 2159 2160
f 2156 2111 2116
f 2156 2116 2157
f 2157 2116 2117
f 2157 2117 2159
f 2149 2158 2161
f 2149 2161 2150
f 2150 2161 2162
f 2150 2162 2153
f 2158 2160 2163
f 2158 2163 2161
f 2161 2163 2164
f 2161 2164 2162
f 2165 2283 2166
f 2165 2166 2167
f 2167 2166 2163
f 2167 2163 2160
f 2166 2283 2164
f 2166 2164 2163
f 2165 2167 2168
f 2165 2168 2118
f 2167 2160 2159
f 2167 2159 2168
f 2168 2159 2117
f 2168 2117 2118
f 2165 2118 2283
f 2209 2169 2119
f 2209 2170 2169
f 2169 2132 2130
f 2169 2170 2132
f 2171 2172 2173
f 2171 2173 2174
f 2174 2173 2170
f 2174 2170 2209
f 2172 2135 2134
f 2172 2134 2173
f 2173 2134 2132
f 2173 2132 2170
f 2171 2174 2175
f 2171 2175 2176
f 2176 2175 2178
f 2174 2209 2177
f 2174 2177 2175
f 2175 2177 2178
f 2171 2176 2179
f 2171 2179 2172
f 2172 2179 2136
f 2172 2136 2135
f 2176 2178 2180
f 2176 2180 2179
f 2179 2180 2137
f 2179 2137 2136
f 2131 2180 2178
f 2131 2137 2180
f 2140 2181 2182
f 2182 2181 2183
f 2182 2183 2184
f 2140 2182 2186
f 2182 2184 2185
f 2182 2185 2186
f 2187 2188 2189
f 2187 2189 2190
f 2190 2189 2185
f 2190 2185 2184
f 2188 2191 2189
f 2189 2191 2186
f 2189 2186 2185
f 2187 2190 2192
f 2187 2192 2141
f 2190 2184 2183
f 2190 2183 2192
f 2192 2183 2181
f 2192 2181 2141
f 2187 2141 2193
f 2187 2193 2194
f 2194 2193 2195
f 2194 2195 2196
f 2141 2139 2146
f 2141 2146 2193
f 2193 2146 2148
f 2193 2148 2195
f 2187 2194 2197
f 2187 2197 2188
f 2188 2197 2198
f 2194 2196 2199
f 2194 2199 2197
f 2197 2199 2200
f 2197 2200 2198
f 2201 2207 2202
f 2201 2202 2203
f 2203 2202 2199
f 2203 2199 2196
f 2202 2207 2200
f 2202 2200 2199
f 2201 2203 2204
f 2201 2204 2205
f 2205 2204 2154
f 2205 2154 2153
f 2203 2196 2195
f 2203 2195 2204
f 2204 2195 2148
f 2204 2148 2154
f 2201 2205 2206
f 2201 2206 2360
f 2205 2153 2162
f 2205 2162 2206
f 2206 2162 2164
f 2206 2164 2360
f 2201 2360 2207
f 2360 2164 2283
f 2288 2210 2209
f 2208 2209 2210
f 2208 2177 2209
f 2208 2178 2177
f 2216 2140 2186
f 2211 2216 2212
f 2211 2212 2213
f 2213 2212 2191
f 2213 2191 2188
f 2212 2216 2186
f 2212 2186 2191
f 2211 2213 2214
f 2211 2214 2215
f 2215 2214 2207
f 2213 2188 2198
f 2213 2198 2214
f 2214 2198 2200
f 2214 2200 2207
f 2211 2215 2216
f 2215 2207 1692
f 1692 2216 2215
f 2218 2250 2239
f 2219 2276 2221
f 2221 2220 2219
f 2222 2223 2224
f 2222 2224 2225
f 2225 2224 2220
f 2223 2243 2226
f 2223 2226 2224
f 2224 2226 2219
f 2224 2219 2220
f 2222 2225 2227
f 2222 2227 2228
f 2228 2227 2221
f 2225 2220 2227
f 2227 2220 2221
f 2222 2228 2229
f 2222 2229 2230
f 2230 2229 2231
f 2228 2232 2229
f 2229 2232 2231
f 2222 2230 2233
f 2222 2233 2223
f 2223 2233 2234
f 2223 2234 2243
f 2230 2231 2235
f 2230 2235 2233
f 2233 2235 2236
f 2233 2236 2234
f 2277 2237 2231
f 2231 2237 2235
f 2237 2238 2236
f 2237 2236 2235
f 2277 2231 2232
f 2277 2239 2237
f 2237 2239 2240
f 2277 1835 1840
f 2242 2250 2218
f 2241 2242 2243
f 2243 2242 2219
f 2243 2219 2226
f 2241 2243 2244
f 2241 2244 2245
f 2245 2244 2246
f 2243 2234 2244
f 2244 2234 2236
f 2244 2236 2246
f 2241 2245 2242
f 2242 2245 2250
f 2246 2250 2245
f 2246 2247 2248
f 2248 2247 2238
f 2248 2238 2237
f 2247 2246 2236
f 2247 2236 2238
f 2246 2248 2249
f 2246 2249 2239
f 2248 2237 2240
f 2248 2240 2249
f 2249 2240 2239
f 2246 2239 2250
f 1692 2218 2217
f 2252 2253 1930
f 2252 1930 1918
f 2253 1938 1937
f 2253 1937 1930
f 1930 1937 1931
f 2252 1918 2254
f 2252 2254 2255
f 2255 2254 2256
f 2255 2256 2257
f 2254 1918 1919
f 2254 1919 2256
f 2252 2255 2258
f 2252 2258 2253
f 2253 2258 1942
f 2253 1942 1938
f 2255 2257 2258
f 2258 2257 1943
f 2258 1943 1942
f 2259 2260 2261
f 2259 2261 2262
f 2262 2261 2257
f 2260 1956 1955
f 2260 1955 2261
f 2261 1955 1943
f 2261 1943 2257
f 2259 2262 2263
f 2259 2263 2264
f 2264 2263 1923
f 2264 1923 1921
f 2262 2257 2256
f 2262 2256 2263
f 2263 2256 1919
f 2263 1919 1923
f 2259 2264 2265
f 2259 2265 2266
f 2266 2265 2267
f 2264 1921 1925
f 2264 1925 2265
f 2265 1925 1926
f 2265 1926 2267
f 2259 2266 2268
f 2259 2268 2260
f 2260 2268 1960
f 2260 1960 1956
f 2266 2267 2269
f 2266 2269 2268
f 2268 2269 1961
f 2268 1961 1960
f 2270 2271 2272
f 2270 2272 2273
f 2273 2272 2269
f 2273 2269 2267
f 2271 1974 1973
f 2271 1973 2272
f 2272 1973 1961
f 2272 1961 2269
f 2270 2273 2274
f 2273 2267 2274
f 2274 2267 1926
f 2274 1926 1897
f 2270 2274 2275
f 2270 2275 2271
f 2271 2275 1976
f 2271 1976 1974
f 2275 2274 1977
f 2275 1977 1976
f 2274 1975 1977
f 2276 2228 2221
f 2276 2277 2232
f 2276 2232 2228
f 1898 2276 2219
f 2242 1898 2219
f 2278 1844 2279
f 2278 1918 2281
f 2284 2209 2119
f 2284 2119 2140
f 2054 2140 2055
f 1927 2281 1918
f 1918 2280 1981
f 1927 1918 1981
f 1821 2217 2218
f 2276 1898 2277
f 1898 2242 2218
f 1692 1693 2218
f 2278 2279 1898
f 2278 1898 2251
f 2278 2251 1918
f 1821 2218 1768
f 1898 1835 2277
f 2218 1694 1712
f 2279 1835 1898
f 2218 1712 1768
f 1693 1694 2218
f 1981 2021 2140
f 1981 2140 2054
f 1982 2021 1981
f 1982 1981 2280
f 1700 1693 1692
f 1700 2217 2282
f 2282 2217 1819
f 2217 1822 1819
f 1975 2218 2019
f 2218 1975 2274
f 2118 2053 2360
f 2118 2114 2053
f 2114 2072 2053
f 2118 2360 2283
f 2360 1692 2207
f 2218 1897 1898
f 2218 2274 1897
f 2277 1840 1842
f 2239 2277 1842
f 2239 1981 2054
f 2178 2208 2210
f 2210 2288 2218
f 2239 2054 2218
f 2285 2286 2287
f 2285 2287 2302
f 2285 2302 2314
f 2302 2315 2314
f 2285 2314 2298
f 2323 1692 2218
f 2335 2140 2288
f 2328 2289 2334
f 2289 2325 2334
f 2328 2334 2290
f 2334 2338 2290
f 2335 2291 2284
f 2335 2284 2140
f 2218 2288 2323
f 2287 2292 2293
f 2287 2293 2320
f 2320 2293 2294
f 2323 2288 1692
f 2314 2295 2296
f 2295 2297 2296
f 2314 2296 2298
f 2299 2300 2292
f 2299 2292 2287
f 2299 2287 2286
f 2299 2286 2300
f 2301 2307 2302
f 2301 2302 2303
f 2301 2303 2304
f 2302 2305 2303
f 2301 2304 2306
f 2301 2306 2307
f 2308 2315 2307
f 2307 2315 2302
f 2308 2307 2309
f 2308 2309 2310
f 2308 2310 2311
f 2308 2311 2315
f 2315 2311 2312
f 2313 2295 2314
f 2313 2314 2315
f 2313 2315 2316
f 2313 2316 2317
f 2315 2312 2316
f 2313 2317 2318
f 2313 2318 2295
f 2295 2318 2297
f 2319 2302 2320
f 2320 2302 2287
f 2319 2320 2321
f 2319 2321 2322
f 2320 2294 2321
f 2319 2322 2324
f 2319 2324 2302
f 2302 2324 2305
f 2288 2140 2216
f 2209 2284 2291
f 2325 2327 2326
f 2327 2325 2289
f 2290 2332 2328
f 2290 2329 2330
f 2329 2331 2330
f 2290 2330 2332
f 2333 2351 2334
f 2334 2325 2326
f 2334 2326 2336
f 2334 2336 2333
f 2335 2288 2358
f 2337 2338 2339
f 2337 2339 2340
f 2337 2340 2341
f 2339 2342 2340
f 2337 2341 2343
f 2337 2343 2338
f 2338 2343 2344
f 2358 2288 2209
f 2345 2339 2338
f 2345 2338 2334
f 2345 2334 2346
f 2345 2346 2347
f 2345 2347 2348
f 2346 2349 2347
f 2345 2348 2350
f 2345 2350 2339
f 2339 2350 2342
f 2346 2334 2351
f 2351 2333 2352
f 2351 2352 2353
f 2333 2336 2352
f 2351 2353 2354
f 2351 2354 2346
f 2346 2354 2349
f 2329 2290 2338
f 2355 2329 2338
f 2355 2338 2356
f 2355 2356 2357
f 2338 2344 2356
f 2355 2357 2359
f 2355 2359 2329
f 2329 2359 2331
f 2358 2209 2291
f 1692 2360 2218
f 2217 1700 1692
f 2019 2218 2360
f 2019 2360 2053
f 2131 2218 2054
f 2178 2210 2131
f 2210 2218 2131
f 2362 2364 2361
f 2362 2361 2363
f 2362 2363 2364
f 2365 2366 2367
f 2366 2368 2367
f 2366 2369 2368
f 2365 2369 2366
f 2365 2367 2369
f 2371 2373 2370
f 2371 2561 2372
f 2590 2374 2375
f 2590 2375 2484
f 2378 2376 2549
f 2549 2377 2378
f 2560 2484 2562
f 2379 2380 2381
f 2379 2381 2382
f 2379 2382 2383
f 2578 2585 2535
f 2394 2379 2383
f 2383 2578 2535
f 2383 2535 2394
f 2384 2385 2386
f 2387 2388 2560
f 2385 2389 2394
f 2560 2385 2394
f 2390 2388 2387
f 2387 2561 2391
f 2387 2391 2390
f 2375 2374 2393
f 2395 2386 2385
f 2388 2395 2385
f 2385 2560 2388
f 2561 2387 2560
f 2396 2397 2398
f 2396 2398 2505
f 2399 2400 2401
f 2399 2401 2402
f 2403 2404 2405
f 2403 2405 2406
f 2590 2407 2408
f 2590 2408 2374
f 2409 2410 2411
f 2409 2411 2412
f 2407 2376 2378
f 2407 2378 2408
f 2413 2414 2415
f 2413 2415 2416
f 2417 2418 2419
f 2417 2419 2420
f 2421 2422 2428
f 2421 2428 2423
f 2422 2424 2428
f 2424 2425 2428
f 2423 2428 2426
f 2427 2428 2429
f 2429 2428 2425
f 2430 2431 2428
f 2431 2432 2428
f 2432 2426 2428
f 2433 2434 2439
f 2433 2439 2435
f 2434 2436 2439
f 2436 2437 2439
f 2435 2439 2438
f 2406 2439 2440
f 2440 2439 2437
f 2396 2441 2439
f 2441 2442 2439
f 2442 2438 2439
f 2443 2534 2444
f 2444 2534 2445
f 2399 2446 2534
f 2446 2447 2534
f 2447 2445 2534
f 2448 2449 2578
f 2449 2450 2578
f 2450 2451 2578
f 2452 2578 2453
f 2453 2578 2451
f 2454 2455 2460
f 2454 2460 2456
f 2455 2457 2460
f 2457 2458 2460
f 2456 2460 2459
f 2402 2460 2461
f 2461 2460 2458
f 2403 2462 2460
f 2462 2463 2460
f 2463 2459 2460
f 2464 2465 2470
f 2464 2470 2466
f 2465 2467 2470
f 2467 2468 2470
f 2466 2470 2469
f 2474 2470 2471
f 2471 2470 2468
f 2472 2473 2474
f 2473 2475 2470
f 2473 2470 2474
f 2475 2469 2470
f 2390 2476 2483
f 2476 2477 2483
f 2477 2478 2483
f 2479 2480 2483
f 2479 2483 2481
f 2480 2482 2483
f 2481 2483 2478
f 2393 2485 2493
f 2485 2486 2493
f 2486 2487 2493
f 2488 2489 2493
f 2488 2493 2490
f 2489 2491 2493
f 2491 2492 2493
f 2490 2493 2487
f 2494 2493 2495
f 2495 2493 2492
f 2549 2496 2503
f 2496 2497 2503
f 2498 2499 2503
f 2498 2503 2500
f 2499 2501 2503
f 2501 2502 2503
f 2500 2503 2497
f 2505 2503 2504
f 2504 2503 2502
f 2506 2507 2516
f 2507 2508 2516
f 2508 2509 2516
f 2510 2511 2516
f 2510 2516 2512
f 2511 2513 2516
f 2513 2514 2516
f 2512 2516 2509
f 2392 2516 2515
f 2515 2516 2514
f 2522 2517 2518
f 2522 2518 2519
f 2522 2519 2520
f 2522 2520 2521
f 2522 2521 2394
f 2391 2523 2524
f 2524 2523 2525
f 2525 2523 2526
f 2526 2523 2527
f 2527 2523 2528
f 2484 2529 2483
f 2483 2529 2530
f 2483 2530 2531
f 2483 2531 2532
f 2483 2532 2533
f 2483 2533 2390
f 2517 2494 2495
f 2517 2495 2518
f 2518 2495 2492
f 2518 2492 2519
f 2519 2492 2491
f 2519 2491 2520
f 2520 2491 2489
f 2520 2489 2521
f 2521 2489 2488
f 2521 2488 2394
f 2528 2479 2481
f 2528 2481 2527
f 2527 2481 2478
f 2527 2478 2526
f 2526 2478 2477
f 2526 2477 2525
f 2525 2477 2476
f 2525 2476 2524
f 2524 2476 2390
f 2524 2390 2391
f 2585 2394 2535
f 2523 2561 2371
f 2505 2398 2536
f 2505 2536 2537
f 2505 2537 2538
f 2505 2538 2539
f 2505 2539 2503
f 2503 2539 2377
f 2503 2377 2549
f 2454 2443 2444
f 2454 2444 2455
f 2455 2444 2445
f 2455 2445 2457
f 2457 2445 2447
f 2457 2447 2458
f 2458 2447 2446
f 2458 2446 2461
f 2461 2446 2399
f 2461 2399 2402
f 2448 2464 2466
f 2448 2466 2449
f 2449 2466 2469
f 2449 2469 2450
f 2450 2469 2475
f 2450 2475 2451
f 2451 2475 2473
f 2451 2473 2453
f 2453 2473 2472
f 2453 2472 2452
f 2506 2427 2429
f 2506 2429 2507
f 2507 2429 2425
f 2507 2425 2508
f 2508 2425 2424
f 2508 2424 2509
f 2509 2424 2422
f 2509 2422 2512
f 2512 2422 2421
f 2512 2421 2510
f 2534 2372 2540
f 2534 2540 2400
f 2534 2400 2399
f 2402 2401 2541
f 2402 2541 2542
f 2402 2542 2543
f 2402 2543 2544
f 2402 2544 2460
f 2460 2544 2404
f 2460 2404 2403
f 2498 2433 2435
f 2498 2435 2499
f 2499 2435 2438
f 2499 2438 2501
f 2501 2438 2442
f 2501 2442 2502
f 2502 2442 2441
f 2502 2441 2504
f 2504 2441 2396
f 2504 2396 2505
f 2406 2405 2545
f 2406 2545 2546
f 2406 2546 2547
f 2406 2547 2548
f 2406 2548 2439
f 2439 2548 2397
f 2439 2397 2396
f 2403 2406 2440
f 2403 2440 2462
f 2462 2440 2437
f 2462 2437 2463
f 2463 2437 2436
f 2463 2436 2459
f 2459 2436 2434
f 2459 2434 2456
f 2456 2434 2433
f 2456 2433 2454
f 2549 2484 2483
f 2549 2483 2550
f 2550 2483 2482
f 2550 2482 2551
f 2551 2482 2480
f 2551 2480 2552
f 2552 2480 2479
f 2552 2479 2553
f 2554 2488 2490
f 2554 2490 2555
f 2555 2490 2487
f 2555 2487 2556
f 2556 2487 2486
f 2556 2486 2557
f 2557 2486 2485
f 2557 2485 2558
f 2558 2485 2393
f 2558 2393 2559
f 2464 2421 2423
f 2464 2423 2465
f 2465 2423 2426
f 2465 2426 2467
f 2467 2426 2432
f 2467 2432 2468
f 2468 2432 2431
f 2468 2431 2471
f 2471 2431 2430
f 2471 2430 2474
f 2549 2550 2496
f 2496 2550 2551
f 2496 2551 2497
f 2497 2551 2552
f 2497 2552 2500
f 2500 2552 2553
f 2500 2553 2498
f 2510 2554 2555
f 2510 2555 2511
f 2511 2555 2556
f 2511 2556 2513
f 2513 2556 2557
f 2513 2557 2514
f 2514 2557 2558
f 2514 2558 2515
f 2515 2558 2559
f 2515 2559 2392
f 2371 2528 2523
f 2371 2370 2479
f 2371 2479 2528
f 2371 2372 2534
f 2372 2561 2585
f 2373 2371 2443
f 2373 2443 2454
f 2373 2433 2498
f 2373 2454 2433
f 2370 2553 2479
f 2371 2534 2443
f 2370 2373 2498
f 2370 2498 2553
f 2383 2382 2464
f 2383 2464 2448
f 2381 2380 2510
f 2381 2510 2421
f 2379 2394 2488
f 2379 2488 2554
f 2382 2381 2421
f 2382 2421 2464
f 2578 2383 2448
f 2380 2379 2554
f 2380 2554 2510
f 2561 2562 2394
f 2384 2386 2563
f 2384 2563 2494
f 2564 2384 2494
f 2564 2494 2517
f 2560 2394 2562
f 2560 2562 2561
f 2394 2389 2522
f 2565 2566 2493
f 2567 2568 2474
f 2522 2389 2564
f 2522 2564 2517
f 2569 2570 2472
f 2569 2472 2474
f 2378 2571 2392
f 2572 2573 2427
f 2563 2574 2493
f 2563 2493 2494
f 2575 2576 2427
f 2374 2408 2559
f 2374 2559 2393
f 2579 2580 2392
f 2581 2565 2493
f 2582 2583 2430
f 2582 2430 2428
f 2584 2572 2427
f 2584 2427 2506
f 2586 2567 2474
f 2587 2584 2506
f 2587 2506 2516
f 2583 2588 2474
f 2583 2474 2430
f 2408 2378 2392
f 2408 2392 2559
f 2568 2569 2474
f 2389 2385 2384
f 2389 2384 2564
f 2566 2375 2393
f 2566 2393 2493
f 2573 2575 2427
f 2394 2585 2561
f 2589 2577 2578
f 2589 2578 2452
f 2563 2386 2395
f 2563 2395 2533
f 2571 2579 2392
f 2574 2581 2493
f 2576 2582 2428
f 2576 2428 2427
f 2588 2586 2474
f 2570 2589 2452
f 2570 2452 2472
f 2580 2587 2516
f 2580 2516 2392
f 2533 2395 2388
f 2533 2388 2390
f 2561 2523 2391
f 2530 2529 2566
f 2530 2566 2565
f 2543 2542 2568
f 2543 2568 2567
f 2397 2548 2573
f 2397 2573 2572
f 2541 2401 2570
f 2541 2570 2569
f 2377 2539 2571
f 2377 2571 2378
f 2547 2546 2576
f 2547 2576 2575
f 2533 2532 2574
f 2533 2574 2563
f 2540 2372 2578
f 2540 2578 2577
f 2538 2537 2580
f 2538 2580 2579
f 2531 2530 2565
f 2531 2565 2581
f 2545 2405 2583
f 2545 2583 2582
f 2544 2543 2567
f 2544 2567 2586
f 2405 2404 2588
f 2405 2588 2583
f 2398 2397 2572
f 2398 2572 2584
f 2536 2398 2584
f 2536 2584 2587
f 2542 2541 2569
f 2542 2569 2568
f 2529 2484 2375
f 2529 2375 2566
f 2548 2547 2575
f 2548 2575 2573
f 2400 2540 2577
f 2400 2577 2589
f 2539 2538 2579
f 2539 2579 2571
f 2532 2531 2581
f 2532 2581 2574
f 2546 2545 2582
f 2546 2582 2576
f 2404 2544 2586
f 2404 2586 2588
f 2372 2585 2578
f 2401 2400 2589
f 2401 2589 2570
f 2537 2536 2587
f 2537 2587 2580
f 2560 2590 2484
f 2560 2394 2590
f 2560 2562 2394
f 2484 2549 2591
f 2484 2591 2592
f 2484 2592 2562
f 2562 2593 2590
f 2413 2416 2594
f 2413 2594 2376
f 2414 2413 2376
f 2414 2376 2407
f 2416 2415 2593
f 2416 2593 2594
f 2415 2414 2407
f 2415 2407 2593
f 2418 2417 2407
f 2418 2407 2590
f 2420 2419 2595
f 2420 2595 2593
f 2419 2418 2590
f 2419 2590 2595
f 2417 2420 2593
f 2417 2593 2407
f 2562 2590 2394
f 2549 2594 2591
f 2549 2376 2594
f 2411 2410 2591
f 2411 2591 2594
f 2410 2409 2592
f 2410 2592 2591
f 2412 2411 2594
f 2412 2594 2593
f 2409 2412 2593
f 2409 2593 2592
f 2562 2592 2593

