{
  "mass_kg": 0.1,
  "friction": 0.5,
  "restitution": 0.1,
  "density_kg_m3": 1000.0,
  "size_cm": [
    8.0,
    8.0,
    7.7
  ],
  "tags": [
    "fruit",
    "toy",
    "round",
    "organic",
    "grasp",
    "fruit_01"
  ],
  "source": "objaverse",
  "description": "Toy fruit (Objaverse) [uid=50ffb91434ea4d978eaefe03220d36fe]",
  "stable_poses": [
    {
      "z": 0.021794,
      "quat": [
        0.002694,
        -0.002959,
        0.73942,
        0.673233
      ],
      "probability": 0.5072
    },
    {
      "z": 0.021922,
      "quat": [
        0.640538,
        -0.767878,
        0.006586,
        0.005494
      ],
      "probability": 0.4928
    }
  ]
}