# https://github.com/mikedh/trimesh
v 0.00552745 -0.04011897 0.00176952
v 0.00490464 -0.04016764 0.00157409
v 0.00476739 -0.04014158 0.00155525
v 0.00480097 -0.04012767 0.00142058
v 0.00502403 -0.04012904 0.00141688
v 0.00538088 -0.04010299 0.00149921
v 0.00788502 -0.04000623 0.00345988
v 0.00791674 -0.04002384 0.00359987
v 0.00808641 -0.03995817 0.00366818
v 0.00772565 -0.04005322 0.00356227
v 0.00772064 -0.04005394 0.00404701
v 0.00673531 -0.03920464 -0.00102963
v 0.00782963 -0.04003403 0.00412446
v 0.00571865 -0.03914197 -0.00163177
v 0.00697112 -0.03916861 -0.00094367
v 0.00628479 -0.03930176 -0.00092805
v 0.00683890 -0.03924385 -0.00086714
v 0.00806377 -0.03996023 0.00435685
v 0.00413399 -0.04020508 0.00299595
v 0.00413607 -0.04002066 0.00199632
v 0.00578984 -0.03906854 -0.00184880
v 0.00455091 -0.04023383 0.00374064
v 0.00558563 -0.03907316 -0.00181578
v 0.00569214 -0.04023985 0.00475909
v 0.00462550 -0.04024975 0.00423863
v 0.00869650 -0.03913497 0.00064623
v 0.00881912 -0.03908119 0.00057466
v 0.00495253 -0.03922296 -0.00120889
v 0.00627774 -0.03901167 -0.00172122
v 0.00688293 -0.03888744 -0.00161615
v 0.00393453 -0.04012670 0.00279433
v 0.00824310 -0.03987319 0.00432584
v 0.00794050 -0.03995506 0.00469551
v 0.00423503 -0.04021288 0.00331726
v 0.00390292 -0.04012555 0.00296435
v 0.00749502 -0.04001353 0.00480012
v 0.00806123 -0.03990824 0.00474829
v 0.00484006 -0.03897301 -0.00178471
v 0.00525080 -0.04012874 0.00491357
v 0.00546595 -0.04021913 0.00477516
v 0.00569073 -0.04016320 0.00502100
v 0.00650497 -0.03885853 -0.00192540
v 0.00445810 -0.04020184 0.00418511
v 0.00590966 -0.04017721 0.00496672
v 0.00592916 -0.04013181 0.00512125
v 0.00452126 -0.04018291 0.00436200
v 0.00478942 -0.04020952 0.00450328
v 0.00781928 -0.03991287 0.00489979
v 0.00476284 -0.04016413 0.00460116
v 0.00781835 -0.03975055 0.00528583
v 0.00628747 -0.04002168 0.00527868
v 0.00856661 -0.03959957 0.00500516
v 0.00831372 -0.03983195 0.00449533
v 0.00994262 -0.03896032 0.00242745
v 0.00612577 -0.03999410 0.00540054
v 0.00849583 -0.03958569 0.00518770
v 0.00829645 -0.03964769 0.00527459
v 0.00966187 -0.03918597 0.00309299
v 0.00973644 -0.03913984 0.00300099
v 0.00811959 -0.03965148 0.00537524
v 0.00461395 -0.03984930 0.00511986
v 0.00970082 -0.03828631 -0.00069105
v 0.01006819 -0.03887744 0.00233323
v 0.01051569 -0.03865288 0.00241596
v 0.00604549 -0.03991042 0.00551857
v 0.00592125 -0.03999742 0.00539843
v 0.00858034 -0.03945470 0.00532492
v 0.00985616 -0.03825755 -0.00061082
v 0.00676226 -0.03962929 0.00581363
v 0.00484466 -0.03983669 0.00530030
v 0.00777260 -0.03949373 0.00569669
v 0.01039977 -0.03881508 0.00315712
v 0.01053601 -0.03809715 0.00003344
v 0.00477660 -0.03967576 0.00553183
v 0.01071022 -0.03861232 0.00282207
v 0.01068537 -0.03866347 0.00317409
v 0.01052008 -0.03874610 0.00343896
v 0.01086402 -0.03852450 0.00320191
v 0.01076823 -0.03857251 0.00341171
v 0.01062065 -0.03865384 0.00353294
v 0.00867598 -0.03946499 0.00515033
v 0.00486942 -0.03958880 0.00568105
v 0.00650135 -0.03932539 0.00627598
v 0.00690222 -0.03929222 0.00623187
v 0.01118226 -0.03812723 0.00166254
v 0.00829127 -0.03951646 0.00549568
v 0.01058045 -0.03853840 0.00384401
v 0.01090238 -0.03756513 -0.00101629
v 0.01120065 -0.03777256 0.00026839
v 0.01155206 -0.03789100 0.00169695
v 0.01142615 -0.03759951 0.00016721
v 0.01023442 -0.03716419 -0.00296961
v 0.00758100 -0.03889938 0.00656421
v 0.01046669 -0.03716702 -0.00277512
v 0.00464096 -0.03944245 0.00578238
v 0.01068120 -0.03714500 -0.00262279
v 0.01100729 -0.03724051 -0.00186357
v 0.00940932 -0.03705359 -0.00388592
v 0.01148355 -0.03732714 -0.00071802
v 0.00786625 -0.03897420 0.00637662
v 0.01184931 -0.03775794 0.00201189
v 0.00655251 -0.03918873 0.00643399
v 0.01175435 -0.03785280 0.00220375
v 0.01208003 -0.03733839 0.00093174
v 0.01187518 -0.03775621 0.00227834
v 0.00806096 -0.03882136 0.00646745
v 0.00618976 -0.03900101 0.00662412
v 0.00573022 -0.03893636 0.00666727
v 0.01190231 -0.03761873 0.00276323
v 0.00856636 -0.03861571 0.00641759
v 0.01234591 -0.03720080 0.00119565
v 0.00787919 -0.03876084 0.00662463
v 0.01114348 -0.03647581 -0.00366663
v 0.00912258 -0.03846715 0.00610732
v 0.00888958 -0.03849615 0.00631475
v 0.01157615 -0.03657480 -0.00281846
v 0.01170966 -0.03658026 -0.00260079
v 0.00868910 -0.03848281 0.00648563
v 0.00623149 -0.03879252 0.00685598
v 0.00835975 -0.03829276 0.00688077
v 0.00853442 -0.03832582 0.00675005
v 0.00641084 -0.03863758 0.00699419
v 0.01223167 -0.03629423 -0.00241105
v 0.00766384 -0.03228061 -0.01473102
v 0.00783766 -0.03232831 -0.01453086
v 0.00599764 -0.03219640 -0.01555475
v 0.00328323 -0.03271660 -0.01480567
v 0.00487159 -0.03239067 -0.01550303
v 0.00803869 -0.03218929 -0.01467963
v 0.00594936 -0.03210644 -0.01574953
v 0.00579886 -0.03221341 -0.01559153
v 0.00247064 -0.03266401 -0.01489344
v 0.00492878 -0.03230832 -0.01566632
v 0.00519332 -0.03218316 -0.01585487
v -0.00064668 -0.03333612 -0.01339555
v 0.01203058 -0.03175418 -0.01293292
v 0.00517431 -0.03208655 -0.01603582
v -0.00064798 -0.03317318 -0.01372414
v -0.00291857 -0.03362227 -0.01206582
v 0.00469512 -0.03174271 -0.01675336
v 0.00484468 -0.03171388 -0.01678302
v 0.00481528 -0.03179733 -0.01664731
v 0.00293235 -0.03213074 -0.01597167
v 0.00263198 -0.03224240 -0.01575170
v 0.01461350 -0.03152963 -0.01128134
v 0.01507635 -0.03171494 -0.01041699
v 0.00468605 -0.03163268 -0.01692038
v 0.00535426 -0.03151195 -0.01701229
v 0.00547152 -0.03148761 -0.01702441
v 0.01590234 -0.03152545 -0.00966076
v 0.01291065 -0.03128182 -0.01323593
v 0.00801828 -0.03133996 -0.01614636
v 0.01191216 -0.03108447 -0.01439078
v 0.00662159 -0.03125001 -0.01693630
v 0.01634560 -0.03152865 -0.00875075
v 0.00771357 -0.03121643 -0.01651932
v 0.00224028 -0.03168201 -0.01679558
v 0.01573052 -0.03091043 -0.01154327
v 0.01169593 -0.03098194 -0.01470247
v -0.00274257 -0.03290039 -0.01395008
v -0.00282178 -0.03296441 -0.01377241
v 0.00155195 -0.03196550 -0.01623903
v 0.01607559 -0.03133022 -0.00990819
v 0.00673701 -0.03110137 -0.01711264
v 0.00768815 -0.03101960 -0.01682084
v 0.00788444 -0.03106211 -0.01666248
v -0.00278161 -0.03260478 -0.01457626
v 0.00198987 -0.03165219 -0.01683425
v 0.00196704 -0.03150635 -0.01702988
v -0.00472412 -0.03341459 -0.01143286
v 0.01541527 -0.03088636 -0.01195605
v 0.00031568 -0.03192587 -0.01621281
v 0.01582741 -0.03107682 -0.01105847
v 0.00531250 -0.03100770 -0.01764382
v 0.00178500 -0.03143158 -0.01712032
v -0.00306708 -0.03250961 -0.01469848
v -0.00283355 -0.03243087 -0.01492380
v 0.01596999 -0.03096432 -0.01115357
v 0.01625603 -0.03088791 -0.01088115
v 0.01309120 -0.03061629 -0.01445361
v -0.00236053 -0.03238746 -0.01513358
v -0.00228426 -0.03229771 -0.01531189
v 0.01239261 -0.03037335 -0.01537845
v -0.00433338 -0.03277299 -0.01351445
v -0.00463319 -0.03291723 -0.01294054
v 0.00539652 -0.03065200 -0.01805893
v 0.01223792 -0.03026214 -0.01563111
v 0.00681069 -0.03052740 -0.01780966
v 0.01242434 -0.03000349 -0.01591823
v 0.01189580 -0.03017259 -0.01595028
v 0.00372037 -0.03071203 -0.01809866
v -0.00526605 -0.03258708 -0.01336523
v 0.00456757 -0.03049366 -0.01837660
v 0.00555904 -0.03047652 -0.01821843
v 0.01687594 -0.03046827 -0.01092864
v 0.00597479 -0.03039414 -0.01821670
v 0.01715043 -0.03039296 -0.01056615
v 0.00751635 -0.03024827 -0.01791783
v 0.01474974 -0.03018634 -0.01388774
v 0.01700219 -0.03033353 -0.01107392
v 0.01421450 -0.02997105 -0.01477004
v 0.00168943 -0.03096058 -0.01771263
v 0.01742501 -0.03053613 -0.00950465
v 0.01574582 -0.03005756 -0.01322619
v 0.01625346 -0.03015002 -0.01249230
v -0.00188061 -0.03142137 -0.01671873
v 0.00666320 -0.03011986 -0.01835833
v 0.01364445 -0.02975299 -0.01557721
v 0.01330476 -0.02979078 -0.01573470
v 0.00720610 -0.03007540 -0.01823442
v -0.00552579 -0.03246478 -0.01348390
v -0.00553772 -0.03251710 -0.01333933
v 0.01764073 -0.03038004 -0.00950028
v 0.01589203 -0.02995216 -0.01327443
v 0.01145578 -0.02987619 -0.01659169
v -0.00211762 -0.03150438 -0.01655966
v 0.01212609 -0.02980421 -0.01636035
v -0.00303462 -0.03177751 -0.01600230
v 0.01262266 -0.02960936 -0.01637594
v 0.00714884 -0.02992542 -0.01840847
v 0.00779774 -0.02991269 -0.01818478
v 0.00374905 -0.03029307 -0.01863252
v 0.01070775 -0.02974692 -0.01712810
v 0.01538650 -0.02971186 -0.01422505
v -0.00305246 -0.03169219 -0.01612524
v 0.00664190 -0.02995467 -0.01853782
v 0.01223291 -0.02961061 -0.01657660
v 0.01745089 -0.02968114 -0.01193089
v 0.01715560 -0.02971783 -0.01227102
v 0.01859465 -0.03074914 -0.00590813
v 0.01331965 -0.02940374 -0.01626938
v -0.00182180 -0.03099254 -0.01733416
v -0.00207693 -0.03110085 -0.01716436
v 0.01517007 -0.02952401 -0.01472327
v 0.01561364 -0.02963396 -0.01415044
v 0.01440705 -0.02935268 -0.01565248
v 0.01680764 -0.02956222 -0.01297337
v 0.01349607 -0.02918615 -0.01645000
v 0.01762939 -0.02945746 -0.01213193
v 0.01780154 -0.02944790 -0.01190994
v 0.01420812 -0.02908966 -0.01617990
v -0.00732777 -0.03282852 -0.01072637
v 0.01526263 -0.02921932 -0.01513079
v 0.00370869 -0.02980043 -0.01922453
v 0.01221854 -0.02915003 -0.01717728
v -0.00558046 -0.03148321 -0.01564676
v 0.01800525 -0.02944548 -0.01152968
v 0.01446146 -0.02906328 -0.01604999
v -0.00493656 -0.03139347 -0.01608168
v -0.00718794 -0.03233659 -0.01249011
v 0.00803032 -0.02933895 -0.01868077
v -0.00707004 -0.03229098 -0.01270652
v 0.01673829 -0.02919080 -0.01372932
v 0.01694025 -0.02921625 -0.01344708
v -0.00858268 -0.03336586 -0.00754539
v -0.00853748 -0.03341283 -0.00735011
v -0.00728095 -0.03220566 -0.01276100
v -0.00739174 -0.03226374 -0.01250726
v -0.00512614 -0.03110494 -0.01649119
v 0.01790632 -0.02929411 -0.01206480
v 0.01810215 -0.02927127 -0.01178253
v -0.00525515 -0.03137517 -0.01601393
v 0.01431295 -0.02891180 -0.01635598
v 0.01452195 -0.02892092 -0.01619539
v 0.00819030 -0.02907221 -0.01888439
v -0.00653796 -0.03183505 -0.01424208
v 0.01176751 -0.02890157 -0.01765432
v 0.01216720 -0.02899011 -0.01739679
v 0.00309749 -0.02974544 -0.01928189
v 0.00349528 -0.02964205 -0.01941891
v 0.00385004 -0.02961344 -0.01943141
v 0.01959039 -0.03027135 -0.00492722
v -0.00744951 -0.03216192 -0.01267262
v 0.01339227 -0.02870507 -0.01707573
v 0.01965976 -0.03030365 -0.00459879
v 0.01429015 -0.02874914 -0.01654885
v -0.00589467 -0.03137682 -0.01570808
v -0.00848527 -0.03386528 -0.00369318
v -0.00664030 -0.03163792 -0.01462377
v -0.00683540 -0.03174595 -0.01423001
v -0.00616535 -0.03148663 -0.01529477
v -0.00637447 -0.03134504 -0.01544870
v 0.01727546 -0.02865055 -0.01402005
v -0.00706984 -0.03163905 -0.01425228
v 0.01768954 -0.02886243 -0.01319690
v -0.00330571 -0.03050639 -0.01770753
v 0.01990929 -0.02995066 -0.00516969
v 0.01870585 -0.02904435 -0.01102443
v 0.00438726 -0.02911683 -0.01995293
v 0.02003343 -0.03004006 -0.00444212
v -0.00517699 -0.03084045 -0.01687366
v -0.00533793 -0.03089848 -0.01674119
v 0.00125735 -0.02953139 -0.01944894
v -0.00681471 -0.03138887 -0.01501118
v -0.00719169 -0.03127837 -0.01485542
v 0.01799499 -0.02869967 -0.01310041
v -0.00735940 -0.03164182 -0.01396126
v -0.00326458 -0.03035897 -0.01787389
v 0.01869272 -0.02870338 -0.01190053
v 0.01883310 -0.02885380 -0.01123261
v 0.02035389 -0.02989461 -0.00397703
v -0.00624018 -0.03086110 -0.01634525
v -0.00436832 -0.03052041 -0.01745040
v -0.00365529 -0.03038224 -0.01777963
v 0.02020639 -0.03019808 -0.00288674
v 0.00367907 -0.02909499 -0.02001703
v 0.00432974 -0.02896769 -0.02012238
v 0.00454603 -0.02897308 -0.02008542
v 0.01719647 -0.02849547 -0.01434348
v -0.00679286 -0.03115253 -0.01548062
v 0.01754480 -0.02849674 -0.01393417
v -0.00745698 -0.03152896 -0.01409021
v 0.01823003 -0.02862819 -0.01285588
v 0.01435148 -0.02817596 -0.01714361
v -0.00615336 -0.03078847 -0.01651603
v 0.02031108 -0.03001087 -0.00358242
v 0.00527754 -0.02866661 -0.02025671
v 0.01594509 -0.02823166 -0.01604675
v -0.00930293 -0.03344555 -0.00420550
v 0.01625689 -0.02826983 -0.01568672
v 0.00330580 -0.02889239 -0.02024308
v 0.01888633 -0.02856324 -0.01182415
v 0.00580692 -0.02859390 -0.02021685
v 0.01586855 -0.02805624 -0.01632455
v 0.01610589 -0.02810314 -0.01607115
v -0.00933591 -0.03242817 -0.00921545
v -0.00690398 -0.03079008 -0.01603648
v 0.02049464 -0.02985244 -0.00363964
v 0.02058126 -0.02987819 -0.00289014
v 0.02048327 -0.02994830 -0.00248193
v 0.01383432 -0.02780364 -0.01780219
v 0.00111019 -0.02914814 -0.01985831
v 0.00125540 -0.02918515 -0.01984158
v 0.01461929 -0.02788549 -0.01731323
v 0.01483373 -0.02784476 -0.01723050
v -0.00650001 -0.03043255 -0.01687698
v 0.01948175 -0.02864390 -0.01015464
v 0.01883225 -0.02827473 -0.01244711
v 0.02062459 -0.02958233 -0.00431652
v -0.00718607 -0.03074086 -0.01591004
v -0.00995212 -0.03322211 -0.00330508
v -0.00983043 -0.03330548 -0.00300928
v 0.01688077 -0.02785552 -0.01562583
v 0.01781238 -0.02775281 -0.01470762
v 0.02071004 -0.02974251 -0.00273258
v -0.00247832 -0.02951278 -0.01887031
v 0.00445680 -0.02829423 -0.02076469
v -0.00996584 -0.03311016 -0.00421567
v -0.00689774 -0.03033608 -0.01679629
v 0.01677616 -0.02774109 -0.01589663
v 0.02043108 -0.02991392 -0.00144879
v 0.01136772 -0.02782955 -0.01883609
v 0.00490429 -0.02823201 -0.02077316
v -0.00923927 -0.03153582 -0.01182032
v -0.00545687 -0.02988842 -0.01794392
v -0.00622118 -0.03007935 -0.01747237
v 0.01757167 -0.02762844 -0.01515752
v -0.00657844 -0.03018693 -0.01718062
v 0.01122574 -0.02764033 -0.01907257
v 0.01854627 -0.02779905 -0.01376704
v 0.00501753 -0.02761695 -0.02130446
v 0.01550511 -0.02733542 -0.01731958
v -0.00826739 -0.03060470 -0.01502273
v 0.00841391 -0.02753531 -0.02032103
v 0.00097376 -0.02832979 -0.02064933
v -0.00597951 -0.02988791 -0.01779696
v -0.00697140 -0.03021430 -0.01691127
v -0.00729789 -0.03026318 -0.01661101
v 0.01859803 -0.02764059 -0.01394006
v -0.00768415 -0.03020916 -0.01636543
v 0.00486531 -0.02779526 -0.02117077
v 0.01945732 -0.02777545 -0.01221803
v 0.02111768 -0.02877093 -0.00559545
v 0.00665362 -0.02776708 -0.02076695
v 0.01567421 -0.02720617 -0.01733788
v -0.00631467 -0.02978245 -0.01778778
v 0.00015638 -0.02847549 -0.02036988
v -0.00765946 -0.02996467 -0.01673343
v -0.00847690 -0.03050323 -0.01498939
v 0.01913337 -0.02738342 -0.01352974
v 0.01287453 -0.02714432 -0.01886041
v 0.01923685 -0.02744504 -0.01323523
v 0.01391453 -0.02718680 -0.01834348
v 0.00080643 -0.02822601 -0.02072694
v -0.00789909 -0.03006131 -0.01639433
v 0.00847013 -0.02739184 -0.02043236
v 0.01284474 -0.02700642 -0.01899624
v -0.00687228 -0.02941961 -0.01792410
v 0.01376449 -0.02707264 -0.01851285
v 0.00310586 -0.02770710 -0.02140833
v -0.00560273 -0.02934928 -0.01847582
v -0.00592715 -0.02943811 -0.01830845
v -0.01008302 -0.03105441 -0.01182200
v 0.01786287 -0.02687686 -0.01585930
v -0.00150796 -0.02836591 -0.02019359
v -0.01078249 -0.03156717 -0.00958825
v 0.00262902 -0.02776764 -0.02135792
v -0.01004571 -0.03051725 -0.01310025
v 0.02084925 -0.02767464 -0.00931741
v 0.02101260 -0.02772604 -0.00878048
v 0.01757544 -0.02663613 -0.01644607
v 0.01776504 -0.02684257 -0.01602180
v 0.01166691 -0.02673386 -0.01970474
v -0.00102432 -0.02809058 -0.02053246
v -0.01129839 -0.03128360 -0.00962224
v 0.00261078 -0.02764283 -0.02146987
v 0.01482710 -0.02669645 -0.01830012
v 0.02181386 -0.02821782 -0.00526785
v 0.00419133 -0.02735461 -0.02161901
v -0.00685391 -0.02924363 -0.01812930
v 0.01697177 -0.02661875 -0.01701149
v -0.00586248 -0.02930668 -0.01845443
v 0.01805290 -0.02669581 -0.01588455
v 0.02178723 -0.02808402 -0.00577769
v -0.00873406 -0.02994972 -0.01568944
v 0.00306741 -0.02741799 -0.02166112
v 0.02195770 -0.02818047 -0.00489792
v 0.01558201 -0.02650222 -0.01804631
v -0.00968856 -0.03042840 -0.01370410
v 0.01802938 -0.02655025 -0.01606562
v 0.01219229 -0.02659387 -0.01960612
v -0.01104974 -0.03106711 -0.01048530
v 0.00172902 -0.02744268 -0.02157434
v 0.00196373 -0.02741866 -0.02162693
v 0.02007859 -0.02656149 -0.01322058
v 0.02208036 -0.02803384 -0.00497667
v -0.00951641 -0.02989225 -0.01486733
v -0.00958174 -0.03000659 -0.01458659
v 0.02201053 -0.02827116 -0.00421418
v -0.01004000 -0.03026072 -0.01357385
v -0.00499653 -0.02866179 -0.01923813
v 0.01650124 -0.02637016 -0.01759814
v 0.02116197 -0.02709059 -0.01000654
v 0.01708987 -0.02626552 -0.01724375
v 0.01744404 -0.02637602 -0.01685087
v 0.01760332 -0.02638869 -0.01667988
v -0.01024960 -0.03034889 -0.01315052
v -0.01125693 -0.03267843 -0.00151658
v 0.01856583 -0.02650464 -0.01550485
v 0.02149810 -0.02875751 -0.00034539
v 0.01904802 -0.02655111 -0.01488718
v 0.02196428 -0.02759771 -0.00670000
v -0.01172115 -0.03103629 -0.00962310
v 0.02201829 -0.02770171 -0.00624915
v 0.01965640 -0.02653687 -0.01394831
v -0.01180124 -0.03130403 -0.00876212
v 0.02214440 -0.02812990 -0.00426220
v 0.01660367 -0.02625768 -0.01762795
v 0.02165075 -0.02867438 -0.00076433
v -0.01102703 -0.03070897 -0.01133282
v 0.01913545 -0.02644592 -0.01489934
v 0.01947565 -0.02646289 -0.01434459
v 0.00620616 -0.02672978 -0.02175439
v 0.00641013 -0.02667666 -0.02174032
v -0.01030382 -0.03015453 -0.01343071
v 0.02166576 -0.02861166 -0.00048384
v 0.01997672 -0.02642101 -0.01360294
v 0.02207629 -0.02781619 -0.00571023
v -0.01207805 -0.03122517 -0.00853773
v -0.01227267 -0.03135556 -0.00765203
v 0.02245355 -0.02788736 -0.00362203
v 0.02239253 -0.02796360 -0.00329193
v -0.01192958 -0.03072915 -0.01004345
v 0.02215665 -0.02751935 -0.00636049
v -0.01246213 -0.03156920 -0.00581243
v -0.01210277 -0.03110580 -0.00888452
v -0.00875875 -0.02901862 -0.01709855
v 0.00493146 -0.02647125 -0.02223390
v -0.01219624 -0.03218556 -0.00241617
v 0.02107941 -0.02652546 -0.01146096
v -0.01225123 -0.03087062 -0.00926235
v -0.01241745 -0.03087618 -0.00899511
v 0.00354526 -0.02648350 -0.02241832
v -0.01240268 -0.03122319 -0.00789806
v -0.01243116 -0.03206254 -0.00231001
v 0.02228227 -0.02807659 -0.00123276
v -0.01238158 -0.03212065 -0.00177567
v 0.01920603 -0.02583725 -0.01552151
v -0.01225360 -0.03064580 -0.00976277
v -0.01257294 -0.03091207 -0.00854505
v -0.01257661 -0.03106202 -0.00802970
v 0.02098259 -0.02615445 -0.01227332
v -0.00983825 -0.02928729 -0.01555203
v 0.00543210 -0.02622312 -0.02232863
v -0.00480900 -0.02779650 -0.02003774
v 0.02171387 -0.02635379 -0.01043328
v 0.01761518 -0.02549967 -0.01752848
v -0.01252265 -0.03065204 -0.00935195
v -0.01272523 -0.03139057 -0.00597535
v -0.01272325 -0.03148755 -0.00542886
v 0.02298384 -0.02716240 -0.00469907
v 0.02118748 -0.02603706 -0.01209017
v -0.01286009 -0.03178359 -0.00239591
v -0.01255218 -0.03202316 -0.00186854
v 0.01723989 -0.02535302 -0.01796552
v -0.01250683 -0.03204975 -0.00142404
v 0.02264104 -0.02772478 -0.00179706
v 0.02186677 -0.02634633 -0.01010211
v 0.02243145 -0.02792128 -0.00122615
v -0.00574017 -0.02782489 -0.01982271
v -0.01229181 -0.03212180 -0.00050476
v -0.01268397 -0.03066844 -0.00905341
v 0.02063764 -0.02561112 -0.01369032
v -0.01310023 -0.03138307 -0.00446998
v 0.02081928 -0.02576841 -0.01316301
v -0.01276434 -0.03161689 -0.00431052
v -0.01271287 -0.03179031 -0.00321459
v -0.01284021 -0.03105844 -0.00723465
v 0.02301665 -0.02724876 -0.00424295
v 0.02298746 -0.02731566 -0.00393374
v -0.00919524 -0.02869670 -0.01713369
v -0.00984589 -0.02895845 -0.01610783
v -0.01019350 -0.02910386 -0.01544863
v 0.00374015 -0.02609665 -0.02272537
v 0.02183569 -0.02613298 -0.01062586
v 0.01688160 -0.02530306 -0.01829743
v 0.02194796 -0.02619484 -0.01026212
v 0.00081324 -0.02644953 -0.02229079
v -0.00797183 -0.02827183 -0.01865679
v -0.00820069 -0.02832416 -0.01847922
v -0.01297916 -0.03151166 -0.00409046
v -0.00835708 -0.02836362 -0.01830544
v 0.02103953 -0.02585702 -0.01265370
v 0.01550919 -0.02525826 -0.01920077
v -0.01029881 -0.02878725 -0.01585462
v -0.01280349 -0.03184894 -0.00150288
v -0.01260149 -0.03197174 -0.00098362
v -0.00752720 -0.02801884 -0.01910566
v -0.00690954 -0.02785984 -0.01944483
v -0.01244497 -0.03204049 -0.00055560
v 0.00430718 -0.02588455 -0.02281264
v -0.00484784 -0.02735126 -0.02039735
v -0.00618863 -0.02772403 -0.01978587
v 0.01875983 -0.02514389 -0.01679295
v 0.02151136 -0.02832354 0.00195434
v 0.02282468 -0.02650568 -0.00726091
v 0.02286132 -0.02654938 -0.00703122
v 0.01479795 -0.02519375 -0.01961658
v -0.00798918 -0.02807808 -0.01884259
v 0.01510387 -0.02524031 -0.01942157
v -0.00828159 -0.02823023 -0.01853153
v -0.01290818 -0.03176478 -0.00206745
v -0.00726902 -0.02769030 -0.01948812
v 0.02173048 -0.02816885 0.00165746
v 0.02280624 -0.02627275 -0.00789415
v -0.00015581 -0.02619239 -0.02232393
v 0.00064982 -0.02638064 -0.02232559
v 0.00095581 -0.02628556 -0.02243778
v -0.01329231 -0.03127039 -0.00424020
v 0.02143802 -0.02557780 -0.01235705
v 0.01622384 -0.02494061 -0.01905242
v 0.02321196 -0.02709698 -0.00214289
v 0.02238475 -0.02567562 -0.01033682
v 0.01839705 -0.02501898 -0.01727249
v 0.01927922 -0.02495690 -0.01643580
v 0.02182543 -0.02801971 0.00189552
v 0.01620983 -0.02475869 -0.01920293
v 0.01690742 -0.02472327 -0.01877600
v -0.01045498 -0.02831663 -0.01640364
v 0.02265940 -0.02576800 -0.00948019
v 0.02274383 -0.02586847 -0.00904699
v -0.01175049 -0.02927277 -0.01312266
v 0.01906466 -0.02485618 -0.01677026
v -0.01203379 -0.02942561 -0.01244698
v 0.02306922 -0.02609705 -0.00764013
v -0.01371017 -0.03024597 -0.00804896
v 0.02353579 -0.02668752 -0.00406482
v 0.02361910 -0.02662667 -0.00385059
v 0.02353671 -0.02674915 -0.00333416
v -0.00815414 -0.02756418 -0.01922120
v 0.01655376 -0.02470441 -0.01902119
v 0.00302905 -0.02542098 -0.02330431
v 0.02326116 -0.02702993 -0.00149800
v 0.02233923 -0.02551294 -0.01072739
v -0.01284074 -0.03176934 0.00009549
v 0.01766519 -0.02460402 -0.01828414
v -0.01264482 -0.03185605 0.00093287
v 0.00332394 -0.02540639 -0.02330677
v 0.01809701 -0.02464235 -0.01790979
v -0.01249176 -0.03190353 0.00127580
v 0.02061448 -0.02841845 0.00503691
v -0.00006294 -0.02598112 -0.02251247
v -0.01364515 -0.03074822 -0.00571433
v -0.00882298 -0.02776820 -0.01864044
v 0.00132073 -0.02571851 -0.02293251
v -0.00891419 -0.02784091 -0.01848933
v 0.02378507 -0.02620684 -0.00506065
v 0.02371359 -0.02639434 -0.00460818
v 0.02349924 -0.02678370 -0.00295404
v -0.00794987 -0.02734035 -0.01952643
v 0.01835733 -0.02448857 -0.01782273
v 0.02306889 -0.02530164 -0.00951185
v -0.01260029 -0.03182844 0.00136790
v 0.02325483 -0.02551415 -0.00851369
v 0.02381067 -0.02598165 -0.00571464
v 0.02238479 -0.02754238 0.00134506
v -0.00053212 -0.02580207 -0.02256293
v 0.02362315 -0.02628898 -0.00546177
v 0.02381955 -0.02629881 -0.00440655
v 0.00708375 -0.02488056 -0.02288603
v -0.01047785 -0.02799003 -0.01685906
v 0.00246045 -0.02524489 -0.02343104
v 0.00279279 -0.02517672 -0.02349723
v 0.00343755 -0.02525382 -0.02340980
v -0.01066963 -0.02805032 -0.01656846
v -0.01138002 -0.02864801 -0.01473485
v -0.01123297 -0.02841544 -0.01530303
v 0.02317619 -0.02703492 -0.00032228
v -0.01235099 -0.03181739 0.00245371
v 0.01291519 -0.02447314 -0.02098625
v -0.01383656 -0.03091008 -0.00369789
v 0.02381150 -0.02609682 -0.00540156
v 0.02389024 -0.02629753 -0.00370030
v 0.00680754 -0.02483516 -0.02301806
v 0.02348595 -0.02674918 -0.00123046
v -0.01389966 -0.02981576 -0.00887685
v -0.01389363 -0.03003728 -0.00832980
v 0.02305639 -0.02511158 -0.00991330
v 0.02332719 -0.02689217 -0.00064091
v 0.02047227 -0.02840259 0.00559547
v 0.01396971 -0.02399870 -0.02091994
v 0.02255045 -0.02736450 0.00131264
v -0.01195683 -0.03188327 0.00323259
v 0.02393248 -0.02594978 -0.00535387
v 0.00688297 -0.02454564 -0.02318647
v -0.00776313 -0.02702862 -0.01989610
v -0.00744441 -0.02674537 -0.02026554
v -0.00751269 -0.02711010 -0.01992949
v -0.00846327 -0.02702164 -0.01955191
v 0.00230920 -0.02496618 -0.02363028
v 0.02309700 -0.02472225 -0.01051189
v 0.02331730 -0.02679183 0.00002396
v -0.00873955 -0.02715414 -0.01926768
v 0.02310135 -0.02690868 0.00062357
v -0.01418530 -0.03011855 -0.00688607
v 0.02025223 -0.02422656 -0.01611462
v 0.02362433 -0.02518975 -0.00824790
v 0.02045711 -0.02436400 -0.01571036
v -0.01259240 -0.03169868 0.00235021
v -0.01207700 -0.02834909 -0.01432225
v 0.02424126 -0.02577389 -0.00434484
v -0.01199217 -0.02865539 -0.01389994
v 0.00001499 -0.02523245 -0.02312604
v -0.01277477 -0.02894217 -0.01225664
v 0.02346668 -0.02672614 -0.00066874
v 0.02024223 -0.02828397 0.00641949
v 0.02092936 -0.02784331 0.00582088
v 0.02347905 -0.02510993 -0.00884130
v -0.01417946 -0.02977374 -0.00847175
v -0.01433393 -0.02978988 -0.00790948
v 0.00438514 -0.02472462 -0.02368440
v 0.02070451 -0.02428959 -0.01545152
v -0.00101817 -0.02550275 -0.02270478
v 0.01216647 -0.02414650 -0.02153887
v 0.02415484 -0.02580657 -0.00476181
v -0.01040683 -0.02735841 -0.01780142
v 0.02406732 -0.02607744 -0.00238105
v 0.02314774 -0.02672755 0.00113432
v 0.02023742 -0.02382842 -0.01655124
v -0.01330364 -0.03130778 0.00192909
v -0.01341248 -0.03133879 0.00117255
v 0.00498145 -0.02456524 -0.02369566
v -0.01415610 -0.02967350 -0.00875974
v 0.02044917 -0.02417767 -0.01593276
v -0.01446517 -0.02992471 -0.00679930
v 0.02145074 -0.02762219 0.00489522
v -0.01171445 -0.03170167 0.00476706
v -0.01114561 -0.03177075 0.00565864
v 0.00008887 -0.02509246 -0.02324855
v -0.00688241 -0.02633521 -0.02079158
v 0.01844629 -0.02350992 -0.01854296
v 0.00167174 -0.02450763 -0.02393577
v 0.02365990 -0.02632876 0.00013494
v -0.00786532 -0.02655467 -0.02025534
v 0.02330575 -0.02670776 0.00049652
v 0.01999600 -0.02822770 0.00713348
v 0.01962983 -0.02839770 0.00745785
v 0.01981184 -0.02833613 0.00728304
v 0.00350630 -0.02422886 -0.02415822
v 0.00439975 -0.02438482 -0.02393956
v 0.00516887 -0.02432554 -0.02383243
v 0.00557727 -0.02418387 -0.02384059
v 0.02104515 -0.02398932 -0.01533959
v 0.02152807 -0.02413744 -0.01435321
v -0.01152958 -0.02783176 -0.01589251
v 0.02458858 -0.02542995 -0.00340887
v 0.00128801 -0.02459137 -0.02382601
v 0.01803724 -0.02363241 -0.01879159
v 0.02306031 -0.02427537 -0.01132146
v -0.01348299 -0.03123446 0.00164637
v 0.00337872 -0.02439204 -0.02404548
v -0.01264513 -0.03136523 0.00406448
v -0.00048331 -0.02509881 -0.02312770
v -0.01150145 -0.03163322 0.00543277
v -0.01074624 -0.02723934 -0.01765619
v 0.01707475 -0.02339923 -0.01966046
v 0.02332279 -0.02440897 -0.01055260
v -0.00713561 -0.02626165 -0.02077462
v -0.01278842 -0.02818048 -0.01367356
v 0.02397664 -0.02463108 -0.00855716
v 0.02396363 -0.02483221 -0.00814398
v 0.02016391 -0.02362181 -0.01684939
v 0.00414140 -0.02419799 -0.02411161
v -0.01471694 -0.02993594 -0.00562416
v 0.02149050 -0.02750709 0.00517237
v 0.02103223 -0.02787888 0.00545978
v 0.01514153 -0.02355383 -0.02073053
v 0.02162455 -0.02390463 -0.01451228
v 0.02189709 -0.02401576 -0.01389007
v -0.01478796 -0.02943896 -0.00784858
v 0.02463420 -0.02536736 -0.00357144
v -0.01146351 -0.02757968 -0.01633045
v -0.00935775 -0.02650000 -0.01946912
v 0.01818902 -0.02343297 -0.01882098
v -0.00787745 -0.02632741 -0.02044072
v 0.02453577 -0.02448468 -0.00726417
v 0.02068135 -0.02358115 -0.01629991
v -0.01481831 -0.02982792 -0.00580164
v -0.01495980 -0.02917925 -0.00824689
v 0.01491627 -0.02346635 -0.02092157
v -0.01282686 -0.03129292 0.00393860
v -0.01487797 -0.02988045 -0.00516150
v -0.01478794 -0.03008008 -0.00436010
v -0.01001776 -0.02643902 -0.01910843
v 0.02112305 -0.02752434 0.00611582
v -0.01050620 -0.02701961 -0.01813035
v 0.00534960 -0.02400342 -0.02401301
v -0.01069923 -0.02704064 -0.01794320
v 0.01725436 -0.02295146 -0.01985297
v 0.02008956 -0.02782564 0.00772685
v -0.01229412 -0.02767463 -0.01511164
v 0.00116133 -0.02437439 -0.02396447
v 0.00240035 -0.02413627 -0.02424032
v 0.00302797 -0.02395090 -0.02438226
v 0.02423130 -0.02431815 -0.00855046
v 0.02065901 -0.02322920 -0.01670376
v 0.02134235 -0.02321834 -0.01575511
v 0.02160414 -0.02331874 -0.01526504
v 0.01659952 -0.02326283 -0.02009555
v -0.01146052 -0.03141707 0.00627493
v -0.01117389 -0.03150668 0.00650692
v 0.02286436 -0.02383618 -0.01238785
v 0.02317556 -0.02365705 -0.01204820
v -0.00773546 -0.02581331 -0.02089802
v -0.00874298 -0.02599370 -0.02028300
v -0.00715217 -0.02570070 -0.02119873
v -0.00572614 -0.02559135 -0.02164516
v 0.00300389 -0.02375408 -0.02451502
v 0.02115820 -0.02311176 -0.01612390
v 0.01303197 -0.02329958 -0.02185843
v -0.01473027 -0.02873484 -0.00973686
v 0.01346848 -0.02327482 -0.02170443
v -0.01292159 -0.03118171 0.00416291
v -0.01264004 -0.03124303 0.00452676
v -0.01526796 -0.02897605 -0.00801050
v 0.02495313 -0.02488082 -0.00406204
v 0.01580864 -0.02299376 -0.02079157
v -0.01166056 -0.02668750 -0.01732363
v -0.00912189 -0.02601565 -0.02004557
v -0.01209442 -0.02707937 -0.01626572
v -0.01234403 -0.02726653 -0.01566007
v 0.02425775 -0.02412110 -0.00891401
v -0.01443432 -0.03063507 0.00112809
v 0.02458161 -0.02433149 -0.00750782
v 0.01300329 -0.02307320 -0.02203501
v 0.02489613 -0.02489616 -0.00435222
v 0.02254259 -0.02342941 -0.01356448
v -0.01519846 -0.02892365 -0.00838592
v -0.01173011 -0.02694510 -0.01690306
v 0.01918425 -0.02791809 0.00896306
v 0.00204507 -0.02389595 -0.02440108
v -0.00702894 -0.02548492 -0.02139225
v -0.00770244 -0.02546862 -0.02117071
v 0.02466842 -0.02438527 -0.00704561
v -0.01410582 -0.03075488 0.00218641
v 0.02192008 -0.02334323 -0.01471394
v 0.01603465 -0.02287282 -0.02073911
v -0.01542107 -0.02856784 -0.00885144
v 0.02297601 -0.02361296 -0.01249803
v -0.01125162 -0.02650101 -0.01799906
v -0.01022157 -0.02623381 -0.01914746
v -0.01498519 -0.03025393 -0.00047183
v -0.00110165 -0.02425119 -0.02364464
v 0.02033332 -0.02275782 -0.01742129
v 0.02017179 -0.02276743 -0.01757052
v -0.01484748 -0.03037285 0.00055166
v -0.01464950 -0.03049272 0.00105496
v 0.02172366 -0.02311783 -0.01529815
v -0.01412609 -0.03070526 0.00240813
v 0.00265514 -0.02354043 -0.02466276
v 0.02505005 -0.02467201 -0.00435074
v 0.00398265 -0.02329596 -0.02472301
v 0.00434963 -0.02354088 -0.02451628
v -0.01519565 -0.02839908 -0.00964436
v 0.02330479 -0.02340027 -0.01214708
v 0.02502697 -0.02482034 -0.00270074
v 0.01644998 -0.02866334 0.01142090
v 0.02456244 -0.02527616 -0.00071982
v -0.01547270 -0.02977431 -0.00201441
v -0.01514989 -0.03012556 -0.00072898
v 0.02364723 -0.02588816 0.00202441
v -0.00943050 -0.02562281 -0.02020104
v 0.01799659 -0.02808226 0.01033480
v 0.00175586 -0.02364943 -0.02455518
v 0.02258129 -0.02650826 0.00439688
v 0.02166762 -0.02682379 0.00640423
v 0.02109219 -0.02709763 0.00718706
v 0.02524268 -0.02449295 -0.00365859
v 0.02260469 -0.02321757 -0.01370674
v 0.02091772 -0.02712532 0.00750131
v 0.02514401 -0.02465654 -0.00296774
v -0.01494654 -0.02834013 -0.01013802
v -0.01538613 -0.02849048 -0.00910371
v -0.01090489 -0.02629309 -0.01855570
v -0.01539011 -0.02986482 -0.00167887
v -0.01110779 -0.02622320 -0.01844058
v -0.01116613 -0.02634328 -0.01827138
v -0.01054157 -0.03113452 0.00863477
v -0.00122946 -0.02406551 -0.02375042
v -0.00164557 -0.02418037 -0.02357715
v 0.01866295 -0.02768387 0.01001902
v -0.01195519 -0.02656961 -0.01713311
v -0.01242626 -0.02684089 -0.01618541
v -0.01259439 -0.02691143 -0.01586084
v 0.00117682 -0.02335155 -0.02467696
v -0.00019397 -0.02391037 -0.02405451
v -0.00681802 -0.02515438 -0.02168034
v 0.01519610 -0.02238541 -0.02152958
v 0.01628109 -0.02249734 -0.02083247
v 0.00523906 -0.02314660 -0.02461762
v 0.00567921 -0.02313510 -0.02452407
v -0.01549369 -0.02813000 -0.00964668
v -0.01558916 -0.02854090 -0.00847825
v -0.01163537 -0.03097342 0.00734355
v 0.02444665 -0.02529555 0.00011597
v -0.01183248 -0.02648075 -0.01739153
v -0.01538217 -0.02995705 -0.00026994
v -0.01533040 -0.03000608 0.00008182
v 0.02385447 -0.02568474 0.00182729
v -0.00973413 -0.02560531 -0.02003662
v 0.00227030 -0.02317287 -0.02488766
v 0.01441920 -0.02234875 -0.02193116
v -0.00546918 -0.02477512 -0.02228265
v -0.01366590 -0.03059459 0.00432192
v 0.02540634 -0.02421755 -0.00382825
v -0.01578486 -0.02942565 -0.00321414
v 0.01778154 -0.02218960 -0.02000996
v -0.01551031 -0.02987400 0.00042567
v 0.02414446 -0.02541997 0.00135452
v 0.02485467 -0.02363842 -0.00820200
v -0.00810005 -0.02510999 -0.02129230
v 0.01882314 -0.02747131 0.01011406
v 0.02528289 -0.02379322 -0.00638744
v 0.02256254 -0.02631001 0.00510474
v 0.02187243 -0.02653862 0.00656012
v -0.01382881 -0.03051553 0.00416211
v 0.01484939 -0.02221784 -0.02181851
v 0.00539466 -0.02291673 -0.02472877
v 0.00579268 -0.02295136 -0.02460639
v 0.01586881 -0.02225668 -0.02125849
v 0.02535348 -0.02433982 -0.00319031
v -0.01305699 -0.03067170 0.00557531
v 0.02525931 -0.02447858 -0.00256982
v -0.01206542 -0.03087941 0.00682094
v -0.01550854 -0.02826966 -0.00936431
v -0.01558435 -0.02835209 -0.00899925
v 0.02479352 -0.02337829 -0.00883752
v -0.01214337 -0.02619398 -0.01733621
v -0.01537474 -0.02996361 0.00087302
v -0.01526138 -0.03001932 0.00122866
v 0.02408822 -0.02524874 0.00215245
v 0.02534986 -0.02376166 -0.00618914
v 0.01393557 -0.02225928 -0.02219955
v -0.01589858 -0.02932729 -0.00330730
v 0.01672608 -0.02807301 0.01194878
v 0.02515321 -0.02460381 -0.00182650
v 0.02390777 -0.02301190 -0.01140772
v -0.01060192 -0.02543090 -0.01959088
v 0.02101878 -0.02208627 -0.01730217
v -0.01250919 -0.02623824 -0.01682297
v 0.02220446 -0.02629408 0.00628330
v 0.02299279 -0.02581834 0.00504223
v 0.02566206 -0.02349319 -0.00552719
v 0.00012691 -0.02327870 -0.02456672
v 0.02549559 -0.02410948 -0.00333743
v 0.02543403 -0.02420097 -0.00251348
v 0.00215423 -0.02256360 -0.02527357
v 0.01724585 -0.02186578 -0.02058987
v 0.01817692 -0.02191418 -0.01988545
v 0.02377729 -0.02261591 -0.01224742
v 0.02483659 -0.02484649 -0.00018011
v 0.02472493 -0.02305665 -0.00950246
v -0.01585077 -0.02960024 0.00011638
v 0.02327079 -0.02571010 0.00435275
v 0.02574229 -0.02345695 -0.00521645
v 0.02260548 -0.02597202 0.00595523
v 0.02288293 -0.02245102 -0.01408884
v 0.02354701 -0.02262786 -0.01269720
v 0.01773441 -0.02192173 -0.02021037
v -0.01598500 -0.02943116 -0.00124205
v -0.01614420 -0.02934742 -0.00051340
v 0.02119200 -0.02164686 -0.01748525
v 0.00041282 -0.02306916 -0.02475908
v -0.00850073 -0.02447655 -0.02158853
v 0.01393050 -0.02168570 -0.02259326
v 0.01418855 -0.02167135 -0.02248192
v 0.02309630 -0.02223886 -0.01395512
v 0.01650353 -0.02793885 0.01239132
v -0.01108054 -0.02506265 -0.01956980
v 0.01899517 -0.02712024 0.01036072
v 0.02016462 -0.02166930 -0.01847645
v 0.02031321 -0.02178159 -0.01825117
v -0.01034810 -0.02494764 -0.02020725
v 0.02343129 -0.02553795 0.00421270
v 0.02191822 -0.02611203 0.00746423
v -0.01261940 -0.02578587 -0.01720927
v 0.02137028 -0.02172674 -0.01723293
v 0.02317789 -0.02554729 0.00514950
v 0.02183024 -0.02178896 -0.01652646
v 0.00374215 -0.02242251 -0.02528912
v -0.00746197 -0.02419119 -0.02213956
v -0.01370172 -0.03025340 0.00549993
v -0.01354771 -0.03021351 0.00606882
v -0.01662102 -0.02867640 -0.00358568
v 0.02384245 -0.02209779 -0.01274469
v 0.02384896 -0.02242635 -0.01235006
v 0.01576844 -0.02797445 0.01318956
v 0.02412673 -0.02245650 -0.01172186
v 0.02524470 -0.02429195 -0.00055158
v -0.01138823 -0.02493821 -0.01943289
v 0.02133277 -0.02625207 0.00825889
v -0.01077811 -0.03056656 0.00974932
v 0.02269336 -0.02579033 0.00614664
v 0.01166322 -0.02874699 0.01519478
v 0.02291368 -0.02197830 -0.01456331
v 0.00352976 -0.02223074 -0.02541225
v -0.00812446 -0.02441271 -0.02177462
v 0.01295690 -0.02855620 0.01471929
v 0.00397904 -0.02218100 -0.02538766
v 0.01550002 -0.02797271 0.01347769
v 0.01639763 -0.02130321 -0.02149322
v 0.00542304 -0.02190254 -0.02526469
v 0.00238677 -0.02246687 -0.02532702
v 0.01986758 -0.02136360 -0.01894066
v 0.02011106 -0.02140894 -0.01869856
v -0.01234670 -0.02519173 -0.01817977
v 0.02080893 -0.02134301 -0.01808955
v -0.01099823 -0.03050230 0.00968402
v 0.02145625 -0.02147738 -0.01733734
v 0.02214570 -0.02159356 -0.01623596
v 0.02587675 -0.02293683 -0.00618393
v 0.02590908 -0.02317085 -0.00530838
v 0.01468834 -0.02141410 -0.02239036
v 0.01543226 -0.02128522 -0.02209054
v 0.00480421 -0.02190072 -0.02540588
v 0.01560503 -0.02133755 -0.02196740
v -0.01373317 -0.03010129 0.00596955
v 0.01406747 -0.02830401 0.01435527
v -0.01691760 -0.02858221 -0.00260860
v 0.02120929 -0.02620750 0.00851380
v -0.01128088 -0.03035477 0.00961131
v 0.02187029 -0.02597365 0.00782076
v 0.02255095 -0.02169649 -0.01546656
v 0.02594327 -0.02300086 -0.00571479
v 0.00128386 -0.02237348 -0.02536276
v -0.00907220 -0.02429541 -0.02148734
v -0.00966301 -0.02448154 -0.02102538
v 0.01188357 -0.02855721 0.01528428
v 0.01601171 -0.02764199 0.01336868
v -0.01679396 -0.02841335 -0.00416429
v 0.01703586 -0.02114503 -0.02115704
v -0.01579926 -0.02721273 -0.01081097
v 0.02545817 -0.02403141 -0.00090955
v 0.01511057 -0.02781053 0.01409133
v 0.02153058 -0.02605843 0.00824272
v -0.01036369 -0.02458381 -0.02049376
v 0.02230379 -0.02572810 0.00734922
v -0.01009635 -0.03019582 0.01104241
v 0.02132623 -0.02090299 -0.01787889
v 0.02357449 -0.02508593 0.00493872
v 0.02597354 -0.02267122 -0.00647949
v -0.00944703 -0.03027748 0.01139881
v 0.02243480 -0.02137355 -0.01600075
v 0.01080476 -0.02858444 0.01570757
v 0.00154334 -0.02216098 -0.02551265
v 0.01158534 -0.02839075 0.01559229
v 0.01369700 -0.02813809 0.01476443
v 0.00430503 -0.02173287 -0.02557363
v -0.01252454 -0.03016033 0.00807408
v -0.01207335 -0.03011560 0.00898172
v -0.01673103 -0.02887709 -0.00047059
v -0.01188149 -0.03012276 0.00925594
v 0.02190069 -0.02569071 0.00819919
v -0.01122815 -0.02448504 -0.01996479
v -0.01626020 -0.02920143 0.00142906
v 0.00118788 -0.02211199 -0.02551285
v 0.02300069 -0.02126786 -0.01512446
v 0.01604592 -0.02732747 0.01373804
v 0.01404501 -0.02799803 0.01470262
v -0.00894820 -0.02410408 -0.02167359
v 0.01710457 -0.02715283 0.01268487
v 0.00354839 -0.02174323 -0.02566696
v -0.00945091 -0.02418311 -0.02136770
v -0.01697357 -0.02850763 -0.00279508
v -0.01637450 -0.02691509 -0.01042010
v 0.02461367 -0.02190905 -0.01139459
v 0.02248696 -0.02566275 0.00704153
v 0.01959149 -0.02086362 -0.01945832
v 0.02540271 -0.02215348 -0.00925400
v -0.01685582 -0.02878505 0.00065024
v 0.01073106 -0.02112922 -0.02415841
v -0.01648784 -0.02898298 0.00175537
v -0.00006186 -0.02209772 -0.02529870
v 0.01094251 -0.02100327 -0.02416403
v -0.00993127 -0.03014042 0.01127332
v 0.02614669 -0.02257168 -0.00599097
v 0.00056330 -0.02208739 -0.02542911
v 0.02049849 -0.02604659 0.00968985
v 0.02251212 -0.02105005 -0.01619261
v 0.01093288 -0.02844727 0.01580060
v 0.02630246 -0.02263644 -0.00484644
v 0.02624716 -0.02278036 -0.00457141
v 0.02347416 -0.02099538 -0.01453529
v 0.01606618 -0.02086736 -0.02196034
v 0.00491568 -0.02159357 -0.02553256
v 0.00535690 -0.02156097 -0.02544858
v 0.01488141 -0.02755552 0.01459133
v -0.01657716 -0.02694328 -0.00994495
v 0.02245612 -0.02538157 0.00761229
v -0.01697993 -0.02864476 -0.00102927
v -0.01173023 -0.02432816 -0.01970650
v -0.01210810 -0.02434814 -0.01935595
v -0.01683339 -0.02881660 0.00008355
v 0.02032240 -0.02057618 -0.01902845
v -0.01208497 -0.02473871 -0.01897988
v -0.01073671 -0.03001778 0.01081311
v -0.01666157 -0.02893971 0.00092323
v 0.01017433 -0.02111681 -0.02436591
v 0.02595488 -0.02234976 -0.00725615
v 0.02382446 -0.02475859 0.00481866
v 0.01527327 -0.02733550 0.01451383
v 0.02279191 -0.02522859 0.00717880
v -0.01689891 -0.02875943 -0.00012831
v 0.01927493 -0.02064076 -0.01982965
v -0.01102594 -0.02417607 -0.02039829
v 0.02196678 -0.02522482 0.00867505
v 0.02580575 -0.02164814 -0.00893302
v 0.02585167 -0.02183151 -0.00851856
v 0.02632932 -0.02222135 -0.00611239
v 0.02285868 -0.02092897 -0.01571095
v 0.00197016 -0.02147988 -0.02592301
v 0.00279112 -0.02161628 -0.02580505
v 0.01119924 -0.02803822 0.01608188
v 0.01593255 -0.02044959 -0.02226759
v 0.01637789 -0.02723504 0.01347869
v 0.00390604 -0.02116312 -0.02591293
v -0.01418968 -0.02957931 0.00645912
v -0.01414515 -0.02951716 0.00671446
v 0.02575362 -0.02333073 0.00022818
v 0.02209401 -0.02558008 0.00802861
v -0.01707145 -0.02860196 0.00016776
v 0.00979912 -0.02096423 -0.02457542
v 0.01038728 -0.02088099 -0.02444839
v 0.00153435 -0.02139901 -0.02596887
v 0.02552864 -0.02180863 -0.00946712
v -0.00015073 -0.02188121 -0.02542173
v 0.01569353 -0.02043041 -0.02242102
v 0.02616728 -0.02301975 -0.00184641
v -0.01714081 -0.02690831 -0.00857992
v 0.02218375 -0.02524423 0.00832949
v -0.01296159 -0.02952593 0.00901627
v -0.01282811 -0.02946731 0.00938549
v 0.02495278 -0.02375495 0.00291853
v 0.02614802 -0.02184532 -0.00747827
v 0.01957770 -0.02591650 0.01105095
v -0.00974572 -0.02973477 0.01210991
v 0.02641255 -0.02225763 -0.00554192
v 0.02321767 -0.02073998 -0.01525510
v 0.00282954 -0.02122003 -0.02602130
v -0.01682734 -0.02631636 -0.01071853
v -0.01692195 -0.02639521 -0.01040010
v 0.01504279 -0.02732086 0.01471998
v -0.01012041 -0.02337868 -0.02157091
v -0.01145318 -0.02396112 -0.02024609
v -0.01119665 -0.02385897 -0.02051096
v -0.01237620 -0.02409405 -0.01932402
v -0.01708910 -0.02661744 -0.00949217
v 0.02603841 -0.02150188 -0.00847754
v 0.02363750 -0.02443809 0.00651239
v 0.02645456 -0.02192470 -0.00618560
v -0.00875064 -0.02332450 -0.02223919
v -0.00836661 -0.02305536 -0.02254384
v 0.01224287 -0.02766502 0.01597973
v 0.00408873 -0.02106688 -0.02592286
v 0.01448362 -0.02733986 0.01511578
v -0.00983628 -0.02335979 -0.02173215
v -0.01768086 -0.02791697 -0.00231458
v 0.02338278 -0.02467533 0.00680626
v -0.01661760 -0.02618945 -0.01127483
v -0.01319512 -0.02950268 0.00868639
v -0.01048363 -0.02367992 -0.02112680
v 0.02557095 -0.02116914 -0.01024960
v 0.00189515 -0.02123234 -0.02606347
v -0.01227049 -0.02399605 -0.01952647
v 0.01208489 -0.02039814 -0.02412498
v 0.02256733 -0.02034334 -0.01672275
v -0.00952852 -0.02966924 0.01234914
v 0.00042805 -0.02131741 -0.02587414
v -0.01771330 -0.02797940 -0.00175075
v 0.02321620 -0.02462248 0.00725610
v 0.02525473 -0.02105453 -0.01108253
v -0.01761426 -0.02809829 -0.00073017
v -0.01651663 -0.02574986 -0.01213245
v -0.01740193 -0.02657610 -0.00874272
v 0.02094786 -0.02021447 -0.01870931
v 0.00098010 -0.02129566 -0.02596045
v -0.01441632 -0.02479457 -0.01605049
v 0.00148794 -0.02094929 -0.02618495
v 0.01176698 -0.02767213 0.01619678
v 0.02274940 -0.02015223 -0.01660509
v -0.00991156 -0.02961521 0.01217153
v 0.01385570 -0.02728144 0.01553736
v -0.01685718 -0.02600505 -0.01121992
v 0.02677901 -0.02203378 -0.00248942
v 0.00280679 -0.02092255 -0.02615317
v -0.01779653 -0.02735753 -0.00465361
v -0.00946508 -0.02311582 -0.02206346
v 0.02556358 -0.02315213 0.00200274
v 0.02346075 -0.02452480 0.00689472
v -0.01776398 -0.02794657 -0.00157907
v -0.01779707 -0.02791968 -0.00099170
v 0.02547013 -0.02094640 -0.01076372
v 0.02585192 -0.02108619 -0.00960277
v 0.02642538 -0.02256486 -0.00122999
v 0.02614408 -0.02281247 -0.00016074
v 0.02579374 -0.02308520 0.00091427
v -0.00086904 -0.02136029 -0.02559573
v 0.01180066 -0.02753172 0.01631129
v -0.00866704 -0.02291675 -0.02251784
v 0.01651098 -0.02651535 0.01424383
v -0.00802458 -0.02273650 -0.02285867
v -0.01572865 -0.02881579 0.00513476
v 0.00534161 -0.02053159 -0.02592539
v -0.01563044 -0.02876010 0.00556714
v 0.02386921 -0.02415973 0.00631573
v -0.01357170 -0.02899761 0.00920671
v -0.01319452 -0.02919685 0.00939656
v 0.00858269 -0.02019465 -0.02533274
v -0.01050769 -0.02324990 -0.02141851
v 0.02569497 -0.02093734 -0.01025555
v -0.01295010 -0.02926321 0.00964266
v -0.01255999 -0.02931631 0.01004955
v -0.00183806 -0.02143977 -0.02533133
v 0.00569359 -0.02036361 -0.02592363
v -0.01795469 -0.02773314 -0.00184186
v -0.01800050 -0.02770463 -0.00129103
v 0.01911902 -0.01971514 -0.02049462
v -0.01024411 -0.02271540 -0.02192704
v 0.02563955 -0.02081320 -0.01051543
v 0.02649225 -0.02239077 -0.00092703
v 0.00923911 -0.02007795 -0.02522835
v -0.01060008 -0.02283963 -0.02163688
v -0.01764178 -0.02796703 0.00151359
v 0.00037309 -0.02099127 -0.02603943
v 0.00088450 -0.02067848 -0.02625598
v -0.01737581 -0.02808778 0.00270690
v 0.00169437 -0.02061967 -0.02635193
v 0.00209599 -0.02051483 -0.02640173
v 0.01309832 -0.01988618 -0.02406558
v -0.00080592 -0.02115583 -0.02573091
v -0.01587184 -0.02868879 0.00518362
v 0.02369421 -0.01983765 -0.01527390
v -0.00837356 -0.02257224 -0.02283792
v 0.01360097 -0.02703717 0.01591314
v 0.02387695 -0.02398169 0.00665926
v 0.02670966 -0.02215222 -0.00175712
v 0.02672147 -0.02209730 -0.00150414
v 0.02627237 -0.02254444 -0.00000208
v -0.01112264 -0.02288601 -0.02127335
v 0.01924943 -0.02551921 0.01194702
v 0.02593235 -0.02274385 0.00137556
v 0.02562837 -0.02297408 0.00226119
v -0.00241356 -0.02891227 0.01647936
v 0.01288908 -0.01957246 -0.02433272
v -0.00140615 -0.02115953 -0.02559793
v 0.01703830 -0.02623941 0.01393115
v 0.01366409 -0.01960166 -0.02398143
v 0.01018820 -0.02748798 0.01698702
v -0.00919140 -0.02214200 -0.02276508
v 0.01620163 -0.01963752 -0.02253278
v -0.01675530 -0.02546792 -0.01223220
v -0.01735983 -0.02544464 -0.01138025
v 0.00952946 -0.01970255 -0.02532413
v 0.01927919 -0.01942301 -0.02054503
v 0.02645073 -0.02033937 -0.00895107
v -0.00155610 -0.02882618 0.01671219
v 0.02548595 -0.02301057 0.00279723
v -0.01706679 -0.02826718 0.00330482
v 0.00240743 -0.02032861 -0.02645178
v 0.01659689 -0.02607042 0.01466538
v 0.02257449 -0.01930395 -0.01749756
v -0.00051193 -0.02082921 -0.02596043
v 0.01427760 -0.01940181 -0.02377189
v -0.00892514 -0.02914152 0.01339939
v -0.01837271 -0.02713138 -0.00309919
v 0.02697365 -0.02165460 -0.00316134
v -0.00723146 -0.02907448 0.01437914
v -0.01827130 -0.02738396 -0.00195318
v 0.02689551 -0.02184535 -0.00233246
v 0.01147760 -0.02706119 0.01687037
v 0.01791326 -0.01948024 -0.02149792
v -0.01250680 -0.02313173 -0.02000001
v -0.00321631 -0.02879883 0.01640985
v -0.01799588 -0.02768614 0.00071310
v -0.01816104 -0.02753211 0.00015454
v -0.00220915 -0.02861857 0.01684316
v -0.00993228 -0.02287108 -0.02199559
v -0.00150175 -0.02861894 0.01693228
v -0.01149788 -0.02280608 -0.02107629
v 0.01271462 -0.01940177 -0.02448781
v -0.01126381 -0.02909506 0.01194823
v -0.01080069 -0.02902854 0.01241339
v 0.01316954 -0.01939788 -0.02430270
v -0.01706686 -0.02822165 0.00353304
v 0.02323457 -0.01947749 -0.01638209
v -0.01837879 -0.02659069 -0.00555593
v -0.00033827 -0.02859901 0.01706041
v 0.00002005 -0.02854972 0.01713979
v -0.00763071 -0.02891979 0.01440223
v 0.01661330 -0.01930086 -0.02244128
v -0.01672289 -0.02509026 -0.01277994
v -0.01850882 -0.02703688 -0.00284164
v 0.02327740 -0.02398014 0.00801008
v 0.02638680 -0.02219467 0.00051841
v -0.01787211 -0.02550676 -0.01013019
v -0.01097740 -0.02261038 -0.02155364
v -0.01002209 -0.02250656 -0.02216171
v -0.01760029 -0.02789037 0.00253626
v -0.01182517 -0.02288720 -0.02075808
v -0.01173125 -0.02897450 0.01172368
v 0.01377832 -0.01932191 -0.02406989
v 0.02358958 -0.01952933 -0.01573886
v -0.01030996 -0.02884041 0.01300435
v -0.00910872 -0.02892942 0.01358600
v 0.01620398 -0.01907944 -0.02281342
v 0.00064959 -0.02846586 0.01723086
v -0.00727753 -0.02893071 0.01455364
v -0.01743691 -0.02523260 -0.01158750
v 0.01796490 -0.01923730 -0.02158290
v 0.01992690 -0.01916171 -0.02021925
v -0.01769367 -0.02540430 -0.01078872
v 0.02051285 -0.01916234 -0.01972562
v 0.00921599 -0.01929774 -0.02558837
v -0.00290683 -0.02877020 0.01655042
v -0.01356664 -0.02341387 -0.01864160
v -0.01232652 -0.02870225 0.01147073
v -0.01751381 -0.02787948 0.00312702
v -0.01329012 -0.02329923 -0.01909292
v -0.01727891 -0.02799909 0.00356613
v -0.01167369 -0.02888038 0.01191042
v -0.01100786 -0.02893775 0.01238720
v 0.01437568 -0.01916120 -0.02383314
v 0.00218453 -0.02006457 -0.02657330
v 0.01401275 -0.02640257 0.01626271
v -0.01618887 -0.02826223 0.00572797
v 0.02709951 -0.02148106 -0.00264995
v 0.01202816 -0.02678622 0.01687254
v 0.01619071 -0.02596495 0.01520338
v -0.01855634 -0.02701244 -0.00259261
v -0.00831508 -0.02195808 -0.02318827
v 0.02032806 -0.01895912 -0.02000287
v -0.00301089 -0.02859682 0.01669905
v 0.02241857 -0.02405842 0.00935667
v -0.01808785 -0.02758591 0.00106313
v -0.01817408 -0.02742511 0.00171203
v -0.01218006 -0.02868683 0.01168090
v 0.00113376 -0.01973769 -0.02668672
v -0.01323824 -0.02298146 -0.01945887
v 0.01716707 -0.02557182 0.01454366
v 0.01486065 -0.02631111 0.01588019
v -0.01057989 -0.02883343 0.01285492
v -0.00317285 -0.02076441 -0.02538702
v 0.01628102 -0.02580264 0.01530033
v -0.01700820 -0.02463137 -0.01293177
v -0.01763590 -0.02514187 -0.01138726
v -0.01767520 -0.02526377 -0.01112397
v -0.01857745 -0.02707408 -0.00162888
v -0.01521994 -0.02838431 0.00752172
v 0.02407486 -0.02346993 0.00700735
v 0.02007305 -0.01885155 -0.02025208
v -0.01218151 -0.02272641 -0.02058946
v 0.02085133 -0.01886973 -0.01957617
v -0.01835233 -0.02733009 0.00044965
v -0.01851429 -0.02716297 -0.00004884
v 0.01669158 -0.02577638 0.01487490
v 0.02197749 -0.01900023 -0.01842886
v 0.00948476 -0.02696109 0.01770058
v 0.02737934 -0.02035355 -0.00547577
v -0.01659065 -0.02804009 0.00537839
v -0.01639043 -0.02807384 0.00577085
v 0.00081542 -0.02801413 0.01767708
v -0.01569568 -0.02820630 0.00697250
v -0.00969166 -0.02199089 -0.02262954
v -0.01184978 -0.02253880 -0.02099986
v 0.02152682 -0.02438442 0.01035816
v -0.01825322 -0.02740184 0.00120039
v 0.02179254 -0.01882379 -0.01873785
v -0.01820120 -0.02733686 0.00223399
v -0.00094499 -0.02816986 0.01742643
v 0.01024584 -0.02674094 0.01767928
v -0.01885282 -0.02603965 -0.00579274
v -0.01895754 -0.02602824 -0.00546189
v 0.01591039 -0.02587588 0.01554306
v -0.01751936 -0.02476247 -0.01203636
v -0.01891118 -0.02661063 -0.00254337
v 0.02387710 -0.02339035 0.00762609
v 0.02337698 -0.02355405 0.00837391
v -0.01877364 -0.02687612 -0.00063600
v -0.00453012 -0.02842281 0.01639202
v 0.02200726 -0.01877839 -0.01854541
v 0.01736199 -0.02537172 0.01452007
v -0.01303293 -0.02254469 -0.02000518
v 0.00765818 -0.02697252 0.01815997
v 0.01083351 -0.01889689 -0.02534443
v -0.01161273 -0.02836074 0.01270994
v 0.01321547 -0.02623697 0.01682178
v 0.01474619 -0.02601793 0.01620720
v 0.01612853 -0.02572198 0.01552646
v -0.01685088 -0.02785382 0.00523729
v -0.01410977 -0.02279900 -0.01863256
v -0.01895465 -0.02625332 -0.00459799
v 0.01864312 -0.01849580 -0.02148497
v -0.01708220 -0.02410950 -0.01341582
v 0.02389218 -0.02315531 0.00794761
v 0.02167813 -0.02415279 0.01042183
v -0.00910611 -0.02131788 -0.02325429
v 0.02191919 -0.01869101 -0.01867962
v -0.00125659 -0.02796151 0.01758124
v 0.02555680 -0.02229437 0.00443853
v 0.02546394 -0.02236149 0.00464164
v 0.02290665 -0.01847518 -0.01762648
v 0.01356989 -0.02613695 0.01673316
v -0.00072717 -0.01987052 -0.02640624
v 0.01634388 -0.02559546 0.01544244
v 0.01574680 -0.02552556 0.01597357
v 0.02748036 -0.02073875 -0.00353975
v 0.02750221 -0.02076525 -0.00298559
v 0.00207247 -0.01945880 -0.02681819
v 0.02294516 -0.02361597 0.00901955
v -0.01915138 -0.02628980 -0.00303225
v -0.00553398 -0.02838289 0.01606369
v -0.01895898 -0.02666264 -0.00078231
v -0.01884703 -0.02678975 0.00014033
v 0.02599524 -0.02198460 0.00330445
v 0.02581891 -0.02215151 0.00365581
v -0.01834294 -0.02720759 0.00199424
v 0.00976706 -0.02657407 0.01797173
v 0.01000174 -0.02662084 0.01786915
v -0.00077414 -0.02795464 0.01763914
v 0.00239154 -0.01938268 -0.02682595
v 0.01244476 -0.02613579 0.01724654
v 0.00341198 -0.02747202 0.01814794
v -0.01450107 -0.02278038 -0.01815211
v 0.02095542 -0.02407228 0.01144842
v -0.00497458 -0.02813158 0.01658311
v 0.02670904 -0.02132795 0.00152136
v 0.00466970 -0.02730971 0.01825842
v 0.00670576 -0.02697829 0.01834782
v -0.01283477 -0.02230916 -0.02035061
v 0.02311255 -0.01848534 -0.01733584
v 0.00799547 -0.02679877 0.01824841
v 0.02738692 -0.02018222 -0.00583466
v 0.00075552 -0.01946816 -0.02676236
v 0.01025210 -0.02658931 0.01780512
v -0.01917525 -0.02570677 -0.00563233
v 0.02757960 -0.02060197 -0.00321788
v -0.00104071 -0.02768282 0.01785551
v -0.01385203 -0.02265893 -0.01908166
v 0.02739356 -0.02091080 -0.00188377
v -0.01569390 -0.02769432 0.00820277
v 0.02202655 -0.02378128 0.01030449
v -0.00309211 -0.01952442 -0.02611781
v -0.01407256 -0.02790935 0.01056912
v 0.00700986 -0.01837744 -0.02652105
v -0.00305708 -0.02798459 0.01729066
v -0.01345170 -0.02806231 0.01119733
v -0.01206052 -0.02181400 -0.02133917
v -0.01859879 -0.02483580 -0.00984331
v -0.01863677 -0.02486493 -0.00965564
v 0.01637961 -0.02516261 0.01577341
v 0.01007501 -0.01836961 -0.02579287
v -0.01800942 -0.02717243 0.00366994
v 0.01694931 -0.02511774 0.01524717
v 0.02352497 -0.01823453 -0.01687298
v 0.02748533 -0.02011553 -0.00548663
v -0.00060110 -0.01957134 -0.02656103
v 0.02385949 -0.01843041 -0.01617463
v 0.02397528 -0.01851461 -0.01591435
v -0.01922959 -0.02573575 -0.00532837
v -0.00183326 -0.01946612 -0.02641537
v 0.00173690 -0.01917460 -0.02694989
v 0.02770072 -0.02036905 -0.00287043
v 0.01063356 -0.01808682 -0.02574037
v -0.00458181 -0.02793206 0.01695110
v -0.00302156 -0.02773670 0.01752439
v -0.01324588 -0.02786456 0.01182345
v 0.02590506 -0.02186136 0.00398752
v -0.00942384 -0.02118206 -0.02320905
v 0.01553155 -0.02527686 0.01634590
v 0.02571682 -0.02203541 0.00437304
v 0.02300848 -0.01825158 -0.01761813
v 0.02555263 -0.02210508 0.00488085
v 0.01670445 -0.02487214 0.01573147
v 0.02737753 -0.01966960 -0.00680139
v 0.00259871 -0.01891092 -0.02698446
v 0.02766505 -0.02041125 -0.00230203
v 0.00085338 -0.01925429 -0.02686258
v 0.00122202 -0.01906525 -0.02696686
v -0.01609669 -0.02758524 0.00771317
v -0.01929554 -0.02618182 -0.00191379
v -0.01719767 -0.02382219 -0.01356065
v 0.02661245 -0.01882505 -0.01038870
v -0.01386031 -0.02786680 0.01097097
v -0.00340205 -0.02767870 0.01749946
v -0.00238677 -0.01959219 -0.02623781
v 0.02627742 -0.02156644 0.00307123
v 0.02615244 -0.02168749 0.00336065
v 0.01304525 -0.01801157 -0.02497289
v 0.00893849 -0.02633190 0.01839904
v 0.02273885 -0.01798310 -0.01811734
v -0.01839887 -0.02687442 0.00314753
v -0.01881464 -0.02459499 -0.00981886
v 0.02749765 -0.01956704 -0.00654823
v 0.00663411 -0.02674835 0.01857264
v -0.01191737 -0.02790230 0.01311062
v 0.02536157 -0.02204775 0.00572574
v 0.01502780 -0.01766893 -0.02416975
v -0.00915809 -0.02092009 -0.02344370
v -0.01455214 -0.02229011 -0.01859035
v -0.00610426 -0.02021621 -0.02483994
v -0.00655896 -0.02794678 0.01616956
v 0.01003765 -0.01817891 -0.02588016
v 0.02679634 -0.01886637 -0.00989094
v -0.01349078 -0.02770360 0.01175186
v 0.00647300 -0.01824533 -0.02668212
v 0.01575510 -0.02510718 0.01633972
v -0.01299507 -0.02788251 0.01209609
v -0.01855641 -0.02440638 -0.01075865
v -0.01880940 -0.02431269 -0.01035285
v 0.01332887 -0.01794119 -0.02489028
v -0.01771075 -0.02711935 0.00491149
v 0.02787048 -0.01985339 -0.00398259
v 0.01223057 -0.02569474 0.01771180
v -0.01712911 -0.02729284 0.00606564
v -0.01696292 -0.02731367 0.00646022
v 0.02789688 -0.01999542 -0.00319322
v 0.02537489 -0.01837268 -0.01341159
v 0.00185455 -0.01864764 -0.02713084
v 0.02691765 -0.02089792 0.00162786
v -0.01429788 -0.02758528 0.01084570
v -0.01409081 -0.02177479 -0.01957339
v 0.01485887 -0.02484665 0.01710582
v -0.01917755 -0.02636846 0.00090786
v -0.01898604 -0.02652941 0.00151420
v 0.01631506 -0.02477595 0.01614019
v 0.02549274 -0.02187501 0.00562268
v 0.01305531 -0.01763821 -0.02512382
v 0.01280815 -0.01766823 -0.02520119
v -0.01233178 -0.02781672 0.01285139
v 0.00675652 -0.01816122 -0.02666527
v 0.01528349 -0.02502921 0.01670010
v -0.01082635 -0.02779824 0.01408597
v -0.01921810 -0.02453631 -0.00873502
v -0.00921767 -0.02774407 0.01503464
v -0.01721796 -0.02715955 0.00617820
v -0.01603449 -0.02737445 0.00823354
v 0.02785001 -0.02000639 -0.00212173
v -0.00727412 -0.02761435 0.01622305
v 0.00141692 -0.01860263 -0.02715199
v 0.00748035 -0.01807694 -0.02654555
v 0.00813667 -0.01797878 -0.02643515
v -0.00223105 -0.01927901 -0.02643179
v 0.00338794 -0.01836755 -0.02711341
v -0.01867487 -0.02399203 -0.01116310
v 0.01055380 -0.01767298 -0.02592655
v -0.01315264 -0.02767886 0.01219783
v 0.01109239 -0.01766814 -0.02575953
v 0.02258327 -0.01758648 -0.01851211
v 0.02542118 -0.02186876 0.00589333
v 0.02398433 -0.01767753 -0.01652190
v -0.01708118 -0.02701615 0.00685424
v -0.01493227 -0.02203834 -0.01836714
v -0.01352766 -0.02167137 -0.02020082
v 0.02761238 -0.02028141 -0.00057874
v 0.02527397 -0.01826848 -0.01370168
v 0.01928975 -0.01764752 -0.02142632
v 0.02362007 -0.02255597 0.00915648
v 0.02331895 -0.02269035 0.00949429
v 0.02673624 -0.01845504 -0.01048122
v 0.02718172 -0.02056394 0.00118722
v 0.02707786 -0.01840532 -0.00961046
v -0.01412703 -0.02747255 0.01126491
v 0.00786014 -0.02612329 0.01885874
v -0.01924021 -0.02619488 0.00185123
v 0.00450867 -0.01813998 -0.02706088
v -0.01851750 -0.02367036 -0.01188898
v -0.01877998 -0.02652919 0.00280589
v -0.01888639 -0.02344049 -0.01159790
v -0.00468211 -0.01923130 -0.02580768
v -0.00430386 -0.01941349 -0.02581963
v -0.01813961 -0.02673428 0.00461647
v -0.01809488 -0.02669173 0.00489256
v -0.01105986 -0.02773246 0.01403163
v 0.02799694 -0.01945857 -0.00433709
v 0.02794668 -0.01981139 -0.00353795
v -0.01907890 -0.02413492 -0.01003395
v -0.01920455 -0.02431272 -0.00933386
v 0.01179738 -0.02556457 0.01801166
v -0.01677910 -0.02712573 0.00731152
v -0.01935722 -0.02442183 -0.00859058
v 0.01918210 -0.01747936 -0.02158808
v 0.01946632 -0.01742711 -0.02139578
v 0.00388963 -0.02660542 0.01897652
v 0.02632432 -0.01843908 -0.01140614
v -0.00582813 -0.02748901 0.01702400
v -0.00512630 -0.02741680 0.01733029
v 0.02019856 -0.01726371 -0.02087985
v 0.02688179 -0.01851860 -0.01006803
v -0.01435068 -0.02742408 0.01103521
v 0.01591945 -0.02473560 0.01649091
v -0.00574256 -0.01951877 -0.02532950
v 0.00392772 -0.01803595 -0.02717539
v -0.00185919 -0.01902326 -0.02662030
v -0.01222500 -0.02770405 0.01311204
v 0.02300894 -0.01746799 -0.01807058
v 0.01972752 -0.02371740 0.01336132
v -0.01896749 -0.02344291 -0.01144031
v 0.01951203 -0.02377543 0.01356507
v -0.01104621 -0.02762059 0.01416281
v -0.00068420 -0.02696658 0.01853656
v 0.02535096 -0.01797019 -0.01378445
v 0.02554020 -0.01814989 -0.01326984
v -0.01681271 -0.02696686 0.00757285
v -0.01388238 -0.02156998 -0.01995819
v -0.01621667 -0.02704854 0.00852121
v 0.00153998 -0.01812732 -0.02732010
v 0.00186669 -0.01787264 -0.02738991
v 0.00891286 -0.01754900 -0.02639505
v 0.00645574 -0.02607399 0.01917850
v 0.00571007 -0.01790746 -0.02694784
v 0.00937589 -0.02569219 0.01879746
v 0.02378353 -0.01741340 -0.01700138
v 0.01649270 -0.01715239 -0.02357153
v 0.02485682 -0.02175345 0.00766300
v -0.00106876 -0.02686901 0.01858314
v -0.00933301 -0.02727132 0.01550615
v 0.02469706 -0.02181043 0.00793192
v 0.02808311 -0.01949713 -0.00225832
v 0.02799415 -0.01954865 -0.00103441
v 0.02350894 -0.02243609 0.00947614
v -0.00670872 -0.02740117 0.01675908
v 0.02776230 -0.02000915 -0.00073131
v 0.02757616 -0.02020002 -0.00003113
v 0.01980550 -0.01714342 -0.02125169
v 0.02391417 -0.02229569 0.00890172
v 0.02113872 -0.02313925 0.01218830
v 0.02682692 -0.01796923 -0.01076449
v -0.01970436 -0.02571356 -0.00110310
v 0.00573151 -0.02629582 0.01909374
v 0.00096956 -0.01828421 -0.02724564
v 0.00866660 -0.02571468 0.01899669
v 0.00696212 -0.02586014 0.01928000
v -0.01277894 -0.02738381 0.01299571
v 0.02349162 -0.01740528 -0.01744247
v 0.02421332 -0.01724426 -0.01640481
v 0.01558898 -0.01697999 -0.02418219
v 0.01212442 -0.02514948 0.01820775
v -0.01735479 -0.02661023 0.00711143
v -0.01939411 -0.02394995 -0.00960848
v -0.01964641 -0.02382735 -0.00916473
v 0.02374201 -0.02226331 0.00926062
v 0.00407533 -0.02646925 0.01908420
v 0.02280179 -0.02273186 0.01025077
v -0.01198608 -0.02063500 -0.02213638
v 0.02129865 -0.02306810 0.01205854
v -0.00589313 -0.02731938 0.01719015
v -0.00543367 -0.02725036 0.01740859
v 0.02742533 -0.02012012 0.00103384
v -0.00726766 -0.01966808 -0.02475844
v 0.00339626 -0.01778357 -0.02732246
v 0.01054031 -0.02547155 0.01858593
v 0.01539010 -0.01678932 -0.02437706
v -0.01870247 -0.02320692 -0.01219090
v 0.01782763 -0.01695840 -0.02276513
v 0.02214571 -0.02274558 0.01118892
v -0.00689884 -0.02715087 0.01695126
v -0.00648073 -0.02720787 0.01708559
v 0.02773001 -0.01993282 -0.00015281
v 0.01446319 -0.02456374 0.01755177
v 0.00222774 -0.01770557 -0.02742096
v -0.00760030 -0.01960833 -0.02467538
v 0.01488212 -0.02463363 0.01726513
v -0.00670725 -0.01928346 -0.02515154
v 0.00401260 -0.01756545 -0.02732228
v -0.00296849 -0.01868376 -0.02652751
v 0.02801029 -0.01845667 -0.00639865
v -0.00016705 -0.02664534 0.01885016
v -0.01890919 -0.02313689 -0.01195467
v 0.01099593 -0.02524914 0.01856817
v -0.00981505 -0.02714306 0.01536078
v 0.00137869 -0.02641553 0.01912272
v -0.00441061 -0.01871655 -0.02613705
v -0.01677937 -0.02672013 0.00812642
v 0.00248859 -0.02645359 0.01912450
v -0.01220847 -0.02062459 -0.02198608
v 0.02682965 -0.02050242 0.00310034
v 0.02140062 -0.01662584 -0.02016352
v -0.00155496 -0.02665831 0.01871121
v -0.00683689 -0.01914161 -0.02518286
v 0.01517821 -0.01665594 -0.02454229
v 0.02321117 -0.02210294 0.01023323
v 0.02803264 -0.01942061 -0.00074049
v -0.00722720 -0.02703141 0.01689694
v 0.02112584 -0.01653108 -0.02045704
v 0.00133711 -0.01776966 -0.02742929
v 0.00313969 -0.01747254 -0.02743757
v 0.00360369 -0.01731965 -0.02744240
v -0.01925936 -0.02587515 0.00319592
v -0.01913767 -0.02592332 0.00356514
v -0.00585118 -0.01898908 -0.02557282
v -0.00638510 -0.01891958 -0.02543835
v 0.01460949 -0.01629848 -0.02495429
v 0.01608862 -0.01653897 -0.02410498
v -0.00052161 -0.02654603 0.01891932
v -0.02052662 -0.02410285 -0.00517602
v -0.02059938 -0.02439287 -0.00338178
v 0.02792943 -0.01948852 -0.00017065
v -0.00663073 -0.02703339 0.01718461
v 0.00471613 -0.01724735 -0.02734016
v -0.02008249 -0.02376984 -0.00796588
v -0.01492606 -0.02113632 -0.01918981
v 0.02688856 -0.02017899 0.00347676
v 0.02668529 -0.02029931 0.00409948
v 0.02261777 -0.01644825 -0.01905319
v 0.00706846 -0.02563071 0.01945140
v 0.00858092 -0.01696984 -0.02668250
v -0.01242854 -0.02693715 0.01384400
v 0.01021143 -0.02504249 0.01901061
v -0.01134985 -0.02687339 0.01470592
v -0.01103006 -0.02693080 0.01486951
v -0.01865115 -0.02598710 0.00506490
v 0.01560033 -0.01649794 -0.02439043
v 0.01214865 -0.02476489 0.01846395
v 0.02492988 -0.01713200 -0.01518518
v 0.02167452 -0.02233790 0.01224467
v -0.02067347 -0.02416987 -0.00411697
v 0.02782927 -0.01945845 0.00054721
v 0.01496320 -0.02414530 0.01754783
v 0.02805499 -0.01819169 -0.00662217
v -0.01265403 -0.02680644 0.01378755
v -0.01893723 -0.02581995 0.00459261
v 0.01492172 -0.01626868 -0.02481449
v 0.01227648 -0.01650443 -0.02581523
v -0.01871583 -0.02578045 0.00542261
v 0.01694130 -0.01622949 -0.02371112
v -0.01836285 -0.02598704 0.00594885
v -0.01908556 -0.02294154 -0.01188969
v -0.01789910 -0.02608655 0.00689890
v 0.00169419 -0.02608749 0.01941674
v 0.01416496 -0.02381029 0.01821389
v 0.02214618 -0.02203738 0.01187119
v 0.01455764 -0.02406985 0.01784316
v 0.01329492 -0.02432112 0.01826501
v -0.02011922 -0.02335095 -0.00885495
v -0.02006270 -0.02367695 -0.00828851
v 0.02114420 -0.01631555 -0.02053728
v 0.00518292 -0.01683540 -0.02740958
v 0.00566773 -0.01685170 -0.02732583
v 0.01822240 -0.02324535 0.01555909
v 0.02761504 -0.01741343 -0.00923292
v 0.02254854 -0.01618008 -0.01926530
v 0.00595830 -0.02523520 0.01996001
v 0.02287380 -0.01621110 -0.01886475
v 0.02540026 -0.02090665 0.00751893
v 0.02820169 -0.01815559 -0.00604030
v 0.02827075 -0.01822859 -0.00553568
v -0.01105386 -0.02674285 0.01503944
v 0.02491852 -0.01680554 -0.01544299
v 0.02515025 -0.02096289 0.00801933
v -0.00230654 -0.01796522 -0.02699277
v 0.02836645 -0.01879188 -0.00203895
v 0.00356193 -0.02575583 0.01970391
v 0.02145107 -0.01622208 -0.02030319
v -0.00006783 -0.01747783 -0.02746493
v -0.01326126 -0.02016688 -0.02149771
v -0.01360574 -0.02670988 0.01297912
v -0.01384481 -0.02047323 -0.02078511
v -0.01330612 -0.02667653 0.01331309
v 0.02845213 -0.01792142 -0.00524398
v 0.01636592 -0.01601117 -0.02415860
v -0.01076455 -0.02658119 0.01537097
v -0.01901940 -0.02225601 -0.01274841
v -0.00331581 -0.01788737 -0.02680101
v 0.02501939 -0.02098595 0.00824425
v 0.00218176 -0.02581254 0.01964892
v 0.02803755 -0.01910652 0.00026388
v 0.01676386 -0.02345434 0.01678871
v -0.00385095 -0.01800499 -0.02661456
v 0.02774992 -0.01937914 0.00109251
v 0.02794245 -0.01907340 0.00076656
v 0.01647138 -0.02351879 0.01696746
v -0.02045537 -0.02476327 -0.00115348
v 0.02062286 -0.02248914 0.01347605
v 0.02701659 -0.01975417 0.00371777
v 0.02689812 -0.01985240 0.00405785
v 0.00628587 -0.01666354 -0.02727924
v -0.01350135 -0.02021619 -0.02127403
v 0.01724902 -0.02322559 0.01656952
v 0.00152945 -0.02579096 0.01964788
v 0.02567471 -0.01669461 -0.01410678
v 0.02833180 -0.01865330 -0.00073848
v -0.00571771 -0.02636730 0.01814514
v 0.00548362 -0.02520844 0.02003781
v -0.00073965 -0.01744039 -0.02742416
v 0.01330403 -0.01591657 -0.02567266
v 0.01365751 -0.01593883 -0.02551360
v 0.00897884 -0.01613273 -0.02686865
v 0.00955710 -0.01620027 -0.02669297
v -0.01186430 -0.02632473 0.01487919
v -0.01902897 -0.02551985 0.00509646
v 0.01709856 -0.01600395 -0.02369656
v -0.01881265 -0.02206568 -0.01321714
v 0.02531118 -0.02069750 0.00798594
v 0.02850684 -0.01840551 -0.00181461
v 0.01454270 -0.02369220 0.01809234
v -0.00273299 -0.01765477 -0.02704769
v 0.00298004 -0.02544402 0.01994243
v 0.01284822 -0.02419227 0.01854624
v 0.02766535 -0.01927565 0.00166954
v 0.02685578 -0.01701768 -0.01157549
v 0.00642035 -0.02516991 0.01994071
v 0.00568524 -0.01642709 -0.02746119
v 0.00613581 -0.01647744 -0.02736931
v 0.02635992 -0.02008689 0.00575302
v -0.01037727 -0.01916565 -0.02388513
v 0.00704042 -0.02492630 0.02001131
v 0.02283437 -0.01574113 -0.01914068
v 0.02268275 -0.01550783 -0.01940266
v -0.01445969 -0.02649089 0.01227802
v -0.01998317 -0.02505439 0.00255473
v -0.01292332 -0.01956762 -0.02214180
v 0.01287189 -0.01584530 -0.02584826
v -0.01980656 -0.02501825 0.00372252
v -0.00836952 -0.01854535 -0.02496758
v 0.02512248 -0.02071644 0.00834315
v 0.01622410 -0.01555559 -0.02437618
v -0.01077035 -0.02633007 0.01560299
v 0.01684517 -0.01558037 -0.02399646
v 0.02239466 -0.02146321 0.01201593
v -0.02080409 -0.02419122 -0.00285419
v 0.02824354 -0.01869138 -0.00015743
v -0.02085434 -0.02421358 -0.00195873
v 0.02809293 -0.01880742 0.00052769
v -0.01081795 -0.01905502 -0.02374831
v -0.02056709 -0.02465522 -0.00012733
v 0.02774030 -0.01678690 -0.00963753
v 0.02773279 -0.01691020 -0.00953040
v -0.02054431 -0.02468696 0.00081347
v 0.00681198 -0.02496964 0.02002881
v 0.01799331 -0.02277490 0.01620004
v 0.01751700 -0.02307072 0.01645324
v 0.02563217 -0.02041355 0.00759027
v -0.01888935 -0.02542840 0.00577717
v 0.02540311 -0.01607022 -0.01503408
v 0.01862494 -0.01557789 -0.02284486
v 0.02551637 -0.01639389 -0.01463325
v 0.01929983 -0.01552285 -0.02234761
v 0.02847438 -0.01844071 -0.00148349
v 0.02685498 -0.01676236 -0.01176474
v -0.02084528 -0.02424413 -0.00136722
v 0.00559269 -0.02492752 0.02025608
v -0.01163320 -0.01872169 -0.02349619
v 0.00614300 -0.02498876 0.02012921
v 0.01694839 -0.02286766 0.01708283
v 0.02642174 -0.01986922 0.00590314
v -0.00596002 -0.02610734 0.01830638
v -0.00638706 -0.02609962 0.01814167
v 0.02589071 -0.02017242 0.00723309
v -0.01307121 -0.01946128 -0.02208873
v -0.00130818 -0.02554691 0.01967204
v 0.02544485 -0.02028686 0.00814087
v -0.02082898 -0.02345226 -0.00619680
v 0.02133120 -0.02179415 0.01324043
v -0.01933163 -0.02190249 -0.01267442
v -0.00886301 -0.02613014 0.01690828
v -0.02096021 -0.02404797 -0.00223461
v 0.00483940 -0.02511038 0.02017541
v -0.01492334 -0.02011552 -0.01998675
v -0.01999772 -0.02245812 -0.01080673
v -0.02038246 -0.02268103 -0.00945847
v -0.00196219 -0.01704578 -0.02742079
v -0.02077200 -0.02438395 0.00007807
v -0.02068954 -0.02450731 0.00060103
v -0.02053593 -0.02463297 0.00118109
v 0.01397486 -0.01547232 -0.02555038
v 0.02877043 -0.01751039 -0.00413206
v 0.02479299 -0.02046970 0.00916325
v -0.01936100 -0.02124803 -0.01327890
v 0.02861147 -0.01813306 -0.00232198
v 0.01879266 -0.01542395 -0.02278710
v -0.01995317 -0.02185847 -0.01171263
v 0.02577077 -0.01624152 -0.01424252
v -0.02022221 -0.02248427 -0.01023795
v 0.02180207 -0.01518963 -0.02039523
v -0.02064275 -0.02454589 0.00090069
v 0.02785728 -0.01657574 -0.00951221
v -0.01376204 -0.02583365 0.01384012
v -0.02033615 -0.02456832 0.00257793
v 0.02571050 -0.02003897 0.00784449
v -0.00952679 -0.01834184 -0.02465303
v 0.00762750 -0.01584354 -0.02728195
v -0.01297524 -0.01920556 -0.02231077
v -0.01343394 -0.02582003 0.01415964
v -0.01984689 -0.02484220 0.00411978
v 0.01424692 -0.01517355 -0.02554396
v 0.01132310 -0.01539033 -0.02647262
v 0.02879287 -0.01754747 -0.00364664
v 0.02871464 -0.01783893 -0.00216224
v 0.00471584 -0.02500242 0.02026980
v -0.02009122 -0.02215170 -0.01105669
v 0.02829803 -0.01830605 0.00030258
v 0.02086232 -0.02163620 0.01402381
v -0.02048737 -0.02206068 -0.01033792
v 0.02746272 -0.01623513 -0.01084115
v 0.01747609 -0.02255215 0.01688250
v 0.01724834 -0.02267982 0.01698926
v 0.01856016 -0.02232964 0.01597310
v 0.02634116 -0.01961503 0.00661708
v -0.01024328 -0.01844095 -0.02432118
v 0.02617035 -0.01983342 0.00688667
v 0.02608459 -0.01976974 0.00721038
v -0.00275940 -0.02550375 0.01954866
v 0.02393372 -0.02063360 0.01044634
v 0.01472548 -0.01501800 -0.02534348
v -0.01302675 -0.02577383 0.01456574
v 0.01740860 -0.01517982 -0.02376866
v 0.00279846 -0.02500775 0.02027637
v 0.01242514 -0.01532831 -0.02617372
v -0.01796942 -0.02531720 0.00826943
v 0.02867063 -0.01791934 -0.00159621
v 0.01358309 -0.02321439 0.01887831
v 0.02760386 -0.01625690 -0.01048058
v 0.00797025 -0.02431190 0.02026427
v -0.00224637 -0.01669688 -0.02749503
v 0.01795490 -0.02233966 0.01659409
v -0.01459080 -0.02573119 0.01309674
v 0.02542808 -0.01984031 0.00862924
v 0.01628960 -0.01493983 -0.02452090
v 0.02885125 -0.01745686 -0.00317800
v 0.02112109 -0.02157064 0.01373576
v 0.01817220 -0.01488912 -0.02337621
v -0.01773051 -0.02536497 0.00872122
v 0.02033195 -0.02179074 0.01451788
v 0.00732609 -0.02410182 0.02056232
v -0.01270725 -0.01870635 -0.02280206
v 0.02628247 -0.01944588 0.00702508
v 0.00836302 -0.02418814 0.02022816
v 0.02392241 -0.02041065 0.01066046
v 0.01253869 -0.01510390 -0.02621340
v -0.01025251 -0.01811600 -0.02448298
v 0.01352668 -0.01484648 -0.02595083
v 0.02513490 -0.02002306 0.00898403
v -0.01286837 -0.02566671 0.01481549
v 0.02454838 -0.01493244 -0.01715641
v 0.02887504 -0.01726368 -0.00397057
v 0.01603627 -0.01481510 -0.02470043
v 0.02891758 -0.01723173 -0.00249947
v -0.01952452 -0.02135294 -0.01295061
v 0.02877992 -0.01762217 -0.00189538
v -0.02148106 -0.02312761 -0.00389826
v 0.01889207 -0.02195213 0.01592989
v -0.02126903 -0.02364431 -0.00213126
v -0.02025581 -0.02186175 -0.01111595
v 0.02062061 -0.02154537 0.01440224
v -0.02137578 -0.02352259 -0.00104858
v 0.02033422 -0.02163935 0.01464795
v 0.01383070 -0.02313830 0.01881923
v -0.01996695 -0.02152257 -0.01210693
v -0.00466956 -0.02546263 0.01926758
v 0.01841076 -0.02210058 0.01631608
v 0.02802851 -0.01603762 -0.00954067
v -0.02106391 -0.02245684 -0.00798287
v 0.00772282 -0.02405887 0.02050816
v -0.01455997 -0.02561256 0.01327022
v 0.02582046 -0.01944436 0.00823720
v 0.02341189 -0.01513015 -0.01871695
v -0.01249202 -0.01858172 -0.02303242
v 0.02420759 -0.01523077 -0.01753855
v -0.00037992 -0.02490299 0.02021012
v 0.02491319 -0.01529894 -0.01631828
v 0.02900971 -0.01695586 -0.00346217
v 0.01198800 -0.01495617 -0.02642843
v -0.00837393 -0.01736242 -0.02557715
v 0.01451594 -0.02290893 0.01859941
v 0.02050148 -0.01476736 -0.02172837
v 0.01730928 -0.02230725 0.01718878
v -0.02014356 -0.02152114 -0.01176704
v 0.00682035 -0.02386112 0.02084088
v 0.01781519 -0.02205851 0.01690606
v 0.02796195 -0.01585968 -0.00990563
v 0.00796282 -0.02364778 0.02073602
v -0.00429790 -0.02531573 0.01950280
v -0.01154875 -0.01805529 -0.02390513
v -0.01186256 -0.01837652 -0.02356408
v -0.01137076 -0.01845074 -0.02379504
v 0.02354316 -0.01501554 -0.01859467
v -0.01330029 -0.02552161 0.01459796
v 0.02426226 -0.02018861 0.01031696
v 0.00806079 -0.01491028 -0.02750043
v -0.01960992 -0.02447672 0.00585641
v 0.02895879 -0.01673660 -0.00497642
v 0.02892194 -0.01723698 -0.00296927
v -0.01862874 -0.02474057 0.00787491
v -0.00642167 -0.01699592 -0.02635586
v 0.02691637 -0.01565666 -0.01234641
v 0.02865778 -0.01766877 -0.00056909
v -0.00762585 -0.02540568 0.01817689
v 0.02816447 -0.01794328 0.00160550
v 0.02744290 -0.01568654 -0.01129238
v 0.01686654 -0.02222105 0.01761534
v -0.00619975 -0.01684760 -0.02648991
v 0.02779368 -0.01569298 -0.01044530
v 0.02469674 -0.01976503 0.00999171
v 0.02601049 -0.01928931 0.00796756
v 0.02897254 -0.01681271 -0.00465791
v 0.01178471 -0.02336173 0.01954180
v 0.01672340 -0.01436727 -0.02442747
v 0.01634820 -0.02236715 0.01789697
v -0.02176077 -0.02233063 -0.00585640
v 0.02118557 -0.02118235 0.01401047
v 0.02102422 -0.02114380 0.01425394
v 0.02052224 -0.02129091 0.01471607
v -0.00881527 -0.02549748 0.01751982
v -0.00455081 -0.02516173 0.01956154
v -0.00418503 -0.02517165 0.01964483
v 0.02694881 -0.01875126 0.00576497
v 0.02553123 -0.01954787 0.00868403
v 0.02652202 -0.01904134 0.00678738
v 0.01289809 -0.01430663 -0.02632023
v 0.01369140 -0.01446925 -0.02599459
v 0.02425136 -0.01491080 -0.01762879
v 0.01468890 -0.01437076 -0.02556726
v 0.02897527 -0.01648862 -0.00542177
v 0.01493828 -0.01454134 -0.02538192
v -0.01201959 -0.01778987 -0.02377554
v 0.02503930 -0.01507147 -0.01622545
v 0.01633427 -0.01445574 -0.02463522
v 0.01613173 -0.02243133 0.01798978
v -0.02175080 -0.02263097 -0.00451143
v -0.00913748 -0.02538832 0.01744281
v 0.01849349 -0.01446472 -0.02330521
v 0.02891340 -0.01696938 -0.00108889
v 0.01141869 -0.01460363 -0.02669906
v -0.02160385 -0.02297777 -0.00373411
v -0.00811388 -0.02518746 0.01813909
v 0.01385341 -0.02254347 0.01917171
v -0.00825978 -0.01712244 -0.02573348
v 0.02087414 -0.01442450 -0.02157763
v 0.00496213 -0.02409964 0.02088132
v 0.00535006 -0.02402068 0.02090889
v -0.00909629 -0.01741980 -0.02529415
v 0.02827938 -0.01580277 -0.00892349
v -0.00365931 -0.02483361 0.01997581
v -0.01420665 -0.01855745 -0.02168796
v -0.02027350 -0.02411760 0.00454743
v -0.02015767 -0.02422395 0.00471919
v -0.01111276 -0.01778390 -0.02424465
v 0.02222772 -0.02044487 0.01316996
v -0.02162083 -0.02233034 -0.00639470
v 0.02041447 -0.02101014 0.01505828
v -0.01907412 -0.02452396 0.00721790
v -0.02181402 -0.02245470 -0.00495246
v -0.00172994 -0.02481162 0.02018970
v 0.01946156 -0.02131252 0.01584846
v 0.02053625 -0.01433759 -0.02186314
v 0.02781069 -0.01528682 -0.01067630
v -0.02066823 -0.02130084 -0.01098234
v 0.02817303 -0.01558690 -0.00949630
v -0.01984311 -0.02067686 -0.01310312
v 0.00780376 -0.02356018 0.02083930
v 0.02667905 -0.01866766 0.00675727
v 0.02638284 -0.01887149 0.00742140
v 0.02899856 -0.01611381 -0.00589086
v 0.02432321 -0.01973514 0.01059218
v -0.00033377 -0.02459105 0.02043843
v -0.01527580 -0.01871989 -0.02064553
v -0.02011968 -0.02408607 0.00522953
v 0.02922276 -0.01629153 -0.00327357
v -0.01749201 -0.01947651 -0.01752291
v 0.02161453 -0.02050613 0.01398752
v 0.02748090 -0.01550806 -0.01132057
v 0.01673069 -0.02176352 0.01800937
v 0.01705199 -0.02155660 0.01789071
v 0.02802317 -0.01525795 -0.01016357
v 0.01885304 -0.02133255 0.01643841
v -0.01025197 -0.01746211 -0.02480506
v -0.00847660 -0.01704890 -0.02569561
v -0.00891845 -0.01702134 -0.02554662
v 0.02699322 -0.01858075 0.00586552
v -0.01464292 -0.01839049 -0.02141882
v 0.01338954 -0.01403188 -0.02622199
v 0.02450084 -0.01951511 0.01048270
v 0.02434909 -0.01405436 -0.01785065
v 0.02916789 -0.01604423 -0.00517912
v 0.02912388 -0.01628863 -0.00496498
v -0.02024432 -0.02399567 0.00503402
v 0.02919802 -0.01616006 -0.00459937
v 0.02596099 -0.01469648 -0.01478761
v -0.01673355 -0.01912109 -0.01885049
v -0.01949823 -0.02415411 0.00685289
v -0.00128518 -0.02466189 0.02033572
v 0.02833973 -0.01739425 0.00161095
v 0.02070238 -0.01398952 -0.02183948
v 0.02142094 -0.01398878 -0.02122775
v -0.02035046 -0.02067882 -0.01229424
v 0.00658071 -0.02358255 0.02107901
v -0.02073948 -0.02102916 -0.01118571
v 0.02816309 -0.01529751 -0.00973907
v 0.02491390 -0.01939474 0.00990288
v 0.02716580 -0.01831622 0.00557553
v 0.02896406 -0.01579482 -0.00647071
v 0.02404705 -0.01403839 -0.01830462
v 0.01426840 -0.01410235 -0.02583522
v -0.02193693 -0.02215776 -0.00557424
v 0.02911606 -0.01588166 -0.00571377
v 0.01505144 -0.01400129 -0.02546464
v 0.02186486 -0.02041780 0.01371443
v 0.00151590 -0.02422008 0.02077498
v 0.02582221 -0.01456765 -0.01513550
v 0.01565184 -0.02183701 0.01860663
v -0.01728917 -0.01927831 -0.01798459
v 0.01825433 -0.01390846 -0.02358794
v 0.01362973 -0.02243263 0.01934173
v 0.01623918 -0.02179888 0.01828695
v -0.02024212 -0.02050382 -0.01266401
v 0.00990166 -0.01410755 -0.02728999
v 0.02220470 -0.01366685 -0.02061011
v 0.00728989 -0.02338956 0.02107084
v 0.02827880 -0.01533386 -0.00933476
v 0.02741855 -0.01806308 0.00486569
v 0.01468223 -0.01392199 -0.02568161
v -0.00439093 -0.01588466 -0.02737878
v 0.02148306 -0.02039993 0.01425571
v 0.02575890 -0.01448624 -0.01528259
v 0.02104255 -0.02059496 0.01464271
v 0.02921097 -0.01631968 -0.00290906
v -0.02211143 -0.02210057 -0.00461700
v -0.01533766 -0.01846627 -0.02076498
v 0.01995057 -0.02079299 0.01571883
v 0.01922977 -0.02103196 0.01629027
v -0.01853955 -0.02426549 0.00896810
v 0.02851074 -0.01714281 0.00111848
v 0.00954011 -0.01430039 -0.02734379
v -0.01724457 -0.02434869 0.01131767
v 0.00636755 -0.02334448 0.02126886
v -0.00617781 -0.01600214 -0.02686407
v 0.01277383 -0.01393958 -0.02646551
v 0.02315581 -0.01377356 -0.01957789
v 0.02925275 -0.01594591 -0.00469803
v 0.00367875 -0.02368246 0.02120838
v 0.02039512 -0.02061991 0.01537712
v -0.01712378 -0.01884410 -0.01859943
v 0.02102822 -0.01357288 -0.02169249
v 0.02139822 -0.01362578 -0.02136887
v 0.02174365 -0.01362316 -0.02106045
v -0.01193567 -0.01715712 -0.02413613
v -0.00564245 -0.02435868 0.01987261
v 0.00928768 -0.01380750 -0.02754219
v -0.00330218 -0.02439113 0.02034221
v 0.02283864 -0.01376797 -0.01994156
v -0.02188354 -0.02119847 -0.00832031
v -0.01027051 -0.01684564 -0.02509869
v 0.02907230 -0.01562002 -0.00630055
v -0.00918923 -0.01644430 -0.02570198
v 0.02585944 -0.01408712 -0.01528653
v -0.01592667 -0.01823574 -0.02035743
v -0.01380488 -0.01752439 -0.02264510
v -0.01837406 -0.02409105 0.00965053
v -0.01237003 -0.01723159 -0.02385270
v 0.00504431 -0.02341152 0.02134362
v 0.01899616 -0.02068034 0.01673327
v 0.00599211 -0.02328224 0.02137044
v 0.02792939 -0.01481138 -0.01065416
v -0.01752118 -0.01893187 -0.01800409
v -0.02058554 -0.02024816 -0.01230743
v -0.01266787 -0.01724676 -0.02366420
v -0.00567471 -0.01575793 -0.02710576
v 0.02202456 -0.01994822 0.01385628
v -0.00962260 -0.01653012 -0.02550250
v 0.00421539 -0.02344956 0.02136054
v 0.02084552 -0.02018294 0.01515135
v 0.02115190 -0.02020614 0.01478416
v 0.01945708 -0.02065355 0.01630201
v -0.02214835 -0.02234285 -0.00271221
v 0.02850771 -0.01681760 0.00165471
v -0.01761918 -0.02419513 0.01092193
v -0.01759753 -0.01862304 -0.01818734
v -0.00484978 -0.02436948 0.02010396
v 0.00657314 -0.02305451 0.02141941
v 0.02763166 -0.01749270 0.00481219
v -0.00396041 -0.02412443 0.02046788
v 0.02930684 -0.01511675 -0.00584400
v -0.00667513 -0.01584608 -0.02677708
v -0.02222618 -0.02139969 -0.00665802
v 0.02940980 -0.01568927 -0.00320995
v 0.01839749 -0.01336887 -0.02361968
v 0.02600431 -0.01403291 -0.01505838
v 0.01731889 -0.02084273 0.01808640
v 0.01696607 -0.02111370 0.01820626
v -0.01747051 -0.02415027 0.01126892
v -0.01159725 -0.01680640 -0.02449815
v 0.02266865 -0.01331176 -0.02027528
v -0.00435689 -0.02420504 0.02035237
v 0.02319605 -0.01320865 -0.01975742
v -0.02165139 -0.02083855 -0.00942988
v -0.02181470 -0.02100824 -0.00880544
v 0.02915104 -0.01518307 -0.00641291
v -0.02209345 -0.02104120 -0.00800441
v 0.02447989 -0.01370537 -0.01780029
v -0.01428255 -0.02419374 0.01512537
v -0.01398488 -0.02443259 0.01515118
v -0.00998320 -0.01629793 -0.02545255
v 0.00874382 -0.02274445 0.02113445
v -0.02231371 -0.02099890 -0.00737949
v 0.00966848 -0.02265316 0.02085700
v 0.02947497 -0.01530713 -0.00419593
v 0.02194897 -0.01977209 0.01409068
v 0.02949786 -0.01539554 -0.00282068
v 0.02023352 -0.02034526 0.01572249
v 0.01448167 -0.02168444 0.01932473
v 0.00603443 -0.02308736 0.02148811
v -0.01271162 -0.01697620 -0.02377159
v -0.00503546 -0.02424163 0.02014888
v -0.01104566 -0.01657275 -0.02486551
v 0.01007453 -0.02231331 0.02093807
v 0.00836936 -0.02264080 0.02132851
v 0.02936651 -0.01475251 -0.00603390
v -0.01479146 -0.02427179 0.01455662
v 0.00434387 -0.02307146 0.02160756
v 0.02942540 -0.01555921 -0.00371158
v -0.01385048 -0.02434038 0.01535634
v 0.02912074 -0.01606636 -0.00064165
v -0.01383657 -0.01731984 -0.02274014
v 0.02862731 -0.01639807 0.00162146
v 0.02694021 -0.01422737 -0.01311115
v 0.00483167 -0.02300329 0.02163130
v -0.01811894 -0.02385255 0.01053804
v -0.01768997 -0.02396110 0.01117938
v 0.00555740 -0.02285082 0.02168027
v 0.02803391 -0.01445663 -0.01058720
v -0.01765293 -0.01837374 -0.01831796
v 0.02667891 -0.01788917 0.00767401
v -0.00722678 -0.02417077 0.01944842
v 0.02638857 -0.01793841 0.00828947
v -0.01183860 -0.01656635 -0.02448167
v -0.01670637 -0.01819650 -0.01959199
v -0.00606236 -0.02401132 0.01999495
v 0.02761991 -0.01704968 0.00540922
v -0.00624823 -0.01550462 -0.02705188
v -0.00541642 -0.01541651 -0.02731593
v -0.02180885 -0.02058736 -0.00942851
v 0.02491562 -0.01338709 -0.01723115
v -0.02238842 -0.02112743 -0.00676167
v -0.01330504 -0.02412920 0.01597216
v 0.02125736 -0.01987280 0.01488550
v 0.02047195 -0.02008496 0.01563141
v 0.01531982 -0.01291457 -0.02558322
v -0.01275313 -0.02426841 0.01622731
v -0.02244086 -0.02159478 -0.00480247
v -0.01842672 -0.02384332 0.00995792
v -0.02003547 -0.01914574 -0.01422109
v -0.01723533 -0.02379278 0.01215787
v -0.01654989 -0.02396758 0.01287792
v -0.01705131 -0.01793604 -0.01943133
v 0.02792000 -0.01702058 0.00419837
v 0.02224306 -0.01292339 -0.02082733
v 0.02314599 -0.01303856 -0.01987446
v -0.02124586 -0.02012192 -0.01118587
v 0.02689435 -0.01767778 0.00730029
v -0.01151022 -0.01632582 -0.02474881
v -0.00591630 -0.01519829 -0.02726279
v -0.00501521 -0.01518308 -0.02749750
v 0.02168170 -0.01913681 0.01483094
v -0.02256451 -0.02150361 -0.00433656
v -0.00960605 -0.02414686 0.01829648
v -0.00918745 -0.02405393 0.01860527
v 0.01870448 -0.02040433 0.01716470
v -0.02231717 -0.02211005 0.00041984
v -0.00395307 -0.02356273 0.02084550
v -0.01629133 -0.02398236 0.01317171
v 0.02714354 -0.01737320 0.00687561
v -0.01223644 -0.01657231 -0.02425340
v 0.02660097 -0.01758470 0.00812509
v 0.00792589 -0.02246893 0.02153944
v 0.00870857 -0.02220816 0.02149649
v -0.01451512 -0.02368148 0.01536440
v -0.01363262 -0.02399913 0.01584228
v -0.02238702 -0.02052907 -0.00813002
v 0.02091857 -0.01968983 0.01536762
v -0.01185036 -0.02396888 0.01711702
v -0.01072223 -0.02413435 0.01766050
v 0.01657485 -0.02081538 0.01863743
v -0.01907747 -0.02356093 0.00902299
v -0.01634482 -0.01748995 -0.02046326
v 0.02807411 -0.01665989 0.00399138
v -0.02083465 -0.02006606 -0.01203381
v -0.01571318 -0.02391498 0.01393363
v 0.02435253 -0.01309954 -0.01821886
v -0.01475782 -0.02369456 0.01513978
v -0.00272787 -0.02349419 0.02104981
v -0.02239791 -0.02061368 -0.00793634
v -0.02260224 -0.02073307 -0.00695288
v 0.00827821 -0.02211531 0.02168000
v -0.01316368 -0.02395008 0.01623842
v -0.00545013 -0.01473563 -0.02755722
v 0.01219526 -0.01294808 -0.02690523
v 0.00292674 -0.02287158 0.02170463
v 0.01660852 -0.01282501 -0.02483616
v 0.02204494 -0.01913901 0.01437263
v 0.02946755 -0.01539017 -0.00203827
v 0.02931135 -0.01566337 -0.00123549
v 0.01865852 -0.01272434 -0.02359592
v 0.02696226 -0.01344881 -0.01345330
v 0.00487620 -0.02250562 0.02193338
v -0.00417147 -0.02359876 0.02078563
v -0.01660473 -0.02368648 0.01314003
v -0.00226818 -0.02328415 0.02123041
v 0.02680093 -0.01725297 0.00792621
v 0.01454960 -0.01263548 -0.02603900
v 0.02637200 -0.01758926 0.00858018
v 0.02949955 -0.01462754 -0.00554427
v -0.01348740 -0.02383249 0.01609897
v 0.01189071 -0.01296447 -0.02700438
v 0.02957015 -0.01470439 -0.00498670
v -0.01076784 -0.02369387 0.01797769
v 0.01463049 -0.02096267 0.01964791
v -0.00962656 -0.02387703 0.01850767
v 0.01401932 -0.02120511 0.01982721
v 0.01736025 -0.02021648 0.01839151
v 0.01785387 -0.02010896 0.01806156
v -0.00713044 -0.02364325 0.01987664
v -0.00675418 -0.02368301 0.02000817
v 0.00594486 -0.02238446 0.02193005
v -0.01750894 -0.02352873 0.01209601
v 0.02198630 -0.01253400 -0.02119481
v -0.01612014 -0.01708163 -0.02094248
v 0.02708357 -0.01719661 0.00727401
v 0.02695476 -0.01732347 0.00751959
v -0.01535969 -0.02360801 0.01461791
v 0.01000971 -0.02175054 0.02133321
v -0.01222358 -0.01586615 -0.02458363
v 0.02494983 -0.01289619 -0.01738729
v 0.01499888 -0.01249138 -0.02584929
v 0.01561414 -0.01266560 -0.02547564
v -0.01240555 -0.01601059 -0.02442840
v 0.02194291 -0.01897264 0.01461662
v -0.01147149 -0.02374896 0.01751506
v 0.02947745 -0.01529369 -0.00177960
v 0.02941671 -0.01532614 -0.00132566
v 0.01891839 -0.01255348 -0.02346730
v 0.01477255 -0.02062053 0.01975526
v -0.00853260 -0.02382108 0.01911596
v -0.02242073 -0.02195100 0.00042696
v 0.00622713 -0.02234603 0.02191363
v -0.02233908 -0.02203488 0.00110411
v -0.01738709 -0.02337764 0.01250750
v -0.02003722 -0.01892713 -0.01441130
v -0.01739851 -0.01747977 -0.01936852
v 0.02211322 -0.01251122 -0.02108969
v -0.01716145 -0.02329617 0.01290290
v -0.01748216 -0.01756545 -0.01920267
v 0.02779715 -0.01645157 0.00538933
v 0.00966144 -0.02173256 0.02148147
v 0.02946762 -0.01435401 -0.00599976
v -0.02278350 -0.02060798 -0.00652501
v -0.02229407 -0.01975480 -0.00942649
v 0.02520883 -0.01277972 -0.01699789
v 0.02029216 -0.01937272 0.01623369
v -0.00611657 -0.01444458 -0.02750072
v 0.01962696 -0.01968784 0.01673745
v -0.01308625 -0.02364680 0.01652451
v 0.02968770 -0.01475782 -0.00287317
v 0.02964012 -0.01487981 -0.00255964
v -0.01198495 -0.02371256 0.01722509
v 0.02612330 -0.01310044 -0.01524660
v -0.00909678 -0.01530344 -0.02616096
v 0.02817347 -0.01325373 -0.01077069
v -0.00629891 -0.02319482 0.02052668
v 0.02451374 -0.01806321 0.01137107
v -0.02214021 -0.02208291 0.00249081
v 0.02709925 -0.01680693 0.00757052
v 0.02347848 -0.01229682 -0.01971221
v 0.02657515 -0.01722018 0.00843703
v -0.00249784 -0.02313938 0.02131486
v -0.02279187 -0.02034795 -0.00719013
v -0.00193133 -0.02310280 0.02136986
v 0.02959174 -0.01421686 -0.00560529
v -0.02276130 -0.02002747 -0.00797966
v -0.01275915 -0.01584971 -0.02429824
v -0.02301819 -0.02072798 -0.00482724
v 0.02649252 -0.01296368 -0.01462032
v 0.01913587 -0.01967239 0.01719022
v -0.01794473 -0.02323161 0.01178839
v -0.00672759 -0.02335226 0.02025720
v -0.01764734 -0.02310249 0.01245887
v 0.02481961 -0.01784376 0.01103111
v -0.02252332 -0.02171745 0.00135888
v -0.00462820 -0.02315963 0.02096775
v -0.02223386 -0.02198520 0.00231889
v 0.02265432 -0.01864858 0.01387650
v -0.01591183 -0.02327145 0.01437969
v -0.01793809 -0.01822616 -0.01805267
v 0.01450404 -0.01233248 -0.02611875
v 0.02509536 -0.01262464 -0.01726063
v 0.02964405 -0.01433498 -0.00515814
v 0.02972261 -0.01430582 -0.00452143
v -0.01396669 -0.02328252 0.01614294
v -0.01339184 -0.02338340 0.01650407
v -0.02309611 -0.02044388 -0.00545848
v -0.02305395 -0.02075870 -0.00439590
v -0.00682703 -0.01461014 -0.02722435
v 0.02762216 -0.01333388 -0.01211200
v 0.00454561 -0.02227263 0.02209324
v -0.00908586 -0.01506878 -0.02624714
v -0.00765649 -0.02315297 0.01999352
v 0.02824510 -0.01595823 0.00403328
v -0.00596747 -0.02315992 0.02064233
v 0.02294970 -0.01847852 0.01353202
v 0.01127416 -0.02121813 0.02111963
v 0.01153901 -0.02109581 0.02106617
v 0.00863301 -0.02164986 0.02184825
v 0.00820948 -0.02180316 0.02187584
v 0.02671207 -0.01676089 0.00842757
v -0.02217066 -0.02184616 0.00322518
v -0.02217662 -0.02170089 0.00372346
v -0.01820043 -0.01730444 -0.01844825
v 0.00993483 -0.02156167 0.02147377
v 0.00948766 -0.02141010 0.02173369
v -0.01490749 -0.02326184 0.01537610
v 0.02973346 -0.01442231 -0.00377979
v 0.01967320 -0.01946822 0.01681496
v 0.02068805 -0.01909951 0.01595632
v -0.02301889 -0.02015763 -0.00669539
v -0.02113036 -0.02235970 0.00619595
v -0.02099529 -0.02238002 0.00654480
v -0.02302849 -0.02046600 -0.00576984
v 0.02958672 -0.01469578 -0.00150009
v 0.02950356 -0.01490596 -0.00123301
v -0.02298912 -0.02096404 -0.00318165
v 0.02730607 -0.01319107 -0.01289009
v -0.00932042 -0.02305314 0.01924797
v 0.02771543 -0.01312596 -0.01198738
v 0.02066433 -0.01187694 -0.02243189
v 0.00485081 -0.02215489 0.02214223
v -0.01877282 -0.02288120 0.01082791
v -0.01835649 -0.02287469 0.01157338
v 0.02495503 -0.01744666 0.01106782
v -0.01763558 -0.02292104 0.01269292
v -0.01317207 -0.01567906 -0.02410123
v 0.02718469 -0.01679814 0.00734109
v -0.00410724 -0.02296328 0.02119478
v -0.01789766 -0.01724095 -0.01891809
v 0.00924418 -0.02152028 0.02175479
v -0.01645861 -0.01686614 -0.02077761
v -0.01692464 -0.01691293 -0.02028947
v -0.01481799 -0.02314792 0.01553267
v 0.02970476 -0.01402489 -0.00516624
v -0.02300486 -0.02000851 -0.00712664
v 0.02188581 -0.01878223 0.01479746
v 0.01116289 -0.02107738 0.02124419
v -0.02249230 -0.02013012 -0.00851384
v 0.02974473 -0.01445538 -0.00256547
v -0.01270375 -0.01565991 -0.02441448
v 0.01114925 -0.01210900 -0.02743947
v 0.01752731 -0.01992658 0.01840769
v 0.01719618 -0.01991096 0.01865707
v -0.02050198 -0.02231587 0.00797176
v 0.01682824 -0.02007370 0.01883954
v 0.02041988 -0.01179837 -0.02261675
v 0.00751873 -0.02151208 0.02218622
v -0.01777698 -0.01704898 -0.01923463
v -0.02212062 -0.02159447 0.00429933
v 0.02982125 -0.01372621 -0.00473715
v -0.02149527 -0.02200227 0.00572847
v 0.02528494 -0.01179482 -0.01721261
v -0.02319808 -0.02045605 -0.00474355
v 0.01921668 -0.01942117 0.01725355
v -0.00712632 -0.01410994 -0.02732701
v -0.00624147 -0.02288988 0.02072934
v -0.00556883 -0.02287960 0.02092807
v 0.02779546 -0.01600914 0.00585299
v -0.02239205 -0.02156048 0.00305349
v 0.02283537 -0.01805267 0.01396258
v 0.02619727 -0.01692270 0.00932683
v 0.02954714 -0.01347580 -0.00637857
v 0.02112227 -0.01860091 0.01574036
v 0.02983114 -0.01386942 -0.00428924
v 0.02050931 -0.01862095 0.01639852
v -0.02138656 -0.02198382 0.00620519
v -0.02120181 -0.02215277 0.00643421
v 0.02982101 -0.01410349 -0.00366326
v -0.02265929 -0.01934666 -0.00913827
v -0.02326480 -0.02049117 -0.00376333
v 0.01882928 -0.01929327 0.01765610
v 0.01165440 -0.01176179 -0.02736354
v 0.01385994 -0.02036820 0.02034020
v -0.01035984 -0.02305432 0.01867800
v 0.01225533 -0.01151843 -0.02721050
v 0.01953825 -0.01873336 0.01727980
v -0.00753234 -0.02295850 0.02017919
v -0.00510450 -0.02272500 0.02113085
v 0.01126143 -0.02095202 0.02126319
v 0.00824735 -0.02130357 0.02215087
v 0.00888092 -0.02117636 0.02204166
v -0.00277544 -0.02233442 0.02176665
v -0.00133191 -0.02235668 0.02187149
v 0.01547237 -0.01161945 -0.02574274
v 0.02989852 -0.01387160 -0.00310103
v -0.01685642 -0.01643793 -0.02066222
v -0.02319213 -0.01943160 -0.00759340
v -0.02282389 -0.02006743 -0.00770841
v -0.02315804 -0.01960036 -0.00740894
v 0.02557216 -0.01714801 0.01024925
v -0.00918206 -0.02281296 0.01948552
v 0.02109676 -0.01154506 -0.02220784
v 0.02162185 -0.01168177 -0.02173821
v 0.02818182 -0.01557512 0.00480795
v 0.01303420 -0.01173164 -0.02685539
v 0.00787642 -0.02128863 0.02224981
v -0.02090891 -0.01846344 -0.01347738
v 0.02967751 -0.01329949 -0.00605380
v -0.01547543 -0.01583462 -0.02227371
v -0.02330354 -0.01971030 -0.00657390
v -0.02338767 -0.01971717 -0.00618337
v -0.02100480 -0.02205719 0.00715485
v -0.02333788 -0.02032974 -0.00421539
v -0.01944581 -0.02249040 0.01012329
v 0.02095662 -0.01140396 -0.02233569
v -0.01917039 -0.02234170 0.01087259
v -0.00782573 -0.01377498 -0.02717887
v 0.02796461 -0.01247002 -0.01168111
v 0.02290189 -0.01774609 0.01402869
v -0.02282979 -0.02113048 0.00215590
v 0.02628994 -0.01667445 0.00931513
v 0.02650420 -0.01624558 0.00918580
v 0.02304986 -0.01130612 -0.02050360
v -0.02243579 -0.02139203 0.00342306
v 0.02427319 -0.01131829 -0.01896666
v -0.02128815 -0.01804539 -0.01320446
v -0.01838120 -0.01670828 -0.01867014
v 0.01634210 -0.01957903 0.01937967
v -0.02163164 -0.02180661 0.00570364
v 0.02973281 -0.01405636 -0.00145582
v -0.01759171 -0.01654107 -0.01983040
v 0.02579649 -0.01673911 0.01013230
v -0.00711660 -0.01384262 -0.02741327
v -0.01176329 -0.01469476 -0.02529080
v 0.02259645 -0.01778648 0.01445461
v 0.00724873 -0.02116134 0.02241870
v -0.02295810 -0.02096450 0.00192275
v 0.02336858 -0.01105496 -0.02023479
v -0.02274920 -0.02113695 0.00263439
v 0.02378648 -0.01137495 -0.01960436
v -0.02066327 -0.01839066 -0.01394422
v -0.01689436 -0.02243358 0.01414921
v -0.00224157 -0.02220036 0.02190473
v 0.02996613 -0.01356935 -0.00322076
v 0.02104020 -0.01828365 0.01599545
v -0.01561838 -0.01585998 -0.02214004
v 0.02991369 -0.01372622 -0.00254877
v 0.02965369 -0.01419877 -0.00112124
v -0.02020715 -0.02214015 0.00902879
v 0.01124297 -0.01157370 -0.02754245
v 0.00369155 -0.02159676 0.02252520
v 0.00404598 -0.02152498 0.02257014
v 0.02141793 -0.01116380 -0.02201547
v -0.02320301 -0.02070832 0.00040260
v -0.00598961 -0.02227869 0.02116926
v -0.01710719 -0.02247438 0.01384621
v -0.02214668 -0.02144070 0.00460423
v -0.00126880 -0.02211553 0.02202706
v -0.02351949 -0.01962690 -0.00572291
v 0.02995176 -0.01364842 -0.00286447
v -0.02375897 -0.01953283 -0.00445979
v 0.02704072 -0.01197164 -0.01398852
v -0.02279094 -0.01883940 -0.00946155
v -0.02014169 -0.02204871 0.00933831
v -0.01010899 -0.02247098 0.01923542
v -0.00943747 -0.02247170 0.01958779
v -0.02330485 -0.02056077 -0.00006599
v -0.02326742 -0.02058006 0.00058148
v -0.00533888 -0.02214298 0.02140632
v 0.00743372 -0.02087068 0.02253842
v -0.00921290 -0.01383202 -0.02662775
v 0.02662390 -0.01599759 0.00908710
v 0.02215207 -0.01781194 0.01499605
v 0.01400747 -0.01982567 0.02049933
v -0.01106418 -0.02238282 0.01872930
v 0.02977524 -0.01376360 -0.00124379
v -0.01739767 -0.01648369 -0.02009960
v 0.02175759 -0.01089053 -0.02177643
v -0.01876867 -0.01650225 -0.01829175
v -0.00729659 -0.02215165 0.02078541
v -0.01175289 -0.01443262 -0.02540283
v -0.01123223 -0.01431272 -0.02566201
v -0.00715317 -0.01309672 -0.02756963
v 0.02802508 -0.01515214 0.00579935
v -0.02060381 -0.01714593 -0.01504838
v -0.01659008 -0.02226249 0.01458382
v -0.00265404 -0.02176645 0.02210186
v -0.02158955 -0.01798614 -0.01271691
v -0.00138365 -0.02181042 0.02220338
v -0.02359257 -0.01942367 -0.00597241
v 0.01759084 -0.01886527 0.01886557
v -0.02372547 -0.01967490 -0.00385411
v -0.02054421 -0.02163572 0.00908421
v -0.02080846 -0.02156721 0.00853958
v -0.01107876 -0.02215714 0.01887705
v -0.01874048 -0.01615102 -0.01857958
v -0.00700403 -0.02219187 0.02086873
v 0.02858722 -0.01477719 0.00375522
v 0.02295625 -0.01094901 -0.02069564
v -0.02304544 -0.02077081 0.00227527
v -0.02206362 -0.01801572 -0.01182190
v 0.02561787 -0.01116868 -0.01683727
v 0.01173545 -0.02004931 0.02148048
v -0.02262795 -0.01836513 -0.01036613
v 0.00233188 -0.02152109 0.02254895
v 0.01796640 -0.01864588 0.01868551
v 0.02640028 -0.01129851 -0.01543641
v -0.02320815 -0.01864310 -0.00880082
v -0.02325082 -0.01879987 -0.00844915
v 0.02716013 -0.01135985 -0.01399347
v -0.02343001 -0.02033702 -0.00008502
v -0.01901327 -0.02172853 0.01200490
v 0.02855363 -0.01201389 -0.01033585
v -0.02323731 -0.02052003 0.00190248
v 0.02625671 -0.01589977 0.00986508
v 0.02816777 -0.01500527 0.00542274
v -0.01707193 -0.02222032 0.01415571
v 0.02356799 -0.01081147 -0.02005549
v 0.02422560 -0.01087215 -0.01916015
v 0.02212020 -0.01743662 0.01519592
v 0.02112603 -0.01754543 0.01626876
v 0.02440503 -0.01081219 -0.01892826
v -0.02110859 -0.01740674 -0.01406580
v 0.02993233 -0.01259052 -0.00548021
v 0.02528238 -0.01062714 -0.01759075
v 0.02249210 -0.01727795 0.01482390
v -0.01356341 -0.01462413 -0.02434169
v 0.01710377 -0.01895775 0.01917332
v 0.00379866 -0.02120392 0.02275758
v -0.01203893 -0.01403875 -0.02540755
v -0.00715784 -0.02195009 0.02095492
v 0.00707668 -0.02044200 0.02281592
v 0.02844217 -0.01170382 -0.01077185
v -0.01909281 -0.01634402 -0.01793000
v -0.02330629 -0.02042441 0.00166858
v 0.02315614 -0.01695492 0.01407467
v 0.00913623 -0.02023487 0.02245755
v 0.02315252 -0.01072065 -0.02055649
v 0.02760543 -0.01522868 0.00715556
v 0.02395311 -0.01070050 -0.01957591
v -0.00423037 -0.02174658 0.02185746
v -0.02383968 -0.01928959 -0.00488904
v -0.02157543 -0.02107820 0.00743680
v -0.01462280 -0.01474414 -0.02355609
v -0.02312961 -0.01829684 -0.00934584
v 0.03000269 -0.01323916 -0.00245466
v 0.02725088 -0.01147817 -0.01374989
v 0.02889667 -0.01181753 -0.00946858
v -0.02325355 -0.02042833 0.00223387
v 0.02325401 -0.01051312 -0.02047220
v -0.02306789 -0.02052211 0.00307114
v -0.00372060 -0.02165721 0.02200973
v 0.00772305 -0.02031602 0.02277616
v -0.00335074 -0.02170241 0.02203800
v 0.01286893 -0.01052268 -0.02716354
v -0.02062948 -0.01687754 -0.01522427
v 0.03006896 -0.01247531 -0.00470385
v -0.02376477 -0.01871692 -0.00680336
v -0.02349597 -0.01922634 -0.00685731
v -0.02183232 -0.02102839 0.00674120
v -0.02378318 -0.01883441 -0.00646450
v 0.01641252 -0.01875564 0.01969035
v -0.02235712 -0.01766487 -0.01161165
v 0.00315067 -0.02106328 0.02284099
v 0.01910233 -0.01020595 -0.02380003
v -0.02385769 -0.01949365 -0.00336493
v -0.02333856 -0.01856340 -0.00854756
v -0.02348941 -0.01860881 -0.00803919
v -0.01603970 -0.01486486 -0.02233645
v 0.02874687 -0.01173932 -0.00992989
v 0.02907483 -0.01195982 -0.00888366
v -0.01255891 -0.01392208 -0.02518918
v -0.02324978 -0.02032861 0.00276224
v 0.00853977 -0.02007552 0.02269627
v 0.00972376 -0.01994556 0.02241123
v -0.02270540 -0.02064321 0.00445660
v -0.02095432 -0.01703591 -0.01461320
v 0.02575499 -0.01083936 -0.01670063
v -0.02214690 -0.02088237 0.00598020
v 0.01689459 -0.01824327 0.01960540
v 0.01799781 -0.01838438 0.01877793
v 0.01786013 -0.01841678 0.01886864
v -0.02362668 -0.01856550 -0.00765758
v -0.01304102 -0.01389840 -0.02493318
v -0.01233847 -0.01434727 -0.02514504
v -0.01919354 -0.01584680 -0.01815040
v 0.02359380 -0.01029689 -0.02011337
v 0.00723038 -0.02003644 0.02300269
v 0.02938548 -0.01196310 -0.00792666
v -0.00276779 -0.02141975 0.02227057
v 0.02631981 -0.01550897 0.00994674
v 0.01014894 -0.01974092 0.02233850
v -0.02264897 -0.02064091 0.00467896
v 0.02993705 -0.01212815 -0.00582679
v 0.02622960 -0.01064612 -0.01591733
v 0.02678752 -0.01106794 -0.01481537
v -0.02387723 -0.01954196 -0.00141643
v 0.01618181 -0.01838122 0.01998312
v -0.00790431 -0.01284963 -0.02743626
v 0.02833898 -0.01444807 0.00517514
v 0.02919432 -0.01153904 -0.00875459
v 0.00889616 -0.01974578 0.02276702
v 0.00929080 -0.01992312 0.02256665
v 0.02658288 -0.01522758 0.00959225
v 0.02768582 -0.01481666 0.00720067
v 0.02750813 -0.01482983 0.00775844
v 0.02434295 -0.01030244 -0.01910098
v -0.01133756 -0.01344100 -0.02593476
v 0.02674365 -0.01524450 0.00925081
v -0.01087772 -0.01329568 -0.02617606
v -0.02217861 -0.02047412 0.00675338
v -0.01591618 -0.01425438 -0.02274802
v 0.02698860 -0.01086616 -0.01449619
v 0.02727724 -0.01081297 -0.01390939
v 0.02986275 -0.01293108 -0.00069434
v -0.02369521 -0.01812176 -0.00811925
v 0.01586758 -0.01844523 0.02012730
v -0.01706042 -0.01496963 -0.02133100
v 0.02112800 -0.00992335 -0.02247372
v -0.00699999 -0.02126155 0.02140750
v 0.00747510 -0.02013030 0.02291146
v 0.00800469 -0.02007087 0.02282773
v -0.00502164 -0.02133682 0.02190216
v -0.01188503 -0.01347386 -0.02567145
v 0.02959000 -0.01176613 -0.00737410
v 0.01085023 -0.01944617 0.02217648
v 0.02499332 -0.01028913 -0.01811093
v 0.03009685 -0.01208148 -0.00503655
v -0.02241963 -0.02055166 0.00575899
v 0.03014173 -0.01212096 -0.00461843
v -0.02423383 -0.01853504 -0.00479077
v -0.02159321 -0.02089960 0.00768478
v 0.02675709 -0.01071832 -0.01496757
v -0.01683275 -0.01493973 -0.02156450
v 0.01952434 -0.01016894 -0.02353163
v -0.02081458 -0.02085621 0.00973563
v -0.01958489 -0.02128264 0.01158785
v 0.02891149 -0.01133390 -0.00966693
v 0.00657996 -0.01995562 0.02311434
v -0.02389566 -0.01931845 0.00193917
v -0.02334525 -0.02013636 0.00284295
v -0.02315565 -0.02018291 0.00370586
v 0.02385141 -0.01012215 -0.01983310
v 0.02402888 -0.01007205 -0.01959299
v 0.03018787 -0.01220942 -0.00386367
v -0.02380503 -0.01820693 -0.00760515
v 0.00519964 -0.02026852 0.02313097
v -0.01703845 -0.01441409 -0.02164769
v 0.02191956 -0.00974559 -0.02186012
v 0.02231052 -0.00960862 -0.02154464
v -0.01790800 -0.02123466 0.01405803
v 0.00856807 -0.01951731 0.02295042
v -0.02325191 -0.01998003 0.00381348
v -0.02298700 -0.02008306 0.00462782
v -0.02271577 -0.02021041 0.00539619
v -0.02132950 -0.01631058 -0.01461109
v -0.02265940 -0.02018194 0.00567776
v -0.00203316 -0.02089662 0.02264257
v 0.02537570 -0.01035436 -0.01749298
v 0.01898145 -0.00988927 -0.02393000
v 0.02978095 -0.01292647 -0.00026082
v -0.01973989 -0.02102042 0.01162187
v -0.01358778 -0.01363489 -0.02471724
v -0.02394019 -0.01941192 0.00010864
v -0.01874689 -0.02119480 0.01305488
v -0.00609166 -0.02118630 0.02172775
v -0.00456502 -0.02095625 0.02219783
v 0.02312211 -0.00959670 -0.02074393
v 0.02944661 -0.01135334 -0.00804306
v -0.01098295 -0.01275902 -0.02630223
v -0.00339486 -0.02091166 0.02243683
v 0.00947288 -0.01927651 0.02279744
v 0.02359908 -0.00961488 -0.02019923
v 0.02180260 -0.01655803 0.01595114
v 0.02963834 -0.01142232 -0.00740320
v -0.01226125 -0.01298625 -0.02564254
v 0.02995888 -0.01168020 -0.00602372
v 0.02072223 -0.01711568 0.01689631
v 0.03003963 -0.01170437 -0.00563855
v 0.00487779 -0.02023325 0.02318318
v -0.02231921 -0.02025194 0.00672892
v 0.03023424 -0.01194972 -0.00351842
v -0.02423824 -0.01840213 -0.00520000
v 0.01892071 -0.01750064 0.01837454
v 0.02712739 -0.01034720 -0.01438280
v 0.01115255 -0.01901885 0.02223909
v -0.02388727 -0.01777954 -0.00802012
v -0.01918289 -0.02093574 0.01267560
v 0.00697690 -0.01970544 0.02318116
v -0.01853462 -0.02108854 0.01343999
v 0.02281694 -0.00953476 -0.02107963
v -0.02380690 -0.01942206 0.00217681
v 0.02976509 -0.01136462 -0.00697281
v 0.01076857 -0.01902857 0.02240354
v 0.02741007 -0.01447148 0.00822163
v 0.03020878 -0.01143448 -0.00467857
v 0.02995227 -0.01250228 -0.00074256
v 0.02693211 -0.01020833 -0.01479138
v 0.02782956 -0.01034345 -0.01281774
v 0.02443553 -0.01583171 0.01276027
v 0.02802681 -0.01056587 -0.01228017
v 0.02827688 -0.01061071 -0.01164812
v -0.02388282 -0.01757988 -0.00828519
v 0.02095529 -0.00953376 -0.02266655
v -0.02378529 -0.01731232 -0.00885444
v 0.02140463 -0.00940620 -0.02233484
v 0.02878891 -0.01352622 0.00391646
v -0.01904179 -0.02087792 0.01295250
v -0.01738191 -0.01435334 -0.02134763
v -0.01895494 -0.01480644 -0.01924337
v 0.02928773 -0.01099980 -0.00870765
v -0.01907799 -0.01508108 -0.01888032
v 0.02752502 -0.01449609 0.00792559
v -0.02338259 -0.01976169 0.00370301
v 0.03010861 -0.01170455 -0.00522300
v 0.03020025 -0.01174338 -0.00447950
v -0.02422332 -0.01783797 -0.00668305
v 0.03018125 -0.01221603 -0.00227671
v 0.03015305 -0.01215790 -0.00172109
v 0.00118395 -0.02041667 0.02321517
v -0.01556741 -0.01381229 -0.02324964
v -0.02437055 -0.01840643 -0.00405009
v -0.01097198 -0.02110695 0.01959715
v -0.02093605 -0.02050251 0.01000668
v -0.02066157 -0.02073119 0.01026884
v -0.01976935 -0.02073181 0.01190359
v 0.02672565 -0.01446192 0.00970642
v 0.02683248 -0.01426060 0.00960014
v -0.01783021 -0.01422721 -0.02095326
v -0.00578223 -0.02061606 0.02211104
v 0.00891345 -0.01919180 0.02299794
v 0.02148061 -0.01657630 0.01632084
v -0.00236405 -0.02059107 0.02274700
v 0.03024860 -0.01188322 -0.00306105
v 0.00219930 -0.02018947 0.02335621
v 0.00165441 -0.02018883 0.02335032
v 0.03007285 -0.01227334 -0.00116132
v 0.02489701 -0.01524436 0.01233987
v -0.02120811 -0.02027798 0.00970628
v 0.02759060 -0.01002776 -0.01346284
v -0.00989931 -0.02091245 0.02032727
v -0.00944698 -0.02104563 0.02047824
v -0.01495549 -0.01330982 -0.02396358
v -0.02426561 -0.01883959 -0.00054772
v -0.00608345 -0.02086569 0.02190005
v -0.01872087 -0.01469815 -0.01960563
v 0.02272536 -0.00914221 -0.02120015
v -0.00535833 -0.02069067 0.02217083
v -0.01266629 -0.01272313 -0.02552589
v -0.02145239 -0.01596847 -0.01469538
v 0.00043083 -0.02031113 0.02322883
v 0.03022820 -0.01194283 -0.00231000
v -0.02444065 -0.01816077 -0.00455847
v -0.02427620 -0.01855343 -0.00438425
v -0.02364243 -0.01702113 -0.00955072
v -0.01147903 -0.02089700 0.01939523
v -0.01586938 -0.01367135 -0.02307341
v -0.01057245 -0.02089819 0.01998181
v 0.02025419 -0.00925516 -0.02322100
v -0.01438153 -0.01297753 -0.02448469
v -0.02426749 -0.01882890 -0.00119507
v -0.02414104 -0.01907072 -0.00080317
v 0.00857337 -0.01897977 0.02318015
v 0.02163592 -0.01594230 0.01641405
v -0.01139839 -0.01254074 -0.02619473
v -0.00023555 -0.02024529 0.02320782
v 0.00099202 -0.01990129 0.02348171
v 0.00291600 -0.01994802 0.02345093
v 0.02479372 -0.01522355 0.01250867
v -0.01658685 -0.01374684 -0.02241981
v 0.02060139 -0.00905711 -0.02300342
v -0.02441415 -0.01855448 -0.00078004
v 0.02823807 -0.01017711 -0.01190586
v 0.02191466 -0.00910492 -0.02196278
v 0.00763994 -0.01918306 0.02329154
v 0.02867959 -0.01017043 -0.01075126
v 0.00823393 -0.01918116 0.02318144
v -0.01813956 -0.02049905 0.01439444
v 0.02948367 -0.01053997 -0.00830213
v 0.02731594 -0.01410792 0.00861114
v 0.01276845 -0.00911196 -0.02748027
v 0.02580258 -0.00938885 -0.01698677
v -0.02433265 -0.01758485 -0.00671423
v 0.03026391 -0.01104848 -0.00452490
v 0.00183204 -0.01986259 0.02351989
v 0.00237062 -0.01996040 0.02347225
v 0.03019260 -0.01188022 -0.00165054
v -0.01522702 -0.01311535 -0.02384885
v -0.02114570 -0.02008687 0.01014295
v -0.01060114 -0.02076507 0.02004012
v -0.01802550 -0.01389838 -0.02092006
v -0.01478017 -0.01297544 -0.02422230
v -0.01901405 -0.01430711 -0.01948518
v 0.02333887 -0.00909724 -0.02055650
v -0.02379993 -0.01909111 0.00326310
v -0.02375405 -0.01893370 0.00391247
v -0.00280167 -0.02025806 0.02284970
v -0.02445435 -0.01747596 -0.00639260
v -0.01456205 -0.02045438 0.01760385
v 0.03033878 -0.01109298 -0.00374704
v -0.01231569 -0.01232069 -0.02582243
v -0.02266114 -0.01959430 0.00690194
v 0.00064221 -0.01974511 0.02353417
v -0.02254468 -0.01613696 -0.01275192
v 0.02788122 -0.00965747 -0.01290762
v -0.02393206 -0.01674313 -0.00912104
v -0.02069298 -0.02012349 0.01094999
v -0.00768034 -0.02030169 0.02166097
v -0.00600153 -0.02040690 0.02216141
v -0.01773286 -0.02036409 0.01494036
v -0.01750644 -0.02029119 0.01522813
v 0.02952802 -0.01026579 -0.00828385
v 0.02429790 -0.00901186 -0.01936493
v -0.02308508 -0.01922008 0.00613680
v 0.01728229 -0.01689578 0.01989676
v -0.02189116 -0.01544184 -0.01441310
v -0.01184806 -0.01194706 -0.02614521
v 0.03033463 -0.01132448 -0.00336162
v -0.01248577 -0.02065631 0.01888521
v 0.03024522 -0.01139991 -0.00179796
v -0.02282387 -0.01582013 -0.01254413
v -0.02322620 -0.01636045 -0.01121580
v 0.02208493 -0.00839877 -0.02186399
v -0.01862205 -0.01393811 -0.02021624
v -0.01893205 -0.02030068 0.01359945
v 0.02821141 -0.01323471 0.00645198
v -0.01724668 -0.02022921 0.01550994
v 0.03023897 -0.01093168 -0.00483407
v -0.00879134 -0.01153984 -0.02752043
v 0.02665209 -0.00940927 -0.01550644
v -0.02463962 -0.01738938 -0.00559220
v -0.02180334 -0.01973649 0.00904848
v -0.02302991 -0.01610089 -0.01188292
v -0.02160138 -0.01973823 0.00957159
v 0.02748073 -0.00947218 -0.01381484
v 0.01961926 -0.00867284 -0.02374666
v 0.02035362 -0.00880448 -0.02321912
v -0.02025732 -0.01999869 0.01187069
v 0.02612190 -0.01431905 0.01078877
v -0.01561696 -0.01272035 -0.02370798
v 0.02871199 -0.00981306 -0.01079801
v -0.00817623 -0.02019092 0.02151117
v 0.02890665 -0.01000484 -0.01019563
v 0.02907061 -0.00988911 -0.00978441
v 0.02200141 -0.01565350 0.01609906
v 0.02969158 -0.01032211 -0.00769184
v 0.02409541 -0.00875123 -0.01965196
v 0.01953647 -0.01608919 0.01840529
v -0.00949928 -0.01141470 -0.02728671
v -0.02292304 -0.01935304 0.00651245
v 0.01755413 -0.01670312 0.01978555
v -0.02473863 -0.01763373 -0.00381266
v -0.02477519 -0.01762529 -0.00338123
v -0.02131765 -0.01987487 0.01004762
v 0.01601165 -0.01721634 0.02053984
v 0.02819396 -0.00933303 -0.01220107
v -0.02434020 -0.01836087 0.00205825
v -0.01847307 -0.01354530 -0.02063311
v 0.02818803 -0.01266740 0.00691135
v 0.02103249 -0.01546657 0.01722169
v 0.02443287 -0.00869760 -0.01921013
v 0.03008655 -0.01036288 -0.00617155
v 0.03013021 -0.01042488 -0.00590925
v 0.01450662 -0.00842574 -0.02682103
v 0.03037778 -0.01076934 -0.00361852
v -0.02273322 -0.01939109 0.00701632
v -0.02471091 -0.01704278 -0.00605476
v 0.03038369 -0.01067270 -0.00334281
v 0.00050351 -0.01938364 0.02369262
v 0.03032396 -0.01095839 -0.00248358
v -0.01338015 -0.02021105 0.01857490
v -0.01067875 -0.01131013 -0.02684110
v 0.00291785 -0.01928844 0.02377626
v 0.01985260 -0.00837507 -0.02364326
v 0.01037098 -0.01806679 0.02301156
v 0.00918236 -0.01817067 0.02335095
v 0.02968523 -0.00997279 -0.00785020
v 0.00476928 -0.01888429 0.02380515
v 0.02708279 -0.01341315 0.00938593
v -0.01498267 -0.02011881 0.01751546
v -0.01017138 -0.01151004 -0.02700401
v 0.00103725 -0.01938275 0.02374872
v -0.02290562 -0.01926780 0.00671687
v -0.01462080 -0.02006015 0.01780619
v 0.00165369 -0.01921196 0.02384599
v 0.01740098 -0.01659792 0.01993662
v 0.02670501 -0.00902041 -0.01548089
v -0.02216453 -0.01506427 -0.01427659
v -0.02193911 -0.01947818 0.00908020
v -0.02312642 -0.01577509 -0.01200746
v -0.00969387 -0.02003394 0.02091976
v -0.01984693 -0.01990377 0.01266672
v 0.02467956 -0.01436802 0.01302706
v 0.02920263 -0.00981877 -0.00941222
v -0.01871822 -0.01341895 -0.02041584
v 0.00457703 -0.01876979 0.02387409
v 0.02509018 -0.00823292 -0.01834415
v 0.03028386 -0.01025643 -0.00489187
v 0.01573385 -0.00837002 -0.02617978
v -0.02478876 -0.01666679 -0.00650617
v 0.02645984 -0.00887895 -0.01596785
v 0.02697721 -0.00868963 -0.01498700
v -0.02266236 -0.01550393 -0.01312625
v -0.01230284 -0.01180482 -0.02597037
v -0.02292997 -0.01545319 -0.01270031
v 0.02622424 -0.01387367 0.01081515
v 0.02644102 -0.01374320 0.01050668
v -0.00848873 -0.01983946 0.02157316
v -0.02001969 -0.01960088 0.01269988
v -0.01687994 -0.01278529 -0.02263723
v -0.02458014 -0.01812809 0.00091249
v 0.02878299 -0.01240893 0.00477737
v 0.02838125 -0.01251736 0.00632702
v -0.02428615 -0.01825418 0.00277324
v 0.02339828 -0.00829358 -0.02056465
v 0.00350441 -0.01888432 0.02391628
v 0.03017551 -0.01013097 -0.00572714
v 0.01397285 -0.00832692 -0.02709423
v -0.01005023 -0.01123967 -0.02712236
v 0.01672547 -0.01646369 0.02043630
v 0.03037319 -0.01042564 -0.00399404
v 0.01275596 -0.01743529 0.02215620
v -0.00069082 -0.01908658 0.02370686
v -0.00949806 -0.01085749 -0.02742566
v 0.00217019 -0.01904289 0.02393163
v 0.01151607 -0.01748228 0.02273099
v 0.01967633 -0.00804096 -0.02380661
v -0.00993372 -0.01991610 0.02087009
v 0.02662228 -0.01327571 0.01034115
v -0.02043598 -0.01950112 0.01209040
v -0.01796283 -0.01292968 -0.02149035
v -0.00684986 -0.01972997 0.02226016
v 0.02907459 -0.00944681 -0.00987907
v 0.01017198 -0.01776941 0.02318762
v -0.01825757 -0.01961350 0.01497145
v 0.01067236 -0.01784251 0.02297550
v -0.00477926 -0.01951064 0.02286684
v 0.02798749 -0.01245864 0.00770991
v 0.03010842 -0.00986568 -0.00626329
v -0.02364029 -0.01867512 0.00501805
v 0.01544815 -0.00815802 -0.02637346
v 0.01591620 -0.00822937 -0.02608684
v 0.01775265 -0.01644415 0.01974356
v 0.03036368 -0.00986452 -0.00451608
v -0.02479199 -0.01632641 -0.00708183
v 0.02608702 -0.00844779 -0.01670476
v 0.01344588 -0.01722461 0.02190324
v 0.02661059 -0.00861400 -0.01573674
v 0.03032052 -0.01049278 -0.00184101
v 0.00093124 -0.01904417 0.02388525
v -0.02286072 -0.01529673 -0.01296511
v 0.02640671 -0.01339161 0.01067790
v -0.01965799 -0.01971180 0.01315020
v 0.00854817 -0.01787541 0.02363134
v 0.02900186 -0.01187474 0.00420978
v -0.00619830 -0.01954954 0.02251745
v -0.02441822 -0.01815734 0.00219130
v -0.01723708 -0.01263511 -0.02237152
v -0.01896348 -0.01939590 0.01433235
v -0.01460314 -0.01180813 -0.02478984
v 0.02319640 -0.00809492 -0.02079271
v 0.02382437 -0.00790557 -0.02007866
v 0.01344318 -0.00796617 -0.02739043
v 0.02245416 -0.01471372 0.01593986
v 0.01822049 -0.01617777 0.01945741
v 0.00051920 -0.01898130 0.02387297
v -0.01334356 -0.01962136 0.01896329
v 0.03020512 -0.01072339 -0.00109369
v -0.02237969 -0.01482279 -0.01411686
v 0.00269561 -0.01850926 0.02413849
v -0.01519378 -0.01169869 -0.02440174
v -0.01997441 -0.01929858 0.01306140
v 0.01066651 -0.01741277 0.02312256
v -0.02440561 -0.01787457 0.00320326
v -0.02412509 -0.01815811 0.00391683
v -0.01420726 -0.01167974 -0.02505419
v -0.01673562 -0.01966606 0.01638311
v 0.01933517 -0.01565137 0.01873835
v -0.01597905 -0.01956063 0.01709818
v -0.02351868 -0.01856664 0.00571357
v -0.01582321 -0.01950720 0.01726146
v 0.02556846 -0.00807347 -0.01764671
v 0.01603769 -0.00771740 -0.02605805
v 0.03037925 -0.01044038 -0.00268631
v -0.02312622 -0.01855928 0.00708875
v -0.02319924 -0.01504243 -0.01254531
v 0.00200013 -0.01873333 0.02407405
v 0.01584687 -0.01654253 0.02088049
v 0.02691352 -0.01311082 0.00982250
v 0.02028160 -0.00782141 -0.02338742
v 0.02818282 -0.00889999 -0.01230026
v -0.02033386 -0.01910787 0.01265265
v -0.02416765 -0.01566160 -0.00970856
v -0.02487317 -0.01737834 0.00154061
v -0.01688346 -0.01216146 -0.02295072
v -0.01876876 -0.01936507 0.01460540
v -0.00525044 -0.01945680 0.02281354
v -0.02452301 -0.01769139 0.00300822
v 0.00960993 -0.01750300 0.02347777
v -0.01757106 -0.01939618 0.01583143
v -0.02390605 -0.01802537 0.00517651
v 0.01422512 -0.00752004 -0.02709373
v 0.01479907 -0.00765723 -0.02679109
v -0.02351214 -0.01828675 0.00623069
v -0.02182937 -0.01885405 0.01015842
v 0.01994032 -0.00737939 -0.02368842
v -0.01083582 -0.01077694 -0.02689771
v -0.00993564 -0.01944092 0.02113436
v -0.02457969 -0.01595892 -0.00830092
v -0.00722551 -0.01920011 0.02238201
v 0.02847957 -0.01174859 0.00641141
v 0.02162585 -0.01471198 0.01689679
v -0.00497426 -0.01919689 0.02296508
v 0.02270053 -0.01438492 0.01577859
v 0.02530239 -0.00788737 -0.01807288
v 0.01689183 -0.01601786 0.02048654
v 0.03030072 -0.00977375 -0.00503963
v 0.01995811 -0.01525550 0.01831916
v 0.01510804 -0.00755255 -0.02663026
v 0.03042492 -0.00957903 -0.00395540
v -0.00008774 -0.01870165 0.02393226
v 0.01323198 -0.01670042 0.02218391
v 0.03039177 -0.01010655 -0.00275319
v -0.02523970 -0.01656684 -0.00323869
v 0.00221119 -0.01834170 0.02423413
v 0.01650628 -0.01615345 0.02066792
v -0.01071160 -0.01928375 0.02077811
v -0.02441329 -0.01565276 -0.00911049
v 0.02477735 -0.01366473 0.01312131
v -0.01730563 -0.01223086 -0.02249970
v 0.00866607 -0.01746129 0.02376378
v -0.01799181 -0.01908841 0.01563979
v 0.02790197 -0.01230865 0.00806557
v 0.01355578 -0.00760162 -0.02740312
v -0.01723619 -0.01929388 0.01619699
v 0.03015368 -0.00955824 -0.00609114
v -0.01379519 -0.01126845 -0.02540019
v 0.00624082 -0.01779635 0.02407089
v 0.01769111 -0.01572910 0.02002440
v 0.02609006 -0.00807188 -0.01675906
v 0.02662620 -0.00804896 -0.01576965
v -0.01310008 -0.01928821 0.01931847
v 0.00164545 -0.01826545 0.02426617
v -0.02269997 -0.01410213 -0.01413613
v 0.00652502 -0.01771850 0.02405623
v 0.01971267 -0.00719552 -0.02385352
v -0.02505437 -0.01714274 -0.00044027
v 0.02871346 -0.00848837 -0.01102078
v -0.02437010 -0.01556671 -0.00931475
v -0.01449825 -0.01167341 -0.02490073
v -0.01509626 -0.01135953 -0.02459236
v -0.00809315 -0.01919834 0.02205975
v -0.01677403 -0.01196177 -0.02311118
v 0.02180664 -0.01461697 0.01673178
v -0.02415617 -0.01788744 0.00435346
v 0.02495667 -0.00713160 -0.01859099
v -0.01626438 -0.01921646 0.01707882
v 0.03040681 -0.00970116 -0.00421658
v -0.02500243 -0.01588815 -0.00701895
v 0.02560797 -0.00783481 -0.01761064
v -0.01415680 -0.01128239 -0.02520460
v -0.00066332 -0.01867542 0.02387517
v -0.02513160 -0.01618015 -0.00575673
v 0.00061940 -0.01820697 0.02421383
v 0.01096146 -0.01679001 0.02321099
v 0.01900868 -0.00740656 -0.02428665
v 0.02304058 -0.01418080 0.01544762
v -0.02346234 -0.01462220 -0.01236980
v 0.02058513 -0.00723459 -0.02321541
v -0.02132165 -0.01874747 0.01134762
v -0.01958572 -0.01919076 0.01369559
v -0.01991158 -0.01898276 0.01341458
v -0.01888151 -0.01913050 0.01466131
v 0.00966526 -0.01705912 0.02361602
v -0.01702686 -0.01197401 -0.02290048
v 0.00328395 -0.01805751 0.02428047
v 0.02539624 -0.00761301 -0.01795551
v -0.02311386 -0.01814476 0.00774325
v -0.02530614 -0.01598220 -0.00518105
v -0.02529215 -0.01631591 -0.00402877
v -0.02281384 -0.01838656 0.00831428
v -0.02197122 -0.01868627 0.01004644
v 0.02782972 -0.00810881 -0.01319594
v 0.02091044 -0.00707669 -0.02297283
v 0.02461829 -0.01318342 0.01352652
v -0.00769160 -0.01875657 0.02243432
v -0.02495475 -0.01723517 0.00139426
v 0.02279485 -0.00717742 -0.02125499
v -0.01927306 -0.01892964 0.01432006
v 0.02933544 -0.00833821 -0.00940231
v 0.02234632 -0.01406914 0.01631323
v -0.02030201 -0.01285333 -0.01865691
v -0.02075459 -0.01311439 -0.01786694
v -0.01787237 -0.01893365 0.01588024
v 0.01295386 -0.01631724 0.02245011
v 0.01482791 -0.00702484 -0.02684283
v 0.03042357 -0.00958018 -0.00359894
v -0.01477078 -0.01115614 -0.02487400
v 0.01175662 -0.01645633 0.02299758
v 0.00005071 -0.01839976 0.02406966
v 0.01876459 -0.00722445 -0.02444910
v 0.00274505 -0.01813850 0.02428501
v -0.00982738 -0.01003601 -0.02748863
v -0.02392664 -0.01478991 -0.01118089
v -0.01106577 -0.01903114 0.02070667
v -0.02111563 -0.01853760 0.01189956
v -0.02518249 -0.01684728 -0.00007023
v -0.02055481 -0.01858046 0.01276745
v 0.02246685 -0.00705397 -0.02157906
v 0.02922261 -0.00826965 -0.00973472
v 0.02836893 -0.01161983 0.00690811
v -0.00525651 -0.01872159 0.02308507
v 0.02201592 -0.01409991 0.01667505
v -0.01831541 -0.01856737 0.01565157
v 0.02791821 -0.01188128 0.00820238
v 0.02971070 -0.00841174 -0.00802545
v 0.01384126 -0.00712103 -0.02732601
v 0.02801523 -0.01185401 0.00794008
v 0.00614741 -0.01735009 0.02426421
v -0.02523736 -0.01562970 -0.00638028
v -0.01403523 -0.01069574 -0.02542875
v -0.02526428 -0.01624750 -0.00458795
v -0.01374322 -0.01864214 0.01925865
v 0.02755086 -0.00795709 -0.01386076
v 0.02980919 -0.01017553 0.00156713
v -0.02531636 -0.01656068 -0.00103218
v -0.02516498 -0.01687095 0.00045179
v 0.02875380 -0.00801188 -0.01098183
v -0.00699658 -0.01878006 0.02264744
v 0.02031182 -0.01444017 0.01828986
v 0.00903801 -0.01695093 0.02385701
v -0.02466557 -0.01732152 0.00311341
v -0.01764592 -0.01878838 0.01617357
v -0.02064834 -0.01281961 -0.01821259
v 0.01508745 -0.00679036 -0.02670945
v -0.01524949 -0.01893783 0.01803753
v -0.01383038 -0.01034619 -0.02562764
v 0.02598036 -0.00722160 -0.01701066
v -0.02304103 -0.01777609 0.00844776
v -0.02536410 -0.01556957 -0.00581768
v 0.00100426 -0.01795344 0.02435215
v 0.00293275 -0.01777324 0.02440286
v 0.02717000 -0.00775599 -0.01469673
v -0.02334716 -0.01406248 -0.01308594
v 0.00864922 -0.01695344 0.02395893
v 0.02138035 -0.00677971 -0.02260579
v -0.02521086 -0.01675380 0.00071824
v -0.01473841 -0.01063656 -0.02504714
v -0.02029178 -0.01257900 -0.01883785
v 0.03017173 -0.00842278 -0.00613281
v -0.01509182 -0.01879172 0.01824002
v 0.03042927 -0.00920011 -0.00405516
v 0.00167151 -0.01771860 0.02446557
v 0.01196441 -0.01650299 0.02288088
v 0.01532323 -0.01578325 0.02143004
v -0.02134088 -0.01813371 0.01187853
v 0.02503940 -0.01290618 0.01297095
v -0.02411067 -0.01455856 -0.01098026
v 0.02149807 -0.01366577 0.01739579
v 0.02104539 -0.01433811 0.01761747
v 0.02310500 -0.00700607 -0.02096240
v -0.02514811 -0.01504491 -0.00770835
v -0.02467330 -0.01739626 0.00286577
v 0.02351860 -0.00691635 -0.02049234
v 0.01376889 -0.00654165 -0.02742218
v -0.00100076 -0.01802629 0.02404706
v 0.02615614 -0.00718877 -0.01669275
v -0.02553388 -0.01557901 -0.00461361
v 0.00061091 -0.01773919 0.02439730
v 0.00188968 -0.00760390 -0.02990257
v 0.01467812 -0.01545191 0.02186833
v 0.02024848 -0.00665036 -0.02354245
v -0.02539748 -0.01637962 -0.00146089
v -0.02203465 -0.01797503 0.01073960
v 0.01599700 -0.01545568 0.02116688
v 0.02051112 -0.00665639 -0.02333391
v -0.00996356 -0.00948965 -0.02755109
v -0.00825311 -0.01831044 0.02242083
v -0.01067226 -0.00946987 -0.02725217
v -0.02505226 -0.01499337 -0.00805833
v -0.01841278 -0.01167474 -0.02163377
v 0.02298065 -0.00683883 -0.02109183
v 0.00948460 -0.01648031 0.02387260
v 0.02070464 -0.01415219 0.01800703
v 0.02256995 -0.01369281 0.01618176
v -0.02055796 -0.01224426 -0.01867726
v -0.02119634 -0.01258469 -0.01759713
v 0.01498258 -0.00651490 -0.02677915
v 0.02365649 -0.01332720 0.01491411
v 0.01139027 -0.01622450 0.02322339
v -0.02268450 -0.01762640 0.00960418
v -0.02190078 -0.01799834 0.01101028
v 0.01540317 -0.01554714 0.02146209
v 0.02488024 -0.01275827 0.01326083
v -0.02549613 -0.01614852 -0.00049760
v -0.01870662 -0.01166715 -0.02130734
v 0.02156530 -0.00655089 -0.02245216
v 0.00865934 -0.01642946 0.02411957
v -0.00890603 -0.01810198 0.02225714
v 0.02230095 -0.01371933 0.01648583
v 0.02399957 -0.00675960 -0.01989404
v -0.00445008 -0.01782470 0.02355851
v 0.02518972 -0.00679491 -0.01827101
v 0.01188429 -0.01602433 0.02307064
v 0.00132322 -0.01749688 0.02454797
v -0.01447073 -0.01858289 0.01879117
v -0.02562014 -0.01522329 -0.00504969
v -0.01014830 -0.01814412 0.02167352
v 0.02123248 -0.00613742 -0.02275972
v 0.02020877 -0.01424418 0.01844858
v -0.00708004 -0.01813682 0.02288224
v 0.02726864 -0.01167127 0.00955206
v -0.01914793 -0.01150518 -0.02087438
v -0.02118628 -0.01238086 -0.01774023
v 0.01409555 -0.00634190 -0.02728217
v 0.02381685 -0.01305373 0.01477236
v 0.00194617 -0.01729569 0.02461418
v -0.02319978 -0.01328378 -0.01393844
v -0.01458441 -0.01031019 -0.02523133
v 0.01683533 -0.01484573 0.02088288
v 0.02052450 -0.00626708 -0.02333539
v 0.02015698 -0.00620382 -0.02363302
v -0.01877712 -0.01127548 -0.02141459
v -0.02556188 -0.01597608 -0.00019579
v -0.00759619 -0.01819133 0.02271411
v -0.00589674 -0.01793738 0.02324102
v -0.02520180 -0.01646358 0.00207995
v 0.02554826 -0.00668113 -0.01774037
v 0.02582449 -0.00663488 -0.01728854
v 0.02595785 -0.00650473 -0.01707019
v 0.01488172 -0.01512584 0.02186224
v 0.00139056 -0.01719370 0.02465254
v -0.02558904 -0.01504050 -0.00573289
v -0.01356248 -0.00985905 -0.02587762
v -0.02337391 -0.01724511 0.00816912
v -0.02341055 -0.01336993 -0.01354340
v 0.01949851 -0.00627238 -0.02406851
v 0.02987699 -0.00987085 0.00145252
v -0.02577365 -0.01541974 -0.00246776
v 0.00754843 -0.01659799 0.02428032
v 0.00897690 -0.01601625 0.02415459
v -0.02538082 -0.01469254 -0.00743212
v -0.00530416 -0.01780539 0.02340304
v 0.03005720 -0.00800958 -0.00672817
v 0.02425957 -0.00649709 -0.01957165
v 0.01377162 -0.00576338 -0.02746929
v -0.01741213 -0.01798293 0.01688721
v -0.02547753 -0.01468350 -0.00709796
v -0.02173309 -0.01245485 -0.01684695
v 0.01830501 -0.01404215 0.02006083
v 0.02990085 -0.00936380 0.00159504
v -0.02205930 -0.01773833 0.01094103
v -0.02406957 -0.01369317 -0.01191079
v 0.02799246 -0.00701570 -0.01288072
v 0.02147505 -0.00605153 -0.02255861
v -0.02546781 -0.01604554 0.00127929
v -0.02541912 -0.01606856 0.00172502
v 0.02868589 -0.01055703 0.00631710
v 0.02861124 -0.01068738 0.00653765
v -0.02057381 -0.01181570 -0.01889150
v -0.01681510 -0.01816374 0.01726568
v -0.02155338 -0.01232121 -0.01721809
v -0.01566863 -0.01806342 0.01820890
v 0.00030858 -0.01712546 0.02456361
v -0.01422042 -0.00981305 -0.02555079
v 0.02997001 -0.00923428 0.00130030
v -0.01385404 -0.00965255 -0.02578911
v -0.02377835 -0.01341249 -0.01279805
v -0.02135023 -0.01768462 0.01226943
v -0.02398793 -0.01363821 -0.01215032
v -0.00932384 -0.01795434 0.02215065
v -0.02567440 -0.01573988 -0.00101604
v -0.02557320 -0.01589983 0.00063696
v 0.02927914 -0.00972186 0.00435109
v -0.00746871 -0.01760149 0.02298904
v 0.00342078 -0.01687763 0.02467505
v -0.00642025 -0.01774814 0.02320038
v -0.01895719 -0.01778948 0.01547535
v -0.00464902 -0.01729616 0.02370955
v -0.02487697 -0.01651867 0.00381051
v 0.02159913 -0.01329465 0.01742039
v 0.01707286 -0.01442570 0.02083918
v -0.02084606 -0.01191157 -0.01846862
v -0.02132148 -0.01208289 -0.01770117
v -0.02594171 -0.01462003 -0.00414753
v 0.00223045 -0.01667630 0.02478873
v 0.02698954 -0.00647563 -0.01513218
v -0.02296692 -0.01726516 0.00932227
v 0.02748326 -0.00672956 -0.01406979
v -0.02282619 -0.01703978 0.00992301
v -0.02584292 -0.01514842 -0.00299546
v 0.01677564 -0.01468322 0.02096591
v 0.01985920 -0.00578463 -0.02384274
v 0.02168222 -0.00594761 -0.02236146
v -0.02559932 -0.01579384 0.00095540
v 0.00419489 -0.01671718 0.02465922
v -0.02478825 -0.01630777 0.00465959
v -0.01646957 -0.01033726 -0.02391700
v -0.01549948 -0.01004165 -0.02471632
v -0.01657991 -0.01797773 0.01754831
v 0.01238157 -0.01521612 0.02306231
v 0.01915710 -0.00593612 -0.02430918
v -0.02369072 -0.01270849 -0.01352064
v -0.02578218 -0.01546100 -0.00112481
v -0.00968252 -0.01769026 0.02211117
v -0.02574297 -0.01555103 -0.00050188
v 0.02140224 -0.00579049 -0.02262089
v 0.00383685 -0.01667650 0.02470684
v -0.01927539 -0.01764186 0.01521501
v 0.01412683 -0.00592709 -0.02729347
v 0.01515871 -0.00576950 -0.02669708
v 0.02727638 -0.00636445 -0.01453010
v -0.02588570 -0.01511075 -0.00260092
v 0.02796778 -0.00648981 -0.01295700
v 0.02559714 -0.01168864 0.01248005
v 0.02854079 -0.00680184 -0.01157196
v -0.00958573 -0.01725824 0.02234485
v 0.02921544 -0.00977074 0.00459785
v -0.02510712 -0.01348210 -0.00948520
v -0.02012049 -0.01746049 0.01431563
v 0.00336275 -0.01656827 0.02476999
v -0.02551706 -0.01566783 0.00219691
v 0.02343051 -0.00560087 -0.02054822
v -0.02560784 -0.01406982 -0.00748863
v 0.02465726 -0.00586979 -0.01902474
v 0.02012703 -0.01317896 0.01881549
v -0.01759762 -0.01722006 0.01711684
v 0.01811829 -0.01373440 0.02028872
v 0.02515708 -0.00589115 -0.01830834
v 0.01585975 -0.00556357 -0.02628709
v -0.02565539 -0.01432078 -0.00699260
v -0.01623378 -0.01760752 0.01801522
v -0.01499632 -0.01758968 0.01898236
v -0.02590333 -0.01460593 -0.00455456
v -0.01394358 -0.01765645 0.01965469
v 0.02497841 -0.01183199 0.01340055
v -0.01270597 -0.00899029 -0.02644846
v -0.02584952 -0.01524702 -0.00207417
v -0.02149404 -0.01681658 0.01278610
v 0.01059051 -0.01532667 0.02383840
v -0.00860697 -0.01744201 0.02267452
v -0.02542163 -0.01574451 0.00256890
v -0.01975419 -0.01744548 0.01477601
v 0.02866678 -0.00986979 0.00672614
v 0.02991271 -0.00724880 -0.00743139
v 0.02998076 -0.00729169 -0.00713023
v -0.01537143 -0.01745263 0.01876475
v 0.02661586 -0.00592024 -0.01592213
v 0.01183239 -0.01501363 0.02337902
v 0.01536235 -0.01437439 0.02183262
v -0.01227027 -0.01753442 0.02077622
v 0.00718451 -0.01578776 0.02458823
v 0.00905653 -0.01528661 0.02433612
v 0.02318771 -0.00546472 -0.02082120
v 0.00266290 -0.01634282 0.02486880
v 0.00821678 -0.00599252 -0.02920143
v -0.02538300 -0.01352154 -0.00867497
v -0.02027164 -0.01105404 -0.01970862
v -0.02529874 -0.01537002 0.00414783
v -0.02476008 -0.01602156 0.00527943
v 0.01707697 -0.01393469 0.02096855
v -0.02573597 -0.01392396 -0.00720417
v 0.01090286 -0.01508011 0.02378985
v -0.01344145 -0.01741789 0.02010093
v 0.02552241 -0.01142826 0.01267762
v 0.02808007 -0.00653454 -0.01269636
v -0.02270227 -0.01689979 0.01038568
v 0.00755938 -0.01569709 0.02454720
v -0.02592554 -0.01507502 -0.00006703
v -0.02165517 -0.01714396 0.01223855
v -0.02573608 -0.01525193 0.00183748
v -0.01940676 -0.01051017 -0.02105614
v 0.02559546 -0.00568324 -0.01766217
v 0.01313828 -0.01441723 0.02292668
v 0.01730413 -0.01366338 0.02088334
v 0.02362872 -0.01182422 0.01542061
v -0.02593416 -0.01431737 -0.00512622
v -0.02613997 -0.01432871 -0.00292218
v -0.01165983 -0.01738402 0.02121470
v 0.02486720 -0.01151914 0.01365943
v -0.02418285 -0.01241726 -0.01276834
v 0.02928711 -0.00927034 0.00456768
v 0.02712932 -0.01058036 0.01014612
v 0.02497626 -0.00538703 -0.01856762
v -0.02575063 -0.01415683 -0.00678348
v -0.02594850 -0.01385388 -0.00613927
v 0.01625247 -0.00527955 -0.02606049
v 0.02638059 -0.00563850 -0.01636407
v -0.02366589 -0.01636445 0.00841746
v -0.01411661 -0.01712896 0.01980632
v 0.00018305 -0.01638103 0.02478795
v 0.03007510 -0.00846363 0.00106312
v 0.01511897 -0.01399841 0.02207087
v -0.01365609 -0.00880123 -0.02604838
v 0.00892892 -0.01503128 0.02444371
v -0.00842386 -0.01712068 0.02287820
v -0.00821787 -0.01704126 0.02297179
v -0.02582575 -0.01492342 0.00214602
v 0.02979648 -0.00678765 -0.00787778
v -0.01985574 -0.01033970 -0.02057873
v -0.01906040 -0.01697585 0.01587386
v -0.02054366 -0.01084333 -0.01945520
v -0.01648414 -0.01704669 0.01809826
v -0.01554790 -0.01705479 0.01882913
v 0.01070850 -0.01494270 0.02390722
v 0.02688408 -0.00584483 -0.01536481
v -0.02615765 -0.01387804 -0.00450960
v 0.00183811 -0.01626696 0.02491026
v -0.02614997 -0.01439435 -0.00248770
v -0.02311963 -0.01194432 -0.01501293
v -0.01249028 -0.01716692 0.02083542
v 0.01543894 -0.01381207 0.02194810
v 0.02080440 -0.00506524 -0.02313306
v 0.00839282 -0.01499607 0.02458040
v -0.02610370 -0.01458779 -0.00080514
v -0.01819923 -0.00986821 -0.02261918
v -0.01830308 -0.00997723 -0.02247783
v 0.02080748 -0.01277403 0.01833028
v -0.01108230 -0.00773056 -0.02740076
v -0.02120204 -0.01665524 0.01335416
v 0.02923529 -0.00919456 0.00485424
v -0.00723755 -0.01668651 0.02337594
v -0.02012379 -0.01036716 -0.02022411
v -0.02019059 -0.01685727 0.01463311
v -0.01833419 -0.01697853 0.01659441
v 0.03040992 -0.00720016 -0.00443548
v -0.02495038 -0.01557953 0.00524923
v 0.02543831 -0.00523924 -0.01788819
v -0.02608645 -0.01389660 -0.00505057
v 0.03005466 -0.00837056 0.00124134
v -0.02610757 -0.01425799 -0.00364164
v 0.00204746 -0.01578615 0.02504147
v -0.01121505 -0.01700842 0.02164852
v -0.01386182 -0.00854383 -0.02599608
v -0.02168414 -0.01650253 0.01274011
v 0.02119177 -0.00473922 -0.02279726
v -0.01151735 -0.00780332 -0.02721166
v -0.02599971 -0.01484739 0.00015910
v 0.02190626 -0.01199892 0.01743415
v -0.00676673 -0.01616856 0.02364770
v -0.02556358 -0.01529294 0.00283416
v 0.02369884 -0.00484793 -0.02020474
v -0.02473835 -0.01569473 0.00587104
v 0.02591901 -0.00536849 -0.01712416
v 0.03044091 -0.00716364 -0.00409525
v 0.02663514 -0.00555750 -0.01587955
v -0.02350021 -0.01166938 -0.01457336
v -0.02616581 -0.01438130 -0.00170110
v -0.02091725 -0.01671153 0.01372487
v -0.00866649 -0.01661569 0.02297422
v 0.02977994 -0.00638176 -0.00795652
v 0.02845610 -0.00945478 0.00753766
v 0.00529282 -0.01538659 0.02497121
v 0.02008325 -0.00439987 -0.02368791
v -0.01140948 -0.01666932 0.02169747
v 0.02411725 -0.01127545 0.01487909
v 0.02086483 -0.00462464 -0.02308689
v -0.00994726 -0.01685624 0.02236443
v -0.02521941 -0.01249064 -0.01015883
v 0.01008814 -0.01435699 0.02428014
v -0.02546437 -0.01511892 0.00380831
v -0.02464566 -0.01553728 0.00636111
v 0.03011281 -0.00800772 0.00102283
v -0.01294372 -0.01684516 0.02071796
v -0.02262438 -0.01629799 0.01116557
v -0.00822758 -0.01634664 0.02319924
v 0.02146501 -0.01189112 0.01794237
v -0.01929425 -0.01646629 0.01592574
v 0.02836346 -0.00933292 0.00783161
v -0.01890730 -0.01668927 0.01620824
v 0.02820393 -0.00923218 0.00822407
v -0.01846458 -0.01666166 0.01664084
v -0.01815575 -0.01669250 0.01690969
v 0.02737736 -0.00981086 0.00986481
v 0.01963674 -0.01230051 0.01948253
v 0.01544123 -0.01352157 0.02202125
v 0.01871670 -0.00460256 -0.02459067
v 0.00151786 -0.01566543 0.02507733
v -0.02630702 -0.01389546 -0.00242103
v -0.02631279 -0.01392787 -0.00202853
v -0.01194133 -0.01654958 0.02144506
v -0.02217697 -0.01627977 0.01204519
v -0.02632932 -0.01392096 -0.00139347
v 0.02036973 -0.00450486 -0.02348143
v -0.00960728 -0.01650550 0.02266002
v -0.02124637 -0.01618968 0.01361929
v -0.01186312 -0.00762500 -0.02709851
v 0.02252097 -0.01157068 0.01687621
v 0.02330526 -0.00441383 -0.02063979
v -0.01975789 -0.00954920 -0.02107987
v -0.01969543 -0.01624430 0.01560665
v -0.02001679 -0.00962048 -0.02071372
v 0.00585438 -0.01499168 0.02501740
v 0.00637794 -0.01462466 0.02504637
v 0.01364189 -0.00427549 -0.02755015
v -0.01929519 -0.00942562 -0.02164066
v 0.02554169 -0.00475336 -0.01767054
v 0.03041997 -0.00681279 -0.00435844
v 0.02603219 -0.00511795 -0.01691968
v -0.02624472 -0.01353462 -0.00477551
v -0.01508146 -0.00828956 -0.02541415
v -0.02333481 -0.01574985 0.01002845
v -0.02290010 -0.01634194 0.01049059
v -0.01267395 -0.01665579 0.02096752
v -0.01053781 -0.01646115 0.02225454
v -0.02163040 -0.01629859 0.01299303
v -0.02185183 -0.01613664 0.01275870
v -0.02524912 -0.01222940 -0.01033016
v 0.02245896 -0.00415666 -0.02155180
v -0.00755254 -0.01615831 0.02345530
v -0.00736945 -0.01573465 0.02363547
v 0.02983492 -0.00604046 -0.00775181
v 0.02398017 -0.00454069 -0.01983283
v 0.00522011 -0.01500978 0.02508607
v -0.02512299 -0.01503517 0.00542666
v 0.01810615 -0.01254744 0.02061493
v -0.02375915 -0.01131692 -0.01438689
v 0.01462778 -0.01341254 0.02245700
v -0.02612832 -0.01316638 -0.00646519
v 0.00054756 -0.01561640 0.02503281
v 0.01091841 -0.01399046 0.02407644
v -0.02337831 -0.01594757 0.00971971
v -0.02639213 -0.01313607 -0.00444948
v 0.01913234 -0.00399296 -0.02433356
v 0.02998621 -0.00771051 0.00192765
v -0.01102805 -0.01659746 0.02194195
v -0.01011632 -0.01638926 0.02248606
v 0.02093970 -0.00420911 -0.02301585
v 0.02969943 -0.00773713 0.00335962
v 0.02196478 -0.00426395 -0.02208202
v -0.02610724 -0.01432767 0.00178196
v -0.02008448 -0.01598048 0.01532591
v -0.02595234 -0.01440739 0.00265682
v 0.02997839 -0.00589801 -0.00718898
v 0.03035062 -0.00627946 -0.00508331
v -0.02622073 -0.01302518 -0.00618139
v 0.02691875 -0.00963640 0.01079642
v -0.00090158 -0.01537843 0.02497575
v 0.02734363 -0.00496463 -0.01440937
v 0.00163995 -0.01534563 0.02516210
v -0.02322860 -0.01558248 0.01045537
v -0.02273041 -0.01055128 -0.01641902
v -0.02227570 -0.01584870 0.01220830
v 0.00852304 -0.01427418 0.02474837
v 0.02906245 -0.00840925 0.00583486
v -0.02558873 -0.01472455 0.00402854
v 0.01911404 -0.01221547 0.01994348
v -0.02546606 -0.01480204 0.00445905
v 0.02488773 -0.00448103 -0.01865608
v 0.01778621 -0.01249107 0.02084851
v -0.02629308 -0.01266905 -0.00634963
v 0.03049008 -0.00680075 -0.00259257
v -0.01394077 -0.01605122 0.02045581
v 0.00101938 -0.01526214 0.02515951
v -0.02362099 -0.01536125 0.00968551
v 0.02024986 -0.00383105 -0.02356788
v -0.01565195 -0.00813143 -0.02511573
v -0.00917609 -0.01583444 0.02306930
v 0.02053998 -0.01170184 0.01884197
v 0.02166541 -0.00373997 -0.02234669
v -0.02617809 -0.01424469 0.00120218
v 0.02274952 -0.01107032 0.01674371
v -0.01888644 -0.00889378 -0.02231062
v -0.02019319 -0.01599787 0.01517471
v -0.00622157 -0.01595436 0.02383689
v 0.00392250 -0.01501872 0.02517725
v 0.00518707 -0.01448502 0.02522598
v 0.02443491 -0.00443157 -0.01924705
v 0.02785260 -0.00870726 0.00916470
v 0.01337272 -0.01317515 0.02312944
v -0.02640100 -0.01283991 -0.00520259
v -0.01445681 -0.01611302 0.02007654
v -0.01495391 -0.00806391 -0.02553562
v 0.02049328 -0.00387060 -0.02338242
v -0.02641352 -0.01366065 -0.00113219
v -0.02474654 -0.01164748 -0.01213398
v 0.02378283 -0.01052779 0.01559414
v -0.02185463 -0.01573232 0.01303391
v -0.00873281 -0.01587756 0.02320052
v -0.01255383 -0.00721939 -0.02684763
v -0.02616052 -0.01412974 0.00197374
v -0.01964320 -0.00905545 -0.02141064
v -0.01988833 -0.00879423 -0.02122864
v -0.01620452 -0.01605904 0.01879927
v -0.02392582 -0.01089738 -0.01437440
v -0.02428555 -0.01095136 -0.01370780
v 0.02305299 -0.01051540 0.01652698
v -0.02392433 -0.01545233 0.00875657
v -0.02386345 -0.01522683 0.00917924
v -0.02193935 -0.00999897 -0.01791260
v 0.02718568 -0.00465821 -0.01474655
v 0.00132988 -0.01519510 0.02518791
v 0.02978109 -0.00764518 0.00302856
v -0.01072094 -0.01603342 0.02234485
v 0.02352328 -0.01075846 0.01589578
v 0.00877477 -0.01394534 0.02477717
v 0.00824218 -0.01406015 0.02487001
v 0.02198865 -0.00361209 -0.02203392
v -0.02625818 -0.01399341 0.00143163
v -0.00649259 -0.01578687 0.02382893
v -0.02590852 -0.01218389 -0.00854979
v -0.01990447 -0.01576829 0.01562014
v -0.02566606 -0.01449726 0.00405539
v 0.01925735 -0.01180923 0.01991031
v 0.02704651 -0.00917603 0.01068458
v 0.01823365 -0.01207125 0.02064342
v -0.02506171 -0.01464517 0.00611364
v 0.02686971 -0.00939235 0.01094805
v -0.00002238 -0.01498775 0.02516466
v 0.02708572 -0.00460597 -0.01494483
v -0.02441945 -0.01115242 -0.01328865
v -0.01334629 -0.01591593 0.02088646
v -0.02646838 -0.01341039 -0.00212722
v -0.01158940 -0.01595779 0.02190597
v -0.02317383 -0.01490935 0.01121629
v -0.02282643 -0.01552825 0.01141980
v -0.00949899 -0.01577888 0.02296040
v -0.02211049 -0.01560406 0.01268705
v 0.00990032 -0.01365785 0.02452176
v -0.02642018 -0.01355803 0.00108251
v -0.01822891 -0.00847110 -0.02307890
v 0.02897296 -0.00802253 0.00625708
v -0.01873489 -0.00845263 -0.02260888
v -0.02606925 -0.01220497 -0.00800561
v -0.01124270 -0.00685425 -0.02748651
v -0.02019412 -0.00906234 -0.02072287
v 0.03026710 -0.00579859 -0.00585037
v 0.01753631 -0.01213050 0.02110574
v 0.03047729 -0.00647806 -0.00133768
v 0.00734207 -0.01413508 0.02502748
v 0.01906116 -0.00360760 -0.02436640
v -0.02660887 -0.01303105 -0.00162916
v -0.01549816 -0.00742579 -0.02535291
v -0.02272586 -0.01550687 0.01163144
v 0.02049437 -0.01141472 0.01895260
v 0.00929537 -0.01368672 0.02470365
v -0.00787617 -0.01561260 0.02353637
v 0.02884015 -0.00797950 0.00674346
v -0.00605681 -0.01523133 0.02407355
v 0.00620472 -0.01402609 0.02523141
v 0.02012896 -0.01141249 0.01927695
v 0.03023647 -0.00571522 -0.00600339
v -0.02415759 -0.01061330 -0.01415626
v 0.03050222 -0.00624264 -0.00193873
v 0.01521314 -0.01250056 0.02237099
v 0.01528942 -0.01270157 0.02229340
v 0.02333859 -0.01039557 0.01621490
v -0.02462288 -0.01077472 -0.01313615
v -0.01499638 -0.00729413 -0.02565765
v -0.02650429 -0.01337595 -0.00031228
v -0.01044239 -0.01574706 0.02258318
v -0.02526738 -0.01118389 -0.01118178
v -0.01458841 -0.00719127 -0.02588633
v 0.02270560 -0.01061776 0.01689505
v -0.02606666 -0.01391675 0.00309353
v 0.02084845 -0.01133311 0.01865781
v 0.02366723 -0.00358626 -0.02015537
v -0.02620005 -0.01196449 -0.00779042
v -0.02629391 -0.01240640 -0.00672275
v 0.02728993 -0.00888751 0.01027533
v 0.01388089 -0.00357570 -0.02743030
v 0.00691383 -0.01404476 0.02513432
v 0.02717607 -0.00887010 0.01049224
v -0.01641524 -0.01556970 0.01884695
v -0.00098465 -0.01509145 0.02504223
v -0.02647565 -0.01224460 -0.00596473
v -0.02222734 -0.00971983 -0.01762191
v -0.02256307 -0.00990738 -0.01702555
v -0.02281173 -0.00978364 -0.01670189
v 0.02371766 -0.01021303 0.01577598
v -0.02655418 -0.01321310 -0.00125257
v -0.02197401 -0.01506107 0.01327030
v -0.02484601 -0.01080147 -0.01255571
v -0.02509618 -0.01079482 -0.01193010
v -0.02652672 -0.01328833 0.00026188
v -0.01845962 -0.00823583 -0.02294661
v 0.02778569 -0.00841060 0.00938751
v -0.02072418 -0.00903597 -0.02003697
v 0.01702560 -0.01194574 0.02149404
v 0.01793208 -0.01151288 0.02095650
v 0.02656839 -0.00458383 -0.01592870
v 0.00042165 -0.01464762 0.02527720
v 0.01219768 -0.01280423 0.02378395
v -0.01488133 -0.01554663 0.02004180
v -0.02445687 -0.01071195 -0.01354225
v -0.02383385 -0.01481106 0.00968833
v 0.03037430 -0.00647097 -0.00006985
v -0.02671222 -0.01257081 -0.00220715
v 0.02850606 -0.00451581 -0.01169968
v 0.02273041 -0.01020325 0.01694871
v -0.00784145 -0.01507061 0.02369817
v -0.02649196 -0.01328291 0.00142322
v 0.02121214 -0.01121134 0.01833170
v 0.02351390 -0.00348914 -0.02033438
v -0.02531244 -0.01406636 0.00596572
v -0.02102555 -0.00898179 -0.01964704
v -0.02643191 -0.01211532 -0.00643395
v 0.01631930 -0.00300779 -0.02603661
v 0.00977669 -0.01305204 0.02470669
v 0.03044555 -0.00595071 -0.00082493
v 0.03041594 -0.00635557 -0.00047637
v -0.02343741 -0.01466410 0.01080469
v 0.02760672 -0.00414606 -0.01378552
v 0.01999213 -0.00300553 -0.02370596
v 0.01635926 -0.01206533 0.02183204
v 0.02179386 -0.00327962 -0.02221046
v 0.02244077 -0.01026982 0.01724535
v -0.01795498 -0.00764376 -0.02360909
v 0.02949954 -0.00455356 -0.00876293
v 0.02810696 -0.00812001 0.00867308
v -0.01767440 -0.01541860 0.01792465
v 0.01035673 -0.01309022 0.02449462
v 0.03050589 -0.00575009 -0.00195923
v -0.02426539 -0.01012902 -0.01423055
v -0.02446067 -0.01008973 -0.01388863
v -0.01529126 -0.00695207 -0.02556612
v -0.02476593 -0.01030516 -0.01314245
v -0.01061895 -0.01511827 0.02272110
v -0.02164263 -0.01567620 0.01338424
v -0.02665584 -0.01289649 0.00024943
v -0.02544245 -0.01091433 -0.01094743
v 0.00904502 -0.01324837 0.02487963
v -0.02658109 -0.01309902 0.00081712
v 0.02893454 -0.00754388 0.00647768
v 0.02881316 -0.00747844 0.00690554
v -0.00631154 -0.01472671 0.02417045
v 0.02869459 -0.00754105 0.00727409
v -0.02607644 -0.01123803 -0.00889957
v -0.02613492 -0.01164084 -0.00835642
v -0.02630764 -0.01141411 -0.00797338
v 0.01922760 -0.01112829 0.02006048
v -0.01794456 -0.01529414 0.01773756
v -0.02109865 -0.00876631 -0.01964317
v 0.01728439 -0.01166317 0.02138707
v 0.02583036 -0.00905248 0.01282598
v 0.02568982 -0.00919713 0.01304115
v 0.03033090 -0.00631986 0.00027653
v -0.02195160 -0.00901178 -0.01836023
v 0.02843952 -0.00422859 -0.01187004
v 0.00788203 -0.01330545 0.02513754
v 0.02862205 -0.00424153 -0.01135707
v 0.02337749 -0.00997802 0.01624784
v -0.01029610 -0.01510026 0.02286230
v -0.02062931 -0.01486081 0.01525656
v 0.02006730 -0.01091416 0.01941203
v -0.01187384 -0.00615557 -0.02733490
v 0.02771104 -0.00804872 0.00957621
v 0.01052373 -0.00282122 -0.02890754
v 0.01044385 -0.00318044 -0.02892324
v -0.01517221 -0.01516432 0.01999681
v 0.01964052 -0.00291521 -0.02393959
v -0.02265183 -0.01460567 0.01245454
v 0.00879505 -0.01311663 0.02497982
v 0.02968341 -0.00642319 0.00366875
v -0.01763810 -0.00744727 -0.02393389
v 0.02105746 -0.00257896 -0.02283125
v 0.02125214 -0.00262692 -0.02266453
v -0.02653661 -0.01306171 0.00181923
v -0.02646249 -0.01123243 -0.00752009
v 0.03037086 -0.00460739 -0.00504221
v 0.02595588 -0.00871293 0.01265877
v 0.01203554 -0.01262296 0.02388866
v 0.03050961 -0.00528847 -0.00299806
v 0.03051816 -0.00514824 -0.00270533
v 0.02641860 -0.00333178 -0.01609962
v -0.02665715 -0.01188227 -0.00516120
v -0.02665353 -0.01160427 -0.00586166
v -0.02667017 -0.01209932 -0.00446504
v -0.01393777 -0.01480505 0.02100511
v -0.02335797 -0.01435663 0.01125070
v -0.02282358 -0.01450658 0.01220750
v -0.02287470 -0.00901906 -0.01698546
v -0.02680033 -0.01234171 -0.00180627
v -0.02489414 -0.00991362 -0.01312024
v -0.01726861 -0.00698970 -0.02432405
v -0.02186437 -0.01442504 0.01382889
v -0.02213067 -0.01455342 0.01334654
v -0.00577024 -0.01438265 0.02436594
v -0.02623716 -0.01119306 -0.00842297
v 0.02700364 -0.00797724 0.01094302
v 0.01040062 -0.01251318 0.02460180
v 0.01069141 -0.01272848 0.02444028
v -0.02313070 -0.00924154 -0.01647460
v 0.02502874 -0.00902774 0.01407346
v 0.01403834 -0.01194367 0.02304843
v -0.02672426 -0.01267654 -0.00006314
v -0.00877020 -0.01472837 0.02353445
v -0.02059952 -0.01446225 0.01549921
v 0.01844559 -0.01089291 0.02070299
v 0.02790355 -0.00767559 0.00923068
v 0.02461289 -0.00284686 -0.01879562
v 0.02613379 -0.00297295 -0.01651258
v -0.01573100 -0.01495540 0.01964712
v 0.02720214 -0.00326728 -0.01457562
v -0.02438750 -0.00959387 -0.01427771
v 0.03032679 -0.00584698 0.00041715
v 0.01631463 -0.01137333 0.02197875
v -0.02313760 -0.01410017 0.01192087
v -0.01937643 -0.00748551 -0.02233538
v 0.02293934 -0.00938296 0.01687508
v 0.00918909 -0.01271495 0.02497200
v -0.02130994 -0.01465913 0.01449572
v -0.02675985 -0.01247721 0.00099746
v -0.02654664 -0.01291380 0.00216089
v -0.02651223 -0.01092327 -0.00767824
v -0.02647062 -0.01294025 0.00266872
v 0.02712745 -0.00762409 0.01073307
v 0.03046561 -0.00464731 -0.00386736
v -0.02309520 -0.00862469 -0.01679823
v 0.00988544 -0.01271254 0.02475172
v -0.01330582 -0.01483450 0.02139789
v -0.01282995 -0.01491200 0.02163862
v -0.00976535 -0.01455934 0.02325197
v -0.01682937 -0.00663077 -0.02471617
v 0.02269102 -0.00919635 0.01718461
v 0.02235453 -0.00216401 -0.02152879
v 0.02927835 -0.00662443 0.00529219
v -0.00930438 -0.01452367 0.02342791
v 0.02951014 -0.00395980 -0.00870075
v -0.00652586 -0.01432344 0.02423751
v 0.02080022 -0.01009781 0.01892062
v -0.02642304 -0.01281712 0.00332089
v 0.01885325 -0.01060814 0.02043324
v 0.02782055 -0.00759590 0.00940911
v 0.03028014 -0.00427600 -0.00576568
v 0.01767948 -0.01068151 0.02127908
v 0.01564926 -0.00239731 -0.02644082
v 0.03048701 -0.00506728 -0.00153956
v 0.03037727 -0.00532893 0.00011508
v -0.02406690 -0.01389781 0.00998413
v 0.02499714 -0.00879715 0.01416585
v -0.02690899 -0.01189130 -0.00225397
v 0.01668707 -0.01096726 0.02183726
v 0.02018712 -0.00213633 -0.02349646
v 0.02322014 -0.00943745 0.01654947
v -0.01146583 -0.01454772 0.02251285
v -0.02677423 -0.01247535 0.00056929
v -0.02537802 -0.00998215 -0.01182672
v -0.02095898 -0.01438844 0.01509615
v -0.01870956 -0.00707755 -0.02308382
v 0.01451758 -0.00206430 -0.02708569
v 0.03049485 -0.00467734 -0.00277255
v 0.02527775 -0.00841679 0.01382602
v -0.01416744 -0.01450731 0.02097607
v -0.01139464 -0.01412646 0.02268832
v -0.02225298 -0.00816069 -0.01828758
v -0.02287882 -0.01413089 0.01236666
v -0.02182458 -0.01389927 0.01417719
v -0.02685532 -0.01208932 0.00144172
v 0.00935806 -0.01230010 0.02500847
v -0.00887561 -0.01433457 0.02361310
v -0.01722030 -0.00653330 -0.02446711
v -0.01900553 -0.00711178 -0.02279349
v 0.03033016 -0.00432893 -0.00544042
v -0.01513050 -0.01447404 0.02030662
v -0.02333183 -0.01386659 0.01170355
v 0.03024314 -0.00540358 0.00106045
v 0.03010059 -0.00556871 0.00183918
v 0.00892817 -0.01238632 0.02512377
v -0.01459810 -0.00575496 -0.02611366
v -0.02653501 -0.01259373 0.00299274
v 0.02963583 -0.00358658 -0.00829293
v -0.02665926 -0.01071734 -0.00724357
v 0.02433253 -0.00257729 -0.01913958
v 0.01400317 -0.01130792 0.02316991
v 0.02573116 -0.00241251 -0.01706279
v 0.03048583 -0.00445167 -0.00352067
v -0.02153091 -0.00773631 -0.01949099
v 0.00100141 -0.01341103 0.02558706
v 0.00129623 -0.01350787 0.02557063
v 0.03036095 -0.00528173 0.00026356
v -0.02418259 -0.01361601 0.00995989
v -0.01361587 -0.01442400 0.02138723
v 0.03005820 -0.00558031 0.00207447
v -0.02272801 -0.01350929 0.01301375
v 0.02088225 -0.00964623 0.01892464
v -0.01760835 -0.00622157 -0.02426936
v 0.02914953 -0.00635365 0.00587002
v 0.02265751 -0.00222862 -0.02120206
v -0.02637179 -0.01268841 0.00374955
v 0.00503697 -0.01273986 0.02567849
v 0.03009390 -0.00382011 -0.00659177
v -0.02660577 -0.01068057 -0.00752169
v 0.01755565 -0.01043127 0.02139422
v 0.03041051 -0.00419320 -0.00441760
v 0.01561264 -0.00189506 -0.02646209
v 0.03047938 -0.00424885 -0.00337546
v -0.02508441 -0.01301941 0.00804270
v 0.02567365 -0.00787261 0.01327833
v 0.02634283 -0.00300242 -0.01618155
v -0.00080078 -0.01359528 0.02544995
v -0.00037108 -0.01331030 0.02554340
v -0.02403310 -0.01335314 0.01054212
v 0.02397402 -0.00861865 0.01569351
v 0.02322832 -0.00885660 0.01661350
v -0.01237887 -0.01428426 0.02212146
v -0.01484013 -0.00573336 -0.02599626
v 0.00816177 -0.01236060 0.02529921
v -0.02323407 -0.01357008 0.01210858
v -0.02208689 -0.01367520 0.01391385
v -0.00996855 -0.01394281 0.02335267
v 0.02183974 -0.00173872 -0.02203337
v -0.01835274 -0.00659654 -0.02354624
v -0.00640550 -0.01379707 0.02440187
v 0.03019854 -0.00371973 -0.00607972
v 0.03028478 -0.00401315 -0.00565078
v 0.03036241 -0.00381750 -0.00484072
v 0.03045103 -0.00422093 -0.00388694
v -0.01394971 -0.01386745 0.02138890
v -0.02444606 -0.00870965 -0.01458954
v -0.02350140 -0.01310999 0.01189116
v 0.02293311 -0.00894619 0.01696143
v -0.01729954 -0.00603720 -0.02452807
v -0.01044933 -0.01398289 0.02316518
v 0.02959521 -0.00554972 0.00411106
v 0.00965262 -0.01159408 0.02505870
v -0.00838152 -0.01390717 0.02387038
v 0.02927581 -0.00570879 0.00542676
v -0.02114506 -0.01365750 0.01524844
v 0.02065278 -0.00940723 0.01916762
v 0.02865537 -0.00643514 0.00746244
v -0.02672309 -0.01191305 0.00314156
v 0.01423472 -0.00172795 -0.02723432
v 0.03032074 -0.00376234 -0.00527957
v -0.02176795 -0.00745234 -0.01925687
v 0.02529816 -0.00813327 0.01384985
v 0.02521047 -0.00805265 0.01399562
v -0.02701390 -0.01109942 -0.00359773
v 0.02377723 -0.00858134 0.01596464
v -0.02703429 -0.01122605 -0.00299620
v -0.02484095 -0.00898851 -0.01373581
v 0.03023660 -0.00488250 0.00111695
v -0.02710642 -0.01128047 -0.00141130
v -0.01301817 -0.01391166 0.02191626
v 0.01589056 -0.01081183 0.02228949
v -0.02704006 -0.01153468 -0.00129653
v 0.01662570 -0.01039459 0.02195254
v -0.02237855 -0.00782940 -0.01822916
v 0.02040609 -0.00888717 0.01944543
v -0.00896236 -0.01385646 0.02370647
v 0.02914341 -0.00608144 0.00593152
v 0.02204827 -0.00158708 -0.02181786
v 0.00547866 -0.01249814 0.02570186
v 0.02960010 -0.00333266 -0.00838337
v 0.00614662 -0.01236582 0.02566783
v -0.02701834 -0.01051650 -0.00497496
v -0.01565010 -0.01385302 0.02017844
v -0.02436523 -0.01312866 0.00992642
v -0.02702417 -0.01145147 -0.00241938
v -0.01694419 -0.00584065 -0.02480574
v 0.02248930 -0.00841077 0.01750858
v 0.02863503 -0.00269347 -0.01117071
v 0.02084697 -0.00129191 -0.02288366
v -0.01838226 -0.00605975 -0.02365830
v 0.02890061 -0.00617060 0.00670309
v -0.01661249 -0.00550787 -0.02505898
v 0.02968835 -0.00333964 -0.00805590
v 0.03007021 -0.00343576 -0.00664000
v 0.01359800 -0.00152409 -0.02754113
v 0.01456410 -0.00149066 -0.02704646
v 0.01065591 -0.01158777 0.02467362
v 0.02553416 -0.00754459 0.01353655
v 0.03034389 -0.00451002 0.00007407
v -0.02414704 -0.00809233 -0.01532005
v -0.01267412 -0.01372155 0.02217661
v -0.02500178 -0.00879352 -0.01349737
v -0.02713275 -0.01127287 -0.00048608
v -0.01107203 -0.01358821 0.02301238
v -0.01046084 -0.01375991 0.02322208
v 0.02046739 -0.00135413 -0.02321657
v -0.00870713 -0.01337733 0.02390139
v 0.02172477 -0.00142478 -0.02211036
v -0.02628432 -0.00938356 -0.00969632
v -0.02099289 -0.01338720 0.01557106
v 0.02277413 -0.00161742 -0.02102152
v -0.01217761 -0.00454725 -0.02746865
v 0.01761600 -0.00992401 0.02142967
v -0.02517202 -0.01246001 0.00835141
v -0.01546474 -0.01370335 0.02037136
v -0.02463997 -0.00846710 -0.01435127
v -0.01366981 -0.01372015 0.02161987
v -0.02404285 -0.01304443 0.01074218
v -0.02721489 -0.01072675 -0.00236946
v 0.03003512 -0.00492670 0.00228083
v 0.02825754 -0.00240342 -0.01214253
v -0.01348254 -0.00474300 -0.02683246
v 0.02846034 -0.00260173 -0.01165358
v 0.00868779 -0.01167967 0.02533644
v -0.00942730 -0.01326698 0.02369199
v -0.01995346 -0.00633952 -0.02205874
v -0.02153750 -0.01343464 0.01483353
v -0.00798396 -0.01326203 0.02413749
v 0.02864498 -0.00590511 0.00747733
v 0.01687850 -0.00991147 0.02187570
v -0.02085915 -0.00654708 -0.02086209
v 0.01807989 -0.00978004 0.02113129
v -0.00735339 -0.01327445 0.02430134
v -0.02042847 -0.00667451 -0.02136886
v -0.01961475 -0.01362545 0.01694858
v 0.01420010 -0.00121943 -0.02723667
v 0.02577479 -0.00725118 0.01314291
v -0.00075052 -0.01274299 0.02564511
v 0.00980039 -0.01147519 0.02503541
v -0.01159538 -0.01359991 0.02276976
v -0.01347250 -0.00450987 -0.02687388
v -0.02269735 -0.01313696 0.01327720
v -0.01964235 -0.00621397 -0.02244181
v -0.02700011 -0.01155550 0.00151036
v -0.02695533 -0.01163160 0.00183627
v 0.00378787 -0.01173185 0.02598093
v -0.01793749 -0.00558857 -0.02414606
v 0.02301916 -0.00124350 -0.02066921
v -0.01875717 -0.01339990 0.01781965
v -0.01858139 -0.01334533 0.01799219
v 0.01618162 -0.00117425 -0.02611702
v -0.02704101 -0.00947291 -0.00670208
v 0.03025794 -0.00447360 0.00096865
v 0.01539832 -0.01026534 0.02263096
v -0.02515790 -0.00861722 -0.01321949
v 0.02994925 -0.00469170 0.00261390
v -0.02710489 -0.01128808 0.00080435
v 0.02267475 -0.00814939 0.01732299
v -0.02166947 -0.01302404 0.01486078
v 0.02105940 -0.00875746 0.01888559
v -0.01823572 -0.00560644 -0.02389287
v 0.02829763 -0.00588817 0.00843749
v -0.02663754 -0.01178280 0.00388455
v -0.01433313 -0.00475672 -0.02639818
v -0.02047278 -0.00629209 -0.02145566
v 0.01714239 -0.00976560 0.02173010
v 0.02728620 -0.00652305 0.01050742
v 0.03043457 -0.00382494 -0.00200897
v 0.03041632 -0.00371182 -0.00172598
v 0.03033661 -0.00413802 -0.00004308
v -0.01338495 -0.01337979 0.02189917
v -0.01272042 -0.01310326 0.02236353
v 0.02836724 -0.00223671 -0.01185518
v -0.01723475 -0.00529426 -0.02471262
v 0.02174816 -0.00869708 0.01825959
v 0.02197796 -0.00851500 0.01804139
v -0.02702487 -0.01123734 0.00219777
v -0.01980197 -0.00599902 -0.02234210
v 0.02262273 -0.00073377 -0.02110339
v -0.01991802 -0.01299559 0.01694400
v 0.02782216 -0.00603018 0.00951662
v -0.02071518 -0.00597528 -0.02127310
v 0.00701572 -0.01166950 0.02569284
v -0.01186906 -0.00407627 -0.02766694
v 0.02406867 -0.00137829 -0.01933004
v 0.01797088 -0.00931493 0.02124633
v 0.02296953 -0.00809425 0.01700079
v -0.02278526 -0.00722305 -0.01781959
v 0.01730986 -0.00061978 -0.02539298
v 0.03028236 -0.00399494 0.00051930
v 0.01510050 -0.01013271 0.02280123
v -0.01401877 -0.01330588 0.02154244
v 0.02015196 -0.00085320 -0.02341152
v -0.01116845 -0.01333181 0.02303991
v -0.02721022 -0.01096333 0.00026677
v 0.02144618 -0.00075107 -0.02230315
v -0.01680137 -0.00493555 -0.02503555
v -0.01601644 -0.00506673 -0.02546995
v -0.01584806 -0.00481719 -0.02560245
v -0.02630547 -0.01164547 0.00550780
v 0.00516214 -0.01144894 0.02596432
v 0.00610988 -0.01163333 0.02584381
v 0.01455257 -0.00084386 -0.02702985
v 0.01741506 -0.00926791 0.02160705
v -0.02390236 -0.00765505 -0.01587890
v 0.02733766 -0.00164440 -0.01405028
v 0.01552878 -0.00995900 0.02259300
v 0.02751009 -0.00173616 -0.01371486
v -0.01308777 -0.01304589 0.02217265
v 0.01971421 -0.00072937 -0.02374582
v 0.02805321 -0.00203608 -0.01258625
v 0.02822111 -0.00192046 -0.01216363
v -0.02129895 -0.01310971 0.01533893
v 0.02195690 -0.00797312 0.01810056
v 0.00850290 -0.01096394 0.02553233
v -0.02117768 -0.01291236 0.01556910
v -0.01968134 -0.00568692 -0.02254990
v -0.02673085 -0.01150935 0.00384131
v 0.00437563 -0.01160454 0.02598051
v -0.02009702 -0.01300671 0.01676120
v -0.02653671 -0.00870588 -0.00936321
v -0.01913669 -0.00538644 -0.02315422
v -0.02576324 -0.01179767 0.00720168
v -0.02287394 -0.00691766 -0.01777570
v 0.02693610 -0.00156156 -0.01482405
v -0.02729905 -0.01034815 -0.00266101
v -0.02447069 -0.00756349 -0.01492272
v -0.02498833 -0.00780849 -0.01389041
v -0.02727034 -0.01072661 -0.00018887
v -0.02724283 -0.01073354 0.00084340
v -0.02718453 -0.01086465 0.00141255
v 0.02859656 -0.00163302 -0.01114207
v 0.02888112 -0.00200959 -0.01034833
v 0.02939954 -0.00484963 0.00487981
v 0.02927052 -0.00497013 0.00539850
v -0.02703926 -0.01105385 0.00251785
v 0.02224623 -0.00049291 -0.02147145
v 0.02824459 -0.00522338 0.00856069
v 0.02068778 -0.00843767 0.01923675
v 0.02789150 -0.00536859 0.00939267
v -0.01789420 -0.00489874 -0.02432201
v 0.00698575 -0.01145175 0.02575060
v 0.02423488 -0.00107402 -0.01905017
v 0.02268151 -0.00762442 0.01735094
v 0.01675508 -0.00066514 -0.02575131
v -0.02202619 -0.00653047 -0.01919024
v -0.02515398 -0.01210823 0.00876058
v -0.02733909 -0.01002054 -0.00306435
v 0.00816368 -0.01128914 0.02554758
v -0.01760377 -0.00530376 -0.02445871
v -0.01522531 -0.00443190 -0.02597632
v 0.02163012 -0.00043918 -0.02210064
v 0.00346942 -0.01146123 0.02604221
v 0.00403009 -0.01110945 0.02610802
v 0.00589492 -0.01121486 0.02595231
v -0.01963257 -0.01283303 0.01727594
v 0.02994643 -0.00222317 -0.00688647
v -0.02651693 -0.01136732 0.00505208
v 0.02754658 -0.00556510 0.01007837
v -0.02622047 -0.01121676 0.00633821
v -0.01833166 -0.01285437 0.01838464
v 0.01021582 -0.01062970 0.02502269
v -0.02257983 -0.00683354 -0.01826255
v 0.01079901 -0.01043535 0.02481595
v 0.02383538 -0.00726679 0.01601062
v -0.02735276 -0.01017978 -0.00237800
v -0.02734502 -0.01026708 -0.00189226
v 0.02363079 -0.00726085 0.01628294
v 0.03017332 -0.00393780 0.00138165
v -0.01252820 -0.01273790 0.02257043
v 0.02846094 -0.00140634 -0.01144295
v 0.00784874 -0.01071175 0.02572381
v -0.01965591 -0.00531709 -0.02267100
v -0.00887774 -0.01267783 0.02401213
v -0.02704605 -0.01070402 0.00314380
v -0.01873338 -0.00500898 -0.02362053
v 0.01885468 -0.00864842 0.02068056
v -0.00764515 -0.01245751 0.02441810
v 0.00725720 -0.01105135 0.02577262
v 0.03011584 -0.00209811 -0.00601181
v 0.02717788 -0.00579001 0.01075802
v -0.02562918 -0.01168152 0.00775077
v 0.03037955 -0.00327914 -0.00162837
v -0.01553701 -0.01269126 0.02068366
v 0.03022087 -0.00378183 0.00107779
v 0.02309241 -0.00753417 0.01690004
v 0.02234875 -0.00727282 0.01773610
v 0.00820008 -0.01052479 0.02568773
v -0.01765078 -0.00476263 -0.02452631
v 0.02881032 -0.00156926 -0.01049226
v 0.02946699 -0.00429059 0.00455920
v -0.02717896 -0.01065371 0.00208748
v -0.01997023 -0.00499257 -0.02242400
v -0.02670656 -0.00874714 -0.00878424
v 0.02803186 -0.00501382 0.00908669
v -0.00693816 -0.01246679 0.02459438
v 0.02771981 -0.00524698 0.00974790
v -0.02113853 -0.00579536 -0.02075015
v 0.02289995 -0.00743768 0.01712030
v 0.03033163 -0.00238969 -0.00430887
v 0.01686406 -0.00039021 -0.02566985
v 0.03027164 -0.00345986 0.00037286
v -0.02739877 -0.01011834 -0.00109251
v -0.02485007 -0.00742169 -0.01429330
v -0.01701416 -0.00447435 -0.02497779
v -0.01662686 -0.00444656 -0.02520766
v -0.02306904 -0.01209851 0.01326408
v 0.02129814 -0.00029806 -0.02237711
v -0.00793573 -0.01242644 0.02434402
v -0.01825678 -0.00472507 -0.02405317
v -0.02027583 -0.01216783 0.01690806
v -0.02690707 -0.00893521 -0.00791461
v -0.01217380 -0.00322988 -0.02761243
v 0.01710176 -0.00888128 0.02183442
v -0.02605779 -0.01124872 0.00683478
v 0.01017795 -0.01040468 0.02507104
v 0.02590043 -0.00086914 -0.01652229
v -0.01651175 -0.01259570 0.01998800
v -0.02363311 -0.01204295 0.01227569
v -0.01312424 -0.01233195 0.02237041
v 0.02809943 -0.00085359 -0.01220811
v -0.01201117 -0.01269972 0.02284089
v -0.01427831 -0.00373448 -0.02655730
v -0.01031576 -0.01240739 0.02357800
v -0.01901083 -0.00503191 -0.02335170
v 0.00862081 -0.01043683 0.02558641
v -0.02279948 -0.01215828 0.01366147
v -0.02605386 -0.00776591 -0.01138639
v -0.02024288 -0.00508195 -0.02209344
v -0.02643425 -0.00827779 -0.00996670
v -0.02715790 -0.01044252 0.00282269
v -0.02695765 -0.01081307 0.00358027
v 0.02980640 -0.00177983 -0.00733490
v -0.02057695 -0.01243417 0.01647062
v 0.02997964 -0.00190314 -0.00665342
v -0.02724159 -0.00849017 -0.00680116
v -0.02723594 -0.00879196 -0.00645631
v 0.01426600 -0.00011007 -0.02712566
v 0.03027525 -0.00212753 -0.00470513
v -0.02726384 -0.00919315 -0.00559344
v 0.01152601 -0.00994544 0.02455135
v -0.01635656 -0.01245635 0.02016071
v 0.01825395 0.00032292 -0.02468033
v 0.03015956 -0.00346192 0.00127213
v -0.02444711 -0.01182129 0.01071171
v 0.02863964 -0.00139732 -0.01095819
v 0.01882980 -0.00835058 0.02072209
v -0.02665183 -0.00796858 -0.00951037
v -0.01653149 -0.00405691 -0.02531738
v 0.00520065 -0.01105082 0.02603642
v -0.02687756 -0.01064215 0.00426613
v -0.01968679 -0.01197946 0.01752761
v -0.01953747 -0.01247205 0.01748658
v 0.02734963 -0.00535797 0.01045828
v -0.02270316 -0.00589734 -0.01835065
v -0.01590099 -0.01244672 0.02049703
v 0.02659208 -0.00580853 0.01181078
v 0.02651451 -0.00557285 0.01194581
v -0.01413857 -0.01226892 0.02178535
v -0.01299995 -0.01206044 0.02250582
v -0.01405387 -0.00354593 -0.02669221
v 0.02850341 -0.00090822 -0.01121516
v 0.02180698 -0.00702047 0.01832282
v -0.01247481 -0.00283765 -0.02754958
v -0.02045913 -0.01206478 0.01676237
v -0.02714462 -0.00858154 -0.00727731
v 0.02790643 -0.00486648 0.00936386
v 0.02970224 -0.00160686 -0.00767813
v 0.02439024 -0.00023147 -0.01867164
v -0.02145978 -0.00543744 -0.02038669
v 0.01102506 -0.01002422 0.02477229
v 0.03035512 -0.00236578 -0.00336275
v 0.03035588 -0.00240422 -0.00307871
v 0.02700555 -0.00064598 -0.01449709
v 0.02392798 -0.00668887 0.01590975
v -0.02400743 -0.00643929 -0.01602305
v 0.02762708 -0.00090514 -0.01327256
v 0.00804818 -0.01028007 0.02575800
v -0.01687240 -0.00380846 -0.02515077
v 0.02940173 -0.00392585 0.00479682
v 0.00370251 -0.01078457 0.02617474
v -0.01822633 -0.00408129 -0.02416154
v 0.02510099 -0.00029180 -0.01764112
v 0.01222924 -0.00956938 0.02424994
v -0.01366356 -0.01204769 0.02213517
v 0.02745654 -0.00083137 -0.01362264
v -0.02297144 -0.01196062 0.01350202
v -0.01032620 -0.01154020 0.02376217
v -0.02176361 -0.01218307 0.01514797
v -0.00017466 -0.00116208 -0.03014524
v -0.01999724 -0.00452324 -0.02249520
v -0.02081885 -0.01169070 0.01650408
v 0.02918529 -0.00119511 -0.00930153
v -0.02678757 -0.01064759 0.00474303
v 0.02854292 -0.00445111 0.00773887
v 0.02409882 0.00003073 -0.01903817
v -0.02645516 -0.01073587 0.00604770
v 0.03003700 -0.00166193 -0.00629011
v -0.02628816 -0.01089617 0.00645189
v 0.01325592 0.00027294 -0.02761427
v 0.01365239 0.00026801 -0.02741550
v 0.01426080 0.00034710 -0.02708439
v -0.00454868 -0.01154993 0.02535649
v -0.02215343 -0.01180425 0.01478982
v -0.02594918 -0.00735724 -0.01189247
v -0.02618254 -0.00744897 -0.01122891
v 0.00436556 -0.01036235 0.02622990
v 0.02796451 -0.00453135 0.00920131
v -0.02721407 -0.00817538 -0.00732792
v 0.01945254 -0.00761648 0.02029649
v -0.02664135 -0.01044099 0.00561301
v 0.02687196 -0.00477754 0.01135625
v 0.03008129 -0.00156371 -0.00598701
v 0.03013208 -0.00135132 -0.00548967
v -0.02123414 -0.00476994 -0.02092893
v 0.03031669 -0.00200545 -0.00315665
v -0.02558362 -0.01090356 0.00866322
v 0.02582716 -0.00567273 0.01305993
v 0.01137780 -0.00948507 0.02466853
v -0.01541882 -0.01196937 0.02100064
v -0.02247157 -0.00573283 -0.01876482
v 0.02738567 -0.00050791 -0.01367371
v -0.02755594 -0.00954510 -0.00023441
v -0.01416594 -0.00302568 -0.02668719
v -0.02551528 -0.00684588 -0.01314784
v -0.01611139 -0.00325029 -0.02562687
v 0.00928451 -0.00944973 0.02551456
v -0.01732055 -0.00368199 -0.02487344
v 0.02174147 0.00059110 -0.02184900
v 0.02903843 -0.00090688 -0.00967970
v 0.00391759 -0.01047113 0.02622619
v -0.01669812 -0.00331769 -0.02529420
v 0.02295713 0.00048697 -0.02049564
v -0.01967498 -0.00441642 -0.02282773
v 0.02989835 -0.00107152 -0.00667114
v 0.02445647 0.00005256 -0.01852352
v -0.00419149 -0.01147854 0.02544266
v -0.02544303 -0.01077209 0.00918686
v 0.03030684 -0.00209874 -0.00224128
v -0.01513821 -0.01204823 0.02117501
v -0.02458941 -0.00653831 -0.01500375
v -0.01142380 -0.01170689 0.02332748
v -0.01782048 -0.00368052 -0.02451649
v 0.02146052 -0.00650957 0.01868905
v -0.02610921 -0.00707096 -0.01162005
v 0.02867904 -0.00401413 0.00730452
v 0.02839233 -0.00400874 0.00814437
v -0.02025697 -0.00440353 -0.02222098
v 0.02826688 -0.00402960 0.00845520
v 0.01850027 -0.00753657 0.02101404
v -0.02678419 -0.01032544 0.00512238
v 0.02782579 -0.00410057 0.00945288
v -0.02104834 -0.00489500 -0.02113962
v 0.01782714 -0.00739037 0.02146094
v 0.02462209 0.00035084 -0.01822690
v 0.01776507 0.00074054 -0.02496063
v 0.01854398 0.00104215 -0.02441792
v -0.01119912 -0.01144664 0.02346480
v -0.01703895 -0.00329277 -0.02509627
v -0.01262284 -0.00250443 -0.02751861
v 0.02149831 0.00087840 -0.02204330
v -0.02659687 -0.00736605 -0.01007507
v 0.02937061 -0.00064481 -0.00864018
v -0.02055693 -0.01156299 0.01682704
v 0.02284018 0.00055768 -0.02063117
v -0.02701376 -0.00974294 0.00472503
v -0.02714281 -0.00790294 -0.00787775
v -0.02701711 -0.00801756 -0.00827669
v 0.00538464 -0.00978755 0.02624192
v 0.01936142 -0.00743578 0.02037616
v 0.00593006 -0.01006076 0.02614874
v -0.01781912 -0.01132620 0.01937913
v -0.02742036 -0.00802226 -0.00623137
v -0.02428124 -0.01114126 0.01154800
v 0.02808884 -0.00041914 -0.01209968
v -0.02576052 -0.00666015 -0.01265248
v -0.01506994 -0.00266903 -0.02625759
v 0.02975848 -0.00088567 -0.00719406
v -0.01986086 -0.01141691 0.01755496
v -0.00471367 -0.01106450 0.02543729
v 0.00646796 -0.00982565 0.02611344
v -0.01842440 -0.00327313 -0.02410181
v 0.02660163 -0.00450158 0.01180769
v 0.02484564 0.00041357 -0.01788665
v -0.02578495 -0.01056089 0.00836666
v 0.01636665 0.00076104 -0.02586921
v -0.02492595 -0.01079752 0.01035692
v -0.01460380 -0.01146215 0.02171584
v 0.00724428 -0.00967692 0.02601338
v 0.02000144 0.00077629 -0.02334814
v -0.02549903 -0.00655747 -0.01330083
v 0.02881608 -0.00049305 -0.01020529
v 0.02905702 -0.00350170 0.00603244
v 0.00353357 -0.00989330 0.02631628
v 0.02036808 -0.00684053 0.01961741
v 0.02943948 -0.00052989 -0.00836329
v -0.01876185 -0.00360875 -0.02377560
v 0.03016207 -0.00125891 -0.00501868
v 0.02548432 0.00032957 -0.01693642
v 0.02573197 0.00040841 -0.01654328
v 0.03027909 -0.00176236 -0.00260986
v -0.02757274 -0.00843917 -0.00431596
v -0.02776287 -0.00801473 -0.00346034
v -0.01388592 -0.01133944 0.02218705
v -0.02419154 -0.01099413 0.01183055
v -0.02315832 -0.01115945 0.01359837
v 0.02170485 -0.00614581 0.01847694
v -0.02132944 -0.01125731 0.01608796
v 0.02841432 -0.00362848 0.00802974
v 0.00428533 -0.01010673 0.02627001
v -0.02716048 -0.00762070 -0.00804945
v -0.02069865 -0.01123253 0.01678695
v -0.02093294 -0.01123270 0.01654753
v 0.02994726 -0.00088051 -0.00628510
v 0.01348249 0.00111013 -0.02739757
v -0.02117037 -0.00407446 -0.02114188
v -0.00435200 -0.01059019 0.02561863
v -0.02642944 -0.00991992 0.00690941
v -0.02140707 -0.00428768 -0.02079422
v 0.01602630 0.00107838 -0.02605109
v 0.02601806 0.00023750 -0.01607716
v -0.02609955 -0.00999267 0.00788169
v -0.02570512 -0.01035602 0.00878367
v 0.01895864 0.00112805 -0.02410126
v 0.01939862 0.00121950 -0.02375137
v -0.02543322 -0.00635190 -0.01348839
v -0.02778306 -0.00847266 0.00041412
v 0.02937254 -0.00256345 0.00462916
v -0.01943931 -0.00322296 -0.02321938
v 0.02109856 -0.00655510 0.01901404
v -0.00671832 -0.01093847 0.02497019
v 0.02340319 0.00105914 -0.01980364
v -0.02713032 -0.00972003 0.00404552
v 0.02994984 -0.00033245 -0.00581917
v -0.01954129 -0.01119209 0.01792214
v -0.01913112 -0.00360591 -0.02345138
v -0.02670105 -0.00983796 0.00599943
v 0.01069514 -0.00886560 0.02504980
v 0.02788167 0.00004962 -0.01243044
v -0.01149706 -0.01101245 0.02344620
v -0.02315072 -0.01050746 0.01390366
v -0.02283462 -0.01119299 0.01410398
v -0.02286972 -0.01050342 0.01434068
v 0.02890651 0.00013893 -0.00977006
v -0.02770868 -0.00860921 0.00140584
v 0.02858889 -0.00333866 0.00750352
v -0.02137316 -0.01094656 0.01614384
v 0.02784427 -0.00350791 0.00934221
v 0.02400625 0.00069365 -0.01903690
v 0.03020360 -0.00114889 -0.00413768
v 0.03022271 -0.00116982 -0.00383660
v 0.01689510 -0.00744076 0.02203843
v -0.02186952 -0.00450775 -0.02004019
v 0.01032280 -0.00895601 0.02520982
v 0.00997626 -0.00887369 0.02534986
v 0.02595925 0.00064128 -0.01608037
v 0.02692290 0.00063955 -0.01424857
v 0.02999200 -0.00129850 0.00083071
v 0.02713751 0.00047125 -0.01388380
v 0.02804566 0.00010670 -0.01203440
v -0.02479723 -0.01019824 0.01105350
v 0.02325617 -0.00547748 0.01677361
v 0.00758452 -0.00886003 0.02606384
v -0.02238947 -0.01108153 0.01478263
v -0.02255847 -0.01076167 0.01467907
v 0.02870990 -0.00293915 0.00701685
v -0.00913500 -0.01097603 0.02428229
v 0.00881361 -0.00893378 0.02572624
v -0.02672337 -0.00655097 -0.01021882
v 0.02741539 -0.00370731 0.01025676
v 0.02686436 -0.00391275 0.01130292
v 0.03009059 -0.00059895 -0.00493552
v 0.02577705 0.00082936 -0.01634139
v 0.01632914 0.00163201 -0.02579494
v -0.01531826 -0.01105872 0.02135392
v 0.02634574 -0.00444246 0.01224147
v -0.01332584 -0.01099387 0.02259646
v 0.02737725 0.00064377 -0.01332583
v 0.02971365 -0.00243739 0.00320736
v 0.02965183 -0.00252175 0.00349974
v 0.00941403 -0.00879763 0.02554761
v -0.01770974 -0.00279007 -0.02468774
v 0.02932130 -0.00023965 -0.00865897
v 0.02955977 -0.00023565 -0.00769753
v 0.02818526 -0.00330206 0.00858817
v -0.02280086 -0.00452518 -0.01852258
v -0.02701007 -0.00944118 0.00513780
v 0.00569482 -0.00907531 0.02632453
v -0.01791383 -0.01106928 0.01937722
v -0.02661452 -0.00968809 0.00648984
v 0.01585188 0.00134318 -0.02612601
v 0.01707788 -0.00724366 0.02193880
v 0.03016641 -0.00117283 -0.00164959
v -0.00930826 -0.01057530 0.02431079
v -0.02198297 -0.01109612 0.01534748
v -0.02756751 -0.00882391 0.00236910
v 0.02939296 -0.00008795 -0.00832289
v 0.02307005 0.00139286 -0.02019241
v -0.01995933 -0.01073891 0.01766074
v 0.02981625 -0.00023444 -0.00651478
v -0.00441020 -0.01001381 0.02573124
v -0.02634651 -0.00945702 0.00757629
v -0.00261334 -0.00981949 0.02612682
v -0.00217102 -0.00992633 0.02615084
v -0.02227826 -0.00401528 -0.01952641
v -0.02581737 -0.00978113 0.00893884
v 0.01825064 0.00171056 -0.02453879
v -0.02784930 -0.00794932 -0.00224425
v 0.01859185 0.00163182 -0.02430971
v 0.01442719 -0.00758774 0.02338265
v 0.02069482 0.00162016 -0.02266720
v 0.02792111 0.00087862 -0.01201486
v 0.02814415 0.00068344 -0.01156761
v 0.02922460 -0.00195762 0.00499600
v -0.02773083 -0.00859303 0.00114689
v -0.00975370 -0.01059526 0.02416749
v -0.02621659 -0.00593502 -0.01188642
v -0.02626876 -0.00599314 -0.01173133
v 0.02835817 -0.00251938 0.00798820
v -0.02731406 -0.00869281 0.00429051
v -0.02718105 -0.00889296 0.00484469
v -0.02687797 -0.00944028 0.00568803
v -0.01888764 -0.00278000 -0.02376045
v 0.01010467 -0.00805218 0.02537049
v 0.02632936 -0.00393610 0.01223836
v 0.02998381 -0.00163595 0.00132702
v -0.02422945 -0.01016328 0.01225363
v 0.02027081 0.00196258 -0.02298109
v -0.01820332 -0.00276703 -0.02432292
v 0.02899736 0.00040063 -0.00941459
v 0.02845861 -0.00236075 0.00766901
v -0.02197237 -0.01025504 0.01567628
v 0.02275292 0.00170289 -0.02050665
v 0.02744828 -0.00332328 0.01016489
v -0.01978237 -0.00307409 -0.02290732
v -0.00284331 -0.00981004 0.02609129
v 0.02680261 0.00102326 -0.01434175
v -0.02788992 -0.00786762 -0.00183316
v -0.02400372 -0.01027899 0.01260545
v 0.01461750 -0.00750526 0.02328909
v 0.01513538 -0.00703248 0.02303500
v 0.02194716 -0.00557029 0.01825857
v -0.02774764 -0.00813586 0.00198526
v 0.02189623 0.00181316 -0.02147146
v -0.02737365 -0.00876684 0.00380792
v -0.02676610 -0.00637260 -0.01019961
v 0.02007495 -0.00580949 0.01988414
v 0.02342190 0.00181637 -0.01963465
v -0.01896110 -0.00261987 -0.02371301
v 0.00599351 -0.00879938 0.02633327
v 0.03013589 -0.00046583 -0.00338301
v 0.01690375 -0.00631198 0.02207716
v 0.02538902 -0.00422427 0.01368903
v 0.02718002 0.00087227 -0.01365261
v 0.02964107 -0.00189769 0.00337385
v 0.02755600 0.00084933 -0.01286165
v 0.02097347 0.00197313 -0.02237178
v 0.02135654 -0.00571810 0.01881631
v 0.02108834 -0.00567313 0.01904629
v 0.02030549 -0.00566600 0.01969862
v 0.00662802 -0.00875003 0.02625861
v -0.00124639 -0.00952089 0.02631413
v -0.02484857 -0.00981294 0.01118795
v -0.02789159 -0.00796838 0.00016130
v 0.01424992 -0.00733259 0.02349109
v 0.02931933 -0.00194281 0.00467182
v -0.00848048 -0.01015262 0.02463539
v 0.02854815 -0.00239030 0.00739357
v 0.02288115 0.00213459 -0.02026935
v -0.02002693 -0.00288423 -0.02265887
v 0.02718699 -0.00328811 0.01066756
v 0.01722028 -0.00649437 0.02188158
v -0.02787749 -0.00709201 -0.00409941
v 0.03010285 -0.00083776 -0.00131219
v -0.00171446 -0.00946658 0.02629590
v 0.01789587 0.00195445 -0.02473118
v 0.01747387 0.00214136 -0.02497325
v -0.02797676 -0.00760218 -0.00091764
v 0.00691116 -0.00844572 0.02626471
v -0.02788448 -0.00794317 0.00057664
v 0.02843836 0.00099530 -0.01068277
v -0.00974327 -0.01006756 0.02426706
v -0.00932717 -0.01017470 0.02438681
v 0.02193859 0.00201961 -0.02139039
v -0.01724296 -0.00194707 -0.02507539
v 0.02902612 0.00103585 -0.00899642
v 0.02314405 0.00245096 -0.01987916
v -0.02754417 -0.00831184 0.00334527
v -0.02732600 -0.00597755 -0.00853306
v -0.00422349 -0.00985010 0.02580549
v -0.00210186 -0.00958337 0.02623051
v 0.03005044 -0.00074488 -0.00078116
v -0.02795048 -0.00727760 -0.00273961
v 0.01815516 0.00206596 -0.02454498
v 0.02603938 -0.00350689 0.01269976
v -0.02798152 -0.00753514 -0.00124202
v 0.02105297 0.00255293 -0.02220390
v -0.01248025 -0.01016192 0.02321368
v 0.00815021 -0.00815565 0.02602972
v 0.02160844 -0.00498609 0.01858037
v 0.02133374 -0.00522617 0.01883525
v -0.02681479 -0.00546849 -0.01049705
v -0.01637305 -0.00173196 -0.02562256
v 0.02817634 -0.00233808 0.00839849
v -0.01681660 -0.00155670 -0.02538191
v 0.01861965 -0.00591860 0.02099268
v -0.01929927 -0.00236633 -0.02341143
v 0.02802193 -0.00246942 0.00881432
v 0.02783812 -0.00206369 0.00913732
v -0.02068772 -0.00289793 -0.02193551
v 0.02978590 0.00042755 -0.00621367
v 0.02417175 0.00194424 -0.01854452
v -0.02659132 -0.00883575 0.00731191
v 0.01037433 -0.00778748 0.02528138
v 0.01142959 -0.00757218 0.02480568
v -0.02554871 -0.00912085 0.01009076
v 0.00052880 -0.00855578 0.02656288
v -0.02436218 -0.00924077 0.01248742
v 0.02052496 0.00229731 -0.02272017
v 0.02956637 -0.00150365 0.00351754
v 0.02920266 -0.00176968 0.00499498
v 0.02909196 0.00089618 -0.00885859
v -0.02706099 -0.00554356 -0.00968721
v 0.01878565 -0.00577551 0.02087524
v 0.02361290 0.00238655 -0.01924865
v 0.00643411 -0.00810744 0.02638090
v -0.02764700 -0.00640463 -0.00673030
v 0.02696545 -0.00277383 0.01101412
v 0.01193509 -0.00693890 0.02461626
v 0.02027538 0.00234886 -0.02292208
v 0.00799452 -0.00805832 0.02608030
v 0.02210422 0.00253278 -0.02109799
v 0.02982972 0.00053448 -0.00582428
v 0.03005980 0.00009597 -0.00319185
v -0.01643475 -0.00984687 0.02093034
v -0.01601279 -0.00981700 0.02123259
v 0.02992151 -0.00076486 0.00090973
v -0.01297149 -0.01010518 0.02298860
v -0.01200002 -0.01000192 0.02345563
v -0.01711196 -0.00134363 -0.02520040
v -0.01841714 -0.00178550 -0.02423057
v -0.01748784 -0.00152477 -0.02494600
v 0.02760067 -0.00233190 0.00968603
v 0.00459006 -0.00840019 0.02650425
v -0.02739141 -0.00817723 0.00445472
v -0.02762712 -0.00612260 -0.00710833
v 0.02998171 0.00031548 -0.00420931
v -0.02778045 -0.00631488 -0.00608005
v 0.01613187 0.00247913 -0.02577060
v -0.00185701 -0.00899214 0.02637472
v -0.02793463 -0.00683137 -0.00402223
v 0.01521227 -0.00629980 0.02302920
v 0.00826724 -0.00778649 0.02602275
v -0.02798564 -0.00728607 0.00134517
v -0.01822625 -0.00167951 -0.02439334
v 0.00904750 -0.00770876 0.02577122
v -0.00850190 -0.00955843 0.02474486
v -0.02774707 -0.00736110 0.00332804
v -0.02652983 -0.00520424 -0.01137795
v 0.02840271 -0.00202407 0.00770835
v -0.01587022 -0.00110806 -0.02592022
v 0.02724846 -0.00250943 0.01045569
v -0.02764051 -0.00590202 -0.00722746
v 0.02410505 0.00225010 -0.01857014
v -0.00463182 -0.00906939 0.02586542
v 0.03004452 0.00028619 -0.00275664
v 0.03006105 0.00018173 -0.00244453
v -0.01682420 -0.00948505 0.02073058
v -0.02804588 -0.00655889 -0.00328431
v -0.02475810 -0.00912219 0.01179468
v -0.01355672 -0.00937680 0.02284003
v 0.01484008 -0.00633655 0.02322526
v -0.02809406 -0.00700442 -0.00128303
v -0.02405001 -0.00906754 0.01308027
v -0.02813083 -0.00686085 -0.00058384
v 0.02258689 -0.00453587 0.01758203
v -0.02322386 -0.00931074 0.01431887
v 0.02223087 -0.00427980 0.01795348
v 0.02201940 0.00298469 -0.02109683
v 0.01999313 -0.00496525 0.01996124
v -0.02748475 -0.00586045 -0.00804019
v 0.00589683 -0.00799518 0.02646789
v 0.01353520 0.00263585 -0.02716228
v -0.02774482 -0.00605256 -0.00654714
v -0.01893472 -0.00943158 0.01895908
v -0.02139784 -0.00254823 -0.02109783
v -0.00117774 -0.00865705 0.02649104
v -0.02807313 -0.00671421 -0.00246625
v 0.01119234 -0.00689183 0.02495368
v 0.02362165 -0.00365657 0.01627422
v -0.02495080 -0.00886816 0.01155059
v 0.02294663 -0.00392584 0.01713045
v -0.02355976 -0.00893848 0.01393623
v -0.01770963 -0.00171271 -0.02477935
v 0.02133284 0.00278292 -0.02190143
v -0.01793194 -0.00137772 -0.02463645
v 0.00884111 -0.00742353 0.02586133
v -0.02233906 -0.00293763 -0.01965178
v -0.02154573 -0.00926841 0.01651829
v -0.02751543 -0.00561752 -0.00804891
v 0.02327356 0.00297903 -0.01956927
v 0.02965520 0.00094596 -0.00649478
v -0.01632896 -0.00099118 -0.02567894
v 0.01278966 0.00281429 -0.02750668
v 0.03002094 0.00030921 -0.00219706
v -0.02797494 -0.00568402 -0.00536690
v -0.02600016 -0.00863999 0.00929861
v -0.02589107 -0.00858149 0.00966940
v 0.02970424 -0.00041811 0.00209937
v 0.02340487 -0.00381974 0.01655438
v -0.02808042 -0.00694355 0.00057167
v -0.01695550 -0.00064755 -0.02530751
v 0.00491182 -0.00767337 0.02657616
v 0.00564170 -0.00791280 0.02650912
v -0.02102115 -0.00196685 -0.02163072
v -0.02697102 -0.00789197 0.00677225
v 0.01432235 0.00311834 -0.02669768
v 0.01772329 0.00341047 -0.02460262
v -0.02549209 -0.00847031 0.01063921
v 0.02012234 0.00330985 -0.02288545
v -0.01828724 -0.00125910 -0.02435870
v 0.02903016 -0.00058681 0.00501830
v -0.02668183 -0.00468381 -0.01119328
v 0.02222019 0.00291458 -0.02088570
v -0.02712887 -0.00497853 -0.00978676
v -0.02257478 -0.00261894 -0.01933540
v -0.02752093 -0.00748061 0.00446505
v -0.00823019 -0.00850207 0.02500131
v -0.01595472 -0.00075080 -0.02589184
v 0.01817082 -0.00505132 0.02131385
v 0.02743091 -0.00197553 0.00998217
v 0.01319221 0.00311055 -0.02726672
v 0.00585911 -0.00776286 0.02650565
v 0.01608347 -0.00573189 0.02257447
v -0.00309259 -0.00837579 0.02632497
v -0.01770835 -0.00926672 0.02008111
v -0.00068734 -0.00859247 0.02653681
v -0.02808870 -0.00626385 -0.00334903
v 0.02973367 -0.00027351 0.00180046
v -0.02806785 -0.00690811 0.00113515
v 0.02221374 -0.00343918 0.01795113
v 0.02967231 0.00124359 -0.00618283
v 0.00523008 -0.00762154 0.02656402
v -0.02675200 -0.00799164 0.00742485
v 0.02677332 -0.00171798 0.01119964
v -0.00448635 -0.00855186 0.02599418
v -0.02146325 -0.00168481 -0.02112745
v -0.01614821 -0.00914472 0.02133320
v -0.01576780 -0.00886076 0.02168162
v -0.02821498 -0.00629089 -0.00105474
v -0.02809071 -0.00661521 0.00146789
v -0.02689042 -0.00452320 -0.01069195
v -0.02118827 -0.00869132 0.01708130
v -0.01639180 -0.00025076 -0.02565633
v -0.02738747 -0.00508643 -0.00883617
v 0.00559361 -0.00755293 0.02654608
v -0.00384783 -0.00856172 0.02615314
v -0.02184187 -0.00205503 -0.02054497
v -0.02608360 -0.00823354 0.00931704
v -0.02599442 -0.00817529 0.00962890
v -0.02571705 -0.00780798 0.01052394
v -0.02823239 -0.00625794 -0.00076525
v 0.02044200 0.00325847 -0.02263889
v 0.00704262 -0.00706536 0.02638831
v -0.01809526 -0.00078290 -0.02450947
v -0.02624951 -0.00411717 -0.01243510
v -0.02654940 -0.00406636 -0.01175881
v -0.02784955 -0.00708498 0.00293954
v 0.02786360 -0.00141619 0.00888144
v -0.01671758 -0.00029706 -0.02545565
v -0.01953524 -0.00077423 -0.02328339
v 0.02766118 -0.00169028 0.00942415
v 0.01821675 -0.00469340 0.02128765
v 0.00960127 -0.00661510 0.02564817
v 0.00016483 -0.00816132 0.02663312
v 0.00060834 -0.00773546 0.02668166
v 0.02961777 0.00002099 0.00217438
v 0.02322653 -0.00321248 0.01675850
v -0.02400845 -0.00845083 0.01340944
v -0.01761536 -0.00056995 -0.02485800
v -0.01450944 0.00009555 -0.02662648
v 0.02348468 0.00330457 -0.01918091
v 0.00683497 -0.00711884 0.02643496
v -0.00481948 -0.00854419 0.02591080
v -0.01688386 -0.00830089 0.02101882
v -0.01493641 -0.00884293 0.02220990
v -0.01294688 -0.00856968 0.02331616
v 0.02265315 -0.00331194 0.01746116
v 0.02902848 -0.00036908 0.00489809
v -0.02320674 -0.00836963 0.01472005
v -0.01499353 0.00012550 -0.02638750
v 0.02894104 0.00234308 -0.00857552
v -0.02153753 -0.00852106 0.01675579
v 0.00635608 -0.00693666 0.02650920
v -0.02797624 -0.00533376 -0.00574470
v -0.02700598 -0.00767273 0.00678814
v -0.01694652 -0.00888829 0.02081215
v -0.02601427 -0.00767696 0.00987676
v -0.00062718 -0.00704715 0.02676078
v -0.02816657 -0.00583825 -0.00302511
v -0.02480808 -0.00304435 -0.01546783
v -0.02509166 -0.00306153 -0.01497658
v -0.02367250 -0.00857769 0.01390830
v -0.02546030 -0.00338552 -0.01425801
v -0.02337415 -0.00826834 0.01451039
v 0.02101869 0.00372042 -0.02198629
v -0.00958689 -0.00834601 0.02461057
v 0.01992174 -0.00398691 0.02001204
v -0.02078474 -0.00852945 0.01752319
v 0.02751555 -0.00099501 0.00954249
v -0.00374924 -0.00811349 0.02624018
v 0.02528094 -0.00233542 0.01376390
v 0.00983168 -0.00607203 0.02558790
v -0.02547617 -0.00805850 0.01092088
v -0.02503274 -0.00803384 0.01181639
v -0.02821082 -0.00616254 0.00069212
v -0.02436772 -0.00812955 0.01293290
v 0.02072538 0.00384460 -0.02224095
v -0.00913735 -0.00837723 0.02474597
v 0.02920305 0.00215678 -0.00775605
v -0.01978791 -0.00094817 -0.02303516
v -0.02809259 -0.00488852 -0.00536241
v -0.00337539 -0.00781943 0.02635917
v -0.00205602 -0.00784285 0.02657413
v 0.02969254 0.00063995 0.00077804
v 0.01954305 -0.00414565 0.02032104
v 0.00791689 -0.00651192 0.02619067
v 0.00862405 -0.00644036 0.02600194
v -0.02659837 -0.00744043 0.00823964
v -0.00249209 -0.00785645 0.02650811
v 0.02947429 0.00035362 0.00261807
v -0.02461019 -0.00770464 0.01268202
v -0.02588488 -0.00289497 -0.01356814
v -0.01714957 0.00000799 -0.02518937
v -0.02789138 -0.00631658 0.00353922
v 0.02182813 -0.00323400 0.01833112
v -0.02209914 -0.00799305 0.01625399
v -0.01933331 -0.00030249 -0.02348368
v -0.01909485 -0.00039058 -0.02369416
v -0.02820168 -0.00505707 -0.00409643
v 0.02422260 -0.00221772 0.01533424
v -0.01697596 0.00066972 -0.02528517
v -0.00987388 -0.00808179 0.02455951
v -0.02299633 -0.00812202 0.01509006
v -0.02249044 -0.00812454 0.01574009
v -0.02090898 -0.00798085 0.01754767
v -0.01987287 -0.00794737 0.01851970
v 0.02968024 0.00223199 -0.00351222
v -0.02641347 -0.00728775 0.00889915
v 0.02976672 0.00156647 -0.00167781
v 0.01497331 0.00413979 -0.02617586
v -0.02814401 -0.00485395 -0.00497314
v -0.02586401 -0.00741962 0.01036492
v -0.01516007 -0.00842920 0.02217728
v -0.01498025 -0.00846467 0.02227755
v -0.02807016 -0.00596934 0.00263106
v 0.00769704 -0.00611902 0.02627102
v 0.02887055 0.00300417 -0.00844351
v -0.02642580 -0.00322576 -0.01231835
v 0.00889914 -0.00585164 0.02593529
v 0.02335716 0.00413103 -0.01912690
v -0.02747984 -0.00660581 0.00557160
v -0.01652648 0.00088938 -0.02555143
v -0.02792223 -0.00411741 -0.00707403
v 0.02623207 -0.00148239 0.01212542
v -0.00216009 -0.00748651 0.02660268
v -0.01652653 -0.00795377 0.02138088
v 0.00940552 -0.00589688 0.02575669
v 0.02601339 -0.00164934 0.01250120
v -0.02840575 -0.00488797 -0.00050896
v -0.02365414 -0.00746471 0.01434728
v 0.02297596 -0.00228828 0.01703005
v 0.02311948 -0.00220360 0.01685127
v -0.02300120 -0.00783770 0.01517144
v 0.00865780 -0.00585860 0.02601912
v 0.02714472 -0.00072512 0.01028935
v 0.02705570 -0.00082237 0.01048939
v 0.02367458 0.00406753 -0.01868499
v 0.01228044 0.00440259 -0.02752345
v -0.02009737 -0.00013939 -0.02278416
v 0.01437494 0.00448804 -0.02646914
v -0.02331539 -0.00795228 0.01471642
v 0.02393925 -0.00208182 0.01573775
v -0.01735575 0.00092805 -0.02500649
v -0.00963068 -0.00766378 0.02470743
v -0.02605443 -0.00285919 -0.01323420
v -0.02798890 -0.00609908 0.00314855
v -0.02689394 -0.00679183 0.00760923
v -0.02802818 -0.00418828 -0.00635883
v -0.02645097 -0.00684320 0.00898619
v -0.00178813 -0.00708151 0.02670491
v -0.02831602 -0.00544588 0.00065432
v 0.02222356 -0.00225935 0.01789202
v -0.02258794 -0.00739574 0.01584835
v -0.02245826 -0.00720684 0.01606086
v -0.01841294 0.00040030 -0.02424535
v -0.01901755 -0.00007212 -0.02377720
v 0.02943044 0.00295476 -0.00604992
v 0.02951727 0.00270051 -0.00579058
v 0.01483702 0.00490380 -0.02611879
v -0.02826189 -0.00469306 -0.00394020
v -0.00253286 -0.00661690 0.02665158
v -0.02569834 -0.00708879 0.01088258
v 0.00970810 -0.00553937 0.02565434
v -0.02829890 -0.00551236 0.00104546
v -0.02573130 -0.00250535 -0.01395327
v -0.01526778 0.00123619 -0.02626708
v 0.02861004 0.00328076 -0.00903935
v -0.02789875 -0.00580735 0.00386135
v 0.02894517 0.00315281 -0.00807774
v -0.02140806 -0.00768194 0.01714528
v -0.02750055 -0.00640193 0.00565706
v 0.02737737 -0.00042902 0.00967795
v 0.02951314 0.00296195 -0.00539955
v -0.02785996 -0.00386274 -0.00759077
v -0.00309094 -0.00714082 0.02650147
v -0.01679257 -0.00773546 0.02123800
v 0.01284764 -0.00483915 0.02428147
v -0.00032274 -0.00672202 0.02680700
v 0.02470334 -0.00135543 0.01455672
v -0.02839078 -0.00500441 -0.00086785
v -0.02828064 -0.00554304 0.00133244
v 0.02909725 0.00105043 0.00374655
v 0.02416348 -0.00197063 0.01540935
v -0.02597073 -0.00224166 -0.01356214
v 0.00748330 -0.00564971 0.02633828
v -0.02178654 -0.00735480 0.01682109
v 0.00459885 -0.00611058 0.02675422
v -0.02837738 -0.00500700 -0.00116227
v 0.02481885 -0.00137644 0.01438178
v -0.02520103 -0.00714489 0.01188727
v 0.01484237 -0.00422294 0.02330544
v 0.00639091 -0.00571804 0.02656898
v 0.02143868 0.00490909 -0.02124353
v -0.02819151 -0.00542341 0.00229876
v -0.02809304 -0.00562593 0.00283062
v 0.02080902 -0.00263719 0.01924116
v -0.01878037 0.00033746 -0.02397505
v 0.00501443 -0.00594905 0.02672522
v 0.01819871 -0.00338344 0.02128635
v 0.02675400 -0.00036888 0.01098737
v -0.00070224 -0.00672936 0.02678847
v 0.02373062 -0.00174960 0.01599175
v -0.01584535 0.00129007 -0.02594169
v -0.01515516 0.00152350 -0.02632144
v 0.02817417 0.00052083 0.00727796
v -0.02702597 -0.00257065 -0.01106189
v 0.02206891 -0.00218529 0.01805167
v -0.02156876 -0.00733844 0.01706391
v 0.00394111 -0.00596274 0.02680428
v 0.02960680 0.00251582 -0.00237247
v -0.02608983 -0.00640478 0.01022274
v -0.02147351 0.00002395 -0.02128678
v 0.01999491 0.00505319 -0.02264115
v -0.02349117 -0.00684758 0.01477842
v 0.02072704 0.00531497 -0.02189375
v 0.01192929 0.00505415 -0.02758360
v 0.02378263 0.00502711 -0.01821333
v 0.02958121 0.00272721 -0.00290573
v -0.02079903 0.00024209 -0.02207988
v -0.02628263 -0.00622130 0.00975702
v 0.01217042 -0.00420566 0.02460453
v -0.01552357 -0.00738880 0.02221046
v 0.01962690 0.00511945 -0.02293793
v -0.02840133 -0.00470903 -0.00131684
v 0.01538459 -0.00378393 0.02302144
v -0.02830606 -0.00515640 0.00155674
v -0.02339910 -0.00721721 0.01481108
v -0.01716004 0.00144112 -0.02512226
v 0.02782058 0.00049394 0.00835471
v -0.01771833 0.00119382 -0.02472662
v 0.00402721 -0.00576458 0.02681075
v 0.01800689 -0.00286111 0.02141856
v 0.01530876 0.00523906 -0.02577761
v -0.02171291 -0.00002611 -0.02099377
v -0.01285157 0.00219210 -0.02746360
v 0.01381828 -0.00409569 0.02384879
v 0.02094366 0.00512218 -0.02172743
v -0.01025246 -0.00682794 0.02462605
v -0.02816264 -0.00519604 0.00266396
v -0.02632027 -0.00222116 -0.01283885
v -0.00398832 -0.00658622 0.02641436
v -0.00357229 -0.00640650 0.02651700
v 0.02953264 0.00250139 -0.00118219
v -0.02557171 -0.00642562 0.01138819
v 0.01475037 -0.00357884 0.02336973
v 0.02122539 0.00544880 -0.02131760
v -0.02276577 -0.00669496 0.01583161
v 0.02909914 0.00381577 -0.00702332
v -0.02676599 -0.00221747 -0.01187625
v 0.02132838 -0.00185564 0.01878610
v -0.02738869 -0.00238580 -0.01012100
v 0.02946531 0.00333123 -0.00454792
v 0.02421904 0.00487705 -0.01760208
v -0.02018492 0.00070382 -0.02274612
v -0.00236205 -0.00618812 0.02671969
v -0.01321749 -0.00681220 0.02353176
v 0.02286714 -0.00123299 0.01710449
v 0.02091352 0.00544626 -0.02165985
v -0.02322713 -0.00654623 0.01524293
v 0.00851532 -0.00477265 0.02609555
v 0.02214907 0.00566722 -0.02019550
v -0.01591914 0.00170808 -0.02588256
v -0.02724740 -0.00244042 -0.01050535
v -0.01331343 0.00242402 -0.02724063
v 0.00517865 -0.00529739 0.02675161
v 0.01452509 0.00560848 -0.02615031
v 0.01598874 -0.00312691 0.02270422
v -0.01938631 0.00114179 -0.02347843
v -0.02826515 -0.00345201 -0.00513379
v -0.00202385 -0.00587901 0.02678643
v 0.01962336 0.00588960 -0.02276649
v 0.02001475 0.00564058 -0.02248865
v 0.02840324 0.00129422 0.00615152
v -0.02588402 -0.00125216 -0.01394651
v 0.00833251 -0.00478043 0.02614762
v 0.02245626 0.00537636 -0.01990079
v -0.02759855 -0.00262255 -0.00935207
v 0.00478486 -0.00511631 0.02679620
v 0.02947376 0.00318180 -0.00245480
v -0.02124438 0.00051474 -0.02160384
v -0.02195095 0.00036212 -0.02069195
v -0.00343573 -0.00580976 0.02660975
v -0.01684193 -0.00658037 0.02150740
v -0.01634467 -0.00665543 0.02185096
v 0.02898829 0.00274011 0.00280006
v 0.02268269 -0.00129590 0.01734356
v -0.01226131 -0.00658358 0.02395591
v 0.01168144 0.00579907 -0.02756803
v 0.02109534 -0.00167628 0.01898194
v 0.02401163 0.00538374 -0.01774414
v -0.01953507 0.00104704 -0.02335176
v 0.01780990 -0.00266042 0.02154709
v -0.00481251 -0.00638373 0.02624932
v -0.02742294 -0.00479023 0.00667164
v 0.01806457 -0.00259738 0.02137426
v 0.01324293 0.00583734 -0.02678265
v -0.02167045 0.00054012 -0.02108344
v -0.00422731 -0.00622301 0.02640977
v -0.00373935 -0.00600524 0.02654114
v 0.01487449 0.00585008 -0.02590657
v 0.01228750 -0.00399656 0.02455867
v -0.01749413 -0.00694101 0.02089521
v 0.02932336 0.00229865 0.00148963
v -0.02501018 -0.00608516 0.01255300
v -0.02843986 -0.00417103 0.00081335
v -0.01297768 -0.00680523 0.02363847
v 0.02363744 0.00514013 -0.01838739
v -0.01840041 -0.00676304 0.02017442
v -0.02593502 -0.00580351 0.01080961
v -0.01499300 -0.00664855 0.02268746
v -0.02849624 -0.00379385 -0.00108806
v 0.02751033 0.00463257 -0.01112059
v 0.02761110 0.00455625 -0.01092420
v -0.02483981 -0.00592029 0.01288972
v -0.02846312 -0.00405326 0.00056598
v -0.02841471 -0.00386893 0.00161431
v 0.02784367 0.00129624 0.00788280
v -0.02813989 -0.00452443 0.00329393
v 0.02903698 0.00443898 -0.00674689
v 0.02133023 -0.00142731 0.01876452
v 0.02747997 0.00105738 0.00898221
v -0.01314643 0.00315153 -0.02731316
v -0.02771885 -0.00235562 -0.00900978
v -0.00648561 -0.00603834 0.02585327
v -0.02789999 -0.00251749 -0.00812629
v 0.02458449 0.00536806 -0.01681479
v -0.00477628 -0.00588369 0.02632280
v -0.01860184 -0.00645272 0.02008354
v 0.02926935 0.00244380 0.00168876
v 0.02303556 -0.00084374 0.01686064
v -0.02617347 -0.00128359 -0.01339356
v 0.02233550 0.00615696 -0.01982521
v -0.01361116 0.00285308 -0.02709747
v -0.02164781 -0.00593493 0.01731051
v 0.02912730 0.00421637 -0.00651215
v 0.00488753 -0.00453984 0.02681383
v -0.02735653 -0.00482983 0.00689709
v -0.02369679 -0.00014805 -0.01800178
v 0.01572346 -0.00261279 0.02287107
v -0.01888631 -0.00625308 0.01987596
v 0.02514239 0.00550724 -0.01580197
v -0.00282211 -0.00557581 0.02671054
v -0.02610880 -0.00534162 0.01052680
v -0.02217741 0.00051400 -0.02037873
v -0.02566816 -0.00558636 0.01145655
v -0.01599174 -0.00635063 0.02216684
v -0.01512925 -0.00660250 0.02262467
v -0.02850264 -0.00372473 -0.00037235
v 0.01995269 0.00637791 -0.02234400
v -0.01525190 0.00272587 -0.02619937
v -0.02821726 -0.00440177 0.00286057
v 0.02761354 0.00124096 0.00857269
v 0.02921188 0.00428631 -0.00583690
v -0.02825240 -0.00267618 -0.00582732
v -0.01947238 -0.00623484 0.01933627
v 0.02529174 0.00557446 -0.01551995
v -0.02155924 0.00131116 -0.02125935
v 0.02195448 -0.00065270 0.01809659
v 0.02927084 0.00318700 0.00034492
v 0.00915605 -0.00409177 0.02585655
v -0.00110830 -0.00517496 0.02689639
v -0.02477807 -0.00041078 -0.01615138
v 0.01848789 0.00613495 -0.02364709
v 0.01915827 0.00633556 -0.02305638
v -0.02430097 -0.00555607 0.01388979
v -0.01202731 -0.00613052 0.02411376
v -0.02638718 -0.00076322 -0.01307089
v -0.02224476 -0.00571600 0.01670786
v -0.02808890 -0.00210454 -0.00734549
v 0.02449265 0.00567691 -0.01684513
v 0.00463003 -0.00456854 0.02683339
v -0.02110279 0.00123934 -0.02180547
v -0.00214486 -0.00564257 0.02679055
v -0.02578921 -0.00536104 0.01129146
v -0.02391499 0.00011312 -0.01770420
v -0.02404821 -0.00001097 -0.01745576
v 0.02287784 -0.00078306 0.01704710
v -0.01385992 0.00321085 -0.02693099
v 0.02921037 0.00444930 -0.00551763
v -0.02793154 -0.00149998 -0.00851988
v 0.02929159 0.00420125 -0.00396170
v -0.02692906 -0.00489597 0.00839846
v -0.02084755 0.00141663 -0.02208934
v 0.02921500 0.00350044 0.00019932
v 0.01639128 -0.00222971 0.02248788
v 0.02596958 0.00562500 -0.01416539
v -0.02592925 -0.00522438 0.01101045
v 0.01819104 0.00629481 -0.02382406
v 0.02442759 0.00016097 0.01477205
v 0.02429069 -0.00009030 0.01501543
v 0.01976067 0.00646103 -0.02250617
v -0.02840867 -0.00357016 0.00194158
v -0.01257330 -0.00584169 0.02396584
v -0.01699087 0.00154140 -0.02522963
v -0.02259905 -0.00550509 0.01633601
v 0.02872629 0.00509574 -0.00754032
v -0.00556649 -0.00530526 0.02619915
v -0.00616870 -0.00532546 0.02603304
v 0.02097962 -0.00104465 0.01904884
v -0.02033426 0.00172675 -0.02261701
v -0.00438839 -0.00555725 0.02643815
v 0.02921522 0.00369176 -0.00037113
v 0.02922358 0.00324973 0.00073269
v 0.01844790 0.00657566 -0.02356759
v -0.00133577 -0.00519657 0.02688896
v -0.02497584 -0.00522321 0.01288029
v -0.02465565 0.00002879 -0.01645068
v -0.02431544 -0.00524088 0.01396519
v 0.02878320 0.00507589 -0.00732553
v -0.01541910 0.00295171 -0.02608301
v 0.02272061 0.00634749 -0.01928877
v -0.02102766 -0.00596756 0.01794381
v -0.02802475 -0.00199567 -0.00784328
v -0.02011004 0.00205234 -0.02282529
v 0.02926353 0.00427492 -0.00314754
v -0.02151249 0.00176750 -0.02132646
v 0.02499224 0.00631385 -0.01570380
v 0.01565012 -0.00232183 0.02291137
v 0.02559849 0.00627455 -0.01463279
v 0.02173347 -0.00062180 0.01831774
v 0.02889654 0.00320007 0.00276464
v 0.01867913 0.00671673 -0.02335033
v 0.02760322 0.00536249 -0.01045934
v -0.02709414 -0.00086082 -0.01144588
v 0.02066415 -0.00102960 0.01932126
v -0.02139375 -0.00581698 0.01760347
v 0.02909362 0.00483435 -0.00592860
v 0.02907632 0.00501687 -0.00568462
v 0.02359182 0.00640400 -0.01801052
v 0.01342113 0.00674419 -0.02651208
v 0.01377233 0.00696465 -0.02627388
v -0.02819637 -0.00193128 -0.00670170
v -0.02684880 -0.00483439 0.00869051
v 0.01130023 -0.00306589 0.02497532
v -0.02130327 0.00187694 -0.02156858
v -0.02535062 -0.00514665 0.01219552
v 0.01949850 0.00655715 -0.02270661
v 0.02887116 0.00308357 0.00300647
v -0.02647819 -0.00067027 -0.01290288
v 0.01474292 -0.00237229 0.02338635
v 0.02852775 0.00512610 -0.00817826
v -0.02718550 -0.00095284 -0.01118423
v -0.02194569 -0.00535250 0.01712819
v -0.01290324 0.00395853 -0.02738980
v -0.00668138 -0.00500515 0.02592117
v 0.02694381 0.00168666 0.00993407
v 0.00438169 -0.00388029 0.02687703
v -0.00520038 -0.00486924 0.02631632
v 0.01910906 0.00669275 -0.02300609
v 0.00951931 -0.00326206 0.02571231
v -0.02835532 -0.00340351 0.00248757
v -0.01201538 -0.00566165 0.02419434
v 0.01497736 -0.00229558 0.02327262
v -0.02161360 -0.00515022 0.01751660
v 0.02705045 0.00186586 0.00963868
v 0.02383131 0.00636145 -0.01764251
v 0.02921333 0.00443323 -0.00266663
v -0.02697484 -0.00425739 0.00850582
v -0.02185258 0.00191308 -0.02092853
v 0.01638946 -0.00178984 0.02247130
v -0.00114603 -0.00447362 0.02692793
v -0.02500137 0.00016466 -0.01587185
v 0.02345725 0.00045001 0.01609464
v 0.01133548 0.00713111 -0.02746206
v -0.02241210 -0.00535681 0.01660785
v 0.02861006 0.00541071 -0.00771535
v -0.02788209 -0.00366704 0.00536379
v 0.02143219 -0.00020858 0.01857300
v 0.00405510 -0.00397021 0.02689391
v 0.02917059 0.00478151 -0.00389899
v -0.02030313 0.00221875 -0.02264555
v -0.02854751 -0.00237815 -0.00317063
v 0.02589208 0.00620336 -0.01403200
v -0.02243132 0.00183913 -0.02014673
v 0.02216802 0.00015483 0.01775269
v 0.02194612 0.00017166 0.01799436
v 0.02158007 0.00015902 0.01838108
v 0.02300480 0.00021092 0.01672040
v 0.01152981 0.00723517 -0.02734302
v 0.02892866 0.00538374 -0.00621925
v -0.02767879 -0.00098489 -0.00973005
v 0.02261075 0.00690824 -0.01920187
v -0.02017530 -0.00526889 0.01890797
v 0.01809217 0.00728737 -0.02363746
v 0.00959508 -0.00301044 0.02568057
v 0.02451691 0.00086312 0.01451540
v 0.02379591 0.00045289 0.01563554
v 0.02018560 0.00782241 -0.02168761
v -0.01032601 -0.00516494 0.02483440
v 0.02825228 0.00587596 -0.00850890
v 0.02865986 0.00554010 -0.00741407
v -0.02714457 -0.00033358 -0.01147384
v -0.02266287 0.00160359 -0.01979025
v -0.02792861 -0.00355640 0.00521723
v 0.01987256 -0.00044505 0.01994849
v -0.01990908 0.00243647 -0.02296140
v -0.02049713 0.00233026 -0.02243217
v -0.00433891 -0.00462606 0.02651874
v 0.02571538 0.00636113 -0.01434573
v 0.01261124 -0.00241142 0.02440555
v -0.00141765 -0.00409818 0.02692359
v 0.01781935 0.00719625 -0.02385612
v -0.02682896 0.00010085 -0.01228540
v 0.02379120 0.00073886 0.01559031
v -0.02706006 -0.00018162 -0.01172226
v 0.01944529 -0.00051613 0.02030116
v 0.02874997 0.00558010 -0.00696189
v 0.02059194 0.00006522 0.01931684
v -0.01695480 0.00337197 -0.02509200
v 0.02902825 0.00540685 -0.00478717
v -0.02778191 -0.00073060 -0.00945527
v -0.01995037 -0.00489845 0.01919927
v 0.02643790 0.00200120 0.01086580
v 0.01307829 0.00729047 -0.02656947
v 0.01341938 0.00730966 -0.02638842
v -0.02421470 0.00119447 -0.01738245
v -0.01511476 -0.00512430 0.02294254
v -0.02533254 0.00053726 -0.01533533
v 0.02322573 0.00098748 0.01629365
v 0.02247070 0.00058152 0.01734213
v 0.01912068 -0.00066952 0.02054519
v -0.02227717 -0.00448289 0.01692074
v -0.01357919 0.00420452 -0.02700505
v -0.02774566 -0.00054374 -0.00963304
v -0.01727435 0.00340468 -0.02487064
v -0.02012257 0.00308253 -0.02269432
v -0.02035167 0.00267114 -0.02253699
v -0.02665038 -0.00376974 0.00965284
v 0.02901328 0.00420922 0.00075746
v 0.02424232 0.00126185 0.01487926
v -0.02340058 -0.00478487 0.01549926
v 0.02835429 0.00614159 -0.00791508
v 0.02880336 0.00579403 -0.00641898
v 0.02705761 0.00282925 0.00920085
v -0.02260912 0.00213224 -0.01991248
v 0.02438480 0.00719699 -0.01634140
v -0.02803829 -0.00079847 -0.00832495
v -0.02692263 -0.00375465 0.00884834
v 0.02564568 0.00201198 0.01229270
v -0.02627053 -0.00364757 0.01066813
v -0.02170294 0.00220814 -0.02108723
v -0.02864260 -0.00195725 -0.00185341
v -0.01448729 -0.00497097 0.02330246
v -0.02430519 -0.00436806 0.01420239
v 0.02360507 0.00106182 0.01577312
v -0.01032230 -0.00408695 0.02496931
v 0.00760090 -0.00274910 0.02639340
v 0.01908148 -0.00033711 0.02056410
v -0.01329799 0.00449042 -0.02712095
v 0.00405749 -0.00313985 0.02692209
v -0.02709326 -0.00359548 0.00834969
v -0.02862629 -0.00223573 -0.00073197
v 0.00905371 -0.00227337 0.02588365
v -0.02854202 -0.00236698 0.00146590
v 0.01101061 0.00757318 -0.02749204
v 0.01142865 0.00781426 -0.02725559
v 0.02223070 0.00062362 0.01760843
v 0.02317174 0.00750855 -0.01818984
v -0.01662448 0.00388451 -0.02526103
v 0.02589190 0.00234298 0.01178195
v -0.01214454 0.00488711 -0.02763816
v -0.00533440 -0.00404341 0.02634189
v -0.02677536 -0.00370041 0.00931113
v 0.02556004 0.00686472 -0.01438403
v 0.02891236 0.00489618 0.00011397
v -0.00338005 -0.00405568 0.02671922
v -0.01491830 -0.00487545 0.02309431
v 0.01745785 0.00799182 -0.02390537
v -0.02374197 -0.00414798 0.01513613
v -0.02339321 -0.00447301 0.01558511
v -0.02311413 -0.00454935 0.01591233
v 0.01985522 0.00788517 -0.02200515
v -0.01790825 0.00370647 -0.02438812
v 0.02797488 0.00680285 -0.00858490
v 0.00672481 -0.00281470 0.02660831
v -0.02715710 0.00019855 -0.01155551
v 0.02849417 0.00636609 -0.00718339
v 0.02863298 0.00620743 -0.00672565
v 0.02107101 0.00079384 0.01881934
v 0.02653878 0.00278956 0.01040272
v 0.02897943 0.00567459 -0.00433331
v 0.02895858 0.00576494 -0.00391721
v 0.01555413 -0.00073633 0.02289279
v -0.02857398 -0.00128981 -0.00391926
v -0.02617523 -0.00378293 0.01087051
v -0.01612114 -0.00477502 0.02239688
v -0.02547584 -0.00393109 0.01230604
v 0.02453908 0.00178238 0.01426376
v -0.02849359 -0.00234168 0.00192918
v -0.02660869 0.00069161 -0.01285724
v 0.02342474 0.00128685 0.01596332
v 0.02801920 0.00654321 -0.00866027
v -0.02258094 -0.00436670 0.01660417
v 0.02239331 0.00087679 0.01736714
v 0.02894467 0.00575148 -0.00474761
v 0.01254814 0.00823601 -0.02657744
v 0.01974406 0.00025286 0.02001147
v -0.02676175 -0.00307003 0.00955432
v -0.01712104 -0.00451276 0.02178968
v -0.02867312 -0.00169522 -0.00161844
v -0.00176360 -0.00367711 0.02690842
v 0.01610003 0.00822363 -0.02465430
v -0.02425127 0.00161066 -0.01735743
v 0.01704713 0.00808860 -0.02413022
v 0.01802714 0.00806761 -0.02347701
v -0.02441866 -0.00407232 0.01407805
v -0.02412572 -0.00386339 0.01461316
v 0.01147095 0.00829000 -0.02710888
v 0.00715724 -0.00237710 0.02651353
v -0.02260208 0.00307462 -0.01988786
v -0.01708377 0.00389530 -0.02495726
v 0.02877695 0.00621845 -0.00588683
v -0.02805706 -0.00010721 -0.00850606
v 0.00452486 -0.00255195 0.02691466
v 0.02567949 0.00270508 0.01204970
v -0.02611360 -0.00346022 0.01110450
v 0.01572810 0.00815311 -0.02488338
v -0.02537427 0.00174339 -0.01531360
v -0.02532390 -0.00382702 0.01260624
v -0.01437079 -0.00437251 0.02344385
v -0.02545590 0.00152551 -0.01515156
v -0.02831308 -0.00241374 0.00327617
v 0.00630737 -0.00243516 0.02670585
v 0.00666459 -0.00241357 0.02663544
v 0.02840158 0.00647306 -0.00743453
v 0.02307972 0.00148022 0.01636515
v 0.02127073 0.00832660 -0.02033924
v -0.02760684 0.00016373 -0.01030746
v -0.02813075 -0.00047315 -0.00803688
v 0.02061604 0.00076912 0.01922330
v -0.02821470 -0.00029777 -0.00751873
v 0.02134118 0.00105921 0.01848276
v -0.02721071 -0.00299522 0.00813132
v -0.02712721 -0.00277244 0.00852340
v -0.01789717 -0.00395303 0.02120986
v 0.01732650 0.00043744 0.02173821
v -0.02460786 0.00192733 -0.01671232
v -0.02561990 -0.00357330 0.01210755
v -0.02865174 -0.00140597 0.00064883
v -0.01469897 -0.00406311 0.02333330
v -0.02502021 -0.00386603 0.01311037
v -0.00035899 -0.00330171 0.02699374
v -0.01369695 -0.00427870 0.02374498
v -0.01297090 -0.00436991 0.02404029
v -0.02704575 0.00059124 -0.01189562
v 0.02817330 0.00670693 -0.00800829
v -0.02613409 0.00116683 -0.01381541
v -0.01862516 0.00401135 -0.02382300
v 0.00829745 -0.00190663 0.02616119
v 0.00788672 -0.00174610 0.02629535
v 0.02325491 0.00770547 -0.01798400
v -0.01674032 0.00426879 -0.02515214
v 0.02422990 0.00770695 -0.01637026
v 0.02454278 0.00782059 -0.01578358
v 0.01474883 0.00847500 -0.02534900
v 0.00398293 -0.00265609 0.02693314
v -0.01685699 -0.00438484 0.02199883
v -0.00270633 -0.00354054 0.02683396
v 0.01991343 0.00821524 -0.02184513
v 0.01121274 0.00824980 -0.02723365
v -0.02825573 -0.00211723 0.00380592
v -0.01592822 0.00520199 -0.02555483
v -0.02756389 0.00040515 -0.01050360
v 0.01894341 0.00067363 0.02057323
v 0.02859773 0.00680367 -0.00600904
v -0.02855058 -0.00086006 -0.00441797
v -0.02853944 -0.00011622 -0.00492494
v 0.00443112 -0.00233699 0.02692561
v 0.01736470 0.00829405 -0.02387411
v 0.02646795 0.00734114 -0.01212660
v 0.00885228 -0.00178502 0.02595174
v 0.02768960 0.00699097 -0.00923675
v -0.02610385 0.00178397 -0.01389531
v -0.02235925 -0.00364470 0.01697257
v 0.02857672 0.00667585 -0.00633889
v 0.01932030 0.00066336 0.02030278
v -0.02296955 0.00271121 -0.01935760
v -0.01696294 0.00486367 -0.02493493
v 0.01981353 0.00068775 0.01990915
v -0.01189528 0.00586902 -0.02756757
v 0.02871449 0.00566577 0.00010543
v -0.01679313 -0.00409207 0.02208164
v -0.01605162 -0.00378227 0.02261813
v -0.02870158 -0.00125813 -0.00173718
v -0.02871050 -0.00131406 -0.00150353
v -0.02539940 -0.00327358 0.01257533
v 0.02164993 0.00145406 0.01807344
v -0.01352646 -0.00393405 0.02386960
v -0.02859499 -0.00171751 0.00143482
v -0.01249247 -0.00397458 0.02425827
v 0.01383990 -0.00078315 0.02377950
v -0.02392634 -0.00351837 0.01499103
v 0.02145386 0.00866947 -0.01997477
v 0.00684725 -0.00206781 0.02659253
v -0.01438775 0.00516742 -0.02645786
v -0.02768374 -0.00247929 0.00654351
v 0.01286538 0.00871803 -0.02627317
v 0.01610391 -0.00015318 0.02254680
v 0.01570631 0.00874379 -0.02473288
v -0.02607855 -0.00302171 0.01129890
v -0.01715250 -0.00362719 0.02187231
v -0.02870214 -0.00127862 -0.00075064
v 0.01962371 0.00877330 -0.02190418
v 0.02112735 0.00859617 -0.02038862
v 0.02731883 0.00403242 0.00795028
v 0.02739537 0.00416979 0.00762858
v -0.02820187 0.00027373 -0.00789927
v 0.01241143 0.00871542 -0.02650795
v 0.01339085 0.00895597 -0.02592815
v 0.02524137 0.00819049 -0.01429616
v 0.01638170 0.00026381 0.02235117
v -0.00320537 -0.00312448 0.02679519
v 0.01757132 0.00890158 -0.02355021
v 0.00987855 -0.00101404 0.02554895
v 0.01411124 -0.00044699 0.02364143
v -0.01428050 -0.00363276 0.02358580
v -0.01273569 -0.00377741 0.02420097
v 0.02005603 0.00868666 -0.02151769
v 0.02749684 0.00726511 -0.00954001
v -0.01873720 0.00460220 -0.02366544
v -0.01534401 0.00529670 -0.02588885
v -0.02819091 -0.00182119 0.00434006
v 0.02740095 0.00462552 0.00732012
v 0.02286013 0.00835750 -0.01827721
v -0.02094333 -0.00376672 0.01847885
v -0.02057497 -0.00364612 0.01884088
v -0.02832984 0.00012380 -0.00683623
v 0.02877860 0.00638910 -0.00323907
v -0.02185756 0.00340723 -0.02081163
v 0.01828321 0.00079407 0.02102791
v 0.01467041 0.00874001 -0.02532053
v 0.01722019 0.00907537 -0.02372329
v -0.01509791 -0.00383125 0.02315424
v 0.02840055 0.00526192 0.00298720
v -0.01463945 -0.00384459 0.02339521
v 0.01363748 -0.00032812 0.02385628
v 0.01431491 -0.00025975 0.02352237
v 0.02760421 0.00758877 -0.00897349
v 0.02783011 0.00785110 -0.00809751
v 0.02746922 0.00483365 0.00694986
v 0.00612703 -0.00151574 0.02675576
v 0.00804801 -0.00140192 0.02622642
v 0.02723115 0.00420280 0.00809867
v -0.02290458 0.00357009 -0.01940241
v 0.02032279 0.00157944 0.01937701
v -0.02416357 0.00268972 -0.01750026
v 0.02479514 0.00843938 -0.01503170
v -0.02629323 -0.00264357 0.01089742
v -0.02445869 0.00289426 -0.01698736
v -0.02672593 0.00173925 -0.01264938
v 0.02466032 0.00338580 0.01359820
v -0.01251581 -0.00352894 0.02429609
v 0.00561235 -0.00194177 0.02683569
v 0.01888006 0.00087446 0.02059964
v -0.02091816 -0.00358136 0.01853470
v 0.02266519 0.00855740 -0.01843905
v -0.02720889 -0.00196432 0.00851470
v 0.02451515 0.00854326 -0.01547933
v -0.02162378 0.00387173 -0.02101828
v -0.01784430 -0.00359695 0.02132680
v -0.01634143 -0.00353780 0.02246777
v 0.02568732 0.00809583 -0.01343925
v -0.02571229 -0.00288066 0.01207258
v 0.02176618 0.00193271 0.01784369
v -0.02867379 -0.00106779 0.00060960
v 0.01973016 0.00901452 -0.02171582
v 0.00550586 -0.00167010 0.02684982
v -0.02785311 -0.00193708 0.00603677
v 0.02278196 0.00877978 -0.01815659
v 0.01205759 0.00903874 -0.02658325
v -0.01665038 0.00540070 -0.02507948
v -0.01619484 0.00566555 -0.02533051
v -0.01922591 -0.00336390 0.02011782
v -0.02194757 0.00389480 -0.02063345
v 0.01720557 0.00068025 0.02179558
v -0.02594403 -0.00253192 0.01168733
v -0.01499376 -0.00344884 0.02326110
v -0.02422099 -0.00289546 0.01467251
v -0.02390937 -0.00305263 0.01510225
v 0.01396729 -0.00001739 0.02369190
v 0.02127574 0.00908153 -0.02000089
v 0.00578883 -0.00128847 0.02681794
v -0.02768140 0.00123222 -0.01028691
v 0.01931545 0.00160855 0.02016644
v 0.02860293 0.00705002 -0.00512453
v -0.02024854 0.00469720 -0.02233931
v -0.02711166 -0.00218851 0.00879267
v 0.01508424 0.00916396 -0.02496697
v -0.00508564 -0.00276103 0.02647659
v 0.01742411 0.00092234 0.02161125
v -0.02615033 -0.00253088 0.01127442
v 0.01828454 0.00927886 -0.02289933
v 0.01798862 0.00944254 -0.02307513
v 0.01596074 0.00045565 0.02259632
v 0.00977347 -0.00085047 0.02558180
v 0.02102563 0.00910632 -0.02028405
v 0.02716480 0.00485923 0.00790231
v -0.00758505 -0.00273571 0.02587405
v -0.01421598 0.00616498 -0.02641396
v -0.02817567 0.00086369 -0.00825174
v 0.02847560 0.00732734 -0.00551766
v -0.02836807 0.00080360 -0.00692106
v 0.01303804 0.00930685 -0.02599887
v -0.02425964 0.00338552 -0.01731841
v -0.02065770 0.00426937 -0.02200518
v -0.02049913 0.00454312 -0.02212912
v 0.02519805 0.00859537 -0.01415648
v 0.01739622 0.00943770 -0.02348926
v -0.00297491 -0.00225337 0.02683559
v -0.01519266 -0.00294270 0.02320471
v 0.01328984 0.00006312 0.02400241
v -0.02775544 0.00136743 -0.01003336
v -0.01881930 0.00514758 -0.02352260
v 0.02676397 0.00456051 0.00909720
v -0.01752879 0.00534222 -0.02446914
v 0.02530438 0.00376728 0.01240451
v 0.02399596 0.00892980 -0.01618924
v 0.02619260 0.00427692 0.01056344
v 0.02424365 0.00909345 -0.01565852
v 0.02007892 0.00190400 0.01952892
v -0.02164171 0.00443951 -0.02091267
v -0.02231167 0.00398730 -0.02017254
v 0.02542050 0.00850058 -0.01374247
v -0.01756725 -0.00301539 0.02162080
v 0.01874702 0.00930260 -0.02249376
v 0.02785423 0.00546472 0.00505969
v -0.01046918 -0.00253294 0.02504102
v -0.01926076 0.00498463 -0.02317580
v 0.02794140 0.00787162 -0.00766090
v -0.02218564 -0.00281932 0.01729149
v -0.02794325 0.00137746 -0.00930167
v 0.02690989 0.00475304 0.00863764
v -0.02354962 0.00390143 -0.01840746
v 0.00676334 -0.00108110 0.02659102
v -0.02381580 0.00363815 -0.01803237
v -0.01716450 0.00574281 -0.02467151
v -0.02835009 0.00111775 -0.00713005
v 0.02857626 0.00718603 -0.00344975
v -0.02731615 -0.00150683 0.00826764
v 0.01533790 0.00944381 -0.02473516
v -0.02569421 -0.00227201 0.01222125
v -0.01463082 -0.00289532 0.02350551
v 0.01945637 0.00974322 -0.02169441
v 0.01356628 0.00033120 0.02386245
v -0.02301827 -0.00241874 0.01636147
v -0.01593165 0.00593805 -0.02545626
v -0.02736768 0.00210141 -0.01120978
v 0.02726704 0.00519729 0.00736667
v 0.00597242 -0.00102262 0.02677728
v -0.02256599 -0.00261583 0.01688330
v 0.00696883 -0.00066014 0.02652278
v -0.02821177 0.00089133 -0.00806429
v -0.01657502 0.00586044 -0.02505971
v -0.01847247 -0.00257641 0.02091142
v 0.02022117 0.00209447 0.01938284
v 0.01939440 0.00177048 0.02008087
v 0.02473302 0.00880821 -0.01495516
v -0.02449816 0.00326258 -0.01689593
v -0.01319122 -0.00246132 0.02415048
v 0.00967781 0.00942712 -0.02747396
v 0.02012059 0.00967127 -0.02105334
v 0.02327802 0.00316081 0.01565534
v 0.02799919 0.00804396 -0.00713668
v -0.01462021 0.00629583 -0.02618570
v 0.02375182 0.00927987 -0.01639413
v -0.01291290 0.00704770 -0.02689890
v -0.01250245 0.00703752 -0.02709810
v -0.02213272 0.00454583 -0.02031730
v -0.00215836 -0.00194664 0.02691461
v 0.02837707 0.00665063 0.00094081
v -0.00134335 -0.00189267 0.02697176
v 0.01832058 0.00968911 -0.02271815
v 0.01860049 0.00968418 -0.02248283
v 0.02766973 0.00848726 -0.00789520
v -0.01417569 0.00674259 -0.02634230
v -0.02795389 0.00162961 -0.00928729
v -0.02802932 0.00161265 -0.00897239
v -0.01768518 0.00581167 -0.02428995
v -0.01878139 -0.00258899 0.02063433
v -0.02141974 0.00496014 -0.02109244
v -0.01983210 0.00525140 -0.02262554
v -0.00233844 -0.00180740 0.02690258
v -0.01600030 -0.00260319 0.02276619
v -0.02246318 0.00453077 -0.01991203
v -0.00183684 -0.00159646 0.02693726
v -0.01508439 -0.00231295 0.02331985
v -0.02698819 0.00261678 -0.01206316
v -0.02724442 0.00231590 -0.01152429
v 0.00403374 -0.00064868 0.02695662
v -0.02246749 -0.00230562 0.01703933
v 0.02739988 0.00862599 -0.00864692
v -0.02752193 0.00220642 -0.01076344
v 0.02661116 0.00523658 0.00915142
v 0.02849102 0.00753728 -0.00386559
v 0.02393045 0.00941340 -0.01600959
v -0.00553219 -0.00187989 0.02643412
v 0.00368372 -0.00104071 0.02696156
v -0.00433225 -0.00191977 0.02667155
v -0.02880919 0.00059038 -0.00175759
v -0.02871779 -0.00012989 0.00065178
v -0.02871030 0.00020729 0.00087029
v -0.00122378 -0.00133794 0.02697699
v 0.01950924 0.01017776 -0.02146774
v 0.02436627 0.00394572 0.01390656
v -0.02285991 -0.00185709 0.01663195
v 0.02772702 0.00857145 -0.00755519
v -0.02201310 -0.00199229 0.01758617
v -0.01827258 0.00585081 -0.02382567
v -0.01471237 0.00669270 -0.02606041
v -0.02381663 0.00413324 -0.01798721
v -0.02841644 0.00152691 -0.00675603
v -0.02413186 0.00383823 -0.01749340
v 0.02842447 0.00779283 -0.00406632
v 0.02035467 0.00257685 0.01918130
v 0.02471750 0.00940372 -0.01462119
v 0.02545559 0.00916582 -0.01318450
v -0.02439040 0.00362588 -0.01706146
v -0.01556107 -0.00259422 0.02303327
v 0.01217017 0.00089852 0.02447578
v -0.00041848 -0.00156139 0.02700405
v 0.01757810 0.00989982 -0.02321075
v -0.01305194 -0.00236415 0.02420853
v -0.02339452 -0.00229719 0.01591706
v -0.01640579 0.00630440 -0.02508030
v -0.02740025 0.00243487 -0.01110606
v 0.02405896 0.00430142 0.01425798
v -0.02805807 0.00222954 -0.00880153
v 0.02816616 0.00816469 -0.00588039
v -0.00697669 -0.00175794 0.02611353
v -0.01214835 0.00738325 -0.02719459
v -0.00473116 -0.00165092 0.02660547
v 0.01557004 0.01013289 -0.02437899
v 0.01738799 0.00208123 0.02147967
v 0.01424827 0.00113153 0.02346201
v 0.01653331 0.01004942 -0.02385284
v 0.01690707 0.01003209 -0.02362164
v -0.01498975 -0.00203744 0.02338434
v -0.02314491 -0.00194789 0.01627201
v 0.02716388 0.00567577 0.00735598
v -0.02834941 -0.00031222 0.00389827
v -0.02187185 -0.00203405 0.01774226
v -0.01724643 0.00633593 -0.02452681
v -0.02405607 0.00436958 -0.01754734
v 0.02089832 0.00283836 0.01860177
v -0.02875645 0.00134940 -0.00381384
v -0.00451658 -0.00136170 0.02664637
v -0.01647264 -0.00221784 0.02247811
v -0.02874244 0.00016564 0.00029232
v -0.01577855 -0.00226064 0.02292857
v 0.02803570 0.00653253 0.00329046
v 0.02777026 0.00642914 0.00445344
v 0.00429849 -0.00051320 0.02693646
v -0.02668834 0.00292747 -0.01266753
v 0.02772712 0.00884016 -0.00717169
v -0.02272835 0.00472117 -0.01951325
v -0.00804294 -0.00171455 0.02581138
v -0.02836729 0.00177579 -0.00714399
v -0.00644562 -0.00165885 0.02624299
v 0.02829490 0.00813920 -0.00445594
v -0.00594364 -0.00155764 0.02636512
v 0.01903978 0.00273531 0.02019799
v -0.02054967 0.00541286 -0.02192843
v -0.01297923 0.00731081 -0.02681467
v -0.00528915 -0.00155394 0.02649950
v -0.02227586 0.00488530 -0.02007961
v -0.01123717 0.00768019 -0.02750443
v 0.01425870 0.00144976 0.02342266
v 0.02820552 0.00737941 0.00058888
v 0.02804433 0.00680490 0.00296124
v 0.02589066 0.00926395 -0.01212076
v 0.02746147 0.00624745 0.00577146
v -0.02628659 0.00357670 -0.01342752
v -0.01753693 0.00636647 -0.02430261
v -0.02829655 -0.00025090 0.00422413
v 0.02115386 0.01012498 -0.01961873
v 0.00747908 0.00028110 0.02633026
v 0.02819769 0.00839188 -0.00467400
v 0.01926872 0.00275983 0.02001860
v -0.02034488 0.00559360 -0.02209522
v -0.01903046 -0.00199410 0.02047852
v 0.02004651 0.00294347 0.01936051
v -0.01240846 0.00765470 -0.02701776
v 0.02449340 0.00985501 -0.01473088
v 0.02827466 0.00773647 -0.00133688
v 0.01672875 0.00248130 0.02187670
v -0.02883095 0.00081257 -0.00137270
v -0.02881269 0.00069533 -0.00086210
v 0.02575844 0.00934249 -0.01237494
v 0.02816875 0.00700784 0.00183368
v -0.01332362 -0.00192872 0.02412434
v 0.01404539 0.00142908 0.02353383
v 0.02004874 0.01030694 -0.02084926
v 0.02731709 0.00892493 -0.00857362
v -0.02841927 0.00005559 0.00357403
v -0.02133240 -0.00169909 0.01833405
v -0.02431279 0.00470670 -0.01705242
v -0.01994632 0.00610718 -0.02235465
v 0.02817638 0.00853621 -0.00363711
v -0.02157076 0.00563216 -0.02078722
v -0.01846481 -0.00202970 0.02098643
v -0.00354590 -0.00121733 0.02678486
v 0.02488022 0.00970931 -0.01408371
v 0.02506228 0.00998795 -0.01340788
v 0.02786666 0.00709536 0.00333296
v 0.02768811 0.00682515 0.00434758
v 0.02071284 0.00353369 0.01857980
v 0.02728040 0.00930064 -0.00824894
v -0.01884621 0.00651828 -0.02326212
v -0.02847528 0.00039969 0.00321147
v -0.02837653 0.00011527 0.00387937
v 0.00532035 -0.00005553 0.02684494
v 0.02790335 0.00890111 -0.00605179
v -0.01496838 0.00731138 -0.02578700
v -0.02381319 0.00473784 -0.01789836
v 0.01877655 0.00303979 0.02033324
v 0.00658137 0.00027635 0.02660372
v 0.02819925 0.00839275 -0.00317488
v -0.01193687 0.00781051 -0.02719134
v -0.01112283 0.00814539 -0.02744266
v -0.00404397 -0.00062666 0.02671626
v -0.02882665 0.00096178 -0.00103314
v -0.00073997 -0.00066697 0.02696571
v -0.01384417 -0.00183572 0.02389868
v 0.01977234 0.01071300 -0.02097442
v -0.01146524 -0.00176775 0.02478286
v 0.00419857 0.00003164 0.02693426
v -0.02646242 0.00351143 -0.01308982
v 0.02779202 0.00908967 -0.00640385
v -0.01421001 0.00745214 -0.02616771
v -0.02806522 0.00312030 -0.00858374
v 0.00834561 0.00086673 0.02601075
v -0.02028216 0.00615842 -0.02201807
v 0.02820001 0.00810843 -0.00164977
v -0.00528651 -0.00121043 0.02651520
v 0.01978763 0.00318898 0.01952314
v 0.02402285 0.01028461 -0.01531459
v -0.01704310 -0.00170850 0.02209790
v -0.02881215 0.00136403 -0.00251073
v -0.00320335 -0.00098595 0.02681462
v -0.01664570 -0.00188850 0.02237122
v -0.00119308 -0.00070184 0.02695979
v -0.01550585 -0.00181385 0.02312409
v 0.01508714 0.00194090 0.02290854
v 0.02618758 0.00959692 -0.01110172
v 0.02687769 0.00953844 -0.00928457
v -0.01117135 -0.00105781 0.02490322
v -0.02734000 0.00341387 -0.01108699
v 0.02706504 0.00953912 -0.00867792
v 0.02339928 0.00481211 0.01501344
v -0.02787320 0.00292123 -0.00949514
v -0.00795921 -0.00117693 0.02587286
v -0.02179319 -0.00143177 0.01786161
v 0.02243221 0.00427626 0.01644629
v 0.02203338 0.00397941 0.01701831
v 0.02636111 0.00597843 0.00940458
v -0.02408861 0.00475703 -0.01743360
v -0.01732668 0.00689739 -0.02434452
v 0.02810872 0.00874123 -0.00405612
v -0.02134237 0.00607788 -0.02093815
v -0.01261358 0.00805265 -0.02681778
v 0.02035676 0.00361029 0.01890545
v 0.01737892 0.00263817 0.02140284
v -0.00509841 -0.00087331 0.02655842
v 0.02475555 0.00999320 -0.01411224
v 0.01651076 0.00261629 0.02198424
v -0.01578635 -0.00161382 0.02296026
v 0.00827969 0.01079670 -0.02757216
v 0.00847659 0.01106088 -0.02741971
v 0.00899177 0.01064505 -0.02734908
v -0.02854966 0.00086468 0.00257184
v -0.02687376 0.00348670 -0.01221651
v 0.02737957 0.00933921 -0.00785184
v -0.01557484 0.00745321 -0.02538214
v 0.02745622 0.00948411 -0.00723898
v 0.00569241 0.00036950 0.02675427
v -0.02798491 0.00256914 -0.00912318
v -0.02800826 0.00282558 -0.00896221
v 0.01903519 0.00320505 0.02010927
v 0.00809339 0.00060097 0.02612350
v -0.01711970 0.00697091 -0.02448104
v 0.02564675 0.00570824 0.01117568
v 0.02369524 0.01048934 -0.01570392
v -0.01174675 0.00829839 -0.02716642
v -0.02704629 -0.00042944 0.00943469
v -0.01825848 -0.00144275 0.02118417
v -0.02873885 0.00179731 -0.00403906
v 0.02426918 0.01033478 -0.01480415
v 0.01553741 0.01105004 -0.02407982
v 0.01234211 0.00185122 0.02433624
v 0.02173879 0.00405818 0.01733939
v -0.02602528 0.00408381 -0.01386309
v -0.01903791 0.00655329 -0.02309900
v 0.00352182 0.00047032 0.02694202
v 0.00532636 0.00041463 0.02681254
v -0.02129317 -0.00124445 0.01840405
v 0.00617298 0.00051573 0.02666050
v -0.01481744 0.00785642 -0.02572632
v -0.02383157 0.00536587 -0.01773300
v 0.02579336 0.00586163 0.01080043
v 0.02507738 0.00554096 0.01224630
v -0.02877154 0.00186636 -0.00368605
v 0.02494787 0.01021665 -0.01345882
v 0.01514084 0.00244424 0.02280744
v 0.02613694 0.00983271 -0.01100819
v -0.01267126 -0.00116886 0.02439927
v -0.02671734 0.00411796 -0.01242356
v -0.01965642 0.00681559 -0.02245875
v -0.02839784 0.00054027 0.00387926
v 0.00444946 0.00050519 0.02689268
v 0.02780432 0.00918131 -0.00610695
v -0.00805901 -0.00070432 0.02586764
v 0.00790914 0.00088199 0.02617237
v 0.02534193 0.00608888 0.01158383
v 0.02808963 0.00874808 -0.00321119
v 0.02805901 0.00878465 -0.00281157
v -0.01863388 -0.00136762 0.02087508
v -0.01074756 0.00864046 -0.02746287
v -0.02436839 0.00486867 -0.01690829
v 0.01804800 0.01116044 -0.02239479
v -0.01234269 -0.00117859 0.02451590
v 0.00886645 0.00117886 0.02579192
v -0.02850473 0.00098260 0.00298530
v -0.02690558 0.00426985 -0.01196675
v 0.02077075 0.01107290 -0.01957891
v 0.02096455 0.01103116 -0.01935866
v 0.02772443 0.00932632 -0.00628330
v 0.02663155 0.00672202 0.00820429
v 0.02806333 0.00884580 -0.00366398
v -0.02027097 -0.00103914 0.01939480
v -0.01697010 0.00738922 -0.02447449
v 0.02806608 0.00861122 -0.00195223
v 0.02458493 0.00538094 0.01312482
v -0.02160812 0.00608318 -0.02065269
v 0.01876985 0.00347663 0.02024554
v -0.02210194 0.00619071 -0.02005412
v -0.02869923 0.00232122 -0.00415415
v 0.02787878 0.00848176 0.00076346
v -0.01724700 -0.00121816 0.02197135
v -0.01710114 -0.00115351 0.02207819
v -0.02880997 0.00187388 -0.00240967
v 0.01252847 0.00194621 0.02423082
v 0.01850718 0.01124736 -0.02194504
v 0.02686115 0.00984401 -0.00895897
v 0.02728490 0.00960007 -0.00780429
v 0.00379327 0.00066816 0.02692641
v 0.00478359 0.00076625 0.02684757
v -0.01530488 0.00783684 -0.02544460
v -0.02809555 0.00065228 0.00556718
v 0.02587637 0.00611259 0.01048365
v -0.02771917 0.00046506 0.00714018
v 0.02377951 0.01073088 -0.01540445
v 0.02390708 0.01080137 -0.01511963
v 0.01354234 0.01124239 -0.02509613
v -0.01120061 0.00875375 -0.02726940
v 0.01499134 0.01122571 -0.02432215
v -0.02883458 0.00167961 -0.00167645
v -0.02882491 0.00180558 -0.00142560
v 0.01721041 0.01162698 -0.02283468
v -0.02539242 0.00482777 -0.01491785
v 0.01807659 0.01155566 -0.02219136
v -0.01451788 -0.00076321 0.02364280
v -0.02715786 0.00329426 -0.01158480
v 0.02190793 0.00475203 0.01695037
v 0.02159868 0.00443719 0.01739552
v -0.01780149 0.00730233 -0.02388273
v -0.01031361 -0.00068778 0.02518254
v 0.02105299 0.01151624 -0.01894259
v -0.02750582 0.00334715 -0.01065890
v -0.02095140 -0.00085488 0.01876270
v -0.00673987 -0.00024904 0.02625554
v -0.01723304 0.00767296 -0.02421129
v -0.02833500 0.00316046 -0.00705096
v 0.02483245 0.00582427 0.01256755
v -0.00539167 -0.00018653 0.02651529
v 0.01966193 0.00411577 0.01938869
v -0.02006358 0.00662821 -0.02211278
v 0.01637746 0.01141844 -0.02346018
v 0.01650196 0.01156141 -0.02333248
v 0.02781543 0.00847642 0.00120725
v 0.01767679 0.01147568 -0.02256560
v -0.02873682 0.00170890 0.00059391
v 0.02688405 0.01001541 -0.00863819
v 0.02732929 0.00766110 0.00478237
v 0.02691486 0.00739127 0.00659751
v 0.02419670 0.00603009 0.01352087
v -0.02733852 0.00407912 -0.01093930
v -0.02722170 0.00415467 -0.01126258
v 0.02765537 0.00961801 -0.00574912
v 0.00579054 0.00102335 0.02668084
v 0.02559064 0.00635700 0.01098688
v 0.02461197 0.00575611 0.01295916
v -0.02187617 0.00635255 -0.02029735
v 0.01771253 0.00355737 0.02100038
v 0.01230090 0.00216293 0.02430793
v 0.01492804 0.00309567 0.02281720
v 0.01153430 0.00209291 0.02462415
v -0.01817726 0.00733488 -0.02359105
v -0.01579202 0.00804616 -0.02509034
v -0.01923592 0.00730288 -0.02272407
v 0.02737259 0.00984937 -0.00695256
v -0.02759838 0.00357413 -0.01029599
v 0.02306809 0.00538798 0.01529240
v -0.02307243 0.00635658 -0.01873871
v 0.00547554 0.00151036 0.02668716
v 0.02625776 0.00686997 0.00917615
v -0.02800098 0.00383987 -0.00857351
v -0.02798404 0.00071391 0.00611168
v -0.00598618 -0.00021868 0.02640123
v -0.02079607 -0.00072298 0.01891423
v 0.02495209 0.00615139 0.01225802
v 0.01335236 0.01146354 -0.02512037
v 0.02790043 0.00924106 -0.00275404
v 0.02788007 0.00921981 -0.00193931
v -0.01096400 0.00915254 -0.02725830
v -0.02880882 0.00222334 -0.00222185
v -0.00342376 0.00020612 0.02677025
v 0.02552553 0.01077145 -0.01157902
v 0.02665205 0.00738307 0.00756256
v 0.02078558 0.01167879 -0.01922333
v -0.01340400 0.00859000 -0.02628108
v -0.02811300 0.00115423 0.00557830
v -0.02796877 0.00360871 -0.00884922
v -0.02362545 0.00581978 -0.01797291
v 0.01874994 0.00406910 0.02012444
v -0.02108590 0.00684384 -0.02100443
v -0.02174351 0.00662870 -0.02037569
v 0.01444741 0.01181138 -0.02439408
v -0.02247051 0.00652707 -0.01952783
v -0.01486666 -0.00060804 0.02347484
v 0.02737938 0.00790591 0.00428036
v 0.02046550 0.01164876 -0.01963504
v 0.02629670 0.00746234 0.00863686
v 0.02638761 0.00698984 0.00875620
v 0.02613692 0.00719039 0.00929407
v -0.00657639 0.00018990 0.02628781
v 0.02503059 0.00658572 0.01193603
v -0.01833800 -0.00045112 0.02116593
v -0.02687373 0.00063695 0.01021741
v 0.01522004 0.01163080 -0.02403859
v 0.01636300 0.01174507 -0.02333398
v 0.01672458 0.01175212 -0.02310760
v 0.01861813 0.01205316 -0.02148985
v -0.02623204 0.00473174 -0.01328522
v 0.02714674 0.00769598 0.00543340
v 0.02173602 0.00507553 0.01703452
v -0.01614199 0.00822658 -0.02479713
v 0.01991583 0.01184780 -0.02017825
v -0.01355545 0.00912272 -0.02606753
v 0.00469815 0.00152257 0.02680867
v -0.01888117 0.00766006 -0.02293529
v -0.02390644 0.00596945 -0.01745916
v -0.02831401 0.00314504 -0.00720350
v -0.01317712 0.00898922 -0.02629030
v 0.01934605 0.00443745 0.01957576
v 0.02426439 0.00618571 0.01336242
v -0.02694013 0.00072489 0.01003993
v -0.02216514 0.00673160 -0.01986649
v 0.01490153 0.01199743 -0.02406563
v -0.00180641 0.00041506 0.02687014
v -0.02874913 0.00239092 0.00024904
v 0.01730035 0.01199428 -0.02261009
v -0.01520370 -0.00041634 0.02329373
v -0.01447311 -0.00027355 0.02366372
v 0.02728082 0.00798718 0.00457321
v 0.02143604 0.00525240 0.01730726
v 0.00250586 0.00098224 0.02693599
v -0.02701929 0.00461614 -0.01162979
v -0.02726681 0.00463237 -0.01097921
v 0.02659129 0.00777066 0.00738660
v -0.02777618 0.00428597 -0.00941693
v -0.02785801 0.00430930 -0.00907813
v -0.01647942 0.00830400 -0.02454113
v -0.02825303 0.00351103 -0.00737742
v -0.01258274 0.00956064 -0.02641527
v 0.02777976 0.00950873 -0.00198822
v -0.00625894 0.00037068 0.02634996
v -0.01065240 0.00965961 -0.02723070
v -0.00491365 0.00035659 0.02658523
v 0.02769583 0.00885095 0.00123092
v 0.01623337 0.00378754 0.02197409
v -0.01307565 -0.00028339 0.02427337
v -0.02685228 0.00470738 -0.01198030
v -0.01910674 0.00772176 -0.02271411
v 0.02063366 0.00516393 0.01816802
v -0.01567573 0.00850889 -0.02502992
v -0.02836348 0.00193336 0.00417698
v 0.02057481 0.01189698 -0.01936032
v 0.00376036 0.00151278 0.02687691
v -0.02879604 0.00279641 -0.00165348
v 0.01683464 0.01224702 -0.02281905
v -0.00999825 0.00965392 -0.02746016
v -0.00323667 0.00045643 0.02677824
v -0.02534770 0.00548474 -0.01482529
v 0.01645559 0.00382003 0.02182244
v 0.01302646 0.00317527 0.02380291
v 0.00331987 0.00135980 0.02690424
v -0.02762287 0.00458798 -0.00983267
v 0.02113910 0.01232904 -0.01823996
v 0.00495693 0.00183470 0.02674752
v 0.02615455 0.00740348 0.00910474
v 0.02286089 0.00602549 0.01535972
v 0.02256285 0.00594490 0.01575080
v 0.02513899 0.00703976 0.01152422
v -0.01852211 -0.00009477 0.02102161
v 0.00898756 0.00237905 0.02558783
v -0.02878716 0.00296112 -0.00208517
v 0.01213475 0.00313811 0.02423626
v 0.01882900 0.01212100 -0.02124031
v 0.01185739 0.00309027 0.02436644
v -0.02862563 0.00214848 0.00192019
v -0.01338840 0.00003784 0.02415864
v 0.00235150 0.00156952 0.02692173
v 0.02035429 0.00517687 0.01844442
v 0.02646092 0.00777773 0.00781007
v 0.02067985 0.01205898 -0.01910602
v 0.02570553 0.00757792 0.01013820
v -0.01674450 0.00857342 -0.02426909
v 0.02479610 0.00675714 0.01227677
v 0.01791102 0.00456836 0.02061902
v -0.00462540 0.00060480 0.02661652
v 0.01336470 0.00330895 0.02361961
v 0.00855191 0.00271686 0.02571427
v 0.01672737 0.01204715 -0.02297940
v 0.02758494 0.00902078 0.00149710
v -0.02869833 0.00230116 0.00126428
v 0.00433453 0.00201717 0.02679367
v -0.01480373 0.00930040 -0.02528944
v -0.02315749 0.00670261 -0.01851715
v 0.02320836 0.00634473 0.01480979
v -0.00723904 0.00080417 0.02614918
v 0.02424841 0.00666112 0.01320420
v 0.01115759 0.01227639 -0.02588570
v -0.02205042 0.00706675 -0.01991693
v -0.01882904 0.00004394 0.02076682
v 0.01484019 0.01224952 -0.02399527
v -0.02262703 0.00704131 -0.01921394
v -0.02241814 0.00736214 -0.01938159
v -0.00965848 0.01012207 -0.02744344
v -0.02878178 0.00321118 -0.00178826
v 0.01704710 0.01244742 -0.02255977
v 0.02543447 0.01140277 -0.01119079
v 0.01818670 0.01237069 -0.02171021
v -0.02633911 0.00496422 -0.01300381
v 0.01966388 0.01241384 -0.02013962
v -0.02733151 0.00487098 -0.01069752
v -0.02777275 0.00458635 -0.00927037
v 0.02393886 0.00682184 0.01362340
v -0.00756271 0.00049632 0.02606324
v 0.02580506 0.00774674 0.00978492
v 0.02304543 0.00652657 0.01495693
v -0.02742130 0.00148351 0.00859629
v -0.02723716 0.00154850 0.00926411
v 0.01700598 0.00427735 0.02135754
v 0.02756803 0.00983598 -0.00055649
v 0.01578125 0.00428299 0.02213767
v 0.01844602 0.01239022 -0.02148433
v 0.01863041 0.01239393 -0.02130227
v -0.02874937 0.00307339 -0.00006176
v -0.02872544 0.00289901 0.00045292
v -0.02600676 0.00556622 -0.01351862
v 0.01935482 0.01241425 -0.02050355
v -0.01430808 0.00025512 0.02373730
v -0.01390831 0.00008658 0.02392364
v 0.02612055 0.01145299 -0.00915370
v 0.01272031 0.00351226 0.02389258
v -0.01286976 0.00034827 0.02435112
v 0.00371140 0.00202316 0.02682789
v -0.02795575 0.00450724 -0.00847670
v 0.00466100 0.00248653 0.02670104
v 0.02493825 0.00744886 0.01169938
v -0.02137359 0.00788663 -0.02042618
v 0.02761479 0.00980650 -0.00098937
v -0.02291768 0.00714636 -0.01877249
v 0.01414855 0.01294104 -0.02408790
v -0.02693713 0.00134841 0.01015542
v -0.02682279 0.00151375 0.01051326
v 0.01737918 0.01253591 -0.02225030
v -0.02520765 0.00095836 0.01373127
v 0.02575782 0.01165714 -0.01001835
v 0.02649163 0.01119545 -0.00828217
v 0.02630916 0.00821344 0.00787279
v -0.02022619 0.00037603 0.01948667
v -0.02846032 0.00411984 -0.00523209
v 0.02408332 0.00717182 0.01325427
v -0.00444448 0.00102037 0.02662001
v -0.02605687 0.00105244 0.01212359
v 0.00697708 0.01269925 -0.02737422
v 0.02570322 0.01159095 -0.01025477
v 0.01834701 0.01255441 -0.02147459
v 0.02168605 0.00612165 0.01674225
v 0.02184217 0.00645225 0.01644442
v 0.02662537 0.01138914 -0.00742448
v 0.02078216 0.01263514 -0.01854224
v 0.02320272 0.00662823 0.01470846
v 0.02740461 0.01056333 -0.00237053
v 0.00713668 0.00305765 0.02617587
v 0.02747653 0.01017091 -0.00092002
v -0.02621475 0.00128874 0.01185614
v 0.00647415 0.01253999 -0.02756454
v -0.02313358 0.00730322 -0.01838390
v -0.02484356 0.00097231 0.01432047
v 0.00828182 0.01261628 -0.02695314
v 0.01035505 0.01281553 -0.02603511
v 0.01850572 0.01282956 -0.02114222
v 0.01283472 0.00405041 0.02373515
v 0.02105928 0.00647327 0.01731987
v 0.00247122 0.00228078 0.02684701
v 0.00286318 0.00218464 0.02684897
v -0.00841817 0.00123261 0.02583333
v 0.02390553 0.00713244 0.01354433
v 0.02541747 0.00788973 0.01058594
v -0.02178683 0.00810507 -0.01990793
v 0.02738710 0.01056645 -0.00201307
v 0.01313586 0.01306343 -0.02460225
v -0.02736939 0.00184823 0.00887380
v -0.02675519 0.00167953 0.01069384
v 0.01797212 0.00499599 0.02046188
v -0.00975451 0.01064094 -0.02725432
v 0.01378152 0.00436853 0.02320485
v 0.01434763 0.00434850 0.02291702
v -0.02529357 0.00101596 0.01359065
v -0.02625746 0.00594294 -0.01287985
v -0.01370935 0.00059924 0.02399618
v 0.02656332 0.00885205 0.00627999
v 0.02648265 0.01147143 -0.00791505
v -0.02838326 0.00267239 0.00397409
v -0.02727117 0.00204097 0.00925159
v -0.02604566 0.00138208 0.01220253
v -0.00860779 0.01080330 -0.02752970
v 0.02725383 0.01009200 0.00104648
v 0.01697590 0.01308458 -0.02224311
v 0.02525307 0.01196702 -0.01104612
v 0.01051516 0.01289558 -0.02593864
v -0.01107818 0.00122126 0.02499343
v -0.02845486 0.00276324 0.00342283
v 0.02188705 0.00686918 0.01624668
v 0.02094934 0.00643274 0.01745072
v 0.00343084 0.00254551 0.02679018
v -0.02388728 0.00721694 -0.01712621
v -0.01291973 0.01017342 -0.02606861
v 0.02473118 0.00772433 0.01192434
v 0.02232024 0.00683223 0.01573924
v -0.01101564 0.01068651 -0.02681958
v -0.02871536 0.00388973 -0.00279872
v 0.02731201 0.01019378 0.00045135
v 0.02449350 0.01233037 -0.01242504
v -0.02873864 0.00381052 -0.00228253
v 0.02481633 0.01208885 -0.01194556
v 0.01734100 0.01320292 -0.02188547
v 0.02543733 0.01216368 -0.01031505
v 0.01571618 0.00476524 0.02208907
v 0.01586933 0.00483487 0.02197598
v 0.02214045 0.00658680 0.01604314
v 0.02649348 0.00917481 0.00613439
v 0.02151148 0.00653778 0.01680311
v -0.02409347 0.00708695 -0.01676764
v 0.02541927 0.00825216 0.01036212
v 0.02521002 0.00830597 0.01077117
v 0.00728198 0.00326763 0.02610980
v -0.01145032 0.01058847 -0.02666702
v -0.01039761 0.01087127 -0.02697508
v 0.02732604 0.01055231 -0.00093946
v 0.02727880 0.01057653 -0.00047711
v 0.01456042 0.00480569 0.02270911
v -0.00108304 0.00194399 0.02677526
v -0.02511737 0.00183287 0.01402641
v 0.01941876 0.01319387 -0.01994570
v 0.00298599 0.00267665 0.02679017
v -0.02379791 0.00759488 -0.01717950
v 0.02161764 0.01299035 -0.01706195
v 0.02733248 0.01075324 -0.00231933
v -0.01836671 0.00125669 0.02118539
v 0.00677904 0.01317080 -0.02727007
v 0.02706794 0.01038524 0.00149355
v 0.00745292 0.01291456 -0.02715494
v -0.00086023 0.00207079 0.02677400
v 0.00896726 0.01314622 -0.02650604
v -0.02450464 0.00145336 0.01490565
v -0.02432439 0.00158734 0.01514133
v 0.01998984 0.00647384 0.01837905
v -0.00751503 0.00153935 0.02608026
v -0.00701079 0.00153412 0.02620115
v 0.02453843 0.00797939 0.01210535
v 0.01228823 0.01325241 -0.02494226
v -0.02737369 0.00217998 0.00891014
v 0.00860718 0.01319449 -0.02663003
v 0.01844128 0.01328162 -0.02090363
v -0.02457340 0.00162145 0.01483329
v 0.01918143 0.01314687 -0.02024457
v -0.02843192 0.00350001 0.00351438
v 0.02678760 0.01164844 -0.00586541
v -0.02360248 0.00795758 -0.01741008
v -0.00905639 0.00161104 0.02564637
v 0.02563995 0.00883838 0.00933411
v -0.02417223 0.00745990 -0.01649459
v -0.00845265 0.00173332 0.02583931
v 0.00699357 0.00328985 0.02617663
v -0.02266237 0.00752604 -0.01902572
v 0.02337037 0.01316170 -0.01389911
v -0.02857220 0.00478629 -0.00371787
v -0.01065752 0.01121227 -0.02678296
v 0.00617745 0.01328815 -0.02737885
v -0.02642534 0.00224349 0.01151914
v 0.02690761 0.01017120 0.00268845
v 0.01406713 0.00508866 0.02291841
v 0.02572727 0.01230071 -0.00924092
v 0.02670143 0.01183090 -0.00596650
v -0.00685455 0.00178698 0.02621857
v 0.02549940 0.00872977 0.00980568
v 0.02497365 0.00858130 0.01102514
v 0.01283538 0.01345707 -0.02458611
v 0.02290072 0.00767957 0.01468689
v -0.02339415 0.00796036 -0.01774947
v -0.01112407 0.01111898 -0.02663888
v -0.00501775 0.00222277 0.02647439
v 0.01602799 0.00537576 0.02174095
v -0.01499176 0.00149299 0.02335150
v -0.02865996 0.00390996 0.00100319
v 0.02545855 0.01245851 -0.00989873
v -0.02489739 0.00204050 0.01436290
v -0.02860091 0.00408578 0.00173046
v 0.00877566 0.01341600 -0.02646810
v -0.01232276 0.00150571 0.02454428
v 0.01902333 0.01353724 -0.02015232
v 0.01183723 0.00480941 0.02406624
v 0.02234342 0.00725892 0.01556166
v 0.02614835 0.00955471 0.00693624
v 0.00295851 0.00332452 0.02670979
v 0.01926797 0.00634825 0.01909633
v 0.00359640 0.00315051 0.02671043
v -0.00752988 0.00196579 0.02607353
v 0.02522700 0.00859714 0.01055041
v -0.02791316 0.00315249 0.00670780
v -0.02735079 0.00262094 0.00898400
v 0.01292492 0.01376668 -0.02439396
v -0.01201183 0.01097363 -0.02626684
v -0.02633980 0.00222915 0.01171304
v 0.00544049 0.01334004 -0.02753069
v -0.02532620 0.00205903 0.01369439
v 0.00716772 0.01351233 -0.02701511
v 0.01418276 0.00549507 0.02276944
v 0.02656794 0.00993975 0.00474554
v 0.01025263 0.00427638 0.02481974
v 0.01558422 0.00559043 0.02196620
v 0.01924562 0.01376964 -0.01971267
v -0.01069570 0.00170110 0.02512655
v -0.02400016 0.00783683 -0.01670883
v -0.01441804 0.01060027 -0.02506855
v -0.02159448 0.00878254 -0.01992183
v 0.02318235 0.00782600 0.01425640
v -0.01848706 0.00142973 0.02109187
v -0.02218555 0.00826502 -0.01939495
v 0.01381258 0.01393424 -0.02384750
v -0.01771040 0.00167151 0.02172533
v -0.01753748 0.00157076 0.02184750
v -0.00386767 0.00230379 0.02659667
v 0.01549604 0.01415812 -0.02270123
v -0.02605568 0.00225066 0.01232485
v -0.01456570 0.00168371 0.02355993
v 0.02513235 0.01279045 -0.01039679
v 0.02647949 0.01223246 -0.00626666
v -0.02824072 0.00341859 0.00490529
v 0.02557215 0.00922151 0.00915291
v -0.02797774 0.00336813 0.00641902
v 0.02491596 0.00883783 0.01096571
v 0.02199388 0.01339333 -0.01620436
v 0.02233841 0.01329475 -0.01574735
v 0.00477669 0.00361603 0.02653610
v -0.02346588 0.00823522 -0.01753028
v -0.00443244 0.00236932 0.02653604
v -0.00770507 0.01182790 -0.02744211
v 0.02651698 0.01031681 0.00431619
v -0.01336719 0.00163269 0.02410473
v -0.02409088 0.00201522 0.01546151
v -0.02380515 0.00808750 -0.01699936
v 0.00093421 0.01320636 -0.02792338
v 0.02289833 0.00799885 0.01455758
v -0.02854421 0.00507456 -0.00378619
v -0.02662362 0.00273942 0.01108355
v 0.02691961 0.01139387 -0.00010644
v -0.02640739 0.00260990 0.01158055
v -0.02594094 0.00246139 0.01257071
v 0.00642336 0.01390741 -0.02708692
v 0.00849368 0.01388732 -0.02637772
v -0.01358852 0.00184874 0.02399965
v -0.01289145 0.00182509 0.02429634
v -0.02422270 0.00211570 0.01530190
v 0.02539512 0.01269836 -0.00975794
v -0.01204744 0.00195095 0.02463245
v -0.02850536 0.00397451 0.00284925
v 0.01574034 0.00575276 0.02183518
v -0.00986193 0.00220877 0.02538586
v 0.02634914 0.01251183 -0.00632396
v -0.00874089 0.00229473 0.02573251
v 0.02522934 0.00924375 0.01002593
v 0.00375342 0.00357370 0.02664800
v 0.02463231 0.00885951 0.01146243
v 0.02507596 0.00931951 0.01031461
v -0.02181051 0.00881817 -0.01966815
v 0.00832234 0.00416436 0.02556350
v 0.02188024 0.01378577 -0.01606894
v -0.02859392 0.00519329 -0.00301033
v 0.02689009 0.01122132 0.00058348
v 0.02434345 0.01314808 -0.01193499
v -0.00381679 0.00271729 0.02656612
v 0.00666634 0.01393363 -0.02700805
v -0.01481169 0.00206155 0.02342434
v 0.02648252 0.01062383 0.00392967
v -0.02523301 0.00250851 0.01386362
v 0.01100714 0.00476574 0.02445052
v 0.02589919 0.01025578 0.00692706
v 0.02256084 0.00826368 0.01487355
v 0.02592991 0.00985623 0.00732576
v 0.02561962 0.00958635 0.00862820
v 0.01116920 0.01410946 -0.02511026
v 0.00546108 0.01383537 -0.02735140
v 0.01436734 0.01419237 -0.02340520
v -0.01758835 0.00204973 0.02180887
v -0.02555754 0.00246803 0.01329726
v 0.01609490 0.01417416 -0.02227216
v -0.02535437 0.00255392 0.01367008
v 0.02455597 0.01316190 -0.01144602
v -0.00577020 0.01270016 -0.02752092
v 0.00977328 0.00481642 0.02490119
v 0.02629148 0.01076168 0.00457921
v -0.02415024 0.00251771 0.01538728
v -0.01234669 0.00201329 0.02451539
v 0.02620198 0.01047731 0.00544404
v -0.02343975 0.00251396 0.01624359
v -0.01096065 0.00228897 0.02501864
v 0.02221537 0.00811699 0.01537882
v 0.02088094 0.01414286 -0.01731046
v -0.00719745 0.00261464 0.02610641
v -0.00696588 0.00255837 0.02615314
v -0.01951484 0.00234036 0.02016832
v 0.02402333 0.00879507 0.01249673
v -0.01899781 0.00236845 0.02064023
v -0.02723463 0.00330676 0.00935708
v 0.01354457 0.01420720 -0.02387313
v 0.01391413 0.01426351 -0.02363910
v -0.01785320 0.00229761 0.02159678
v 0.00465477 0.01397373 -0.02747750
v -0.01651533 0.00216999 0.02253368
v -0.02612996 0.00286255 0.01218770
v -0.02591612 0.00303134 0.01264587
v 0.02407273 0.01359171 -0.01208433
v -0.00660951 0.01292066 -0.02734814
v 0.00779746 0.01421768 -0.02649855
v -0.01416756 0.00210767 0.02372704
v 0.01164423 0.00516553 0.02408534
v 0.01089595 0.00507082 0.02443195
v -0.02368459 0.00240743 0.01596303
v -0.02850039 0.00418471 0.00286684
v -0.00619133 0.00291527 0.02625945
v 0.00410786 0.00397496 0.02656887
v 0.02680879 0.01172938 -0.00042975
v -0.02659085 0.00348987 0.01120216
v 0.01575166 0.01424306 -0.02248658
v -0.00633159 0.01298965 -0.02738220
v 0.02559819 0.00999871 0.00820958
v 0.02136751 0.00822305 0.01634525
v 0.02520496 0.00973027 0.00965761
v -0.02140801 0.00276524 0.01837279
v 0.01097815 0.01426782 -0.02512930
v 0.02197783 0.01405959 -0.01568125
v 0.02233778 0.01381137 -0.01529081
v 0.02276099 0.01389052 -0.01439794
v 0.01470564 0.01452474 -0.02302568
v -0.01678389 0.00243256 0.02233857
v -0.01612587 0.00245675 0.02273479
v -0.01508433 0.00236321 0.02327386
v 0.02608011 0.01039822 0.00605183
v -0.00870409 0.00300655 0.02571318
v 0.02083084 0.01436099 -0.01721058
v 0.00427631 0.00423045 0.02651052
v 0.02668595 0.01230373 -0.00346806
v 0.02234520 0.01410918 -0.01498484
v -0.02725565 0.00369845 0.00926569
v 0.02674317 0.01201603 -0.00164345
v 0.01370313 0.01463414 -0.02355536
v -0.02694391 0.00338332 0.01026879
v -0.02674524 0.00348446 0.01083790
v 0.00507744 0.01424265 -0.02728162
v 0.01439918 0.01452078 -0.02321942
v 0.02672883 0.01183796 -0.00010874
v 0.01527700 0.01475541 -0.02250926
v 0.00863467 0.01459759 -0.02599957
v -0.02359345 0.00268881 0.01608270
v 0.02591147 0.01078053 0.00616146
v 0.02576395 0.01051305 0.00705065
v -0.01994312 0.00262041 0.01977643
v 0.01191595 0.01472778 -0.02443490
v -0.01855559 0.00242131 0.02103281
v 0.02664612 0.01214111 -0.00089692
v 0.02663330 0.01211594 -0.00047613
v 0.00436681 0.01429841 -0.02740279
v 0.00648141 0.01434487 -0.02690251
v -0.01671989 0.00286407 0.02235642
v -0.02859547 0.00501087 0.00143983
v 0.00949345 0.01443183 -0.02571735
v -0.01383574 0.00289362 0.02383713
v 0.00991834 0.01473401 -0.02537696
v 0.02594485 0.01101997 0.00568969
v 0.01577225 0.00666930 0.02157401
v -0.02262196 0.00300478 0.01712059
v -0.01724361 0.01120362 -0.02304606
v 0.02516019 0.01013249 0.00936632
v 0.02483742 0.00999874 0.01022457
v -0.00698113 0.00317492 0.02609980
v 0.00398650 0.00431733 0.02652391
v 0.02416581 0.00985362 0.01162088
v 0.02041074 0.00803504 0.01743197
v -0.01770426 0.00269672 0.02168740
v 0.00735832 0.01474544 -0.02642355
v 0.01661526 0.00710187 0.02090125
v 0.01684543 0.00704317 0.02075741
v 0.01470177 0.00646443 0.02226811
v -0.01257126 0.00274195 0.02438655
v 0.01358419 0.00639508 0.02289170
v -0.00297598 0.01371323 -0.02749821
v 0.02565852 0.01108860 0.00665922
v 0.02054660 0.01458596 -0.01746267
v 0.02650610 0.01268370 -0.00320918
v 0.00183537 0.01435985 -0.02753074
v -0.01902486 0.00301963 0.02059740
v 0.00359109 0.01443990 -0.02741450
v 0.01423224 0.01487437 -0.02311028
v -0.01725184 0.00284637 0.02199394
v 0.01459854 0.01507384 -0.02276857
v -0.01633788 0.00291597 0.02257863
v -0.02587058 0.00363209 0.01271208
v 0.02384948 0.01404518 -0.01209155
v -0.01533150 0.00296973 0.02310937
v -0.00564375 0.00346237 0.02629232
v 0.02630743 0.01179912 0.00237281
v -0.01126899 0.00298596 0.02488682
v -0.00326208 0.01361994 -0.02750364
v 0.02563495 0.01360581 -0.00751000
v -0.02012757 0.01032655 -0.02101044
v -0.02029934 0.01027868 -0.02085546
v 0.02141232 0.00881475 0.01602750
v 0.02110169 0.00844072 0.01654935
v -0.01955755 0.00301700 0.02012726
v 0.01935279 0.00817403 0.01841171
v 0.00269195 0.01442909 -0.02747759
v 0.01969879 0.00815006 0.01808901
v -0.02676020 0.00371637 0.01076905
v -0.01398231 0.00302147 0.02376015
v -0.02858975 0.00601678 0.00007941
v -0.01285710 0.00315306 0.02424886
v 0.01371704 0.00649412 0.02280050
v 0.01451873 0.00668974 0.02230992
v -0.02292325 0.00313507 0.01680516
v -0.01674929 0.01140855 -0.02331791
v 0.02005386 0.01471292 -0.01801959
v 0.02244890 0.00902729 0.01468293
v -0.02145790 0.00309948 0.01831195
v -0.00841353 0.00349143 0.02577247
v 0.02448014 0.01003406 0.01088967
v -0.02860648 0.00600295 -0.00133195
v 0.02270612 0.00942038 0.01414353
v 0.01726837 0.00764391 0.02025543
v -0.02492439 0.00364324 0.01433013
v -0.02462047 0.00357751 0.01473387
v 0.02612477 0.01140234 0.00420934
v 0.00197203 0.00470673 0.02656161
v -0.01132242 0.00317209 0.02484613
v 0.02571963 0.01370807 -0.00693188
v -0.02280860 0.00327663 0.01692737
v 0.02029299 0.01483702 -0.01763341
v -0.00017195 0.01424225 -0.02748963
v -0.00866482 0.00343123 0.02570162
v -0.00626995 0.00398896 0.02614427
v -0.01972238 0.00313853 0.01996467
v 0.02254719 0.01421420 -0.01449495
v -0.02849066 0.00629698 -0.00317285
v -0.00520751 0.00362493 0.02634055
v 0.00974516 0.01530956 -0.02516358
v 0.01840102 0.00800804 0.01926964
v 0.02458979 0.01401610 -0.01028896
v 0.01039497 0.00632160 0.02435362
v -0.01333802 0.00332864 0.02403618
v 0.02222542 0.00932047 0.01484000
v -0.01794270 0.01130297 -0.02252567
v 0.02373645 0.01010569 0.01217128
v 0.02613137 0.01226018 0.00228081
v -0.02560344 0.00348465 0.01323761
v 0.01846052 0.00834104 0.01911828
v 0.02456205 0.01425667 -0.01001702
v 0.02584280 0.01152405 0.00531021
v -0.01267161 0.00345374 0.02430859
v 0.02560037 0.01381015 -0.00730451
v 0.01333965 0.00672688 0.02292601
v 0.02405737 0.01012680 0.01161002
v 0.00058057 0.00481994 0.02651650
v -0.01670374 0.00353804 0.02229665
v 0.00726889 0.01519823 -0.02625777
v 0.02357025 0.01450922 -0.01219309
v -0.01480161 0.00328366 0.02334867
v 0.00863496 0.01523830 -0.02569047
v 0.01618737 0.00771682 0.02103165
v -0.02850170 0.00562526 0.00193946
v -0.01076590 0.00370888 0.02497503
v 0.02577154 0.01144582 0.00572938
v -0.00346749 0.01423214 -0.02731120
v -0.02780724 0.00496682 0.00697575
v 0.02242800 0.01005904 0.01418066
v 0.02034891 0.01527684 -0.01715480
v 0.00215752 0.01485879 -0.02732674
v 0.02149343 0.01533032 -0.01523352
v -0.01909668 0.00384267 0.02050085
v -0.01853775 0.00323976 0.02100577
v 0.00424825 0.01523254 -0.02704654
v 0.00391126 0.01527493 -0.02708609
v -0.01774344 0.00366990 0.02158197
v -0.02858172 0.00645689 -0.00104519
v -0.02466652 0.00419693 0.01463418
v -0.00476897 0.01413575 -0.02720358
v 0.01492405 0.00746399 0.02187534
v -0.00885041 0.00392858 0.02558566
v 0.02519632 0.01140946 0.00776507
v 0.00207422 0.00499018 0.02652833
v 0.01522711 0.00757871 0.02166624
v -0.02746868 0.00488187 0.00840803
v -0.01955059 0.00355536 0.02010670
v 0.00762370 0.00590090 0.02548256
v 0.02346110 0.01025088 0.01253099
v -0.02857833 0.00652015 -0.00068533
v -0.00581083 0.00415288 0.02619321
v -0.02558234 0.00448910 0.01314737
v 0.02400090 0.01463909 -0.01104530
v 0.02432324 0.01445897 -0.01043255
v -0.02488866 0.00412544 0.01432107
v -0.02431306 0.00390852 0.01510884
v 0.01057486 0.00638917 0.02426107
v 0.02502304 0.01125448 0.00849008
v 0.02209478 0.00982913 0.01474831
v -0.02088567 0.01094267 -0.02005865
v 0.02194883 0.01517526 -0.01463985
v 0.00335881 0.01506833 -0.02720543
v 0.01856944 0.00852664 0.01896695
v 0.00794394 0.00605554 0.02533977
v -0.01747092 0.00386719 0.02175027
v 0.00017898 0.00496022 0.02648936
v -0.01621158 0.00411915 0.02252663
v 0.00799492 0.01544742 -0.02585330
v 0.01500728 0.01556815 -0.02220829
v -0.02849539 0.00580770 0.00187901
v -0.00444760 0.01421071 -0.02721688
v -0.00310588 0.01453298 -0.02724849
v -0.01312807 0.00387946 0.02405931
v 0.01648524 0.00796554 0.02076258
v 0.02008683 0.01562451 -0.01722315
v 0.02082892 0.01553745 -0.01611771
v 0.02115976 0.00957029 0.01598476
v 0.02080104 0.00951543 0.01642032
v 0.02215433 0.01528921 -0.01416735
v 0.02358950 0.01037927 0.01223850
v 0.01991572 0.00926058 0.01747811
v -0.01579340 0.00378209 0.02280312
v 0.02583291 0.01221957 0.00390544
v 0.01707051 0.01570276 -0.02049170
v -0.02838725 0.00577299 0.00293458
v 0.02512926 0.01465160 -0.00759556
v 0.02525189 0.01166508 0.00727216
v 0.02485141 0.01163182 0.00852311
v 0.02580053 0.01403474 -0.00494814
v 0.02603342 0.01333928 -0.00018343
v 0.00785102 0.01589194 -0.02569412
v 0.02012032 0.00926406 0.01727278
v -0.02574641 0.00441099 0.01288534
v -0.00559967 0.00457223 0.02617177
v -0.00476613 0.01437238 -0.02712044
v -0.00362718 0.01463855 -0.02716072
v 0.01715141 0.01585658 -0.02030222
v -0.02833989 0.00583724 0.00333196
v 0.01988397 0.01567061 -0.01747750
v -0.00964893 0.00422335 0.02529525
v -0.02056337 0.01136108 -0.02028193
v -0.02091982 0.01121398 -0.01994166
v -0.00596087 0.00457714 0.02611819
v 0.02276655 0.01524618 -0.01296141
v -0.00046187 0.00514178 0.02644125
v 0.00045362 0.00521123 0.02646977
v 0.00056538 0.00559407 0.02642284
v -0.02854637 0.00674989 0.00019634
v 0.01514466 0.01614698 -0.02173866
v 0.01615296 0.01599402 -0.02106209
v 0.01818420 0.00871253 0.01922006
v 0.01613777 0.00820435 0.02093011
v -0.01031493 0.00441485 0.02504382
v -0.02156955 0.01133816 -0.01912615
v -0.00796847 0.00445516 0.02577464
v 0.00346901 0.00599750 0.02628087
v -0.00745272 0.00487564 0.02581997
v -0.01577004 0.01273228 -0.02352036
v 0.02591264 0.01393765 -0.00296358
v 0.01075423 0.01625704 -0.02422757
v -0.02742336 0.00550794 0.00854517
v -0.01089620 0.01355928 -0.02595030
v 0.00332505 0.01555627 -0.02700318
v 0.02219918 0.01550175 -0.01381713
v 0.02307639 0.01069052 0.01281834
v 0.00426861 0.01562543 -0.02688392
v 0.02601488 0.01326345 0.00046140
v 0.02043760 0.00947722 0.01683672
v -0.01487458 0.00413970 0.02321758
v 0.02525515 0.01461582 -0.00716960
v -0.00183654 0.00532437 0.02634882
v 0.01353264 0.00792820 0.02250317
v -0.01839711 0.01222530 -0.02188300
v -0.01838092 0.01173496 -0.02207377
v 0.01987541 0.01581637 -0.01735309
v -0.01795497 0.01193416 -0.02230629
v -0.02777906 0.00569722 0.00699927
v 0.02565689 0.01442459 -0.00423491
v 0.02224288 0.01031328 0.01428722
v 0.02323199 0.01072448 0.01256630
v 0.02589714 0.01299601 0.00185433
v 0.01116387 0.00720105 0.02380634
v 0.02395416 0.01547294 -0.01000378
v -0.00342602 0.01498211 -0.02704972
v -0.02393035 0.00463389 0.01549882
v -0.02214234 0.00436618 0.01755887
v -0.02033532 0.01157536 -0.02044991
v -0.01942035 0.01208258 -0.02111672
v -0.02754928 0.00601483 0.00801227
v 0.02584933 0.01403477 -0.00252726
v -0.00928097 0.01425142 -0.02629978
v 0.02595525 0.01331849 0.00066721
v -0.01558475 0.00425924 0.02286388
v 0.00759967 0.01600368 -0.02573426
v 0.01694664 0.00874167 0.02015595
v -0.02288546 0.00464689 0.01671159
v -0.00982228 0.00475000 0.02517464
v 0.01903468 0.01636756 -0.01790176
v 0.02539014 0.01477696 -0.00566758
v -0.02788611 0.00630587 0.00625378
v 0.02066192 0.01620036 -0.01573260
v 0.02082186 0.01607395 -0.01560607
v -0.01166069 0.01385678 -0.02549878
v -0.01435334 0.01318018 -0.02421146
v -0.02699262 0.00549246 0.00984002
v 0.00459455 0.01596179 -0.02668583
v -0.00995712 0.01448588 -0.02600781
v 0.01088018 0.00735851 0.02389061
v -0.02545054 0.00513058 0.01324989
v 0.02390765 0.01539642 -0.01024743
v -0.01422132 0.00457132 0.02348034
v -0.01347496 0.00453658 0.02381007
v 0.02410487 0.01542596 -0.00962767
v -0.02822485 0.00647744 0.00388532
v -0.02711009 0.00888438 -0.00950630
v 0.02493525 0.01517797 -0.00739677
v -0.02807680 0.00619297 0.00522880
v 0.01323935 0.00811976 0.02259832
v -0.00875241 0.00506618 0.02547300
v -0.00785642 0.00496987 0.02573695
v -0.01886979 0.01247873 -0.02143383
v 0.02559312 0.01452976 -0.00450190
v -0.00610508 0.00504967 0.02602640
v 0.02465673 0.01184565 0.00880492
v 0.02566627 0.01443408 -0.00269072
v 0.00437938 0.01606154 -0.02668255
v 0.00505078 0.01610261 -0.02650263
v 0.02585370 0.01372792 -0.00021994
v 0.01336627 0.01647965 -0.02264964
v -0.01634716 0.00442307 0.02240509
v -0.01466837 0.00472059 0.02324632
v 0.02489216 0.01510231 -0.00765979
v 0.00141887 0.00628715 0.02631721
v -0.02051802 0.01188708 -0.02016428
v 0.02547581 0.01467379 -0.00526175
v -0.01967740 0.01233250 -0.02080521
v -0.02749994 0.00594792 0.00821832
v 0.02468932 0.01228780 0.00819839
v 0.02420727 0.01187785 0.00983517
v 0.00727684 0.00703253 0.02536784
v -0.00204941 0.00595838 0.02624513
v -0.01685463 0.00503539 0.02200933
v -0.02638511 0.00964963 -0.01137811
v -0.02843280 0.00701660 0.00159357
v 0.00041390 0.00608618 0.02633326
v 0.02447327 0.01539184 -0.00856695
v 0.01745849 0.00884260 0.01973567
v -0.02714832 0.00924155 -0.00915722
v 0.01744815 0.01638367 -0.01960314
v 0.02508574 0.01528976 -0.00631823
v -0.02766799 0.00615655 0.00743142
v 0.02283320 0.01144723 0.01264307
v 0.00351966 0.00655750 0.02618188
v -0.01263465 0.01401256 -0.02492965
v -0.01899431 0.00478694 0.02045976
v 0.02569441 0.01431824 -0.00203384
v 0.00628705 0.00679952 0.02569304
v -0.01780751 0.00491759 0.02138271
v 0.02061095 0.01052803 0.01614922
v -0.02616307 0.00989635 -0.01179511
v -0.02567520 0.00554164 0.01278476
v 0.01791820 0.01637765 -0.01913075
v 0.01647111 0.00890797 0.02044592
v -0.02262417 0.00503880 0.01697603
v -0.00274974 0.01544271 -0.02692502
v -0.02805458 0.00658248 0.00521522
v -0.01851248 0.01303284 -0.02148744
v 0.02484838 0.01298049 0.00672489
v -0.00924986 0.00512827 0.02531229
v -0.02170380 0.00513639 0.01793933
v 0.02536234 0.01491466 -0.00525908
v 0.01345097 0.00840385 0.02241466
v -0.01307519 0.01390248 -0.02471657
v 0.02080142 0.01626759 -0.01540964
v -0.01102269 0.01477432 -0.02550674
v 0.00509906 0.01659676 -0.02624889
v 0.02192645 0.01619579 -0.01346041
v 0.02560171 0.01393212 0.00101191
v 0.02561435 0.01372262 0.00155872
v -0.00173871 0.00600828 0.02625553
v 0.02321333 0.01592354 -0.01122256
v 0.01909635 0.01006488 0.01792533
v -0.00196265 0.01580692 -0.02681763
v 0.01542343 0.00900134 0.02112996
v -0.01991918 0.01248732 -0.02052651
v -0.00862326 0.00542302 0.02545921
v -0.00770246 0.00548315 0.02568112
v -0.00623927 0.00557330 0.02592384
v 0.00380317 0.00701568 0.02607677
v -0.00597913 0.00556557 0.02596856
v 0.02396496 0.01202990 0.01016946
v -0.02612046 0.00574133 0.01188740
v -0.02579225 0.00553659 0.01257852
v -0.01712175 0.00498831 0.02184374
v 0.02272370 0.01613525 -0.01195049
v 0.01308296 0.01672834 -0.02266655
v -0.02580232 0.01043136 -0.01235865
v -0.00031468 0.00631624 0.02626222
v 0.02400320 0.01560940 -0.00961169
v 0.01130985 0.00825140 0.02347958
v -0.01206523 0.00504637 0.02430883
v -0.00238340 0.01569817 -0.02684690
v -0.02703675 0.00951132 -0.00944724
v 0.01666706 0.00914599 0.02022376
v 0.02476558 0.01546622 -0.00743358
v -0.01040617 0.00539890 0.02487117
v 0.01902428 0.01655711 -0.01775654
v 0.02503734 0.01531835 -0.00656528
v 0.01979377 0.01651805 -0.01673381
v -0.02753033 0.00630950 0.00799357
v 0.02539110 0.01496370 -0.00434218
v 0.01370434 0.00896904 0.02211408
v -0.01058986 0.01465804 -0.02572531
v 0.02545699 0.01490278 -0.00308291
v 0.00406774 0.01682600 -0.02637678
v 0.00740798 0.00734228 0.02525889
v -0.02603517 0.00592141 0.01202249
v -0.01649983 0.00513302 0.02222163
v 0.01880886 0.01012071 0.01814886
v -0.02414207 0.00569938 0.01504383
v 0.01687948 0.01707549 -0.01964054
v -0.01812436 0.01311697 -0.02174863
v 0.01548713 0.00923181 0.02101446
v -0.01963430 0.01278417 -0.02067177
v 0.02004147 0.01670892 -0.01612876
v 0.00295290 0.01700556 -0.02640023
v 0.00429933 0.00701198 0.02602803
v 0.00457297 0.00717988 0.02595630
v 0.00343124 0.01666195 -0.02651845
v 0.02121652 0.01129935 0.01504059
v 0.02102217 0.01098265 0.01544603
v 0.00703697 0.00734332 0.02538458
v -0.00688011 0.01538859 -0.02646008
v -0.02842878 0.00762623 0.00098095
v 0.02546699 0.01400528 0.00163609
v -0.00538020 0.00572500 0.02601663
v -0.01045037 0.00574220 0.02480381
v -0.02245842 0.00541420 0.01711803
v -0.02779049 0.00686522 0.00660817
v 0.02506001 0.01542043 -0.00592279
v 0.00268367 0.00675206 0.02620397
v -0.02099608 0.01239192 -0.01942704
v 0.00457170 0.01681063 -0.02629971
v -0.02616455 0.00588433 0.01176688
v -0.02838442 0.00875050 -0.00163004
v -0.01563362 0.00548159 0.02265520
v 0.02538151 0.01438326 0.00099448
v -0.02660294 0.01032911 -0.01059184
v 0.02306234 0.01623850 -0.01112127
v -0.02679321 0.01017456 -0.01003805
v -0.02464958 0.00602097 0.01430976
v -0.00564626 0.00593226 0.02595486
v -0.02204115 0.00563465 0.01751273
v 0.02479928 0.01580638 -0.00634790
v 0.02495434 0.01560874 -0.00602955
v -0.02175121 0.00556472 0.01782109
v 0.02454118 0.01311029 0.00760869
v 0.01926343 0.01696075 -0.01702904
v -0.00595253 0.00605343 0.02589466
v -0.02831264 0.00856243 -0.00284309
v -0.00879984 0.01533108 -0.02606907
v -0.01221757 0.01455550 -0.02497442
v -0.00976406 0.01522548 -0.02583312
v -0.02652861 0.00630755 0.01084511
v -0.01711051 0.00551472 0.02177935
v -0.02843304 0.00833183 -0.00140600
v 0.02543907 0.01461564 -0.00045061
v 0.02034139 0.01057148 0.01644006
v -0.00264439 0.00646659 0.02611082
v -0.02844035 0.00808503 0.00002145
v 0.01878726 0.01061786 0.01797091
v 0.01657832 0.01726989 -0.01977653
v -0.01098773 0.00569166 0.02461443
v -0.01005741 0.00601352 0.02489840
v 0.02412624 0.01299735 0.00886120
v -0.02074974 0.00553923 0.01879002
v -0.01361341 0.01469809 -0.02411677
v -0.02511067 0.00627911 0.01356940
v -0.02638392 0.01048472 -0.01108768
v -0.02842059 0.00828885 0.00021617
v 0.00497729 0.00762728 0.02580374
v -0.00360673 0.01624156 -0.02653612
v 0.02355531 0.01621759 -0.00985631
v 0.00984043 0.00827836 0.02410071
v -0.00412545 0.00644818 0.02599295
v 0.02454924 0.01599040 -0.00707412
v 0.00250285 0.00722582 0.02612384
v -0.01121863 0.01493127 -0.02536267
v 0.00451048 0.01704559 -0.02620460
v -0.00850037 0.01540143 -0.02611746
v -0.01594122 0.00590697 0.02242823
v 0.00896064 0.01743551 -0.02443938
v -0.02486651 0.00611492 0.01398326
v -0.00680618 0.01567113 -0.02637713
v 0.01745491 0.01730685 -0.01886421
v -0.02740212 0.00985045 -0.00778195
v 0.01871172 0.01766535 -0.01703969
v -0.02052263 0.00580192 0.01896634
v -0.01079021 0.01514149 -0.02547755
v -0.02678388 0.00668900 0.01013056
v 0.00597265 0.00790173 0.02553015
v 0.02006186 0.01163863 0.01622810
v 0.02177655 0.01196211 0.01388122
v -0.02555966 0.01123039 -0.01249736
v -0.02600645 0.01087959 -0.01177853
v -0.02674076 0.01048425 -0.01005927
v 0.00546971 0.00773877 0.02570173
v 0.01052313 0.00868683 0.02370504
v 0.01614139 0.01748396 -0.01998238
v 0.02432093 0.01617070 -0.00755185
v 0.01684046 0.01734124 -0.01947296
v -0.02052231 0.01320241 -0.01965845
v 0.02460325 0.01608656 -0.00659267
v 0.02485166 0.01590379 -0.00525905
v 0.01515332 0.01030773 0.02083863
v -0.02740479 0.00714955 0.00819437
v -0.02014601 0.00592228 0.01929194
v -0.01973719 0.00577690 0.01967374
v -0.02693323 0.00685501 0.00970274
v 0.02150480 0.01182617 0.01436396
v 0.00302169 0.01734763 -0.02624346
v 0.02521047 0.01524890 -0.00173271
v 0.02535262 0.01496157 -0.00163147
v 0.02520315 0.01537599 -0.00253678
v -0.01684204 0.00582393 0.02189957
v 0.02184749 0.01691576 -0.01269395
v -0.00287931 0.00694597 0.02600641
v 0.02286796 0.01674845 -0.01082295
v 0.01644536 0.01781882 -0.01946970
v -0.02273040 0.00610088 0.01666616
v 0.01194191 0.00909027 0.02295747
v -0.01657889 0.01422749 -0.02241987
v -0.02178336 0.00619952 0.01765844
v -0.01626874 0.01431297 -0.02259311
v 0.02459598 0.01626527 -0.00588648
v 0.02480746 0.01594730 -0.00564764
v 0.02378237 0.01310166 0.00952909
v -0.01455175 0.01453749 -0.02361009
v -0.01068275 0.01554408 -0.02535579
v 0.00651590 0.00825506 0.02528097
v 0.02119763 0.01187963 0.01473879
v 0.00772438 0.01790576 -0.02471075
v -0.02621632 0.01113474 -0.01119848
v -0.02463915 0.00644544 0.01424284
v -0.02821827 0.00799815 0.00269507
v -0.02426552 0.00665861 0.01471174
v -0.01022042 0.00635092 0.02478547
v -0.02781934 0.00762283 0.00607139
v 0.02426107 0.01390624 0.00738189
v 0.02428997 0.01370290 0.00759394
v 0.02410434 0.01364245 0.00816640
v -0.02774037 0.00750326 0.00664603
v 0.01602100 0.01045591 0.02020381
v 0.00243543 0.00771151 0.02602989
v 0.01530891 0.01028215 0.02075350
v 0.01333819 0.00989644 0.02202282
v 0.00544698 0.00819359 0.02559272
v -0.01204852 0.01543434 -0.02475810
v 0.02181574 0.01229780 0.01355868
v -0.00833043 0.01612239 -0.02590648
v -0.01641233 0.00603342 0.02212350
v -0.02839322 0.00879021 -0.00090325
v -0.02837772 0.00881023 0.00003391
v -0.01462872 0.00627343 0.02300962
v -0.02069401 0.01340080 -0.01939364
v -0.01334647 0.01501002 -0.02415891
v 0.02472060 0.01615159 -0.00519458
v -0.00896691 0.00657369 0.02516630
v -0.02822034 0.00948735 -0.00294086
v 0.02509018 0.01560564 -0.00375384
v -0.02698049 0.00729314 0.00947287
v 0.02503868 0.01573224 -0.00333494
v -0.00916012 0.01599057 -0.02571235
v -0.02630132 0.00704049 0.01119387
v -0.02577403 0.00687835 0.01231521
v 0.00895036 0.01793824 -0.02418721
v -0.02836294 0.00883177 0.00030696
v 0.00952370 0.01795868 -0.02392468
v 0.01407133 0.01783209 -0.02134559
v 0.00492994 0.00831336 0.02565314
v -0.00544721 0.01636764 -0.02631663
v 0.01606163 0.01793237 -0.01971775
v 0.02468315 0.01433574 0.00491661
v 0.01024751 0.00933456 0.02364414
v -0.02235970 0.00659800 0.01698148
v 0.01784916 0.01781453 -0.01795863
v 0.00154317 0.00775649 0.02606361
v 0.02469283 0.01624028 -0.00483248
v -0.02723114 0.00754766 0.00870522
v -0.00625245 0.00708877 0.02565750
v 0.02126837 0.01221085 0.01443184
v -0.02645736 0.01129595 -0.01047376
v -0.02663921 0.01094489 -0.01012788
v 0.02084390 0.01185910 0.01518726
v -0.02460440 0.00702518 0.01417370
v -0.01427527 0.00652017 0.02313223
v -0.02373082 0.00657835 0.01539198
v 0.01700011 0.01792550 -0.01882203
v 0.01581635 0.01074473 0.02023078
v -0.02144917 0.01336880 -0.01851845
v 0.00420364 0.00822111 0.02578612
v 0.00328935 0.01766152 -0.02606837
v -0.02237585 0.01298052 -0.01735714
v -0.01920977 0.00652100 0.02003728
v 0.00614711 0.01777391 -0.02536678
v -0.02587662 0.01144145 -0.01180757
v -0.02596761 0.01148556 -0.01158901
v 0.01987957 0.01213318 0.01618328
v 0.02076614 0.01219339 0.01509566
v -0.00144112 0.00773965 0.02596425
v -0.02710120 0.01075392 -0.00850059
v -0.02717296 0.01069041 -0.00820516
v 0.02439728 0.01448228 0.00594757
v 0.00962965 0.00929514 0.02389793
v 0.01725143 0.01788442 -0.01858389
v -0.02263481 0.00662410 0.01667223
v 0.01424973 0.01029335 0.02138196
v 0.02303740 0.01350101 0.01060996
v 0.00268746 0.01783490 -0.02604016
v -0.01105252 0.01595416 -0.02503083
v -0.00995909 0.01614258 -0.02539223
v 0.00371260 0.01778253 -0.02596514
v 0.01308795 0.00996904 0.02213818
v -0.01870632 0.00658272 0.02044107
v 0.00515096 0.00871884 0.02550744
v -0.01774641 0.00677635 0.02114963
v 0.02497936 0.01543542 -0.00014844
v -0.00705450 0.01665608 -0.02593126
v -0.02542486 0.00711206 0.01288331
v -0.02834216 0.00922286 -0.00013955
v 0.02435793 0.01437217 0.00627573
v 0.02381765 0.01689579 -0.00779937
v -0.00908666 0.00690881 0.02507527
v 0.01437592 0.01049027 0.02124314
v 0.00243352 0.00824953 0.02591868
v 0.00386003 0.00831844 0.02579356
v -0.01205839 0.01559028 -0.02468816
v 0.01489847 0.01086147 0.02078110
v -0.01060190 0.01615831 -0.02513610
v -0.00940275 0.01623160 -0.02553761
v -0.02612541 0.00745764 0.01145512
v -0.02681048 0.01122882 -0.00937480
v -0.00832971 0.01640175 -0.02579245
v -0.02517109 0.00728403 0.01326538
v -0.00395698 0.01718753 -0.02612686
v 0.00970864 0.01842204 -0.02357007
v -0.01394241 0.00667596 0.02325408
v -0.02814692 0.00877468 0.00264963
v -0.02809067 0.00872546 0.00321400
v 0.01192593 0.01021761 0.02262031
v 0.02373042 0.01694234 -0.00801963
v -0.02255378 0.00701149 0.01666781
v 0.02430114 0.01678227 -0.00557782
v -0.02116967 0.01367190 -0.01874552
v -0.02149884 0.01353340 -0.01838134
v 0.02465234 0.01641043 -0.00327694
v 0.01521723 0.01095501 0.02055141
v -0.02587576 0.01169062 -0.01167477
v -0.00908795 0.01657399 -0.02548540
v 0.01949783 0.01221479 0.01657072
v 0.00847903 0.01813116 -0.02428267
v 0.02094512 0.01251487 0.01465712
v 0.00944264 0.01837649 -0.02373302
v 0.00984546 0.00958618 0.02372684
v 0.02319216 0.01724048 -0.00912502
v 0.02447476 0.01499208 0.00453126
v -0.02803420 0.00880002 0.00362875
v -0.02375474 0.00711563 0.01526338
v 0.02419460 0.01448600 0.00667194
v 0.02382123 0.01717707 -0.00709526
v -0.02010329 0.01415882 -0.01968778
v 0.02339077 0.01390496 0.00954855
v 0.00263963 0.00839835 0.02587228
v -0.02227312 0.01333449 -0.01736452
v 0.00224853 0.01803105 -0.02596736
v -0.00591857 0.00743320 0.02564381
v 0.00343331 0.01814195 -0.02582776
v -0.02666253 0.00782094 0.01016730
v 0.02471803 0.01609911 -0.00107333
v -0.00656854 0.01706813 -0.02584781
v -0.01408014 0.00706741 0.02312466
v 0.01929731 0.01211154 0.01683464
v 0.00937894 0.00959902 0.02390099
v -0.02321660 0.00738197 0.01583941
v -0.01994236 0.01426618 -0.01979131
v -0.02768905 0.00851761 0.00619015
v 0.02359792 0.01429955 0.00870628
v 0.02356584 0.01411159 0.00898853
v -0.01105359 0.01615112 -0.02494471
v -0.02710653 0.00810483 0.00891381
v 0.00357847 0.01830169 -0.02572204
v 0.02470240 0.01624663 -0.00199909
v 0.00529089 0.00897362 0.02540735
v -0.00966361 0.01682172 -0.02519479
v -0.01840086 0.00711850 0.02059843
v -0.02648246 0.00791557 0.01055883
v -0.01801810 0.00704304 0.02090255
v -0.00713527 0.01714519 -0.02570260
v -0.02599106 0.00765858 0.01168342
v 0.00816231 0.01857144 -0.02416814
v 0.02113051 0.01272625 0.01425564
v -0.02507449 0.00754971 0.01336202
v -0.02449960 0.00764166 0.01416088
v 0.01714434 0.01155765 0.01897244
v 0.01870795 0.01214545 0.01736653
v 0.01901971 0.01206100 0.01713133
v -0.02811974 0.00911394 0.00253122
v -0.02702788 0.01139661 -0.00830913
v 0.02388934 0.01462176 0.00747989
v -0.02721146 0.00839660 0.00846465
v 0.00297771 0.01822640 -0.02583178
v -0.01021855 0.01648191 -0.02515462
v -0.01859066 0.00696026 0.02047617
v -0.00848850 0.01663976 -0.02564148
v -0.00413059 0.01741583 -0.02601421
v 0.01958932 0.01264328 0.01621430
v 0.01444052 0.01855864 -0.02058992
v -0.02825197 0.00973818 0.00046065
v 0.02437602 0.01531938 0.00427938
v 0.01722900 0.01173143 0.01884305
v -0.02352631 0.00735540 0.01547470
v 0.02395943 0.01517285 0.00631501
v 0.02400328 0.01708625 -0.00656184
v 0.02394336 0.01721982 -0.00643627
v 0.02393122 0.01469846 0.00725324
v 0.02393153 0.01493254 0.00684144
v -0.02101960 0.00759667 0.01813878
v 0.00471503 0.00918292 0.02545536
v 0.02418742 0.01709232 -0.00440464
v -0.02064618 0.00739352 0.01853894
v 0.00219515 0.01835918 -0.02581904
v 0.01450373 0.01108295 0.02093237
v 0.01937893 0.01835418 -0.01526872
v 0.02457308 0.01647198 -0.00224460
v -0.01275007 0.01634064 -0.02396938
v -0.02667039 0.00808311 0.01007603
v -0.02281385 0.01352519 -0.01639452
v 0.00481568 0.01838115 -0.02542853
v 0.01581938 0.01172740 0.01981970
v 0.01971969 0.01288451 0.01589965
v 0.02433624 0.01573638 0.00333513
v -0.01376624 0.00734852 0.02321151
v 0.01897213 0.01242199 0.01700584
v -0.02021566 0.01472074 -0.01933532
v 0.01169993 0.01059776 0.02260092
v 0.02387463 0.01736666 -0.00615736
v -0.02145042 0.00750123 0.01771929
v 0.00432719 0.00923807 0.02550022
v -0.02803079 0.01056124 -0.00365234
v 0.00541928 0.01855482 -0.02519704
v 0.02449544 0.01641213 -0.00052380
v 0.00830057 0.01878897 -0.02398021
v 0.01919857 0.01287382 0.01652317
v 0.01529853 0.01918556 -0.01939795
v 0.02427133 0.01540732 0.00456992
v 0.02412876 0.01531496 0.00537548
v 0.02410114 0.01513756 0.00584736
v 0.01900698 0.01284129 0.01675879
v -0.02725566 0.00859067 0.00816419
v -0.02818462 0.01064283 -0.00163841
v -0.02580300 0.01255881 -0.01135525
v -0.02683803 0.01195165 -0.00874344
v 0.00900274 0.01020749 0.02385785
v -0.02750894 0.00910529 0.00673905
v -0.02799535 0.01074344 -0.00371039
v 0.00226116 0.01851418 -0.02573317
v 0.02222896 0.01430903 0.01130356
v 0.00528502 0.01882435 -0.02509072
v 0.00590828 0.01874215 -0.02494028
v 0.00464470 0.00943923 0.02538799
v -0.00734786 0.01748188 -0.02550293
v -0.02817411 0.01059702 -0.00188833
v -0.00424212 0.01769942 -0.02586941
v -0.01660177 0.00768121 0.02168890
v 0.00963561 0.01893618 -0.02330781
v -0.02519628 0.00817223 0.01297201
v -0.00207494 0.00849979 0.02579412
v -0.00194164 0.00869704 0.02575514
v -0.02738059 0.01166589 -0.00636797
v -0.02274398 0.01392157 -0.01632014
v -0.02721924 0.00868810 0.00824573
v 0.02433087 0.01670805 -0.00065355
v 0.00983021 0.01897628 -0.02318841
v -0.02819318 0.01049581 -0.00001377
v -0.01820335 0.01565898 -0.02063679
v -0.02589798 0.01247078 -0.01120170
v 0.02416818 0.01588134 0.00389958
v 0.02396466 0.01571705 0.00522124
v 0.01595068 0.01912337 -0.01884389
v 0.01064474 0.01060992 0.02305792
v 0.01864150 0.01897822 -0.01568301
v -0.02366622 0.01355360 -0.01489960
v 0.02413052 0.01717196 -0.00225481
v -0.01763488 0.00772123 0.02104658
v 0.00670251 0.00997571 0.02471681
v 0.00634875 0.01900780 -0.02461715
v 0.02416008 0.01681961 0.00049868
v 0.01237919 0.01940184 -0.02139994
v -0.00712412 0.01778215 -0.02540788
v -0.00660582 0.01771491 -0.02554273
v 0.02418962 0.01599162 0.00339661
v -0.01891598 0.01526779 -0.02022806
v -0.00215143 0.00879774 0.02571406
v 0.01118436 0.01110753 0.02266321
v 0.01808008 0.01931819 -0.01611990
v -0.00849157 0.00836383 0.02496287
v -0.01034122 0.01712862 -0.02479984
v -0.02208393 0.01443691 -0.01713539
v -0.00992854 0.01728662 -0.02487564
v 0.00320617 0.00952148 0.02551960
v 0.01934146 0.01347814 0.01593175
v 0.01835008 0.01304212 0.01726547
v 0.00901220 0.01042461 0.02378081
v -0.00810011 0.00839650 0.02504722
v -0.02695077 0.00919721 0.00893017
v 0.02409494 0.01717222 -0.00151943
v -0.00750997 0.01773230 -0.02533738
v 0.00530605 0.01004478 0.02507087
v 0.00769930 0.01933522 -0.02388510
v -0.02555360 0.00855699 0.01222116
v -0.02818354 0.01051192 0.00029054
v -0.02807740 0.01034971 0.00153320
v -0.02784953 0.00984174 0.00400570
v 0.01893901 0.01325257 0.01657617
v 0.01525847 0.01959999 -0.01909561
v 0.01808688 0.01303979 0.01749425
v -0.02143052 0.01503443 -0.01778931
v 0.00348338 0.00990099 0.02539143
v -0.02739904 0.00939936 0.00705413
v 0.01961092 0.01904856 -0.01407033
v -0.02383437 0.01391504 -0.01445159
v -0.02401026 0.01380889 -0.01418897
v 0.00555136 0.01929571 -0.02473285
v 0.00623415 0.01942942 -0.02439069
v -0.01705232 0.00809237 0.02133449
v -0.02608151 0.01290180 -0.01056231
v -0.02784121 0.01001484 0.00387872
v 0.02359784 0.01603852 0.00602933
v 0.01102556 0.01130719 0.02265941
v -0.01976578 0.01558474 -0.01937988
v 0.00300571 0.00979713 0.02546096
v -0.00908282 0.00888887 0.02470040
v 0.02301757 0.01536152 0.00875742
v -0.02325782 0.01438250 -0.01523088
v 0.00123441 0.00966200 0.02561351
v -0.02218024 0.01472279 -0.01686510
v 0.01909814 0.01918820 -0.01474011
v -0.02675295 0.00927241 0.00941617
v -0.00655058 0.01810898 -0.02536849
v -0.02811711 0.01109669 -0.00012989
v -0.00601472 0.01810781 -0.02544620
v -0.02613291 0.01292711 -0.01042984
v 0.00876024 0.01947256 -0.02334753
v -0.00490862 0.01843890 -0.02542102
v 0.01857962 0.01325628 0.01692966
v 0.02351156 0.01593065 0.00655305
v -0.02749148 0.00982446 0.00622321
v -0.02075858 0.01521798 -0.01853963
v -0.00885507 0.00878926 0.02479409
v -0.00825269 0.00864728 0.02496269
v 0.01825045 0.01950625 -0.01565476
v -0.00742701 0.00883183 0.02510046
v 0.01222559 0.01175705 0.02197512
v 0.02210852 0.01487601 0.01103431
v 0.00589806 0.01058055 0.02475156
v 0.02402160 0.01704097 0.00057935
v 0.02394683 0.01701619 0.00132351
v -0.02504462 0.00879708 0.01303763
v 0.02190831 0.01867950 -0.01008290
v -0.00240273 0.01884359 -0.02550671
v 0.00235678 0.01946550 -0.02519309
v 0.01192778 0.01163660 0.02216940
v -0.02693510 0.00934719 0.00890634
v 0.00959047 0.01977291 -0.02276590
v 0.01879685 0.01957257 -0.01476632
v -0.02397162 0.01407520 -0.01411936
v -0.02656210 0.00938080 0.00985513
v 0.02169602 0.01504853 0.01154634
v 0.00559006 0.01959478 -0.02452208
v -0.01715176 0.00839133 0.02121250
v -0.02637876 0.01301423 -0.00967752
v -0.02474885 0.00890676 0.01348914
v -0.01803135 0.01613974 -0.02057075
v 0.01813848 0.01335191 0.01730051
v 0.02301235 0.01850562 -0.00681811
v 0.01045723 0.01149368 0.02282686
v 0.00090170 0.00983409 0.02557079
v 0.02299671 0.01566626 0.00844157
v 0.02287338 0.01556104 0.00883544
v -0.02797688 0.01180661 -0.00273388
v -0.02341407 0.01454783 -0.01488240
v 0.00123667 0.00991055 0.02554150
v -0.00720625 0.01822565 -0.02516551
v -0.00519006 0.00929654 0.02534281
v -0.00637309 0.01840205 -0.02524941
v 0.00924086 0.01985650 -0.02288538
v -0.01421607 0.00861928 0.02278827
v -0.02656885 0.01288623 -0.00909895
v 0.02264247 0.01869213 -0.00791703
v 0.02292830 0.01870107 -0.00647473
v -0.02772957 0.01212338 -0.00410977
v -0.01279927 0.01746098 -0.02346496
v 0.01196472 0.01184970 0.02206359
v 0.02187065 0.01513544 0.01119994
v 0.00604578 0.01977926 -0.02422866
v -0.02808920 0.01148179 -0.00160045
v 0.02385499 0.01727065 0.00076944
v 0.02383706 0.01720714 0.00131404
v -0.00621869 0.01869494 -0.02512234
v -0.00546974 0.00948504 0.02526415
v 0.01727534 0.01370548 0.01785614
v 0.01811102 0.01384794 0.01702477
v 0.02345810 0.01637980 0.00589619
v 0.02335751 0.01633246 0.00634489
v -0.02158759 0.01531752 -0.01744678
v -0.02777895 0.01215222 -0.00377733
v -0.00883911 0.00912731 0.02472440
v -0.00733695 0.00923937 0.02504110
v 0.02050619 0.01492370 0.01348050
v -0.02663895 0.00969175 0.00955068
v -0.02644739 0.00960242 0.01003528
v -0.01946255 0.01591974 -0.01951453
v 0.00512824 0.02001999 -0.02440456
v 0.00728774 0.01998861 -0.02358944
v -0.02806368 0.01153766 -0.00044998
v 0.00850124 0.02001284 -0.02309240
v -0.00154805 0.01007911 0.02542383
v -0.00982700 0.00909562 0.02440900
v 0.01888085 0.01991932 -0.01420631
v 0.00412407 0.01995485 -0.02467244
v 0.02098919 0.01513037 0.01258656
v 0.00472736 0.01977131 -0.02469311
v -0.00651657 0.00944358 0.02514175
v 0.02067011 0.01956313 -0.01159883
v 0.00804343 0.02009559 -0.02321501
v 0.01244984 0.02029953 -0.02074881
v 0.02139871 0.01936379 -0.01025245
v -0.02508477 0.00960656 0.01267642
v -0.01448407 0.00895023 0.02259137
v -0.00197546 0.01003360 0.02540507
v -0.02142732 0.01557315 -0.01752523
v -0.00773542 0.00934358 0.02493980
v 0.00333553 0.01067803 0.02518726
v -0.00672329 0.00957661 0.02508276
v -0.01307647 0.01776720 -0.02316658
v -0.02654758 0.00982690 0.00969903
v 0.02347624 0.01811560 -0.00137213
v 0.02352308 0.01802700 -0.00106182
v 0.01135643 0.02034699 -0.02138557
v -0.01571753 0.00900775 0.02193335
v -0.00543662 0.01890659 -0.02511435
v 0.02259512 0.01886621 -0.00764913
v 0.02317958 0.01662105 0.00641490
v -0.02162757 0.01566903 -0.01719731
v -0.01922872 0.01647717 -0.01945724
v 0.00355077 0.01080894 0.02512306
v -0.01923754 0.00915510 0.01949317
v 0.01943187 0.01984559 -0.01338411
v -0.02799356 0.01206576 -0.00172515
v 0.02096754 0.01967555 -0.01081080
v -0.01554260 0.00915887 0.02199324
v 0.01755582 0.01412609 0.01739817
v 0.01740506 0.01395085 0.01763455
v -0.02045927 0.01607863 -0.01845891
v -0.02724855 0.01302058 -0.00576009
v -0.02761952 0.01264152 -0.00420137
v -0.00968252 0.00966196 0.02432118
v -0.01221799 0.01807395 -0.02350244
v -0.02696390 0.01034694 0.00815676
v 0.02098986 0.01563644 0.01216570
v -0.01956201 0.01642354 -0.01919510
v -0.02410471 0.01471208 -0.01351448
v 0.02045305 0.01514804 0.01337480
v 0.01427885 0.01309283 0.02027224
v -0.00654861 0.01888025 -0.02496358
v 0.02135737 0.01967760 -0.00982323
v 0.01902395 0.01458715 0.01550375
v 0.01852351 0.01424819 0.01634194
v -0.02763783 0.01113353 0.00402680
v -0.01280705 0.01793389 -0.02325661
v -0.02101235 0.01615356 -0.01776135
v 0.02309515 0.01881711 -0.00430041
v -0.00861543 0.00973515 0.02463831
v -0.00935652 0.01868002 -0.02435126
v 0.02124183 0.01596280 0.01147417
v -0.02364236 0.01496300 -0.01422343
v -0.01877031 0.00939329 0.01981682
v 0.02078926 0.01548071 0.01259689
v -0.02440631 0.01477902 -0.01291200
v 0.01089277 0.02061766 -0.02146437
v -0.00528102 0.00995660 0.02517638
v 0.02335789 0.01754303 0.00301493
v -0.00234304 0.01955542 -0.02517422
v -0.00116389 0.01978326 -0.02509692
v 0.00045457 0.02038947 -0.02478361
v 0.00073391 0.02008326 -0.02493962
v 0.02253080 0.01663618 0.00825395
v 0.02301118 0.01890832 -0.00453292
v 0.02238733 0.01665379 0.00858633
v 0.01928830 0.02032053 -0.01303612
v -0.01903154 0.00953949 0.01957691
v -0.02795610 0.01228348 -0.00190406
v -0.02619251 0.01066395 0.01008778
v -0.00500442 0.01006160 0.02517244
v -0.02494635 0.00985623 0.01281251
v 0.01697516 0.01439736 0.01774510
v -0.00114745 0.01077819 0.02526087
v -0.01241732 0.01826236 -0.02330614
v 0.00269002 0.02042911 -0.02459508
v 0.02303132 0.01891212 -0.00410896
v -0.01972455 0.01665617 -0.01891498
v -0.01847264 0.01689400 -0.01988242
v -0.01101146 0.01851252 -0.02384593
v 0.02020095 0.01538715 0.01350802
v -0.01595789 0.00960953 0.02166264
v -0.02657126 0.01382714 -0.00828881
v 0.01941399 0.01516579 0.01461374
v -0.00217837 0.01978151 -0.02507836
v 0.02302654 0.01721622 0.00562532
v -0.02750073 0.01136121 0.00466474
v 0.01299626 0.01341339 0.02086240
v 0.02294547 0.01901646 -0.00444623
v -0.01076013 0.01873517 -0.02384512
v -0.01015566 0.01879188 -0.02403204
v -0.00969160 0.01898885 -0.02409378
v -0.00885276 0.01016079 0.02446227
v -0.01492062 0.01821502 -0.02185543
v -0.01568388 0.01758167 -0.02164584
v 0.02143148 0.01637868 0.01074935
v -0.01997811 0.00985468 0.01863421
v -0.01938997 0.01670262 -0.01922696
v -0.00931271 0.01888726 -0.02425861
v -0.00652180 0.01028338 0.02491007
v -0.02404478 0.01511315 -0.01338945
v 0.01040311 0.02095441 -0.02150700
v -0.02789852 0.01261079 -0.00158313
v -0.02794199 0.01240411 -0.00144164
v -0.02618074 0.01419493 -0.00947875
v 0.01332025 0.02103905 -0.01961039
v -0.00242351 0.01994218 -0.02497040
v -0.01463724 0.01803668 -0.02210919
v -0.02078694 0.01660114 -0.01779871
v -0.01165750 0.01870813 -0.02345483
v -0.00964785 0.01005841 0.02423654
v 0.02222771 0.01667013 0.00893420
v -0.02761356 0.01315037 -0.00369449
v -0.00024174 0.01116087 0.02517469
v -0.02262155 0.01600589 -0.01543647
v 0.00070477 0.01117365 0.02515580
v 0.02075982 0.01590787 0.01228307
v 0.02004777 0.02023008 -0.01187367
v 0.02311557 0.01854994 -0.00012431
v -0.01884446 0.00986341 0.01964745
v 0.01094240 0.02097300 -0.02119338
v 0.02075698 0.02022964 -0.01043153
v -0.02599201 0.01445295 -0.00976313
v -0.01607044 0.01771862 -0.02131873
v -0.01058927 0.01018806 0.02387025
v 0.02262284 0.01713656 0.00727315
v -0.02097429 0.01656590 -0.01758196
v -0.02770685 0.01298701 -0.00317668
v -0.02775745 0.01290437 -0.00287981
v -0.00842268 0.01034120 0.02453281
v 0.02187077 0.01667742 0.00960836
v -0.01331752 0.01831705 -0.02277572
v -0.02279878 0.01587946 -0.01521321
v -0.00710557 0.01035321 0.02479894
v 0.00938809 0.01266269 0.02284774
v 0.01095031 0.01297884 0.02207153
v -0.02448831 0.01527684 -0.01245573
v 0.02017125 0.02050364 -0.01131904
v 0.02317545 0.01821516 0.00146785
v 0.00906242 0.01271227 0.02294464
v 0.01262878 0.02113099 -0.02003602
v 0.02309343 0.01813189 0.00255213
v 0.02132467 0.02000953 -0.00922173
v -0.00113489 0.02022768 -0.02488697
v -0.02292018 0.01033910 0.01539239
v 0.02269894 0.01690186 0.00745021
v -0.00096706 0.01107563 0.02518050
v 0.00284114 0.02067841 -0.02441868
v 0.02226250 0.01711969 0.00824760
v 0.02139872 0.01665465 0.01053035
v 0.02097424 0.01639018 0.01149605
v 0.02034958 0.02046851 -0.01102082
v 0.00460323 0.01189962 0.02463145
v 0.01291789 0.02117424 -0.01981022
v -0.02789284 0.01262286 -0.00077053
v -0.01822052 0.01743746 -0.01983677
v -0.02617951 0.01448441 -0.00926053
v -0.00547133 0.01090734 0.02488801
v 0.01720508 0.01500679 0.01719699
v 0.02210586 0.01711646 0.00862690
v 0.02194880 0.01702772 0.00907351
v -0.00923901 0.01044868 0.02427003
v 0.01806317 0.02116889 -0.01394534
v 0.01326662 0.01389143 0.02051195
v 0.02077530 0.01612376 0.01205167
v -0.02427248 0.01545120 -0.01275513
v -0.01993399 0.01020504 0.01859217
v 0.00944667 0.01308014 0.02266179
v 0.02038659 0.01632256 0.01243269
v 0.00481624 0.01214972 0.02451377
v 0.01081713 0.01336197 0.02197439
v -0.02607545 0.01455023 -0.00951743
v 0.01331032 0.01417001 0.02036474
v -0.02783492 0.01253317 0.00104436
v -0.02643428 0.01427424 -0.00840887
v 0.01441298 0.01432735 0.01963765
v -0.00126641 0.02036817 -0.02481353
v -0.00494398 0.01092110 0.02494416
v -0.01364777 0.01022306 0.02262830
v -0.02691996 0.01435375 -0.00605786
v -0.02306038 0.01054308 0.01515113
v 0.00081577 0.02069072 -0.02461478
v -0.02766512 0.01323557 -0.00314629
v -0.02124163 0.01670909 -0.01714641
v -0.02277286 0.01617355 -0.01508569
v -0.01544282 0.01837331 -0.02144906
v -0.02399913 0.01554983 -0.01321096
v 0.01858788 0.02086743 -0.01351787
v -0.01116608 0.01920857 -0.02343111
v 0.00990143 0.02121909 -0.02159257
v -0.02777847 0.01316571 -0.00155066
v 0.00922118 0.01308714 0.02274511
v 0.02294437 0.01840757 0.00239342
v -0.02785434 0.01241781 0.00118295
v 0.00558542 0.01228422 0.02426400
v 0.02286671 0.01818263 0.00372581
v -0.01207146 0.01058133 0.02320901
v -0.02772697 0.01329111 -0.00202536
v 0.02279250 0.01915377 -0.00154194
v -0.02641688 0.01132087 0.00924016
v 0.02278269 0.01901206 0.00021087
v -0.02784020 0.01289860 -0.00094159
v 0.02001361 0.01653540 0.01277625
v 0.00595605 0.01250244 0.02407615
v 0.02072688 0.02051610 -0.00998711
v 0.01340229 0.02160269 -0.01912225
v -0.02283657 0.01071575 0.01536983
v 0.00112003 0.02095462 -0.02444584
v -0.02159996 0.01676323 -0.01661183
v 0.01642524 0.01504900 0.01782900
v 0.01732008 0.01520332 0.01696309
v -0.00761368 0.01096039 0.02453731
v -0.00723883 0.01101820 0.02458260
v 0.02095940 0.01696433 0.01089363
v 0.00636495 0.02126690 -0.02304134
v 0.00245070 0.01225193 0.02477384
v 0.00279857 0.01213389 0.02479796
v 0.00254976 0.01199705 0.02485972
v -0.02473814 0.01558885 -0.01173908
v 0.02027670 0.02079308 -0.01065794
v 0.01292502 0.02152427 -0.01954274
v -0.01693769 0.01820621 -0.02050319
v -0.02780679 0.01259143 0.00135691
v 0.01896690 0.01605707 0.01449748
v -0.00474361 0.01143359 0.02481279
v 0.02267408 0.01817620 0.00467017
v -0.01280938 0.01080184 0.02283931
v 0.01487943 0.01455468 0.01921035
v 0.02245243 0.01797828 0.00616361
v 0.01462568 0.01453534 0.01940442
v 0.02234885 0.01806634 0.00633940
v 0.02203563 0.01765109 0.00799003
v 0.02186835 0.01759147 0.00846183
v 0.01294618 0.01421743 0.02054785
v -0.02701771 0.01202660 0.00669579
v -0.02695392 0.01226199 0.00679233
v -0.02454963 0.01575038 -0.01202095
v 0.02254864 0.01951867 -0.00179027
v -0.01927426 0.01073314 0.01907326
v 0.01098479 0.02172563 -0.02064973
v 0.02071175 0.02065009 -0.00971192
v 0.02261512 0.01869592 0.00331252
v 0.02268896 0.01845796 0.00380612
v 0.01660638 0.01520626 0.01759544
v 0.02126590 0.01745980 0.00982087
v -0.02679155 0.01177913 0.00780841
v -0.00003637 0.01213661 0.02484922
v 0.01046050 0.02189489 -0.02080543
v -0.01710081 0.01815521 -0.02040609
v 0.01412019 0.01446967 0.01976386
v -0.00493629 0.01144581 0.02479022
v 0.01431046 0.02200450 -0.01798463
v -0.01377703 0.01076359 0.02241454
v -0.02324855 0.01109253 0.01474308
v -0.02716054 0.01423335 -0.00494009
v -0.02724622 0.01266774 0.00493782
v 0.00018879 0.01209440 0.02486132
v -0.01562558 0.01856856 -0.02124274
v 0.02141184 0.01764984 0.00932824
v -0.00802084 0.01111621 0.02441041
v -0.02678327 0.01192336 0.00772891
v -0.01942622 0.01083551 0.01891683
v 0.00282870 0.01239419 0.02470828
v -0.01095549 0.01952416 -0.02336519
v 0.01015835 0.02180624 -0.02102890
v 0.02260867 0.01922898 0.00037602
v 0.01164891 0.02180137 -0.02018137
v 0.01014940 0.01389324 0.02203979
v 0.01392869 0.02192038 -0.01840327
v -0.01405504 0.01916020 -0.02194838
v 0.02193462 0.02040190 -0.00387233
v -0.02044542 0.01138196 0.01778582
v -0.00818865 0.01142948 0.02427049
v 0.01998884 0.01693624 0.01241796
v 0.01817036 0.02159342 -0.01324414
v -0.01620997 0.01113697 0.02102287
v -0.01775578 0.01830310 -0.01980651
v -0.02645838 0.01506844 -0.00749569
v 0.02097848 0.02077900 -0.00847261
v -0.02333802 0.01120067 0.01457909
v 0.02220882 0.01859668 0.00550245
v 0.02223873 0.01826142 0.00628767
v -0.01176482 0.01124882 0.02316123
v -0.01133213 0.01110191 0.02337241
v 0.02163802 0.01832132 0.00784573
v -0.01060194 0.01122634 0.02362304
v -0.01026456 0.01123392 0.02373378
v 0.01968292 0.01688240 0.01288413
v 0.01211479 0.01453128 0.02084137
v 0.02232805 0.01902964 0.00370772
v 0.02244053 0.01879926 0.00395347
v 0.01282139 0.02204955 -0.01921166
v 0.01884871 0.01642154 0.01436413
v -0.02313712 0.01141120 0.01476729
v -0.01199597 0.01139989 0.02302005
v -0.02710001 0.01256880 0.00583445
v -0.02698180 0.01248655 0.00649076
v 0.02209699 0.02022833 -0.00284462
v -0.00213387 0.01215154 0.02479202
v -0.01072381 0.01997461 -0.02320768
v 0.01826991 0.02181641 -0.01279180
v -0.01906762 0.01129220 0.01908069
v 0.01020077 0.02207662 -0.02079545
v 0.01100458 0.02228624 -0.02020573
v 0.00985258 0.01424461 0.02200171
v -0.02603229 0.01543088 -0.00886814
v 0.00474678 0.01319468 0.02413277
v 0.02173579 0.01841961 0.00745629
v -0.02053356 0.01129413 0.01772190
v 0.02108784 0.01789318 0.00963018
v 0.02079605 0.01780547 0.01020955
v 0.00707291 0.02210793 -0.02215955
v 0.00821392 0.02212498 -0.02170088
v 0.00653051 0.01368686 0.02347875
v 0.01443628 0.02209230 -0.01778760
v -0.02671347 0.01508328 -0.00632774
v 0.00632798 0.01354150 0.02360559
v -0.02721284 0.01299744 0.00473085
v -0.02751528 0.01421264 -0.00180402
v -0.01108331 0.01148147 0.02337633
v 0.02116199 0.01813728 0.00916168
v -0.00944352 0.01177554 0.02382287
v 0.01875215 0.02175478 -0.01203679
v -0.01836915 0.01139288 0.01961153
v 0.01941562 0.01730022 0.01280485
v -0.01789589 0.01151238 0.01989379
v -0.02589602 0.01582047 -0.00895434
v 0.02018909 0.02149599 -0.00935333
v 0.02225512 0.01945163 0.00226938
v 0.00448890 0.01325059 0.02417008
v -0.02699664 0.01497929 -0.00485405
v -0.01254362 0.01990102 -0.02244971
v 0.01535558 0.02241524 -0.01648407
v 0.02129087 0.02112484 -0.00581677
v -0.02744519 0.01443002 -0.00221748
v 0.02193976 0.02045589 -0.00292358
v 0.01974518 0.01751911 0.01211190
v -0.02525448 0.01234438 0.01123229
v 0.01045532 0.02237770 -0.02042904
v -0.02752337 0.01421474 -0.00101306
v 0.01983648 0.02168739 -0.01006216
v 0.02225332 0.01951232 0.00192643
v 0.02204931 0.01930271 0.00411614
v 0.00602470 0.01367582 0.02364758
v 0.01773247 0.01661619 0.01548411
v 0.01548300 0.02246280 -0.01627910
v -0.01095529 0.01185122 0.02331908
v 0.00813980 0.02243325 -0.02149260
v -0.01144194 0.02017136 -0.02282359
v -0.01845341 0.01157894 0.01949365
v 0.01192896 0.02240862 -0.01956108
v 0.01220548 0.02235695 -0.01943416
v -0.02603331 0.01575344 -0.00853045
v 0.00622349 0.01381320 0.02353405
v 0.02214664 0.01953627 0.00254561
v 0.01426119 0.02239605 -0.01769987
v 0.02196211 0.01931152 0.00453490
v 0.01832505 0.01728283 0.01421445
v 0.01827056 0.01703810 0.01450182
v -0.01117278 0.01194597 0.02321046
v 0.02177617 0.01894629 0.00628143
v 0.02147214 0.01877782 0.00749603
v -0.00900745 0.01218336 0.02381243
v 0.01535467 0.01629127 0.01792810
v 0.01721902 0.02213906 -0.01403588
v -0.00761011 0.01217448 0.02416276
v 0.02096838 0.01833572 0.00924411
v 0.00833063 0.02235818 -0.02146361
v -0.02747859 0.01433669 -0.00076948
v 0.01952759 0.02187464 -0.01048639
v 0.01245469 0.01514370 0.02040407
v 0.02108798 0.02123265 -0.00646193
v -0.01000268 0.01226071 0.02349733
v 0.02152545 0.01907106 0.00681919
v 0.01527289 0.01619012 0.01804880
v -0.01783365 0.01174196 0.01985726
v 0.01446489 0.01590898 0.01879769
v 0.01863660 0.02201474 -0.01184120
v -0.02538423 0.01244534 0.01097582
v -0.01595687 0.01174481 0.02095698
v 0.01940483 0.02197052 -0.01055715
v -0.02654876 0.01563811 -0.00642057
v -0.02661806 0.01556510 -0.00618423
v 0.02055209 0.02157004 -0.00787864
v -0.02695371 0.01523801 -0.00472933
v 0.01187576 0.01533756 0.02060834
v 0.02074157 0.02143707 -0.00747760
v -0.01099987 0.01208369 0.02323191
v -0.02144655 0.01217820 0.01646076
v 0.02169621 0.01916648 0.00603729
v 0.01695703 0.01676702 0.01623519
v 0.01716692 0.01692007 0.01587871
v -0.00779932 0.01229694 0.02409101
v -0.00111230 0.01302824 0.02454676
v 0.01174926 0.02288702 -0.01929737
v 0.01216247 0.02288008 -0.01903842
v -0.02600207 0.01624803 -0.00808770
v 0.02002463 0.02175082 -0.00925907
v 0.01318609 0.02272378 -0.01838553
v 0.00368657 0.01380003 0.02409936
v 0.01348148 0.02286428 -0.01802184
v -0.02691076 0.01530614 -0.00489149
v 0.01554866 0.02280514 -0.01575399
v -0.00855105 0.01237725 0.02386910
v -0.00743658 0.01247263 0.02409436
v 0.02144429 0.01928059 0.00662623
v -0.00608339 0.01275768 0.02421747
v 0.02130565 0.01903397 0.00744791
v -0.00970312 0.02080732 -0.02309505
v 0.00027607 0.01332134 0.02443321
v -0.02584461 0.01628344 -0.00862308
v 0.01956206 0.02199411 -0.01021062
v 0.00308592 0.01373069 0.02420862
v 0.01393941 0.02290606 -0.01757022
v 0.02156404 0.01987008 0.00437511
v -0.01270666 0.01213844 0.02246811
v 0.01794527 0.01753441 0.01443705
v 0.01861211 0.01777925 0.01334666
v 0.02149158 0.01934016 0.00630978
v 0.01406853 0.01635224 0.01883595
v -0.02556848 0.01666017 -0.00915101
v 0.00265881 0.01390172 0.02419371
v -0.00219988 0.02232196 -0.02364853
v -0.00132236 0.02206702 -0.02385306
v 0.01412664 0.02287255 -0.01741702
v 0.00525004 0.01416293 0.02363842
v 0.01534628 0.02284498 -0.01601357
v -0.02119709 0.01249255 0.01663812
v 0.01717073 0.01728111 0.01558392
v 0.01675525 0.01721797 0.01608282
v -0.00092074 0.01357130 0.02435633
v 0.01936399 0.02214805 -0.01031234
v 0.00378573 0.01416635 0.02394885
v 0.00419031 0.01430155 0.02382065
v 0.02016168 0.02209038 -0.00779932
v -0.02218357 0.01263162 0.01543658
v -0.02139927 0.01266131 0.01634023
v -0.02022786 0.01244269 0.01764043
v -0.00581292 0.01300068 0.02417098
v -0.01967040 0.01246629 0.01817341
v 0.01561400 0.01737433 0.01700679
v 0.02121674 0.01936515 0.00708370
v -0.00272057 0.02225520 -0.02363759
v 0.00292992 0.01412985 0.02408328
v -0.02195335 0.01295911 0.01558448
v -0.00991130 0.01294647 0.02329521
v -0.02724061 0.01531800 -0.00174204
v 0.01730394 0.01748430 0.01525631
v -0.00610189 0.01301315 0.02413246
v 0.00943771 0.02331256 -0.02018706
v -0.02493253 0.01700927 -0.01039387
v -0.00039282 0.01393280 0.02422113
v 0.00535126 0.01477978 0.02333427
v 0.01320079 0.02344771 -0.01774669
v 0.01357123 0.02321816 -0.01761820
v 0.01599207 0.01745059 0.01663198
v -0.01993918 0.01263938 0.01785316
v -0.02506659 0.01713635 -0.01001193
v -0.00160739 0.02268265 -0.02349199
v -0.00087012 0.02251940 -0.02361554
v 0.00668878 0.01501352 0.02282569
v 0.02029122 0.02219361 -0.00683499
v -0.02236072 0.01279134 0.01517141
v 0.01402124 0.02311212 -0.01728382
v 0.00428265 0.01459587 0.02367747
v -0.01158005 0.01295610 0.02269616
v 0.01469720 0.02338001 -0.01623206
v -0.00918009 0.01300864 0.02348803
v -0.01928976 0.01270202 0.01842625
v 0.01217810 0.02335841 -0.01863023
v 0.02014098 0.02227121 -0.00728490
v 0.00366612 0.01462882 0.02378858
v 0.02024048 0.02231850 -0.00645994
v 0.01499559 0.02354852 -0.01559889
v 0.01563902 0.02322960 -0.01504002
v -0.00916819 0.02179983 -0.02271639
v -0.00869768 0.02188078 -0.02279575
v -0.00293456 0.01392206 0.02412885
v -0.00260822 0.01383160 0.02418529
v 0.00894257 0.02354193 -0.02024116
v 0.00061984 0.02312484 -0.02322386
v 0.00227437 0.01474156 0.02391442
v 0.00262477 0.01473650 0.02388640
v 0.01194616 0.02347853 -0.01869001
v -0.01058190 0.01361739 0.02283013
v -0.01022874 0.01355061 0.02297696
v -0.00966189 0.01351632 0.02316302
v 0.01606278 0.01786685 0.01627146
v -0.00264819 0.01411414 0.02408251
v 0.00776431 0.02363957 -0.02069930
v -0.02530503 0.01738828 -0.00926405
v -0.01667793 0.01331577 0.02004250
v 0.01210045 0.02356336 -0.01850228
v 0.01203749 0.01659450 0.01995428
v 0.00417505 0.01533105 0.02338960
v 0.01417874 0.02376972 -0.01639308
v 0.01284730 0.01704406 0.01928751
v -0.00588422 0.02252846 -0.02300495
v -0.01810434 0.01338310 0.01910637
v 0.00103524 0.02333479 -0.02302548
v 0.01289774 0.02391492 -0.01754334
v 0.01343605 0.02363659 -0.01733049
v 0.01451596 0.02376009 -0.01599676
v -0.02101725 0.01335079 0.01649178
v -0.02633906 0.01448692 0.00746931
v 0.01562825 0.02365063 -0.01443062
v -0.00293965 0.01415215 0.02404071
v -0.01917381 0.01354515 0.01819278
v -0.02534618 0.01755466 -0.00896821
v -0.00397044 0.02279980 -0.02315700
v -0.00887531 0.02198137 -0.02269744
v -0.02460851 0.01813807 -0.01033367
v -0.01362781 0.01334513 0.02166983
v -0.01336569 0.01350677 0.02173468
v 0.00617783 0.01554893 0.02274285
v -0.02135817 0.01368334 0.01598983
v 0.01543646 0.02367203 -0.01470878
v -0.01983259 0.01353537 0.01763614
v -0.01967413 0.01362221 0.01774552
v -0.00293086 0.02307314 -0.02314579
v 0.00429147 0.01554976 0.02326380
v 0.01321788 0.02382272 -0.01735182
v 0.00238467 0.01496164 0.02381628
v 0.01301563 0.01725702 0.01907518
v -0.00498161 0.02315835 -0.02278817
v 0.01655755 0.01850313 0.01519817
v -0.01821829 0.01347993 0.01898124
v 0.00973380 0.02408500 -0.01942362
v 0.01104930 0.02404435 -0.01875028
v 0.01041564 0.01676247 0.02061461
v -0.01377605 0.01347861 0.02155281
v 0.01187054 0.01666764 0.02000893
v 0.01414110 0.02414791 -0.01598109
v -0.00831310 0.02248146 -0.02253971
v 0.01305866 0.01765457 0.01881843
v -0.00763034 0.02266907 -0.02258407
v -0.01984340 0.01372218 0.01755046
v -0.02629713 0.01479752 0.00738062
v -0.02614887 0.01465704 0.00799619
v -0.02619925 0.01481768 0.00776652
v 0.00908035 0.02412199 -0.01971840
v 0.00015897 0.02363965 -0.02294074
v -0.02685534 0.01663710 -0.00259684
v 0.01438070 0.02412229 -0.01570560
v 0.01281084 0.01749946 0.01907661
v 0.00830244 0.01665968 0.02153337
v 0.00845286 0.01664142 0.02149046
v 0.01701171 0.01892818 0.01420526
v 0.00971847 0.01669360 0.02095118
v 0.01288969 0.02444543 -0.01701602
v 0.01219871 0.01723192 0.01956397
v 0.00335584 0.01569725 0.02339202
v 0.01233458 0.01753748 0.01932115
v 0.01592267 0.01864166 0.01574901
v -0.02553561 0.01466639 0.00955858
v 0.00926536 0.02440853 -0.01939000
v 0.00986959 0.02436632 -0.01911967
v 0.01831839 0.02348223 -0.00978030
v -0.00013777 0.02376949 -0.02288326
v 0.00398196 0.01586726 0.02318666
v 0.00927745 0.01672019 0.02112720
v 0.01314581 0.02434354 -0.01687378
v -0.01128997 0.01416724 0.02235010
v 0.00354786 0.01581265 0.02331409
v 0.01338931 0.01794030 0.01840128
v -0.00500485 0.01467975 0.02361524
v 0.01684360 0.01913138 0.01421150
v -0.00281228 0.02359353 -0.02284911
v -0.00245481 0.02365538 -0.02285776
v 0.01418791 0.01806172 0.01772303
v 0.01259166 0.02443669 -0.01726049
v 0.00331218 0.01585981 0.02332335
v -0.00834054 0.01445499 0.02314788
v -0.00814046 0.01439975 0.02321250
v 0.01556642 0.01872294 0.01603964
v 0.01702778 0.01948591 0.01361644
v 0.02041414 0.02215686 0.00001224
v 0.01026924 0.01717708 0.02047798
v 0.00906834 0.01690911 0.02111249
v -0.00608251 0.02326945 -0.02255220
v -0.02375546 0.01923737 -0.01132550
v -0.00500594 0.02341503 -0.02263181
v 0.00459899 0.01654139 0.02267706
v 0.01955355 0.02078948 0.00839405
v 0.01520517 0.01887502 0.01626228
v 0.01097924 0.01771128 0.01988844
v -0.01111716 0.01478483 0.02217312
v -0.00616340 0.02375738 -0.02221496
v -0.00230217 0.02389127 -0.02272535
v 0.01036045 0.02478456 -0.01850135
v 0.01099246 0.02473363 -0.01817030
v 0.01268612 0.02497626 -0.01658792
v 0.01304629 0.02477982 -0.01649634
v 0.01350773 0.02479544 -0.01594983
v 0.01402722 0.02438033 -0.01582813
v -0.01657596 0.01467682 0.01954816
v -0.01568823 0.01455505 0.02009885
v -0.01551762 0.01458874 0.02017967
v 0.00488354 0.01686671 0.02243463
v 0.00270210 0.01641403 0.02313650
v 0.01435524 0.02490763 -0.01458961
v -0.02529942 0.01550931 0.00964132
v -0.00105162 0.02432790 -0.02257222
v -0.02571482 0.01841993 -0.00667847
v -0.00065902 0.02437062 -0.02255089
v 0.01764155 0.02414503 -0.00987357
v -0.02643989 0.01780135 -0.00373290
v 0.01131418 0.01828652 0.01944544
v 0.00181198 0.01647133 0.02319154
v -0.02554495 0.01587804 0.00886196
v -0.00797806 0.01528369 0.02288363
v 0.01601793 0.02460776 -0.01224670
v -0.02517520 0.01892476 -0.00803814
v -0.02561367 0.01851401 -0.00696792
v 0.01042740 0.02494069 -0.01832012
v 0.01072578 0.02501700 -0.01806537
v -0.01346818 0.01509987 0.02103421
v 0.01931617 0.02371559 -0.00329500
v -0.00848442 0.01525825 0.02277896
v 0.01890562 0.02123056 0.00900666
v 0.01232120 0.01870199 0.01866264
v -0.02533422 0.01590534 0.00935865
v 0.01315098 0.02517556 -0.01591278
v -0.01098399 0.01551965 0.02191924
v -0.00352864 0.02421102 -0.02234905
v -0.00077295 0.02454541 -0.02243902
v -0.00100925 0.02464854 -0.02235883
v -0.02561164 0.01873755 -0.00668866
v -0.02589961 0.01845915 -0.00578745
v -0.02617190 0.01829069 -0.00457908
v 0.00283610 0.01667610 0.02298977
v 0.01080641 0.02531473 -0.01770204
v 0.01115789 0.02529844 -0.01747458
v 0.01887468 0.02410947 -0.00561002
v -0.02322301 0.02012191 -0.01175649
v -0.02412047 0.01968588 -0.01031698
v -0.02610388 0.01636874 0.00682154
v -0.02367105 0.02003414 -0.01097422
v -0.02592468 0.01627614 0.00758754
v 0.01306287 0.01911608 0.01790034
v 0.01582770 0.02484729 -0.01217486
v -0.02511652 0.01594914 0.00980086
v 0.01972687 0.02281945 0.00169729
v 0.01977078 0.02265104 0.00243662
v 0.01173005 0.02520805 -0.01713891
v 0.01291391 0.02522107 -0.01610626
v 0.01081323 0.01844903 0.01956974
v -0.01280930 0.01534951 0.02123624
v -0.00225738 0.02485039 -0.02207983
v 0.01956463 0.02322938 -0.00047374
v -0.00538508 0.01592142 0.02303708
v 0.00964458 0.02532816 -0.01840422
v -0.02641747 0.01810554 -0.00313595
v -0.01456021 0.01551352 0.02030539
v 0.01449483 0.01979270 0.01616400
v 0.01140577 0.02539269 -0.01719081
v 0.01292724 0.02553210 -0.01567467
v 0.01333190 0.02523799 -0.01559590
v 0.01366036 0.02526288 -0.01510741
v -0.02390048 0.02003003 -0.01053292
v -0.02408005 0.01999345 -0.01017346
v 0.01213417 0.01910683 0.01851909
v -0.01760691 0.01534106 0.01867061
v 0.01611342 0.02492834 -0.01144019
v -0.02416177 0.01595723 0.01135523
v 0.01956666 0.02291186 0.00232956
v -0.01336162 0.01539528 0.02096308
v 0.01276558 0.02550292 -0.01587095
v -0.01175018 0.01571579 0.02152944
v -0.01069406 0.01594634 0.02183291
v 0.01903550 0.02405856 -0.00348718
v -0.02572626 0.01671693 0.00783959
v -0.01903065 0.01567371 0.01745924
v -0.01733981 0.01548316 0.01877840
v 0.01291282 0.01930773 0.01787496
v 0.01641268 0.02084813 0.01300436
v 0.01079547 0.02561419 -0.01738857
v 0.01159509 0.02557947 -0.01683081
v -0.01280348 0.01552212 0.02116472
v 0.00458338 0.02537955 -0.02065965
v 0.01319881 0.02558682 -0.01526245
v 0.01857133 0.02457644 -0.00474547
v 0.01874487 0.02437582 -0.00462661
v -0.02420810 0.02014358 -0.00972424
v -0.01872751 0.01571800 0.01768964
v 0.01452443 0.02555283 -0.01321280
v 0.01311759 0.01961859 0.01747585
v 0.01859677 0.02181001 0.00870831
v 0.01238186 0.01932583 0.01821633
v -0.01746393 0.01563239 0.01864137
v -0.02523513 0.01649223 0.00927248
v -0.02622223 0.01857803 -0.00384387
v -0.02428057 0.01638334 0.01098878
v -0.01125833 0.01598393 0.02161497
v 0.01377313 0.02542305 -0.01466812
v -0.02013495 0.01606049 0.01624658
v 0.01788122 0.02184625 0.00989161
v 0.01849416 0.02238564 0.00798086
v 0.01133687 0.01914488 0.01892816
v -0.01818234 0.01570682 0.01812990
v -0.02493222 0.01650336 0.00984550
v 0.01173673 0.01927149 0.01866338
v 0.00474769 0.02553976 -0.02046595
v -0.01085675 0.01605117 0.02173174
v 0.01862513 0.02448042 -0.00186610
v -0.02389560 0.01642000 0.01150933
v 0.01672786 0.02530325 -0.00933868
v 0.00960973 0.02588182 -0.01791592
v 0.01100346 0.02586498 -0.01694705
v -0.01158947 0.01608676 0.02143294
v 0.01276657 0.02594015 -0.01521462
v 0.01857111 0.02460239 -0.00394710
v 0.01396640 0.02013570 0.01637074
v -0.01889686 0.01607612 0.01740910
v 0.01843138 0.02221284 0.00837534
v -0.01829381 0.01591671 0.01795912
v 0.01773289 0.02170483 0.01027761
v -0.02372436 0.01646080 0.01171958
v 0.01804386 0.02496358 -0.00676370
v 0.01319924 0.02583275 -0.01483214
v 0.01366529 0.02585904 -0.01409582
v 0.01847811 0.02470660 -0.00439863
v 0.01866812 0.02250482 0.00738087
v -0.02415902 0.02057157 -0.00948424
v 0.01208707 0.01982261 0.01807069
v -0.01567288 0.01628170 0.01940410
v 0.01633300 0.02122611 0.01271266
v 0.00995249 0.02595664 -0.01761335
v 0.00326926 0.02593374 -0.02069406
v -0.01392467 0.01619217 0.02033895
v 0.01091435 0.02613759 -0.01669211
v 0.01889486 0.02290016 0.00573675
v 0.01900543 0.02290120 0.00534590
v -0.00993043 0.01645988 0.02182991
v 0.01330510 0.02612340 -0.01416478
v 0.01428265 0.02585820 -0.01305272
v 0.01811423 0.02233581 0.00877044
v -0.01701510 0.01629220 0.01863547
v 0.01757004 0.02212685 0.01001637
v -0.02553524 0.01972344 -0.00569586
v -0.01418571 0.01627771 0.02017130
v -0.02612976 0.01924535 -0.00293471
v 0.01110876 0.02609096 -0.01658411
v 0.01786497 0.02511184 -0.00698761
v 0.01879605 0.02307981 0.00557083
v 0.01814981 0.02500618 -0.00551820
v -0.02006993 0.01635413 0.01617985
v -0.00008378 0.01790492 0.02264679
v -0.02548058 0.01976574 -0.00587817
v -0.02597659 0.01910143 -0.00432581
v 0.01791325 0.02515694 -0.00647997
v 0.01787579 0.02515886 -0.00678961
v -0.02574390 0.01750902 0.00721518
v 0.01843155 0.02287693 0.00722718
v 0.01767606 0.02252662 0.00926359
v 0.01164580 0.01982681 0.01833433
v 0.01654032 0.02559466 -0.00908545
v -0.02321582 0.01681827 0.01222327
v -0.01569042 0.01645181 0.01932434
v -0.01400431 0.01643781 0.02018751
v 0.01770236 0.02527558 -0.00697564
v -0.02057150 0.01672140 0.01548389
v 0.01803771 0.02520740 -0.00474069
v 0.01360548 0.02616453 -0.01360874
v 0.01431296 0.02127545 0.01505958
v 0.01520907 0.02592104 -0.01119366
v 0.01569625 0.02589682 -0.01025524
v 0.01580015 0.02593296 -0.00996441
v 0.01289674 0.02069013 0.01683267
v 0.01533053 0.02148026 0.01365040
v 0.01483609 0.02125094 0.01447678
v 0.01467964 0.02114713 0.01476432
v -0.02591324 0.01793497 0.00606773
v 0.01839077 0.02314301 0.00677864
v 0.01823552 0.02310597 0.00721347
v -0.02566758 0.01763819 0.00735346
v 0.01732090 0.02247576 0.00993412
v 0.01414747 0.02108161 0.01540836
v 0.01708683 0.02229730 0.01049671
v -0.02438653 0.01737817 0.01035775
v -0.02572560 0.01994680 -0.00429393
v 0.01859286 0.02418856 0.00147571
v -0.02320437 0.01701392 0.01214696
v -0.02616435 0.01939282 -0.00223063
v -0.02593918 0.01840932 0.00516586
v -0.02592715 0.01800372 0.00593418
v 0.01843004 0.02471005 -0.00177066
v 0.00094914 0.02645172 -0.02104678
v 0.01711942 0.02251950 0.01018515
v 0.01532329 0.02162051 0.01351347
v -0.02623181 0.01919340 -0.00127469
v 0.00633071 0.02660569 -0.01893466
v 0.01856770 0.02369120 0.00444386
v -0.01170162 0.01705796 0.02094315
v -0.02029385 0.01727470 0.01549536
v -0.00039558 0.01812169 0.02254647
v 0.01804626 0.02518626 -0.00329424
v 0.01676336 0.02244006 0.01076747
v 0.00543021 0.01921138 0.02108492
v -0.02430258 0.01758365 0.01040063
v 0.01449899 0.02670043 -0.01098433
v 0.00022550 0.01836207 0.02245013
v 0.01225922 0.02075527 0.01727473
v 0.01851368 0.02384922 0.00410345
v 0.01778182 0.02549260 -0.00492414
v 0.01789192 0.02538473 -0.00410686
v 0.00078336 0.02649066 -0.02105435
v 0.01290179 0.02095121 0.01661969
v -0.01197215 0.01718168 0.02077260
v -0.00501013 0.01779209 0.02230825
v 0.01741630 0.02573780 -0.00614647
v -0.01162684 0.01721917 0.02088952
v -0.02573783 0.01839292 0.00633256
v -0.02555606 0.01834279 0.00715739
v 0.01785469 0.02361563 0.00705671
v 0.00144603 0.02657341 -0.02080970
v 0.01343585 0.02666366 -0.01289483
v -0.01738674 0.01725910 0.01792111
v 0.01729312 0.02311471 0.00902315
v -0.02442649 0.01771506 0.01012866
v 0.01712614 0.02298854 0.00953253
v 0.01392670 0.02150901 0.01525607
v 0.01140267 0.02068422 0.01788229
v 0.01637434 0.02608553 -0.00819714
v -0.02599650 0.01854525 0.00443221
v 0.01714788 0.02593812 -0.00641493
v -0.00466056 0.01806977 0.02224862
v -0.00935070 0.01751419 0.02148815
v 0.01779432 0.02355181 0.00731163
v 0.01789095 0.02535179 -0.00314688
v 0.01390000 0.02185105 0.01495641
v 0.01820334 0.02482203 0.00013782
v 0.00615543 0.02684333 -0.01880834
v -0.00514172 0.01792939 0.02221749
v 0.01723270 0.02600099 -0.00537487
v 0.01711512 0.02606855 -0.00579510
v 0.01824176 0.02388421 0.00515759
v 0.01760314 0.02568108 -0.00485081
v 0.00077062 0.02664929 -0.02093444
v -0.01952503 0.01754918 0.01615363
v 0.01756051 0.02572825 -0.00405750
v 0.01767789 0.02557438 -0.00328737
v 0.00552435 0.02693387 -0.01900867
v 0.01415086 0.02194110 0.01458271
v 0.00616809 0.02715631 -0.01850566
v 0.01106054 0.02075436 0.01803029
v -0.02555740 0.01844178 0.00707108
v 0.01484292 0.02234181 0.01331329
v 0.01665567 0.02341184 0.00966599
v 0.01808740 0.02493800 0.00015100
v 0.01358302 0.02207310 0.01506042
v 0.01567920 0.02256731 0.01204190
v 0.01184678 0.02143769 0.01699220
v 0.01117921 0.02082718 0.01791717
v -0.00045258 0.02672383 -0.02094251
v -0.01971961 0.01761892 0.01592730
v -0.01934241 0.01774705 0.01621344
v -0.02389014 0.01844192 0.01055728
v 0.01459276 0.02695904 -0.01025342
v 0.01674678 0.02350510 0.00937285
v -0.01483358 0.01764791 0.01919574
v 0.01572153 0.02276269 0.01176186
v -0.00022259 0.02676265 -0.02091851
v 0.00246330 0.02718801 -0.01997166
v 0.00351711 0.02721769 -0.01957205
v 0.00579121 0.02730423 -0.01855568
v 0.00184251 0.01950002 0.02173294
v 0.01409399 0.02695652 -0.01119524
v -0.01457326 0.01775255 0.01928422
v -0.01320486 0.01776709 0.01997122
v 0.01643196 0.02643370 -0.00705934
v 0.01633665 0.02660311 -0.00676625
v -0.01187901 0.01814429 0.02033213
v 0.01691080 0.02632730 -0.00520703
v -0.02044207 0.01799267 0.01496506
v -0.01944257 0.01800811 0.01599670
v 0.01513363 0.02279218 0.01247136
v 0.01376434 0.02224873 0.01469768
v 0.01238733 0.02185379 0.01625367
v 0.01770377 0.02456007 0.00496797
v 0.01761809 0.02451663 0.00545189
v 0.00051536 0.01942821 0.02193808
v 0.00359038 0.02750505 -0.01930509
v -0.01977135 0.01823085 0.01555716
v 0.00169960 0.01949382 0.02176047
v -0.00140881 0.02696836 -0.02072130
v 0.01594580 0.02324176 0.01089132
v 0.01777490 0.02471347 0.00400496
v 0.01705705 0.02415377 0.00770941
v -0.02488941 0.01878323 0.00855984
v -0.01837588 0.01824084 0.01677110
v 0.01411211 0.02731832 -0.01043248
v -0.00169979 0.02708186 -0.02061493
v 0.01472660 0.02705172 -0.00976947
v 0.01745307 0.02553186 0.00040262
v 0.00015381 0.02732160 -0.02046726
v 0.01740795 0.02549583 0.00120087
v 0.01311400 0.02239732 0.01514567
v 0.01756761 0.02511616 0.00291717
v 0.01625693 0.02660267 -0.00703257
v 0.01760241 0.02500408 0.00336094
v 0.00809424 0.02100898 0.01923702
v 0.00857978 0.02112330 0.01901710
v 0.01718860 0.02453248 0.00662271
v 0.01320770 0.02257058 0.01489409
v 0.01414225 0.02269466 0.01376621
v 0.01608028 0.02371433 0.01005845
v 0.01764594 0.02478869 0.00435564
v -0.01163210 0.01846940 0.02026358
v 0.00764331 0.02091191 0.01943047
v -0.01927138 0.01840392 0.01594581
v -0.01910271 0.01830637 0.01613508
v 0.01669617 0.02652925 -0.00302825
v 0.01341131 0.02273271 0.01450553
v 0.01629119 0.02393628 0.00943386
v 0.01726915 0.02522218 0.00407938
v 0.01732464 0.02487176 0.00536525
v 0.01732109 0.02475733 0.00574101
v -0.01845210 0.01843060 0.01660603
v -0.02466943 0.01906053 0.00890952
v -0.00015181 0.02750553 -0.02035114
v -0.02451292 0.01917546 0.00913376
v 0.01383933 0.02281584 0.01396841
v 0.00413588 0.02765148 -0.01894677
v -0.01462576 0.01874002 0.01875455
v 0.01106167 0.02222089 0.01686266
v 0.01682032 0.02446808 0.00757537
v -0.01684799 0.01886092 0.01748540
v 0.01367226 0.02757147 -0.01063354
v 0.01442268 0.02740323 -0.00959161
v 0.00481902 0.02775615 -0.01855978
v 0.00491806 0.02801503 -0.01826932
v 0.01717146 0.02552281 0.00269885
v 0.00229731 0.02024637 0.02124038
v 0.01700816 0.02496213 0.00609268
v -0.00177066 0.01996176 0.02172675
v 0.01690518 0.02462565 0.00710828
v -0.01474238 0.02585103 -0.01832675
v 0.00020632 0.02038395 0.02152163
v 0.00004045 0.02774844 -0.02014682
v -0.01708516 0.01880053 0.01737907
v 0.00870173 0.02148115 0.01877458
v 0.00894177 0.02156978 0.01860543
v -0.02364329 0.01924895 0.01049493
v 0.01196978 0.02254629 0.01593972
v 0.00294026 0.02795624 -0.01915273
v 0.00365859 0.02786404 -0.01895241
v 0.01049315 0.02196968 0.01744658
v 0.01711825 0.02544434 0.00359217
v 0.01708812 0.02524556 0.00486225
v -0.01569668 0.02557636 -0.01788253
v 0.00205600 0.02029745 0.02126574
v -0.02550230 0.02016457 0.00516656
v -0.00110940 0.01998332 0.02174738
v -0.00071300 0.02017047 0.02168157
v 0.01659889 0.02658998 -0.00257533
v 0.00081911 0.02783777 -0.01998403
v 0.01401359 0.02755159 -0.01010334
v 0.01199275 0.02276605 0.01571046
v 0.01068026 0.02237758 0.01697901
v -0.00239961 0.02006045 0.02162240
v 0.01706483 0.02515780 0.00534851
v -0.01347661 0.02620897 -0.01880491
v 0.01649215 0.02502162 0.00713014
v 0.01651050 0.02479850 0.00754776
v 0.01635402 0.02461163 0.00817263
v 0.00030854 0.02788852 -0.02001422
v 0.01424925 0.02743032 -0.00994398
v 0.00871687 0.02169788 0.01862199
v -0.02333109 0.01959283 0.01076432
v 0.01504301 0.02406253 0.01102465
v 0.01485478 0.02387912 0.01147788
v -0.02545056 0.02039412 0.00512884
v -0.02542134 0.02031138 0.00536655
v 0.01687685 0.02539657 0.00511992
v -0.00830243 0.01942425 0.02075976
v -0.01881615 0.02519702 -0.01543646
v 0.00053889 0.02053182 0.02138820
v -0.00619634 0.01968205 0.02114414
v -0.02371487 0.01967501 0.01016149
v 0.01637273 0.02575081 0.00551810
v -0.02490668 0.02029474 0.00719852
v -0.00095256 0.02030526 0.02161735
v 0.01613578 0.02481814 0.00819901
v -0.01767559 0.01923190 0.01673846
v 0.01524975 0.02432162 0.01039144
v 0.00274562 0.02816066 -0.01902708
v -0.00637838 0.01968596 0.02110331
v 0.01471773 0.02446792 0.01090464
v 0.01163170 0.02290626 0.01584638
v 0.01532354 0.02745113 -0.00700435
v 0.01673395 0.02558740 0.00484699
v -0.02553593 0.02056530 0.00418391
v 0.00992370 0.02254843 0.01730668
v 0.01176001 0.02308308 0.01557958
v -0.02547746 0.02066416 0.00443978
v -0.01325609 0.02642687 -0.01878164
v -0.01440837 0.02624941 -0.01833342
v 0.01619213 0.02522141 0.00733337
v 0.00007792 0.02827377 -0.01972065
v -0.00061004 0.02050610 0.02151375
v -0.00890010 0.01975690 0.02042803
v 0.00020096 0.02123533 0.02105736
v -0.01404049 0.02647665 -0.01841014
v 0.01645610 0.02577265 0.00511055
v -0.02535216 0.02071859 0.00513900
v -0.00178226 0.02811847 -0.01986575
v 0.01627097 0.02560920 0.00621460
v -0.00215811 0.02055160 0.02142921
v -0.00250031 0.02054249 0.02139687
v -0.00103572 0.02068392 0.02141585
v 0.01519199 0.02495801 0.00954817
v -0.01650300 0.02596843 -0.01714966
v 0.01208337 0.02384829 0.01451235
v 0.00540447 0.02868512 -0.01733625
v 0.00855232 0.02255697 0.01804088
v -0.02025977 0.01981173 0.01419356
v -0.02531464 0.02072688 0.00530155
v -0.01364123 0.02671279 -0.01846626
v -0.01940251 0.01969338 0.01511411
v -0.00299854 0.02058575 0.02131898
v 0.00520697 0.02205891 0.01947707
v 0.00537848 0.02214085 0.01938422
v 0.01577108 0.02548282 0.00754285
v -0.02386281 0.02020433 0.00963027
v -0.00884318 0.01998770 0.02031376
v 0.01308410 0.02402374 0.01332274
v -0.02315942 0.02010811 0.01073290
v 0.01056167 0.02330385 0.01624487
v 0.00832274 0.02267082 0.01805279
v 0.00871589 0.02268254 0.01787340
v 0.01572173 0.02748599 -0.00348217
v -0.00592117 0.02065948 0.02068914
v 0.01603638 0.02559830 0.00677117
v 0.01579365 0.02567990 0.00708834
v 0.01548703 0.02551673 0.00796223
v 0.00042517 0.02123081 0.02102810
v -0.02384354 0.02041090 0.00952605
v -0.02373286 0.02035895 0.00975878
v 0.01454449 0.02464792 0.01084952
v 0.01426018 0.02822107 -0.00765116
v -0.02299854 0.02010068 0.01094455
v -0.01213330 0.02699574 -0.01890120
v -0.01398398 0.02691449 -0.01820804
v -0.01154676 0.02734003 -0.01885142
v 0.00379944 0.02188816 0.01992936
v 0.01508139 0.02514693 0.00939014
v 0.00082078 0.02147098 0.02080401
v -0.01782491 0.02574976 -0.01613990
v 0.01410283 0.02807679 -0.00847653
v 0.01016479 0.02322152 0.01659249
v 0.00928056 0.02313948 0.01719094
v 0.00839566 0.02279980 0.01792134
v 0.01571484 0.02617614 0.00590185
v -0.01797573 0.02592878 -0.01590193
v -0.02465027 0.02116479 0.00710561
v -0.00225410 0.02098937 0.02120022
v -0.00172394 0.02102309 0.02121167
v -0.01217326 0.02018348 0.01917575
v -0.01961886 0.02549677 -0.01434541
v -0.01643740 0.02645354 -0.01695306
v -0.02001905 0.02010248 0.01428652
v 0.00943674 0.02323357 0.01702463
v 0.00513261 0.02235299 0.01930420
v 0.01482658 0.02523738 0.00961004
v -0.01126840 0.02744611 -0.01883597
v -0.01260759 0.02020645 0.01898815
v -0.01218048 0.02719666 -0.01876218
v -0.01198874 0.02727556 -0.01877400
v 0.01023866 0.02390717 0.01591473
v 0.01545181 0.02627433 0.00627264
v 0.00183810 0.02183448 0.02037796
v 0.00033257 0.02166819 0.02077885
v 0.00383237 0.02225259 0.01967140
v -0.01082591 0.02067255 0.01937023
v -0.01498076 0.02696632 -0.01763978
v 0.01489776 0.02827356 -0.00379817
v -0.02457840 0.02115301 0.00732347
v 0.00669814 0.02296466 0.01841876
v 0.01558178 0.02642880 0.00543620
v 0.01479437 0.02835669 -0.00446582
v -0.01003358 0.02111026 0.01934727
v -0.01981540 0.02576617 -0.01393456
v -0.02054088 0.02557774 -0.01301177
v -0.00035868 0.02173489 0.02084632
v -0.01134336 0.02762740 -0.01869994
v 0.01372243 0.02527675 0.01090632
v -0.01363857 0.02711840 -0.01824434
v -0.01384934 0.02722729 -0.01809997
v 0.00978149 0.02397835 0.01616406
v -0.01773378 0.02650856 -0.01584366
v -0.02306679 0.02116883 0.01030308
v -0.01081316 0.02786598 -0.01864438
v -0.01366598 0.02740405 -0.01806554
v -0.01617039 0.02689320 -0.01693732
v -0.01573496 0.02705248 -0.01713914
v -0.01467603 0.02721335 -0.01766178
v 0.00632932 0.02316044 0.01840013
v 0.00671249 0.02357304 0.01798260
v 0.00694611 0.02358958 0.01788323
v 0.01516686 0.02638404 0.00663593
v 0.00109168 0.02224849 0.02026387
v 0.00284681 0.02241219 0.01978682
v -0.02228576 0.02109468 0.01123215
v -0.01511064 0.02718359 -0.01744325
v -0.02075943 0.02562559 -0.01263177
v 0.01492307 0.02665548 0.00641888
v 0.01477752 0.02625763 0.00768290
v -0.00309550 0.02202036 0.02055857
v -0.02310176 0.02125382 0.01020608
v 0.00996894 0.02415525 0.01587169
v 0.01358315 0.02881893 -0.00764601
v -0.02515436 0.02293321 0.00117421
v -0.01732518 0.02694750 -0.01599694
v -0.00181885 0.02213300 0.02061168
v 0.00638200 0.02368688 0.01799434
v 0.01449304 0.02669567 0.00723356
v -0.02422327 0.02175740 0.00767427
v -0.01610528 0.02738878 -0.01668359
v -0.01649287 0.02730727 -0.01645464
v -0.01547515 0.02736853 -0.01711411
v -0.01505347 0.02759683 -0.01723328
v -0.01153723 0.02834947 -0.01816770
v 0.00979600 0.02483924 0.01531096
v 0.00766891 0.02391534 0.01732240
v 0.01428789 0.02674115 0.00750118
v 0.01367252 0.02631777 0.00925783
v 0.00832473 0.02423017 0.01678328
v -0.00286967 0.02214025 0.02053120
v -0.01860851 0.02132429 0.01489943
v 0.01406708 0.02665889 0.00805333
v -0.02413382 0.02193255 0.00773301
v 0.01162068 0.02555097 0.01281672
v 0.01044322 0.02511297 0.01444113
v 0.00966540 0.02481447 0.01543282
v -0.00158872 0.02275754 0.02025467
v -0.01596205 0.02767905 -0.01660614
v 0.00746756 0.02409574 0.01725259
v -0.02354009 0.02208647 0.00886562
v 0.01276983 0.02627190 0.01050206
v 0.01268956 0.02598620 0.01104703
v -0.00295226 0.02257539 0.02026336
v -0.01522265 0.02786754 -0.01697374
v -0.00228492 0.02295362 0.02011583
v 0.00821267 0.02443977 0.01666479
v 0.01330238 0.02631595 0.00977398
v -0.02309407 0.02202011 0.00974018
v -0.01685059 0.02732253 -0.01615250
v 0.01217527 0.02585115 0.01185269
v 0.01139129 0.02559629 0.01297293
v -0.01478870 0.02810007 -0.01707015
v -0.01914865 0.02707682 -0.01405059
v 0.01361161 0.02666613 0.00869837
v -0.02297186 0.02216509 0.00984760
v -0.01790722 0.02744811 -0.01514485
v -0.01557734 0.02801600 -0.01665154
v -0.00263206 0.02296161 0.02008019
v 0.00848493 0.02476215 0.01626060
v -0.01748599 0.02754393 -0.01548131
v 0.01202131 0.02604139 0.01175114
v -0.01526783 0.02823540 -0.01671752
v -0.02336410 0.02231814 0.00903195
v 0.00859553 0.02523716 0.01575511
v 0.00531089 0.02417947 0.01792686
v -0.01374993 0.02851016 -0.01732597
v -0.01239079 0.02879631 -0.01763717
v -0.01857097 0.02734849 -0.01455585
v 0.01004384 0.02566407 0.01411993
v 0.00887674 0.02532256 0.01549980
v -0.01642207 0.02795693 -0.01610834
v 0.01337296 0.02970885 -0.00426172
v -0.01483440 0.02856855 -0.01675037
v -0.01909615 0.02735269 -0.01394378
v -0.00029336 0.02348003 0.01974116
v -0.01673428 0.02802760 -0.01580253
v -0.01738816 0.02784753 -0.01536635
v -0.01784990 0.02773122 -0.01503573
v -0.01533364 0.02841710 -0.01655397
v -0.01432376 0.02855778 -0.01701451
v -0.01862642 0.02755975 -0.01435097
v 0.01030313 0.02595715 0.01350435
v 0.00895784 0.02544504 0.01531095
v -0.00175353 0.02354330 0.01980206
v 0.00864427 0.02553539 0.01542350
v -0.00049787 0.02368985 0.01963634
v -0.01817015 0.02787453 -0.01462852
v -0.00323519 0.02347492 0.01969081
v 0.00547982 0.02479283 0.01738748
v -0.00214293 0.02359407 0.01973972
v 0.00876929 0.02568914 0.01517522
v 0.00895548 0.02595845 0.01469520
v -0.01985990 0.02747043 -0.01286771
v 0.00564059 0.02495898 0.01720728
v -0.02098453 0.02715090 -0.01133993
v -0.02359441 0.02333995 0.00772338
v -0.00132379 0.02388289 0.01959841
v -0.01312941 0.02931713 -0.01707052
v -0.00166098 0.02421501 0.01939773
v -0.01649642 0.02876649 -0.01550241
v -0.00130916 0.02404690 0.01948923
v 0.00889145 0.02657459 0.01398187
v 0.00579375 0.02562351 0.01662350
v 0.00605327 0.02559210 0.01656383
v -0.01445218 0.02927856 -0.01646488
v -0.02186856 0.02342022 0.01042291
v 0.00568913 0.03156129 -0.01407594
v 0.00588420 0.02572310 0.01651363
v -0.01573759 0.02915744 -0.01577053
v 0.00885701 0.02672622 0.01381880
v 0.01240438 0.03057570 -0.00494244
v 0.01251951 0.03049949 -0.00466941
v 0.00641863 0.02615599 0.01594173
v -0.01621178 0.02913709 -0.01546101
v -0.00052989 0.02481957 0.01884845
v 0.00620830 0.03154625 -0.01369476
v -0.00439059 0.02436982 0.01898771
v -0.02171490 0.02429290 0.01008252
v -0.02038074 0.02820213 -0.01161725
v -0.00029099 0.02541286 0.01837860
v 0.01165615 0.03105712 -0.00563443
v 0.01217030 0.03084940 -0.00399894
v 0.00651000 0.02670109 0.01538843
v 0.00624895 0.02667915 0.01553577
v -0.00439994 0.02453636 0.01889352
v -0.02222400 0.02422048 0.00940460
v -0.02378132 0.02484211 0.00597258
v -0.00236610 0.02508850 0.01881187
v 0.00608772 0.03196560 -0.01323752
v 0.00642578 0.03199377 -0.01288527
v 0.01185258 0.03114236 -0.00376533
v -0.02015145 0.02852898 -0.01173809
v 0.00677470 0.02699971 0.01493628
v -0.01353717 0.03018148 -0.01631016
v 0.00004549 0.02559152 0.01818516
v -0.01950586 0.02913684 -0.01222080
v 0.01206750 0.03084767 -0.00211246
v 0.01236153 0.03032164 0.00018513
v -0.02141270 0.02459183 0.01028262
v 0.00599043 0.03245584 -0.01263360
v 0.00530908 0.03228265 -0.01340755
v -0.02077984 0.02463487 0.01098234
v -0.01334677 0.03036139 -0.01626604
v 0.01170356 0.03127715 -0.00409032
v 0.01168831 0.03129025 -0.00347726
v -0.02379863 0.02703239 -0.00261179
v -0.02367784 0.02474879 0.00633062
v 0.01200244 0.03084975 -0.00153731
v -0.02141261 0.02485465 0.01008508
v 0.01116473 0.03156316 -0.00535287
v -0.02021834 0.02475166 0.01155478
v 0.00641884 0.03243375 -0.01224556
v 0.00664976 0.03229913 -0.01221569
v -0.00017016 0.02585801 0.01803494
v 0.00003308 0.02594940 0.01792936
v 0.01182029 0.03102769 -0.00167363
v 0.01072798 0.03170738 -0.00607089
v 0.00495663 0.03246517 -0.01341228
v -0.01874736 0.02466756 0.01290977
v -0.02389058 0.02690217 -0.00227405
v -0.02429392 0.02613729 0.00173028
v -0.02194281 0.02829233 -0.00833931
v 0.00585041 0.03237753 -0.01287346
v 0.01110382 0.03169619 -0.00496690
v 0.01122257 0.03166504 -0.00447980
v 0.00669984 0.03243458 -0.01194911
v 0.00710366 0.03238480 -0.01149519
v -0.02005752 0.02487114 0.01163389
v 0.00744448 0.03237979 -0.01094926
v 0.00482409 0.03269889 -0.01319632
v 0.01035872 0.03202477 -0.00598781
v 0.01052875 0.03201152 -0.00566556
v 0.01092660 0.03176063 -0.00536817
v -0.02077264 0.02497382 0.01078925
v 0.00664999 0.03261172 -0.01167893
v 0.01134869 0.03160658 -0.00352006
v 0.01132396 0.03158697 -0.00287988
v 0.00763960 0.03260951 -0.01007814
v -0.02018227 0.02494036 0.01148005
v 0.00624771 0.03281518 -0.01180611
v 0.01114670 0.03177149 -0.00392331
v -0.02371504 0.02619115 0.00485767
v 0.01155776 0.03092882 0.00092870
v 0.00575694 0.03281414 -0.01230093
v -0.02069664 0.02530479 0.01066083
v 0.01095732 0.03189666 -0.00449656
v -0.02050384 0.02529887 0.01088666
v 0.00684218 0.03276351 -0.01111230
v 0.00725160 0.03270221 -0.01056694
v 0.01135886 0.03121550 0.00035794
v -0.02247909 0.02840313 -0.00647568
v -0.02389761 0.02623461 0.00418749
v 0.01090942 0.03197366 -0.00335857
v 0.01114028 0.03143714 0.00012179
v 0.00527947 0.03287302 -0.01261857
v 0.01079372 0.03193952 -0.00503309
v -0.02402956 0.02660417 0.00299517
v 0.01055128 0.03217583 -0.00474986
v 0.01028785 0.03221952 -0.00550390
v 0.00581490 0.03305655 -0.01181344
v 0.01063773 0.03217217 -0.00417967
v 0.01075197 0.03208537 -0.00273778
v -0.01578932 0.03074704 -0.01455819
v -0.02402965 0.02669688 0.00281678
v 0.01028344 0.03242713 -0.00439451
v -0.02374318 0.02648450 0.00443700
v 0.00646919 0.03304517 -0.01100885
v -0.01885487 0.03023502 -0.01225298
v -0.02200884 0.02897658 -0.00758754
v 0.00541967 0.03305723 -0.01221797
v -0.02343053 0.02673419 0.00508031
v 0.00734033 0.03299099 -0.00972111
v -0.01872717 0.03035317 -0.01231670
v 0.00498405 0.03305140 -0.01259063
v -0.02385781 0.02692323 0.00332367
v -0.02324658 0.02639845 0.00577288
v -0.01993709 0.03032875 -0.01082851
v -0.02389030 0.02704050 0.00297336
v -0.02358795 0.02660429 0.00483362
v 0.00686463 0.03298109 -0.01057798
v 0.00032427 0.03332011 -0.01490876
v 0.00703980 0.03316776 -0.00980660
v 0.01053751 0.03226571 -0.00275145
v -0.01186841 0.03217290 -0.01549726
v 0.00534921 0.03355536 -0.01133334
v -0.00381193 0.02684184 0.01759457
v -0.01209709 0.03208207 -0.01550201
v -0.02384196 0.02750656 0.00243951
v -0.00329363 0.02702608 0.01752275
v -0.01829338 0.02607025 0.01250897
v 0.00136172 0.03342799 -0.01433752
v -0.01365950 0.03180041 -0.01512793
v -0.00390331 0.02696459 0.01750870
v -0.00820664 0.02701231 0.01652932
v -0.02372671 0.02749793 0.00300574
v -0.00271165 0.02742161 0.01726477
v 0.00598254 0.03359832 -0.01046150
v -0.00028349 0.03367240 -0.01481452
v 0.00669624 0.03331299 -0.01004709
v -0.02383451 0.02801604 0.00031446
v -0.02089681 0.03038145 -0.00907345
v -0.02387268 0.02759174 0.00207687
v -0.02382556 0.02806491 0.00052298
v -0.02385047 0.02778242 0.00174722
v -0.01970970 0.03066269 -0.01091668
v 0.00188724 0.03399141 -0.01350627
v -0.01199742 0.03234461 -0.01534054
v -0.00353078 0.02756620 0.01716372
v 0.00575656 0.03371781 -0.01049988
v 0.01006021 0.03249796 -0.00077761
v 0.00504162 0.03367414 -0.01142976
v -0.02377832 0.02807285 0.00150400
v -0.00374069 0.02767658 0.01707643
v -0.01999817 0.03065912 -0.01051935
v 0.00217994 0.03395823 -0.01336713
v 0.00602105 0.03393461 -0.00966364
v -0.00325276 0.02781491 0.01700708
v -0.00298497 0.02785025 0.01698185
v 0.00634558 0.03387704 -0.00924232
v 0.00965181 0.03281772 -0.00047598
v -0.00247014 0.03406663 -0.01502231
v -0.02360898 0.02862231 -0.00040144
v -0.02366522 0.02853775 0.00083947
v -0.02360680 0.02842236 0.00188435
v -0.00204871 0.02817566 0.01671072
v -0.02224954 0.02761118 0.00651544
v -0.02210463 0.02767829 0.00669992
v -0.01152275 0.03272614 -0.01516081
v -0.01446412 0.03232377 -0.01434273
v -0.02338705 0.02810688 0.00357104
v -0.01408039 0.03241052 -0.01448224
v -0.01344906 0.03271194 -0.01458767
v -0.00132437 0.03415809 -0.01469832
v -0.00226806 0.02812948 0.01676239
v -0.00159724 0.02820757 0.01661778
v -0.02365616 0.02846035 0.00138689
v -0.01314020 0.03276547 -0.01466998
v 0.00172928 0.03435836 -0.01311560
v -0.02349333 0.02827978 0.00281366
v -0.02360178 0.02874973 -0.00012562
v -0.02314459 0.02820611 0.00417312
v -0.02298216 0.02789806 0.00488157
v 0.00605588 0.03402968 -0.00935827
v -0.02221055 0.02773995 0.00645400
v 0.00210741 0.03425182 -0.01300478
v 0.00942228 0.03286110 0.00059690
v 0.00737758 0.03108303 0.00923929
v -0.00469546 0.02811635 0.01666566
v -0.02342911 0.02830402 0.00307641
v -0.02353285 0.02894964 0.00007606
v 0.00524632 0.03423187 -0.00993838
v -0.02048057 0.03101842 -0.00938879
v -0.02005995 0.03128627 -0.00992607
v 0.00555864 0.03429261 -0.00939416
v 0.00630545 0.03398902 -0.00898510
v -0.00156428 0.02845209 0.01643098
v -0.01296329 0.03287800 -0.01464622
v 0.00932817 0.03289631 0.00085273
v 0.00485485 0.03435344 -0.01013850
v -0.02322235 0.02837578 0.00370054
v -0.01982468 0.03131377 -0.01030357
v -0.00186208 0.03425857 -0.01472477
v -0.00126543 0.03433980 -0.01450895
v -0.01965466 0.03144795 -0.01041451
v -0.02348996 0.02864216 0.00218181
v -0.01792581 0.02761905 0.01192261
v -0.01711378 0.02770001 0.01261760
v 0.00198271 0.03451807 -0.01265600
v -0.00733121 0.02822457 0.01608801
v -0.02342983 0.02918309 -0.00042269
v -0.02354892 0.02885011 0.00110922
v -0.01320649 0.03307559 -0.01442354
v -0.02301878 0.02835421 0.00428890
v -0.02331404 0.02868923 0.00291569
v 0.00602105 0.03432318 -0.00856216
v 0.00614447 0.03423959 -0.00855647
v -0.00395407 0.02880332 0.01632585
v 0.00285633 0.03455121 -0.01186085
v 0.00637022 0.03083027 0.01070740
v 0.00438505 0.03447987 -0.01041759
v -0.01998762 0.03148657 -0.00988382
v -0.01986069 0.03154379 -0.01006168
v -0.01969902 0.03180344 -0.01006152
v -0.02305030 0.02864377 0.00382338
v 0.00546731 0.03059754 0.01177563
v -0.00139703 0.03471174 -0.01415001
v -0.02342894 0.02890069 0.00195100
v -0.00086344 0.03454591 -0.01413849
v -0.01119895 0.03367359 -0.01452185
v -0.01693876 0.02775381 0.01272585
v 0.00921413 0.03303834 0.00060694
v -0.01554258 0.02772604 0.01364941
v -0.01369554 0.03315044 -0.01416140
v -0.02340131 0.02927829 0.00018161
v 0.00532957 0.03456848 -0.00897543
v -0.02091957 0.03117567 -0.00827474
v -0.01791505 0.02785455 0.01178749
v -0.01729491 0.02772283 0.01243886
v 0.00487315 0.03046736 0.01232722
v 0.00899478 0.03316459 0.00085342
v 0.00283380 0.03473479 -0.01155925
v 0.00891193 0.03311852 0.00133619
v -0.01422691 0.03327780 -0.01379619
v 0.00890390 0.03297494 0.00190107
v 0.00342533 0.03470773 -0.01097516
v -0.01429516 0.02790964 0.01414154
v -0.01399779 0.02803628 0.01419446
v -0.02327068 0.02955615 -0.00060919
v -0.01257016 0.02838591 0.01452529
v 0.00465924 0.03454756 -0.00992641
v -0.00116795 0.03475518 -0.01402588
v -0.00082845 0.03489099 -0.01371422
v 0.00550714 0.03078158 0.01152159
v -0.00700394 0.03429966 -0.01489147
v -0.02247451 0.03032560 -0.00375039
v -0.01412682 0.03337255 -0.01377952
v 0.00789850 0.03412847 -0.00457850
v -0.01345465 0.03337013 -0.01410742
v -0.01851710 0.03227079 -0.01112429
v 0.00481349 0.03082968 0.01196289
v -0.00355456 0.02899742 0.01620312
v -0.02326909 0.02923970 0.00211848
v -0.02324298 0.02923635 0.00230330
v -0.01679725 0.02823696 0.01255484
v -0.01624342 0.02810543 0.01304614
v 0.00664897 0.03166401 0.00917942
v 0.00856258 0.03329220 0.00177750
v -0.00255520 0.03478332 -0.01436267
v -0.00231939 0.03479884 -0.01429819
v -0.01323116 0.03362842 -0.01396761
v -0.02331490 0.02951553 -0.00028771
v -0.00665855 0.03466000 -0.01467237
v 0.00838778 0.03402773 -0.00193410
v -0.01638428 0.02814303 0.01292214
v 0.00699351 0.03189929 0.00830193
v -0.02275917 0.03035544 -0.00223489
v -0.00474465 0.03470882 -0.01474916
v 0.00645829 0.03157453 0.00957961
v 0.00829962 0.03356826 0.00149409
v -0.00157840 0.03496319 -0.01393303
v 0.00622061 0.03162721 0.00975359
v -0.01809084 0.02847017 0.01118478
v -0.01601325 0.02823443 0.01311320
v -0.01505141 0.02852177 0.01347389
v -0.01828958 0.03264560 -0.01108777
v -0.00416216 0.03483793 -0.01458469
v -0.01386947 0.03369627 -0.01361749
v 0.00565429 0.03155203 0.01038318
v -0.00694819 0.03478221 -0.01451562
v -0.00615957 0.03478052 -0.01463952
v 0.00738584 0.03228571 0.00698470
v 0.00408677 0.03101505 0.01220327
v 0.00710253 0.03230197 0.00740498
v -0.00468249 0.03488248 -0.01460592
v -0.01511614 0.03350987 -0.01296281
v 0.00624196 0.03183886 0.00940810
v -0.01921035 0.03250163 -0.01008738
v -0.01795363 0.03280796 -0.01131382
v 0.00454149 0.03150395 0.01137615
v -0.01615965 0.02853246 0.01284123
v -0.00545816 0.03486852 -0.01462984
v -0.01633686 0.02886090 0.01251502
v 0.00803895 0.03411344 -0.00004572
v -0.01952373 0.03242746 -0.00974383
v -0.01518848 0.02888518 0.01319792
v -0.02290558 0.03028332 -0.00119575
v -0.02293010 0.03026935 -0.00099870
v 0.00604585 0.03174563 0.00975921
v 0.00565388 0.03171791 0.01016444
v -0.01994965 0.03213128 -0.00936074
v -0.02301300 0.03014721 0.00052901
v -0.02282959 0.02960632 0.00307826
v 0.00052853 0.03538498 -0.01233553
v -0.01710846 0.02894499 0.01181377
v -0.01859210 0.03279807 -0.01060103
v -0.00526039 0.03508319 -0.01445429
v 0.00232619 0.03541925 -0.01059265
v -0.00462716 0.03512293 -0.01435611
v -0.01955252 0.02895971 0.00919110
v -0.02284831 0.03026585 0.00181942
v 0.00781321 0.03448627 -0.00245281
v -0.01857447 0.02887798 0.01038489
v -0.00150747 0.03540145 -0.01333052
v -0.02244021 0.02954097 0.00404635
v -0.01746855 0.02911699 0.01136439
v 0.00049927 0.03552159 -0.01211767
v -0.01655212 0.02896937 0.01227958
v 0.00407989 0.03150115 0.01166360
v -0.00651270 0.03507104 -0.01433688
v -0.00499937 0.03513945 -0.01438400
v 0.00607622 0.03253431 0.00835641
v -0.01471085 0.02899830 0.01336386
v -0.01802529 0.03300341 -0.01110633
v -0.02297236 0.03026478 0.00033557
v 0.00773079 0.03456379 -0.00223591
v -0.02265351 0.03006605 0.00289507
v 0.00789694 0.03438499 -0.00124802
v 0.00798040 0.03429202 -0.00096626
v -0.01675938 0.03333866 -0.01186954
v -0.01505619 0.03376616 -0.01281144
v 0.00579695 0.03513910 -0.00635837
v -0.00614782 0.03520921 -0.01427799
v -0.01612117 0.02904156 0.01255009
v -0.01746583 0.03340882 -0.01128578
v -0.00426799 0.03545938 -0.01395101
v -0.01772462 0.03325487 -0.01117875
v -0.01812740 0.03305139 -0.01094575
v -0.01203936 0.03444157 -0.01369623
v -0.01340273 0.02919700 0.01380227
v 0.00505687 0.03198959 0.01030506
v -0.00124287 0.03549192 -0.01310173
v 0.00778727 0.03424697 0.00022442
v -0.00518682 0.03549150 -0.01400035
v -0.02256767 0.03092811 -0.00163700
v 0.00434613 0.03173290 0.01123065
v -0.01537958 0.02947185 0.01273327
v 0.00652187 0.03274917 0.00732880
v -0.01515529 0.02923273 0.01300413
v -0.00391083 0.03010757 0.01540990
v -0.02285094 0.03047551 0.00057003
v -0.02221573 0.03031636 0.00359256
v -0.01772049 0.02915756 0.01108713
v 0.00006758 0.03554588 -0.01237148
v 0.00020362 0.03563883 -0.01214243
v 0.00080712 0.03567414 -0.01156375
v -0.01909445 0.02946272 0.00932785
v -0.02272958 0.03052740 0.00179436
v -0.00174638 0.03560918 -0.01314683
v -0.02276717 0.03035636 0.00210545
v 0.00761519 0.03460197 -0.00121440
v -0.02244830 0.03027580 0.00314521
v -0.01611434 0.02931735 0.01237416
v -0.02259483 0.03099736 -0.00111681
v -0.00591533 0.03543452 -0.01407599
v -0.00561027 0.03561087 -0.01388349
v -0.01227477 0.03451495 -0.01353415
v 0.00468526 0.03226234 0.01024834
v -0.01193416 0.03464878 -0.01354239
v 0.00285609 0.03167411 0.01219215
v -0.01034878 0.03497865 -0.01366669
v -0.02247798 0.03042853 0.00282716
v 0.00537163 0.03243674 0.00934275
v -0.01653532 0.02954354 0.01188534
v -0.01496663 0.03410239 -0.01255596
v -0.01876274 0.03331532 -0.00995232
v -0.01590386 0.02978851 0.01218339
v -0.01375907 0.03451132 -0.01293823
v -0.00442550 0.03587555 -0.01352525
v -0.02264741 0.03094508 -0.00040597
v -0.02100604 0.03242624 -0.00681688
v -0.01330021 0.02950791 0.01366674
v 0.00557628 0.03291251 0.00832621
v -0.02112812 0.03237661 -0.00655222
v -0.02207440 0.03039177 0.00376004
v 0.00746150 0.03462371 -0.00054030
v -0.01733244 0.02943371 0.01125498
v 0.00537106 0.03547564 -0.00611253
v 0.00104300 0.03595604 -0.01078837
v 0.00735705 0.03416156 0.00209141
v -0.02251899 0.03119068 -0.00084664
v 0.00724380 0.03420660 0.00226166
v -0.02036562 0.03305443 -0.00758930
v -0.01515655 0.02982893 0.01263883
v 0.00689872 0.03411075 0.00331396
v -0.01365161 0.02973481 0.01339522
v -0.00511292 0.03065362 0.01503330
v -0.02263436 0.03079175 0.00132549
v -0.00350269 0.03589151 -0.01333316
v -0.00263429 0.03582071 -0.01319022
v -0.01264250 0.02987052 0.01366563
v 0.00469446 0.03261461 0.00972759
v -0.02045435 0.03287164 -0.00761136
v -0.02268234 0.03056113 0.00204682
v -0.02223228 0.03082061 0.00289893
v 0.00550629 0.03281263 0.00858700
v 0.00253417 0.03180516 0.01221363
v -0.01402174 0.03468269 -0.01264007
v 0.00566363 0.03553374 -0.00531326
v -0.00621132 0.03577358 -0.01367876
v 0.00263556 0.03188615 0.01207638
v -0.00527096 0.03575072 -0.01370411
v -0.00380051 0.03589081 -0.01339677
v -0.01901854 0.03002176 0.00895005
v 0.00693781 0.03512088 -0.00158029
v -0.02156856 0.03234332 -0.00453791
v 0.00689192 0.03514499 -0.00135332
v -0.01714691 0.03396498 -0.01108853
v -0.01534204 0.02983240 0.01252624
v 0.00568285 0.03558581 -0.00508783
v -0.01844392 0.03362535 -0.01006637
v 0.00146770 0.03601901 -0.01017066
v -0.00636003 0.03046867 0.01492932
v -0.01432773 0.02982993 0.01304429
v -0.00410642 0.03600052 -0.01331284
v -0.01927057 0.03010250 0.00858276
v -0.01558848 0.03425511 -0.01195816
v -0.01870921 0.03361209 -0.00969279
v -0.01592542 0.03004399 0.01197423
v -0.01752314 0.03381057 -0.01091832
v -0.01455900 0.03005808 0.01278984
v 0.00536194 0.03575607 -0.00521282
v 0.00685731 0.03456361 0.00203326
v -0.00470857 0.03605413 -0.01328530
v -0.00365537 0.03599410 -0.01325034
v -0.02064243 0.03298905 -0.00704390
v -0.02215143 0.03105438 0.00271314
v -0.02199797 0.03109653 0.00308160
v -0.00498721 0.03087641 0.01488409
v -0.01663792 0.03427055 -0.01116941
v -0.01422388 0.03475009 -0.01243580
v -0.00625795 0.03591500 -0.01346350
v -0.01516869 0.03020916 0.01235114
v -0.01902511 0.03021043 0.00878075
v -0.01361855 0.03020056 0.01311973
v -0.02153042 0.03252357 -0.00427873
v -0.01776532 0.03405343 -0.01046027
v -0.01752009 0.03410389 -0.01066036
v -0.00008395 0.03634974 -0.01099209
v 0.00529405 0.03588824 -0.00491433
v -0.02230053 0.03130090 0.00160510
v -0.01397895 0.03052798 0.01273890
v -0.00613235 0.03079701 0.01476683
v 0.00644583 0.03444668 0.00333634
v -0.02097118 0.03287684 -0.00621239
v -0.02139633 0.03270056 -0.00465155
v -0.00285614 0.03639511 -0.01241265
v -0.00179782 0.03617923 -0.01235511
v -0.01428928 0.03048658 0.01261095
v -0.01289992 0.03055630 0.01316034
v -0.00333432 0.03633429 -0.01267227
v -0.02182957 0.03122029 0.00322391
v -0.01085296 0.03579075 -0.01289055
v -0.01538404 0.03042750 0.01205621
v -0.02068138 0.03318079 -0.00668728
v -0.02078731 0.03301188 -0.00666367
v -0.02081184 0.03310990 -0.00635624
v -0.02127266 0.03286796 -0.00482910
v -0.00392873 0.03640367 -0.01270174
v -0.01747153 0.03453395 -0.01025332
v -0.01772270 0.03449159 -0.01004227
v -0.00027397 0.03655085 -0.01072251
v -0.01974928 0.03371760 -0.00788075
v 0.00461308 0.03624572 -0.00503357
v -0.00425073 0.03639683 -0.01277452
v 0.00137782 0.03647757 -0.00907391
v -0.00345761 0.03657436 -0.01233631
v -0.01275558 0.03068552 0.01311528
v -0.01454091 0.03527309 -0.01168793
v -0.00122163 0.03642718 -0.01165846
v -0.00104802 0.03649397 -0.01146184
v -0.00127796 0.03658948 -0.01140981
v -0.01804859 0.03442059 -0.00968601
v -0.01064366 0.03582435 -0.01292607
v 0.00033832 0.03667214 -0.00978967
v 0.00544365 0.03610957 -0.00328424
v 0.00137077 0.03655900 -0.00883764
v -0.00315727 0.03678584 -0.01191106
v -0.02179108 0.03137114 0.00309369
v -0.02138873 0.03296923 -0.00391640
v -0.02142797 0.03293622 -0.00369435
v -0.02191362 0.03236747 -0.00047857
v -0.02035958 0.03342876 -0.00705014
v -0.02168986 0.03196622 0.00238301
v -0.01624952 0.03498538 -0.01076288
v -0.01596514 0.03500783 -0.01094888
v -0.01738437 0.03480400 -0.01004937
v 0.00576567 0.03600367 -0.00244102
v 0.00587498 0.03586345 -0.00129395
v -0.01090426 0.03595037 -0.01270754
v -0.01053801 0.03595659 -0.01280620
v -0.01804403 0.03462521 -0.00943631
v 0.00440340 0.03639697 -0.00491378
v 0.00573141 0.03540221 0.00203512
v 0.00035633 0.03675689 -0.00952981
v 0.00519958 0.03622824 -0.00351320
v 0.00571234 0.03535689 0.00230161
v -0.00734435 0.03156320 0.01406207
v -0.00776391 0.03152217 0.01397868
v -0.02108908 0.03340360 -0.00423788
v -0.00293262 0.03694655 -0.01157999
v -0.01750758 0.03479527 -0.00993060
v -0.02171376 0.03200266 0.00223820
v 0.00560654 0.03516344 0.00311127
v -0.00390079 0.03678545 -0.01209984
v -0.00693045 0.03187266 0.01394724
v 0.00516709 0.03629234 -0.00324196
v 0.00555394 0.03613467 -0.00267475
v -0.01039445 0.03638293 -0.01229064
v -0.02177609 0.03258451 0.00001494
v -0.02028900 0.03390072 -0.00627536
v 0.00560841 0.03531960 0.00264935
v 0.00454871 0.03653481 -0.00391659
v -0.02150958 0.03213936 0.00246938
v -0.00308118 0.03703258 -0.01148388
v -0.00293078 0.03703220 -0.01140283
v -0.02157270 0.03300798 -0.00197536
v 0.00529938 0.03632194 -0.00186392
v -0.02178281 0.03261701 -0.00012944
v -0.02026103 0.03405410 -0.00599641
v -0.02160266 0.03220114 0.00213905
v -0.01913732 0.03464047 -0.00786394
v -0.01693945 0.03506478 -0.01012089
v -0.02111214 0.03340893 -0.00407216
v 0.00526752 0.03632285 -0.00158696
v -0.02153616 0.03310822 -0.00165734
v -0.00148378 0.03722166 -0.01019628
v -0.00131142 0.03716473 -0.01018880
v 0.00383052 0.03675130 -0.00460252
v 0.00431845 0.03665591 -0.00392763
v -0.00795926 0.03188172 0.01370564
v -0.00758963 0.03210858 0.01362330
v -0.02097927 0.03355907 -0.00419550
v 0.00064751 0.03706659 -0.00812965
v -0.02147398 0.03318905 -0.00180342
v 0.00491913 0.03657333 -0.00210813
v -0.00555159 0.03225497 0.01381103
v -0.02032164 0.03410256 -0.00562976
v -0.01324389 0.03612566 -0.01156257
v -0.01562555 0.03556500 -0.01061401
v -0.01255780 0.03655756 -0.01138410
v -0.02150098 0.03313884 -0.00057949
v -0.00988478 0.03662747 -0.01199866
v 0.00501372 0.03651018 -0.00175673
v -0.01341654 0.03609170 -0.01150585
v -0.01932735 0.03461174 -0.00752104
v 0.00416014 0.03683666 -0.00330378
v -0.00742740 0.03258717 0.01328867
v 0.00474117 0.03575431 0.00329951
v -0.01992670 0.03456385 -0.00578049
v -0.02022063 0.03424794 -0.00562576
v -0.01907517 0.03476765 -0.00780092
v -0.02144648 0.03321251 -0.00039215
v -0.01640667 0.03569668 -0.00982966
v -0.00160440 0.03739370 -0.00985571
v -0.01549385 0.03594207 -0.01030893
v -0.00134419 0.03730250 -0.00989742
v 0.00475483 0.03634379 0.00097849
v -0.00770260 0.03261195 0.01319012
v 0.00455968 0.03594394 0.00313428
v 0.00471344 0.03568619 0.00352927
v 0.00282020 0.03458914 0.00847778
v 0.00466909 0.03670916 -0.00217199
v -0.00650713 0.03278058 0.01332804
v -0.00699255 0.03267143 0.01331740
v -0.01313902 0.03628529 -0.01144130
v -0.00234482 0.03739585 -0.01031208
v -0.00205925 0.03323462 0.01270121
v -0.01569522 0.03591664 -0.01017937
v -0.02139217 0.03330201 -0.00052207
v 0.00310431 0.03706120 -0.00458694
v 0.00362576 0.03703602 -0.00383548
v -0.00065528 0.03741046 -0.00876993
v 0.00311719 0.03478372 0.00782152
v -0.01850612 0.03230416 0.00746731
v 0.00299837 0.03470338 0.00811549
v -0.01853978 0.03524357 -0.00798165
v -0.00260701 0.03750549 -0.01014301
v -0.01875704 0.03510477 -0.00783206
v -0.02131410 0.03337761 -0.00036974
v -0.00172596 0.03353589 0.01235294
v 0.00311107 0.03720379 -0.00406633
v 0.00436408 0.03643973 0.00182158
v -0.01260166 0.03669147 -0.01122104
v 0.00420338 0.03608299 0.00347784
v -0.01806649 0.03266443 0.00770755
v 0.00383730 0.03560297 0.00533104
v -0.02119651 0.03342286 0.00012886
v -0.00084990 0.03763830 -0.00813726
v 0.00361740 0.03710403 -0.00347098
v -0.00061219 0.03392367 0.01159026
v -0.01840810 0.03259435 0.00728547
v -0.01375958 0.03649102 -0.01083324
v 0.00389960 0.03570469 0.00497458
v -0.00394324 0.03327544 0.01299319
v -0.01550403 0.03605743 -0.01015626
v -0.00435803 0.03756668 -0.01066649
v 0.00175306 0.03466411 0.00926037
v 0.00330418 0.03720188 -0.00371145
v -0.02022480 0.03328860 0.00314197
v -0.02085410 0.03404827 -0.00168194
v -0.01318947 0.03666781 -0.01095930
v -0.00549367 0.03758778 -0.01086736
v -0.01856742 0.03536343 -0.00775592
v 0.00129885 0.03467537 0.00957133
v 0.00449441 0.03657992 0.00073582
v -0.00185292 0.03773960 -0.00906232
v -0.01296343 0.03682557 -0.01089122
v -0.00112396 0.03768573 -0.00830984
v -0.01428837 0.03655489 -0.01038710
v 0.00289003 0.03559394 0.00650173
v -0.02080409 0.03412465 -0.00187186
v -0.00563603 0.03761285 -0.01084102
v 0.00377171 0.03613272 0.00410799
v -0.01803633 0.03293712 0.00746381
v 0.00362917 0.03574011 0.00530937
v 0.00206435 0.03516686 0.00820170
v -0.00461741 0.03345131 0.01292702
v -0.02080153 0.03362110 0.00096820
v -0.02015758 0.03355557 0.00282430
v -0.00149221 0.03405224 0.01181583
v -0.00060649 0.03408215 0.01142972
v -0.00212911 0.03779704 -0.00909503
v -0.02010728 0.03479877 -0.00371028
v -0.01176595 0.03701844 -0.01114238
v -0.00107379 0.03409164 0.01161526
v -0.02006316 0.03346261 0.00316642
v 0.00304979 0.03585209 0.00576221
v 0.00410706 0.03639702 0.00271557
v -0.00565848 0.03769845 -0.01062487
v -0.02073724 0.03419342 -0.00174112
v -0.01893132 0.03543234 -0.00692645
v -0.01805450 0.03306447 0.00725753
v -0.00534840 0.03776100 -0.01046926
v -0.00544113 0.03357197 0.01284014
v -0.00503301 0.03364099 0.01278998
v -0.01775815 0.03284644 0.00793112
v -0.01737357 0.03605669 -0.00849719
v 0.00121180 0.03492060 0.00932782
v -0.00285943 0.03392959 0.01229728
v 0.00432092 0.03662728 0.00105991
v 0.00405257 0.03656773 0.00211838
v -0.02040711 0.03382741 0.00163762
v -0.01277184 0.03686658 -0.01092024
v -0.01195016 0.03703840 -0.01104671
v 0.00354293 0.03664134 0.00309647
v 0.00314776 0.03752941 -0.00222324
v -0.01129599 0.03720571 -0.01097391
v 0.00371216 0.03629937 0.00377289
v -0.00570180 0.03369630 0.01271172
v -0.00135029 0.03440849 0.01139652
v -0.02062963 0.03409440 -0.00000492
v -0.01446472 0.03675640 -0.00998471
v -0.00339811 0.03380381 0.01251425
v -0.01408976 0.03684904 -0.01012992
v -0.01281632 0.03694505 -0.01076916
v -0.00289119 0.03784887 -0.00930553
v -0.00261481 0.03790333 -0.00902232
v -0.00215996 0.03784399 -0.00894989
v -0.01165675 0.03730653 -0.01074123
v 0.00365447 0.03667817 0.00271220
v -0.00222041 0.03798061 -0.00817818
v -0.00197824 0.03796079 -0.00796107
v -0.01110263 0.03736105 -0.01076874
v -0.01786724 0.03601097 -0.00789282
v 0.00326268 0.03644157 0.00413679
v 0.00346374 0.03733809 -0.00075128
v -0.00339259 0.03429901 0.01209288
v -0.01896303 0.03547353 -0.00671715
v -0.02055158 0.03424101 -0.00036635
v -0.01790451 0.03307995 0.00746932
v 0.00158055 0.03530073 0.00842886
v -0.00416863 0.03405657 0.01237819
v -0.02044448 0.03385990 0.00143547
v -0.01999535 0.03494701 -0.00370035
v -0.00295010 0.03429914 0.01199866
v 0.00260996 0.03760926 -0.00312064
v -0.00165098 0.03435554 0.01159060
v 0.00366675 0.03685487 0.00188418
v -0.01859911 0.03591085 -0.00655831
v -0.01695684 0.03317517 0.00850541
v 0.00347759 0.03654322 0.00353851
v -0.01874624 0.03580036 -0.00644009
v -0.01639911 0.03304715 0.00922235
v -0.00282246 0.03801587 -0.00863417
v -0.01420601 0.03693041 -0.00994121
v 0.00307081 0.03757631 -0.00193652
v -0.00664453 0.03393594 0.01238213
v -0.02008621 0.03490586 -0.00326905
v 0.00339497 0.03730196 0.00017863
v -0.02022415 0.03466460 -0.00111758
v 0.00328790 0.03698612 0.00230107
v 0.00336251 0.03677423 0.00296175
v 0.00206601 0.03776769 -0.00326708
v -0.01762421 0.03632360 -0.00778354
v -0.01655054 0.03345310 0.00868268
v 0.00033988 0.03548944 0.00915614
v -0.01634683 0.03317526 0.00916730
v 0.00047744 0.03550891 0.00902991
v -0.01609074 0.03318006 0.00938970
v -0.00303949 0.03807355 -0.00845903
v 0.00288475 0.03765935 -0.00230400
v 0.00292201 0.03766093 -0.00213984
v 0.00307635 0.03634031 0.00464259
v -0.00501475 0.03400779 0.01247477
v -0.01204071 0.03742750 -0.01032785
v -0.02004395 0.03496791 -0.00304691
v -0.01140141 0.03742361 -0.01060660
v -0.01711454 0.03640933 -0.00831937
v -0.00687016 0.03397910 0.01230352
v 0.00331890 0.03730326 0.00048151
v -0.01984925 0.03423266 0.00211090
v 0.00332367 0.03716796 0.00141501
v -0.01917050 0.03566653 -0.00514445
v -0.01414510 0.03700216 -0.00983047
v 0.00288832 0.03683749 0.00351629
v 0.00270199 0.03683456 0.00382386
v 0.00283483 0.03653392 0.00445245
v 0.00237849 0.03774883 -0.00284302
v -0.00539929 0.03810835 -0.00935467
v 0.00261309 0.03776072 -0.00228901
v 0.00274507 0.03771894 -0.00149346
v -0.01128316 0.03763070 -0.01027827
v -0.00765170 0.03409931 0.01199375
v 0.00312972 0.03743524 0.00010446
v -0.01517095 0.03375033 0.00963880
v -0.00652757 0.03427381 0.01212481
v -0.00314013 0.03822408 -0.00762120
v -0.01854808 0.03602502 -0.00628470
v 0.00340310 0.03719668 0.00097510
v -0.01984984 0.03450951 0.00120315
v -0.00454716 0.03429747 0.01221215
v -0.01975527 0.03418892 0.00244308
v 0.00294598 0.03703233 0.00271104
v 0.00154602 0.03790268 -0.00327875
v -0.01999302 0.03494622 -0.00156565
v -0.00498666 0.03813110 -0.00931321
v -0.01989154 0.03498367 -0.00111589
v -0.00490550 0.03815027 -0.00916882
v -0.01706404 0.03385228 0.00762201
v -0.00271894 0.03492489 0.01137082
v -0.01648885 0.03367553 0.00852738
v -0.01744479 0.03638286 -0.00800486
v -0.01733512 0.03651135 -0.00793460
v 0.00220575 0.03786597 -0.00242838
v 0.00234862 0.03789305 -0.00173095
v -0.01970598 0.03438468 0.00203428
v -0.01965771 0.03432443 0.00231814
v -0.01648616 0.03690488 -0.00803185
v -0.01914100 0.03577527 -0.00471743
v -0.01735651 0.03379036 0.00727687
v -0.00520663 0.03821351 -0.00901772
v 0.00308691 0.03743824 0.00034490
v 0.00135021 0.03601296 0.00740344
v 0.00124769 0.03599217 0.00753464
v 0.00306870 0.03730181 0.00130998
v -0.00507729 0.03447191 0.01207018
v -0.01242867 0.03764555 -0.00973632
v -0.00444570 0.03463454 0.01191357
v -0.00392921 0.03465583 0.01185461
v -0.01182804 0.03764651 -0.01001484
v 0.00304989 0.03712212 0.00221632
v -0.00339820 0.03461707 0.01181988
v -0.01976225 0.03489682 0.00005459
v -0.01823766 0.03624155 -0.00633355
v -0.01742402 0.03649894 -0.00780277
v -0.01723233 0.03661194 -0.00782316
v 0.00255687 0.03779459 -0.00136443
v -0.00330385 0.03824221 -0.00764793
v -0.01758959 0.03647986 -0.00738768
v -0.00540302 0.03822946 -0.00895617
v 0.00164955 0.03797268 -0.00268235
v -0.01258459 0.03760759 -0.00970593
v -0.00205070 0.03516779 0.01085576
v 0.00298526 0.03722197 0.00187255
v -0.01136304 0.03772236 -0.01003284
v -0.01087132 0.03776490 -0.00997484
v -0.00483796 0.03456809 0.01198632
v -0.01227002 0.03397320 0.01077113
v 0.00243818 0.03698587 0.00368264
v 0.00257474 0.03678765 0.00410060
v -0.01542131 0.03383245 0.00938898
v -0.01491503 0.03385316 0.00969346
v -0.00389633 0.03481948 0.01170024
v 0.00215242 0.03796279 -0.00188269
v -0.00533017 0.03827541 -0.00864596
v 0.00211115 0.03797841 -0.00167313
v -0.01079296 0.03783503 -0.00978885
v -0.00187187 0.03551340 0.01034491
v -0.01877385 0.03601474 -0.00529879
v 0.00273071 0.03739617 0.00146745
v -0.01900300 0.03596793 -0.00447549
v 0.00266868 0.03723407 0.00240836
v -0.01657047 0.03694342 -0.00786794
v -0.01724145 0.03684847 -0.00689416
v -0.01626847 0.03706206 -0.00786040
v -0.01853271 0.03629960 -0.00485475
v -0.00260146 0.03511718 0.01112476
v -0.01927281 0.03576626 -0.00282381
v -0.01329419 0.03403292 0.01031307
v -0.00306929 0.03511161 0.01125213
v -0.01243697 0.03770075 -0.00957288
v 0.00145115 0.03806386 -0.00240015
v 0.00168130 0.03804575 -0.00198523
v 0.00199251 0.03800521 -0.00172924
v 0.00167264 0.03799486 -0.00093092
v -0.01926385 0.03555212 -0.00099011
v -0.01973216 0.03495396 -0.00008938
v 0.00264567 0.03758403 0.00050406
v 0.00241267 0.03762578 0.00079475
v -0.01917258 0.03582846 -0.00406680
v -0.00632839 0.03460676 0.01187807
v 0.00216133 0.03746687 0.00210215
v -0.01680445 0.03428771 0.00739906
v -0.01877468 0.03615504 -0.00441726
v 0.00208813 0.03734159 0.00284780
v 0.00203199 0.03717562 0.00354167
v -0.01893468 0.03608935 -0.00344502
v 0.00192640 0.03706631 0.00404033
v -0.00603410 0.03465310 0.01187557
v -0.01663255 0.03423990 0.00767922
v -0.01136899 0.03798543 -0.00910561
v -0.01101983 0.03801507 -0.00913833
v -0.01599022 0.03425943 0.00844880
v -0.01222316 0.03415419 0.01064375
v 0.00148991 0.03804395 -0.00101815
v -0.01773306 0.03670320 -0.00585124
v 0.00220913 0.03766540 0.00085892
v -0.00249035 0.03540183 0.01076210
v 0.00122944 0.03810107 -0.00229354
v -0.01816658 0.03654178 -0.00510323
v 0.00178356 0.03747691 0.00270864
v -0.01610723 0.03720944 -0.00757057
v 0.00171621 0.03719208 0.00381593
v -0.00297183 0.03553131 0.01076846
v -0.01907997 0.03595300 -0.00283835
v -0.00536440 0.03504521 0.01156121
v -0.01570456 0.03423260 0.00875723
v -0.01538956 0.03439887 0.00889887
v -0.01338130 0.03441074 0.00996819
v 0.00140383 0.03803611 -0.00083482
v -0.01300327 0.03446246 0.01008259
v -0.01205046 0.03448557 0.01038012
v -0.01701062 0.03697216 -0.00695764
v -0.00228907 0.03567641 0.01033855
v 0.00163711 0.03750857 0.00267193
v 0.00176862 0.03754664 0.00224216
v -0.01903052 0.03547319 0.00014269
v -0.01878090 0.03619516 -0.00346024
v -0.01646542 0.03460851 0.00736621
v -0.00515908 0.03515413 0.01146461
v -0.00033337 0.03631845 0.00828247
v -0.01161250 0.03800494 -0.00888784
v -0.00345632 0.03537045 0.01105495
v -0.00006370 0.03655329 0.00767059
v -0.01117676 0.03804938 -0.00894143
v -0.01077915 0.03810061 -0.00879704
v -0.00203003 0.03577659 0.01010273
v -0.01837225 0.03643459 -0.00477647
v -0.01873902 0.03623724 -0.00277791
v -0.01883825 0.03597665 -0.00142003
v -0.01899262 0.03582842 -0.00119578
v -0.00278496 0.03573973 0.01044901
v -0.00443443 0.03542187 0.01116299
v -0.00417208 0.03540232 0.01114668
v -0.01569662 0.03470685 0.00824059
v -0.01541340 0.03463810 0.00863020
v -0.01506645 0.03452704 0.00901200
v -0.01458597 0.03453952 0.00926744
v 0.00037795 0.03655147 0.00720950
v 0.00000299 0.03646362 0.00779954
v -0.01614125 0.03727255 -0.00733807
v -0.01803694 0.03665255 -0.00495285
v -0.01916288 0.03561596 -0.00083449
v -0.01280563 0.03466834 0.00996818
v -0.01253299 0.03483211 0.00987978
v -0.00350079 0.03565130 0.01073344
v -0.01648643 0.03481625 0.00692527
v -0.00627354 0.03529034 0.01130962
v -0.00538055 0.03541284 0.01121443
v -0.01701072 0.03713683 -0.00609680
v -0.01447908 0.03468597 0.00918795
v -0.01386020 0.03453595 0.00965371
v -0.01317604 0.03459049 0.00988978
v -0.00215215 0.03593707 0.00993903
v -0.01857634 0.03631988 -0.00260543
v -0.01848826 0.03611896 -0.00059943
v -0.01316028 0.03799625 -0.00749632
v -0.00382246 0.03589355 0.01049868
v -0.00701496 0.03546349 0.01098954
v -0.00288993 0.03598771 0.01016960
v -0.00644236 0.03538072 0.01121086
v -0.00603057 0.03541430 0.01120558
v -0.01659264 0.03490406 0.00654386
v -0.00037009 0.03679511 0.00729611
v -0.00063470 0.03667617 0.00780938
v -0.01510038 0.03478057 0.00872158
v -0.00124327 0.03647648 0.00865439
v -0.01780632 0.03674237 -0.00356211
v -0.01414370 0.03783643 -0.00738514
v -0.00425765 0.03595478 0.01049517
v -0.01282514 0.03487655 0.00973116
v -0.00264057 0.03611012 0.00989882
v -0.01845714 0.03598351 -0.00006849
v -0.01641911 0.03499779 0.00661571
v -0.01560480 0.03484896 0.00811620
v -0.01522793 0.03486422 0.00851005
v -0.01677838 0.03732299 -0.00559150
v -0.01729177 0.03704104 -0.00493229
v -0.01636778 0.03743889 -0.00635906
v -0.01619864 0.03746646 -0.00657658
v -0.01575663 0.03759572 -0.00671668
v -0.01662602 0.03738680 -0.00576102
v -0.01835286 0.03623081 -0.00073174
v -0.01837061 0.03616213 -0.00042183
v -0.00468492 0.03571114 0.01088877
v -0.00468575 0.03585429 0.01070855
v -0.01339083 0.03804338 -0.00703930
v -0.00096618 0.03688252 0.00753009
v -0.00300999 0.03611389 0.01001294
v -0.00132156 0.03661715 0.00842856
v -0.00141360 0.03655378 0.00861020
v -0.00154496 0.03673838 0.00825127
v -0.00619730 0.03560549 0.01101576
v -0.00647767 0.03563877 0.01095247
v -0.01600439 0.03756232 -0.00648287
v -0.01572577 0.03765824 -0.00653698
v -0.01490507 0.03507914 0.00847821
v -0.00696266 0.03558436 0.01087745
v -0.01376400 0.03522308 0.00897784
v -0.00564490 0.03588746 0.01070100
v -0.00275718 0.03632874 0.00955472
v -0.00384160 0.03616631 0.01011784
v -0.01814727 0.03632084 -0.00067562
v -0.00139929 0.03697637 0.00760873
v -0.01654620 0.03743059 -0.00563821
v -0.01552992 0.03531723 0.00735570
v -0.01652115 0.03743069 -0.00548586
v -0.01556585 0.03770772 -0.00644123
v -0.01486473 0.03520024 0.00831677
v -0.01393870 0.03523198 0.00888977
v -0.00655252 0.03576673 0.01078922
v -0.00544644 0.03601756 0.01051322
v -0.00440703 0.03614051 0.01026224
v -0.00146332 0.03710242 0.00723677
v -0.01750919 0.03669337 -0.00115328
v -0.01750071 0.03666974 -0.00095117
v -0.00366730 0.03656242 0.00947443
v -0.00156347 0.03721558 0.00681518
v -0.00201635 0.03703797 0.00769845
v -0.01525792 0.03555925 0.00703587
v -0.00441294 0.03641157 0.00980303
v -0.01486146 0.03550765 0.00769260
v -0.00693354 0.03603416 0.01025802
v -0.01407226 0.03536502 0.00860888
v -0.01378407 0.03535222 0.00879096
v -0.00627880 0.03588582 0.01066960
v -0.00604940 0.03594310 0.01060802
v -0.00649191 0.03622007 0.01002617
v -0.01458104 0.03565930 0.00764507
v -0.01429788 0.03565288 0.00793611
v -0.01383870 0.03565674 0.00826273
v -0.01334642 0.03565333 0.00847136
v -0.00695205 0.03612848 0.01008294
v -0.00222247 0.03715377 0.00739062
v -0.01247733 0.03561718 0.00887339
v -0.01191527 0.03581364 0.00878378
v -0.00291275 0.03697155 0.00816487
v -0.00660680 0.03630472 0.00980791
v -0.00513369 0.03657683 0.00953422
v -0.01191903 0.03591757 0.00860476
v -0.00378490 0.03667400 0.00927282
v -0.01467871 0.03570293 0.00739909
v -0.00322341 0.03707981 0.00794988
v -0.00361114 0.03700928 0.00826607
v -0.00670382 0.03592993 0.01048829
v -0.01410842 0.03577204 0.00783039
v -0.01419695 0.03588024 0.00743068
v -0.00396627 0.03701227 0.00829943
v -0.00520463 0.03666347 0.00933903
v -0.01363596 0.03581194 0.00805114
v -0.00609474 0.03653104 0.00941423
v -0.00512056 0.03671609 0.00920632
v -0.00975435 0.03968375 -0.00063227
v -0.00977085 0.03971154 -0.00040876
v -0.00870647 0.03960105 0.00088446
v -0.00859709 0.03964439 0.00049518
v -0.00898873 0.03963547 0.00091135
v -0.00942225 0.03965114 0.00118180
v -0.01030278 0.03970766 -0.00033042
v -0.00939527 0.03970213 0.00081848
v -0.01035242 0.03964903 0.00016164
v -0.01005721 0.03975025 -0.00028976
v -0.01027820 0.03971142 -0.00000115
v -0.00965687 0.03962800 0.00117625
v -0.01005248 0.03965558 0.00070055
v -0.01010172 0.03974567 0.00014353
v -0.01003986 0.03970653 0.00052707
v -0.00980227 0.03969304 0.00090530
v -0.00989660 0.03973927 0.00041104
v -0.00960578 0.03970847 0.00095639
v 0.00489578 0.03159810 0.01098000
v 0.00613678 0.01864965 -0.02491621
v -0.00497407 0.01273177 -0.02760281
v 0.02250349 0.00733547 0.01533956
v -0.02279189 0.00431077 -0.01949640
v -0.01851068 -0.02247114 -0.01321188
v -0.00050547 -0.01560706 -0.02804601
v -0.00121528 -0.01608889 -0.02787770
v 0.00505128 -0.01291256 -0.02858095
v 0.02165374 -0.02735099 0.00511448
v -0.00092783 -0.01584285 -0.02797135
v 0.02794806 -0.01988313 -0.00306192
v 0.00497294 -0.01310993 -0.02854430
v -0.01168699 -0.03022417 -0.01142744
v 0.00540941 -0.01257011 -0.02859725
v 0.00729891 -0.00647312 -0.02932424
v 0.00911407 -0.00132949 -0.02926000
v 0.01011594 -0.00340727 -0.02902771
v 0.00926435 -0.00175961 -0.02923726
v 0.00900208 -0.00091022 -0.02924857
v -0.00065250 -0.00037314 -0.03012713
v 0.00009835 -0.00144517 -0.03015233
v -0.00439608 -0.00816890 0.02608201
f 9298 9384 9520
f 2862 3203 2516
f 9201 9258 9179
f 8534 8557 8675
f 8662 8503 8700
f 8467 8532 8521
f 9476 9513 9516
f 9511 9313 9520
f 9279 9298 9520
f 9520 9313 9279
f 9549 4357 5299
f 6029 6167 9549
f 2397 2419 2414
f 2414 2419 2717
f 885 1022 1124
f 1599 1577 1342
f 803 67 770
f 2882 2862 2914
f 9549 9550 4287
f 4287 9550 3203
f 9549 4287 3210
f 3203 2862 3210
f 3210 4287 3203
f 9539 3203 9535
f 9548 9550 9549
f 3781 9546 9547
f 255 4 20
f 20 31 255
f 4 31 20
f 256 319 255
f 255 31 256
f 256 31 319
f 319 31 278
f 3 2 19
f 4 2 3
f 19 31 3
f 3 31 4
f 277 292 262
f 4 170 185
f 185 139 4
f 8869 8902 8955
f 8955 8902 8979
f 9179 9258 9291
f 6555 6869 6571
f 7044 7079 6922
f 9520 9384 9383
f 8701 8662 8700
f 8709 8662 8701
f 8503 8662 8527
f 8501 8393 8527
f 8527 8393 8503
f 8501 8544 8482
f 8653 8662 8709
f 8653 8544 8501
f 8467 8521 8454
f 8512 8454 8521
f 9426 9413 9473
f 9426 9465 9463
f 9441 9474 9473
f 9473 9413 9441
f 9513 9373 9514
f 9514 9330 9255
f 9296 9279 9313
f 9313 9511 9296
f 9298 9279 9264
f 8859 8760 8831
f 8980 9066 9017
f 7838 7648 7837
f 7255 7209 7299
f 9549 5299 5704
f 5704 6029 9549
f 5855 6029 5704
f 5757 5855 5704
f 6004 6050 5658
f 982 1015 61
f 1246 1228 119
f 2426 2306 2753
f 2753 2306 2227
f 2227 2306 2070
f 2283 2260 2347
f 7048 7240 6994
f 6994 6532 6767
f 6994 6767 7048
f 6341 6643 6657
f 6643 6843 6823
f 6423 6643 6341
f 2614 2414 2717
f 3164 2909 3032
f 192 185 250
f 250 185 170
f 326 258 255
f 354 258 405
f 3030 2956 3046
f 2830 2799 2956
f 5140 5017 5195
f 4911 5117 4990
f 5319 5523 5651
f 4847 4702 4664
f 4664 4490 4336
f 4180 4065 4336
f 1074 1090 1049
f 1049 1039 1074
f 2397 2414 2312
f 2312 2414 2250
f 934 986 112
f 984 1188 112
f 1313 1345 1280
f 1095 1313 1280
f 676 810 678
f 807 810 676
f 807 676 725
f 677 770 67
f 67 87 677
f 678 770 677
f 677 87 678
f 608 449 499
f 456 449 608
f 1022 885 845
f 711 568 641
f 1022 845 895
f 561 592 565
f 553 592 517
f 595 565 701
f 433 399 322
f 598 565 595
f 2957 2862 2882
f 1553 1633 1665
f 1665 1633 1700
f 9545 9548 4954
f 9545 3781 9547
f 9550 9548 9545
f 9547 3203 9545
f 3203 9550 9545
f 4297 9545 4954
f 3781 9545 4297
f 9546 3781 3782
f 1168 1079 1103
f 1168 1199 1125
f 1125 1079 1168
f 1168 1103 1167
f 206 233 168
f 225 218 291
f 291 233 225
f 225 233 218
f 116 96 178
f 178 117 116
f 116 117 96
f 96 117 97
f 97 117 99
f 96 171 146
f 113 171 96
f 145 171 113
f 259 262 292
f 291 218 259
f 259 292 291
f 315 292 277
f 184 185 192
f 184 176 161
f 184 161 139
f 139 185 184
f 8877 8820 8921
f 8771 8820 8877
f 8921 8889 8922
f 8921 8922 8954
f 8954 8922 8955
f 9006 8955 8979
f 9147 9154 9260
f 9260 9170 9147
f 9147 9170 9048
f 9463 9517 9454
f 8503 7947 7969
f 8901 8744 8617
f 8898 8744 8901
f 8763 8554 8784
f 9258 9201 9239
f 9260 9275 9239
f 9239 9170 9260
f 9201 9170 9239
f 8828 8877 8921
f 9146 9201 9179
f 9048 9170 9146
f 9146 9170 9201
f 9179 9107 9115
f 9115 9146 9179
f 9048 9146 9115
f 9345 9342 9319
f 8982 9159 9073
f 9049 8910 9073
f 8557 8534 8526
f 8526 8547 8557
f 8534 8463 8526
f 8526 8463 8547
f 7808 7778 7659
f 7836 7778 7808
f 7618 7454 7028
f 8674 8690 8624
f 8674 8534 8675
f 8674 8463 8534
f 8547 8463 8514
f 6662 6495 6746
f 7028 7454 7060
f 7044 6906 7060
f 8001 7694 7916
f 7257 7274 7414
f 7257 7018 7274
f 8624 8690 8619
f 8869 8955 8879
f 8955 8922 8879
f 8879 8922 8889
f 8001 7916 8093
f 8093 7852 7644
f 6971 6922 7079
f 8413 8514 8401
f 8401 8514 8463
f 8624 8504 8471
f 8471 8674 8624
f 8463 8674 8471
f 8456 8463 8471
f 7951 8129 8010
f 8010 8129 8229
f 8229 8129 8231
f 8231 8129 8334
f 7951 8010 8000
f 8000 8010 8229
f 8392 8393 8501
f 7518 8392 7493
f 8393 8392 7518
f 6160 6736 6098
f 6160 6020 6736
f 8542 8640 8680
f 8474 8488 8542
f 8542 8506 8474
f 7495 7404 7567
f 7567 8322 8260
f 8313 8307 8353
f 8260 8405 8385
f 8405 8414 8385
f 8353 8307 8385
f 8247 7579 8260
f 8307 7579 8247
f 8260 8385 8247
f 8247 8385 8307
f 7417 7579 7441
f 7137 7212 7446
f 8393 7518 7424
f 8709 8701 8730
f 8730 8731 8709
f 8540 8662 8501
f 8501 8527 8540
f 8540 8527 8662
f 8982 8910 8953
f 8369 8392 8461
f 8501 8482 8461
f 8461 8392 8501
f 8501 8662 8625
f 8625 8653 8501
f 8662 8653 8625
f 8489 8482 8616
f 8616 8621 8489
f 8616 8482 8544
f 8544 8653 8616
f 5463 5568 5412
f 6731 6980 6549
f 6549 6734 6731
f 6549 6553 6734
f 6436 6553 6466
f 7052 7153 7270
f 9154 9147 9127
f 8675 8557 8827
f 4773 4947 4916
f 8502 8497 8473
f 8409 8339 8362
f 8447 8512 8409
f 8454 8512 8447
f 8531 8532 8467
f 9413 9400 9387
f 9345 9363 9387
f 9387 9363 9389
f 9387 9441 9413
f 9386 9342 9345
f 9386 9400 9358
f 9413 9426 9436
f 9436 9400 9413
f 9234 9216 9139
f 7261 7643 7276
f 7398 7276 7643
f 8053 7744 7721
f 8066 8203 8133
f 8077 8203 8066
f 8580 8765 8607
f 9312 9230 9248
f 9255 9330 9189
f 8580 8421 8565
f 8350 8421 8529
f 9515 9516 9513
f 9515 9518 9516
f 9513 9514 9515
f 9515 9514 9518
f 9521 9426 9473
f 9473 9474 9521
f 9465 9426 9521
f 9521 9517 9463
f 9463 9465 9521
f 9524 9521 9525
f 9520 9517 9524
f 9517 9521 9524
f 9516 9518 9528
f 9474 9441 9461
f 9314 9312 9332
f 9332 9312 9330
f 9512 9511 9520
f 9520 9514 9512
f 9512 9296 9511
f 9512 9514 9255
f 9255 9296 9512
f 9266 9264 9279
f 8154 8324 8017
f 8736 8760 8654
f 8788 8831 8760
f 8917 8788 8916
f 8896 8951 8992
f 9149 8928 8863
f 8497 8502 8704
f 8473 8497 8704
f 9398 9281 9382
f 9492 9477 9472
f 9476 9516 9472
f 9516 9492 9472
f 9355 9368 9514
f 9314 9336 9295
f 7299 7209 7308
f 5805 5293 9548
f 6125 5805 6137
f 6137 5805 9548
f 9549 6276 6137
f 6137 9548 9549
f 6942 7417 7111
f 6314 6276 9549
f 8778 8856 8766
f 8856 8778 8884
f 6380 6314 6483
f 6276 6314 6380
f 6354 6276 6380
f 8040 8524 8052
f 8040 8052 7987
f 7987 8052 8524
f 7734 7723 7773
f 7773 7723 7764
f 7515 7415 7530
f 7093 7415 7515
f 7723 7578 7710
f 7710 7515 7708
f 7578 7515 7710
f 7281 7255 7299
f 6268 6176 6064
f 6050 5997 5779
f 5589 5388 5754
f 6197 5859 6060
f 6808 6733 6197
f 6306 6037 6235
f 6037 5942 6235
f 6197 6733 6235
f 5987 6037 6064
f 6064 6026 5987
f 5987 5832 6037
f 6338 6580 6197
f 6792 6580 6519
f 7262 7248 7444
f 1847 1829 2070
f 119 1367 1362
f 1362 1367 1523
f 1254 1216 1385
f 1216 1405 1385
f 1577 1648 1609
f 1609 1591 1577
f 1648 1591 1609
f 1358 1188 1310
f 2135 2133 1648
f 2159 2141 2253
f 2070 1829 2100
f 2100 2149 2070
f 1338 1405 1216
f 2340 2043 2248
f 1966 2043 1887
f 2248 2043 1966
f 2339 2340 2380
f 2043 2340 2339
f 2380 2347 2339
f 2339 2347 2260
f 1887 2043 2339
f 2339 2260 1887
f 1936 2260 2145
f 2145 2135 1648
f 2145 2260 2283
f 2283 2133 2145
f 2133 2135 2145
f 2625 2608 2380
f 3662 2982 3017
f 3017 3677 3662
f 4343 3974 4390
f 2940 2761 2962
f 3710 3502 3743
f 3743 3502 3760
f 3954 4059 3760
f 6913 6767 6715
f 7048 6767 6913
f 7143 6994 7240
f 7240 7280 7143
f 7638 7651 7953
f 8519 8181 8300
f 8350 8529 8300
f 8300 8529 8519
f 8386 8147 8390
f 4625 4862 4592
f 4742 4862 4625
f 6017 6212 6062
f 6017 6168 6212
f 5608 5875 5727
f 7095 6657 6755
f 7064 6715 6851
f 7064 6913 6715
f 7048 6913 7064
f 6900 6790 6948
f 2168 2201 2110
f 2478 2408 2352
f 1978 1621 1868
f 1868 1994 1978
f 1933 1994 1868
f 2250 2414 2539
f 2414 2614 2539
f 2539 2614 2615
f 3960 3959 3995
f 3703 3962 3868
f 3817 3703 3769
f 3413 3398 3769
f 3369 3398 3413
f 3369 3413 3489
f 3489 3413 3769
f 3409 3628 3222
f 3314 3087 3146
f 3124 3218 3233
f 3314 3146 3233
f 3087 3124 3233
f 3233 3146 3087
f 4184 4539 4260
f 3521 3472 3314
f 3314 3233 3521
f 3521 3233 3218
f 3521 3628 3595
f 3218 3628 3521
f 3314 3472 3500
f 3472 3521 3500
f 5033 5374 5198
f 5402 5374 5286
f 5286 5374 5033
f 5033 5259 5286
f 6189 5933 6093
f 5238 5657 5452
f 4626 4562 4915
f 4612 4562 4626
f 685 824 823
f 5752 5941 9533
f 9533 5648 5752
f 5824 5874 5910
f 5404 5540 5092
f 5894 5953 5878
f 7500 7412 7511
f 7644 7507 7500
f 5894 5895 6027
f 6027 6077 5894
f 6614 6391 6693
f 6554 6185 6077
f 6077 6566 6554
f 6487 6566 6077
f 7249 7086 7191
f 7086 6928 6892
f 6713 6965 6892
f 6892 6965 7086
f 7532 7199 7213
f 7062 6928 7140
f 7140 7233 7062
f 7062 7233 7199
f 342 278 31
f 341 319 342
f 319 278 342
f 474 255 460
f 255 319 348
f 348 490 255
f 348 319 341
f 490 348 469
f 469 348 341
f 341 342 469
f 1198 1166 1012
f 1012 1166 1037
f 690 661 577
f 690 775 661
f 1257 1166 1198
f 1308 1166 1257
f 1580 1675 1674
f 35 31 19
f 577 501 35
f 35 342 31
f 1593 1421 1333
f 459 255 474
f 459 446 255
f 255 258 242
f 258 250 242
f 242 4 255
f 242 250 170
f 242 170 4
f 297 398 312
f 279 266 280
f 405 258 396
f 258 326 396
f 396 326 255
f 255 446 396
f 2510 2278 2464
f 3282 3220 3077
f 3167 3220 3247
f 5597 5728 5580
f 4046 3744 4047
f 2918 3020 2915
f 2970 2956 3030
f 3030 2830 2970
f 2970 2830 2956
f 4662 4428 4498
f 4498 4754 4662
f 4377 4498 4428
f 5319 4990 5248
f 4990 5117 5248
f 5248 5117 5166
f 5166 5350 5248
f 4663 4911 4990
f 4663 4956 4664
f 4664 4448 4663
f 5119 4990 5319
f 5119 4956 4990
f 5576 5651 5755
f 3797 4065 3861
f 3829 3720 3904
f 3904 3720 3862
f 3862 4182 3904
f 4948 4956 5017
f 5017 4847 4948
f 4664 4956 4948
f 4948 4847 4664
f 4981 5017 5140
f 4981 4847 5017
f 4702 4847 4634
f 4664 4702 4634
f 4634 4589 4664
f 2054 2117 2039
f 2035 2083 2112
f 1993 2083 2035
f 2405 2441 2284
f 3484 3123 3742
f 3545 3378 3484
f 2874 2889 3081
f 4905 5228 5179
f 4578 4905 4527
f 5051 5228 4905
f 4905 4578 5051
f 4664 4336 4398
f 4270 4336 4065
f 4313 4448 4664
f 4269 4448 4313
f 4664 4398 4313
f 4313 4270 4269
f 4313 4398 4336
f 4336 4270 4313
f 4469 4448 4447
f 3895 3484 3742
f 3545 3484 3895
f 2874 3081 3143
f 1049 1016 981
f 981 1039 1049
f 853 1039 981
f 853 764 850
f 850 1039 853
f 850 764 762
f 1048 1039 850
f 850 1009 1048
f 1195 1414 1088
f 1088 1039 1048
f 1088 1074 1039
f 1111 1132 1006
f 1048 1009 1065
f 928 1006 1065
f 1065 892 928
f 1009 892 1065
f 2982 3720 3001
f 1176 885 1124
f 2386 2561 2388
f 1653 1738 1936
f 1936 2145 1653
f 1653 1648 1577
f 1653 2145 1648
f 1936 1738 1851
f 1887 2260 1851
f 1851 2260 1936
f 1673 1670 1887
f 1887 1851 1673
f 1673 1851 1738
f 1673 1577 1599
f 1599 1670 1673
f 1673 1653 1577
f 1738 1653 1673
f 1887 1670 1672
f 1672 1735 1887
f 1672 1670 1599
f 934 112 120
f 987 938 120
f 984 112 1020
f 1020 112 986
f 986 1053 1020
f 1020 1188 984
f 1310 1188 1020
f 1020 1053 1310
f 1599 1342 1327
f 1327 1462 1599
f 1599 1462 1602
f 1602 1446 1938
f 1602 1672 1599
f 1658 1672 1602
f 1938 1446 1530
f 1530 1711 1938
f 1530 1784 1711
f 1836 1784 1530
f 1446 1345 1328
f 1345 1313 1328
f 999 1095 987
f 1082 1095 1027
f 1313 1095 1082
f 1310 1361 1518
f 1577 1591 1518
f 1326 1342 1577
f 1326 1174 1342
f 581 109 535
f 962 1060 993
f 619 645 608
f 910 1186 1140
f 1018 1305 910
f 1075 1186 910
f 910 1305 1075
f 803 770 821
f 821 852 803
f 770 852 821
f 79 676 678
f 109 581 79
f 807 725 915
f 915 810 807
f 915 962 810
f 646 725 676
f 476 499 449
f 497 499 476
f 449 456 440
f 743 742 779
f 762 697 743
f 716 764 853
f 853 774 716
f 595 701 716
f 716 701 764
f 808 845 885
f 808 811 711
f 766 895 791
f 599 568 588
f 599 641 568
f 612 598 595
f 612 774 853
f 595 716 612
f 612 716 774
f 1022 895 1021
f 791 895 756
f 756 895 845
f 845 808 756
f 756 766 791
f 756 808 711
f 711 641 756
f 895 766 883
f 517 592 560
f 560 561 517
f 592 561 560
f 592 553 618
f 762 592 618
f 618 697 762
f 631 697 618
f 515 553 517
f 631 618 574
f 574 618 553
f 565 592 594
f 762 764 735
f 764 701 735
f 762 735 700
f 700 735 701
f 498 433 322
f 517 561 498
f 537 598 464
f 1387 1369 1717
f 1854 9536 1801
f 715 627 674
f 3136 3210 2862
f 2862 2957 3136
f 3136 3040 3210
f 1161 859 942
f 942 859 858
f 9539 9535 1625
f 9535 1547 1625
f 1450 1467 1726
f 1241 1450 1620
f 1620 1592 1241
f 1633 1553 1245
f 9544 3203 9547
f 9547 9546 9544
f 1062 859 1161
f 1161 1063 1062
f 1062 1063 859
f 859 1063 1038
f 1253 1391 1161
f 1481 1391 1253
f 1324 1063 1161
f 1324 1220 1063
f 135 144 132
f 132 144 127
f 135 23 160
f 160 23 161
f 160 176 167
f 161 176 160
f 27 26 17
f 28 23 4
f 4 139 28
f 139 161 28
f 5 6 2
f 5 2 4
f 5 17 6
f 179 117 178
f 178 200 179
f 688 591 579
f 831 1038 625
f 859 1038 831
f 858 859 831
f 831 830 858
f 830 831 682
f 604 703 680
f 1277 1167 1165
f 1277 1373 1417
f 1165 1373 1277
f 1064 1165 1118
f 1165 1167 1118
f 1118 1103 1064
f 1118 1167 1103
f 1343 1165 1164
f 1108 1170 1164
f 218 233 216
f 233 206 216
f 216 182 218
f 206 182 216
f 412 500 431
f 178 96 173
f 96 146 173
f 173 171 178
f 173 146 171
f 151 171 145
f 178 171 158
f 158 205 178
f 171 205 158
f 178 205 229
f 168 162 172
f 162 182 172
f 172 206 168
f 172 182 206
f 138 144 135
f 162 144 138
f 277 262 246
f 262 176 246
f 246 184 277
f 176 184 246
f 181 160 167
f 135 160 181
f 181 138 135
f 181 182 162
f 162 138 181
f 249 259 218
f 262 259 249
f 302 315 277
f 8689 8678 8627
f 8627 8619 8689
f 8689 8619 8690
f 9030 8968 8921
f 9358 9400 9354
f 9354 9322 9358
f 8617 8744 8649
f 8649 8744 8700
f 8700 8503 8649
f 8503 7969 8649
f 7446 7212 7528
f 9038 9159 8982
f 9241 9210 9196
f 9196 9210 9159
f 8568 8554 8001
f 8049 8554 8763
f 8972 8901 8973
f 9258 9239 9274
f 9274 9239 9275
f 9274 9275 9431
f 8921 8968 9046
f 8875 8828 8921
f 8921 9046 8875
f 8875 9046 8915
f 8771 8877 8770
f 8877 8828 8770
f 9277 9319 9241
f 9216 9319 9277
f 9010 8910 8982
f 8982 9073 9010
f 9010 9073 8910
f 9241 9319 9256
f 9256 9210 9241
f 9442 9461 9441
f 9442 9274 9431
f 9291 9401 9335
f 9197 9107 9179
f 9179 9291 9197
f 9291 9335 9197
f 8005 8071 7825
f 7772 7825 8092
f 7659 7778 7611
f 7817 7778 7836
f 7778 7817 7828
f 8056 8071 8005
f 8056 8005 7846
f 7749 7611 7778
f 6731 6734 7000
f 7000 6980 6731
f 8690 8674 8692
f 8692 8674 8675
f 8675 8902 8692
f 8692 8902 8869
f 5733 5833 5679
f 7028 7060 6992
f 6992 7060 6906
f 6495 6662 6507
f 6740 6661 6672
f 6740 6507 6662
f 6796 6922 6555
f 6555 6661 6796
f 7044 6922 6796
f 6572 6661 6555
f 6555 6502 6572
f 7044 6796 6973
f 6973 6796 6661
f 7097 7454 7044
f 7044 7060 7097
f 7097 7060 7454
f 7516 7563 7454
f 7454 7563 7490
f 7381 7688 7314
f 7625 7564 7640
f 7422 7694 7640
f 7640 7564 7422
f 7625 7392 7489
f 7489 7564 7625
f 8763 8901 8599
f 8599 8901 8617
f 8033 7800 8617
f 7922 7923 8617
f 7800 7767 7481
f 6106 7125 6872
f 7018 7257 6969
f 8921 8820 8844
f 8820 8879 8844
f 8844 8889 8921
f 8844 8879 8889
f 8842 8779 8742
f 7962 7916 7852
f 7852 8093 7962
f 7962 8093 7916
f 7511 7532 7649
f 7649 7500 7511
f 7297 7688 7379
f 7379 7322 7297
f 7509 7322 7379
f 7951 7688 8089
f 8089 8129 7951
f 8109 8129 8089
f 6950 6840 6820
f 7297 7112 7072
f 7072 7075 7297
f 6922 6971 6920
f 6920 6971 6869
f 6869 6971 7078
f 8348 8463 8456
f 8109 8289 8348
f 8348 8129 8109
f 8334 8129 8348
f 8555 8619 8627
f 8555 8504 8624
f 8624 8619 8555
f 8441 8427 8229
f 8504 8555 8441
f 8441 8555 8427
f 8229 8427 8387
f 8427 8555 8387
f 8347 8231 8334
f 8334 8348 8347
f 8456 8471 8347
f 8347 8348 8456
f 8590 8156 8627
f 8627 8600 8590
f 8590 8600 8156
f 8627 8678 8614
f 8614 8600 8627
f 8678 8600 8614
f 8623 8600 8678
f 8229 8156 8199
f 8199 8000 8229
f 7911 7688 7951
f 7951 8000 7911
f 7297 7322 7296
f 7249 7191 7296
f 7296 7509 7249
f 7296 7322 7509
f 6693 6302 6653
f 5894 5776 5724
f 5776 5637 5724
f 4590 4670 4685
f 4590 4400 4670
f 4685 4735 4666
f 4666 4590 4685
f 4400 4590 4666
f 4399 4400 4570
f 7492 7507 7644
f 7492 7438 7507
f 7422 7437 7492
f 7644 7852 7492
f 7852 7916 7492
f 7492 7694 7422
f 7492 7916 7694
f 7330 7518 7493
f 7330 7424 7518
f 8400 7407 8364
f 7586 7407 8322
f 7586 8322 7558
f 7586 7465 7407
f 7558 7465 7586
f 6979 6630 6236
f 6982 7208 6880
f 6098 6736 6773
f 6982 6880 6773
f 6251 6979 6236
f 6307 6979 6251
f 6236 6111 6251
f 6251 6111 6138
f 5809 5900 5925
f 5765 5625 5809
f 6008 5939 5788
f 6919 6855 6824
f 6736 6020 6719
f 6719 6855 6736
f 5897 5829 6098
f 6098 5829 5981
f 5765 5829 5710
f 8551 8506 8542
f 8542 8680 8551
f 8506 8551 8685
f 8685 8551 8680
f 8481 8460 8470
f 8488 8474 8398
f 8460 8481 8398
f 8398 8481 8488
f 9137 9120 9083
f 8489 8621 8495
f 8621 8841 8495
f 8495 8841 8486
f 7558 8322 7531
f 8322 7567 7531
f 6914 7417 6942
f 7404 7417 6914
f 8405 8446 8465
f 8479 8465 8446
f 8404 8405 8260
f 8260 8322 8404
f 8484 8479 8423
f 8423 8464 8486
f 8322 7407 8423
f 8429 8404 8423
f 8430 8414 8405
f 8460 8398 8431
f 7403 7404 7495
f 7403 7417 7404
f 7579 7417 7403
f 7495 7567 7403
f 8260 7579 7403
f 7403 7567 8260
f 8959 8927 9070
f 8959 8951 8927
f 8959 8992 8951
f 8929 8951 8896
f 8927 8951 8929
f 9017 9066 9093
f 9066 9072 9093
f 9093 9072 9120
f 9017 9111 9152
f 9427 9329 9454
f 9427 9445 9415
f 9350 9349 9383
f 9350 9383 9384
f 9384 9298 9350
f 9298 9264 9247
f 7212 7137 7162
f 7365 7137 7446
f 7365 7208 6982
f 6982 7137 7365
f 8503 8393 8415
f 8415 7424 8503
f 8393 7424 8415
f 7944 7947 8503
f 8729 8701 8700
f 8729 8730 8701
f 8700 8818 8729
f 8729 8818 8730
f 8990 8910 9049
f 9049 8818 8990
f 8990 8818 8910
f 8920 8818 8700
f 8910 8818 8920
f 8700 8744 8920
f 8920 8744 8898
f 8898 8953 8920
f 8920 8953 8910
f 8982 8953 8983
f 8983 8953 8898
f 8898 8901 8983
f 8983 8901 8972
f 8621 8616 8712
f 8712 8653 8709
f 8712 8616 8653
f 8709 8731 8712
f 5203 4985 4924
f 6553 6549 6550
f 6746 6495 6563
f 5867 6120 5947
f 7326 6867 7315
f 6583 6669 6794
f 6794 6669 6867
f 6581 6553 6436
f 6734 6553 6581
f 6645 6669 6537
f 6937 6794 6867
f 6436 6466 6407
f 7663 7735 7653
f 7653 7626 7663
f 8057 7798 7740
f 7423 7527 7566
f 7012 6977 7124
f 7270 7153 7367
f 7153 7380 7367
f 7608 7534 7383
f 7383 7263 7423
f 6214 5997 6050
f 9041 9147 9048
f 9041 9127 9147
f 9006 9127 9041
f 7960 7758 7875
f 7960 7875 8136
f 8136 7875 7816
f 7562 7315 7488
f 7562 7391 7315
f 7488 7536 7562
f 8294 8250 8773
f 4916 4947 5380
f 5380 5099 4916
f 4939 4888 4916
f 4772 4773 4916
f 3902 3925 3715
f 3178 2987 3064
f 3064 2987 2909
f 3064 3164 3178
f 2909 3164 3064
f 2909 2987 2796
f 3250 3319 3265
f 3135 3250 3058
f 2621 2439 2586
f 3135 3058 3003
f 2906 2713 2949
f 2713 2929 2949
f 2949 3003 2906
f 2911 2929 2713
f 4732 4754 4533
f 4533 4500 4732
f 4732 4821 4827
f 4500 4821 4732
f 4820 4732 4827
f 4754 4732 4820
f 4993 4899 4888
f 4863 4821 4888
f 4888 4899 4863
f 4827 4821 4863
f 4863 4899 4827
f 8511 8502 8408
f 8407 8388 8408
f 8409 8512 8408
f 8408 8339 8409
f 8278 8251 8252
f 8339 8408 8278
f 8278 8408 8388
f 8388 8251 8278
f 8252 8257 8340
f 8340 8278 8252
f 8454 8362 8340
f 8340 8362 8339
f 8434 8447 8409
f 8454 8447 8434
f 8409 8362 8434
f 8434 8362 8454
f 8887 8531 8541
f 8532 8531 8887
f 8928 9149 8887
f 6243 6202 6189
f 9421 9275 9260
f 9441 9387 9414
f 9414 9442 9441
f 9389 9401 9414
f 9414 9401 9291
f 9376 9387 9400
f 9400 9386 9376
f 9345 9387 9376
f 9376 9386 9345
f 9435 9426 9463
f 9435 9436 9426
f 9400 9436 9435
f 9326 9363 9345
f 9263 9363 9326
f 9338 9319 9216
f 9216 9234 9338
f 9345 9319 9338
f 9338 9326 9345
f 9234 9326 9338
f 7643 7681 7771
f 7771 7681 7696
f 8070 8180 8181
f 8133 8180 8070
f 8053 8066 8070
f 8070 8066 8133
f 7105 7358 7032
f 7032 7358 7386
f 7867 7915 8053
f 8053 7721 7867
f 7867 7721 7915
f 7655 7497 7251
f 8277 8565 8421
f 8277 8203 8077
f 7973 8077 7915
f 7973 8076 8077
f 7915 8077 8016
f 8077 8066 8016
f 8053 7915 8016
f 8016 8066 8053
f 7826 7815 7784
f 7910 7815 7826
f 7921 7815 7910
f 8004 7990 8030
f 8004 7968 7990
f 7910 7968 8004
f 8030 7995 8004
f 8004 7995 7910
f 7853 7968 7910
f 7990 8574 8029
f 8030 7990 8029
f 8029 8044 8030
f 9246 9248 9229
f 9248 9230 9229
f 9272 9248 9246
f 9272 9312 9248
f 9273 9312 9314
f 9230 9312 9273
f 9314 9295 9273
f 8937 8765 8580
f 8937 9003 8765
f 9186 9262 9221
f 9221 9272 9246
f 9186 9189 9190
f 9190 9262 9186
f 9190 9189 9330
f 9330 9262 9190
f 8267 8277 8201
f 8126 8238 8201
f 8201 8177 8126
f 8045 7995 8030
f 8558 8529 8421
f 8558 8421 8580
f 8580 8581 8558
f 8519 8529 8558
f 9519 9521 9474
f 9525 9521 9519
f 9474 9461 9519
f 9519 9442 9525
f 9461 9442 9519
f 9526 9524 9525
f 9331 9332 9330
f 9514 9332 9331
f 9264 9266 9212
f 9212 9296 9255
f 9212 9266 9279
f 9255 9189 9212
f 9212 9189 9186
f 7935 8116 7914
f 8710 8266 8669
f 8681 8266 8710
f 8669 8776 8710
f 8654 8324 8241
f 8241 8639 8654
f 8646 8241 8256
f 8646 8736 8654
f 8654 8639 8646
f 8760 8736 8759
f 8759 8788 8760
f 8734 8788 8759
f 8916 8788 8777
f 8777 8930 8916
f 8776 8930 8777
f 8777 8710 8776
f 8859 8831 8876
f 8831 8788 8876
f 8788 8917 8876
f 9132 9149 8863
f 8473 8704 8563
f 8137 8311 8384
f 8140 8160 8131
f 8131 8074 8140
f 7863 8074 8131
f 8153 8081 8080
f 8140 8074 8153
f 8074 8081 8153
f 9063 9045 9015
f 9071 9045 9063
f 9063 9194 9071
f 9361 9472 9422
f 9501 9492 9516
f 9501 9495 9477
f 9501 9477 9492
f 8511 8408 8516
f 8516 8408 8512
f 8516 8512 8521
f 9282 9281 9398
f 9398 9226 9282
f 9379 9226 9398
f 9374 9514 9373
f 9374 9355 9514
f 9353 9355 9333
f 9368 9355 9353
f 9314 9332 9353
f 9353 9333 9314
f 9353 9332 9514
f 9514 9368 9353
f 7385 7790 7457
f 7809 7790 8116
f 8116 7308 7809
f 7809 7457 7790
f 7308 7457 7809
f 6802 6897 6805
f 7491 7790 7517
f 7517 7790 7385
f 7385 7247 7517
f 7144 7308 7209
f 4471 4488 4646
f 6240 6276 6354
f 6240 6137 6276
f 5293 5805 5598
f 5598 5805 5806
f 6167 6029 6076
f 6181 6076 6029
f 8403 8474 8506
f 8403 8398 8474
f 9549 6167 9531
f 9531 6314 9549
f 7935 7914 7912
f 8886 8980 8856
f 8856 8884 8886
f 8886 8884 8980
f 6552 6578 6639
f 6802 6805 6639
f 6639 6805 6552
f 6434 6682 6380
f 8040 7987 8018
f 8018 8037 8040
f 7986 8037 8018
f 7850 7865 7837
f 8101 7865 7850
f 7837 7648 7850
f 7648 7612 7850
f 7866 7838 7837
f 7866 7899 7838
f 7837 7865 7866
f 8017 7899 7961
f 7961 7865 8101
f 7961 7866 7865
f 7899 7866 7961
f 7924 7899 8017
f 7642 6991 7734
f 6783 7642 7655
f 7601 7515 7530
f 7708 7515 7601
f 7130 7515 7578
f 7130 6905 6958
f 6958 7093 7130
f 7093 7515 7130
f 7622 7281 7524
f 7524 7281 7299
f 5418 5704 5299
f 5757 5704 5821
f 5704 5756 5821
f 3741 3832 3873
f 4973 5299 4357
f 6064 6176 6105
f 6105 6026 6064
f 6176 6026 6105
f 6176 6268 6206
f 6146 6145 6050
f 6050 6026 6146
f 6146 6026 6176
f 6176 6206 6146
f 6146 6206 6145
f 6107 6037 6306
f 6064 6037 6107
f 5394 5380 5288
f 5607 5396 5339
f 5658 6050 5760
f 5760 5779 5658
f 6050 5779 5760
f 6447 6496 6371
f 6883 6235 6733
f 6733 6808 6883
f 6883 6804 6306
f 6306 6235 6883
f 4780 5313 5362
f 5479 5362 5432
f 5387 5388 5285
f 5827 5859 5533
f 5533 5387 5452
f 5817 5387 5533
f 5452 5657 5533
f 5533 5657 5827
f 5754 5388 5714
f 5850 5859 6197
f 5754 5714 5850
f 5388 5817 5850
f 5850 5714 5388
f 6792 6808 6716
f 6050 6004 5831
f 5831 6004 5658
f 5927 5942 6037
f 6037 5832 5927
f 6362 6338 6348
f 6580 6338 6362
f 6907 6960 6776
f 7189 7262 7444
f 7248 7262 7215
f 7026 6960 6907
f 6907 6999 7026
f 7026 6999 7248
f 6860 6573 6684
f 6519 6573 6860
f 6792 6519 6860
f 1183 1216 1254
f 2070 2306 2038
f 2038 1847 2070
f 1829 1847 1692
f 1692 1614 1523
f 1254 1404 1365
f 1254 1385 1272
f 1645 1746 1769
f 1648 2133 1867
f 1867 1853 1648
f 1867 2133 2146
f 2146 1853 1867
f 1551 1591 1648
f 1648 1853 1551
f 1551 1358 1591
f 1374 1358 1310
f 1591 1358 1374
f 1310 1518 1374
f 1374 1518 1591
f 2283 2347 2348
f 2348 2373 2283
f 2380 2608 2348
f 2348 2347 2380
f 2333 2149 2156
f 2149 2100 2156
f 2801 2713 2906
f 2801 2562 2713
f 2753 2484 2597
f 2753 2227 2538
f 2538 2484 2753
f 2538 2227 2070
f 2070 2149 2538
f 2149 2484 2538
f 1908 2048 2026
f 1911 1853 2146
f 1893 2048 1908
f 1853 1911 1893
f 1769 1746 1893
f 1746 1853 1893
f 1216 1196 1218
f 1196 1227 1218
f 1912 1385 1405
f 1912 1424 1385
f 2704 2585 2623
f 2623 2691 2704
f 2704 2691 2830
f 2704 2830 3030
f 3030 2585 2704
f 2623 2585 2587
f 2380 2340 2422
f 2659 2625 2422
f 2422 2625 2380
f 2422 2536 2659
f 2340 2536 2422
f 1887 1735 1904
f 1904 1966 1887
f 1966 1904 2040
f 3734 2982 3662
f 3734 3720 2982
f 3862 3720 3734
f 3770 3720 3829
f 3056 3017 2901
f 3677 3017 3056
f 3130 3056 2901
f 3677 3056 3130
f 3796 3900 3797
f 3626 3787 3562
f 4443 4343 4390
f 4443 4565 4528
f 3974 4343 3988
f 4511 4390 4563
f 4511 4565 4390
f 4640 4606 4728
f 4390 3974 4132
f 4132 4277 4390
f 4132 4131 4277
f 4563 4390 4425
f 4390 4277 4425
f 3911 3787 3974
f 3911 3974 3757
f 6497 6532 6449
f 6715 6767 6497
f 6767 6532 6497
f 2985 2962 3769
f 2940 2962 2985
f 3769 3398 2985
f 2912 2761 3148
f 3148 3416 3245
f 3507 3416 3148
f 3148 3710 3507
f 3602 3710 3148
f 3502 3710 3602
f 3823 3710 3743
f 3743 3760 3823
f 3823 3760 4059
f 6532 6994 6596
f 6449 6532 6596
f 7254 7143 7280
f 7254 7346 7307
f 7280 7346 7254
f 7964 8022 7894
f 7477 7501 7444
f 7623 7626 7444
f 7444 7501 7623
f 7663 7626 7623
f 7856 7623 7501
f 7856 7855 7663
f 7663 7623 7856
f 7700 7701 7738
f 8042 7666 7724
f 7666 7652 7724
f 7724 7652 7953
f 7535 7395 7289
f 8350 8300 8209
f 8209 8180 8350
f 8209 8300 8181
f 8181 8180 8209
f 8386 8390 8480
f 8480 8530 8386
f 8520 8530 8480
f 8552 8520 8519
f 8552 8530 8520
f 4742 4625 4659
f 4659 4640 4728
f 4531 4640 4659
f 5642 5664 5268
f 5268 5664 5600
f 5268 5224 5326
f 5326 5642 5268
f 4874 4659 4728
f 6062 6212 6242
f 6242 6346 6062
f 6212 6346 6242
f 6310 6280 6062
f 6062 6346 6310
f 6503 6346 6212
f 6503 6599 6528
f 5727 5875 5917
f 5917 6017 5727
f 5875 6017 5917
f 5419 5466 5771
f 5466 5576 5771
f 7042 6657 7095
f 7042 6599 6657
f 6528 6599 7042
f 6668 6657 6643
f 6668 6755 6657
f 6823 7243 7117
f 6441 6280 6528
f 7455 7264 7101
f 7455 7373 7264
f 7219 7264 7421
f 7063 7219 7064
f 7264 7219 7063
f 7063 7064 6851
f 6209 6417 6394
f 6643 6423 6394
f 6704 6843 6643
f 6643 6606 6704
f 6414 6417 6209
f 6790 6900 6732
f 6843 6704 6732
f 1466 1744 1489
f 1684 1554 1489
f 1489 1744 1840
f 2531 2437 2154
f 2370 2201 2282
f 2282 2201 2168
f 1761 1721 1926
f 2154 2437 2336
f 1489 1554 1289
f 2468 2452 2569
f 2320 1994 2012
f 2012 2338 2320
f 2012 1933 2029
f 1994 1933 2012
f 2029 2367 2012
f 2266 2229 2320
f 2320 2468 2266
f 2266 2468 2379
f 2352 2379 2406
f 2406 2478 2352
f 2379 2478 2406
f 2408 2478 2554
f 1868 1621 1843
f 1565 1581 1497
f 2098 1994 2320
f 2098 1978 1994
f 1807 1933 1581
f 3712 3830 3738
f 2250 2539 2385
f 4550 3995 4592
f 3922 3959 3769
f 3922 3995 3959
f 3927 3703 3960
f 3927 3962 3703
f 3740 3500 3687
f 3687 3521 3595
f 3687 3500 3521
f 3595 3628 3620
f 3620 3687 3595
f 3960 3703 3864
f 3703 3817 3864
f 3610 3628 3409
f 3703 3628 3610
f 3769 3703 3610
f 3610 3489 3769
f 2765 2707 2797
f 2765 2797 2711
f 2711 2797 2893
f 2711 2554 2765
f 2408 2554 2711
f 2717 2419 2711
f 3100 3124 3047
f 3100 3218 3124
f 3100 3628 3218
f 3100 3222 3628
f 2926 3222 3100
f 3100 2802 2926
f 3348 3398 3369
f 3369 3190 3348
f 3348 2985 3398
f 3369 3489 3118
f 4555 4539 4597
f 4073 4260 4072
f 4072 3848 4073
f 4072 3740 3848
f 3726 3500 4072
f 4072 3500 3740
f 4404 4539 4555
f 4404 4260 4539
f 4073 4184 4111
f 4111 4260 4073
f 4184 4260 4111
f 4174 4083 4029
f 3856 4174 4029
f 5492 5374 5402
f 5513 5671 5723
f 5513 5723 5532
f 5033 5198 5123
f 5449 5198 5374
f 5449 5513 5532
f 5374 5513 5449
f 5321 5198 5532
f 4603 4347 4621
f 4621 4770 4603
f 4738 4890 4945
f 4738 4945 4988
f 5096 4890 5024
f 4945 4890 5096
f 7010 6760 6799
f 5723 5671 5800
f 5671 5492 5800
f 5800 5492 5699
f 5800 6032 5723
f 5879 6059 5827
f 5841 5933 6059
f 6059 5705 5841
f 5723 5803 5841
f 4915 4562 4974
f 5532 5705 5672
f 5518 5321 5532
f 5532 5672 5518
f 4686 4626 4915
f 4915 4959 4686
f 760 769 685
f 685 823 760
f 760 823 769
f 4023 4079 4075
f 4075 3832 4023
f 5254 5273 5231
f 5018 4607 4950
f 5524 5717 5619
f 5930 6071 5964
f 5941 5966 5622
f 5606 5467 5622
f 5622 5348 9533
f 5069 5177 5105
f 5105 5177 5328
f 5383 5521 5585
f 5243 5177 4987
f 4987 5230 5243
f 5254 5231 5113
f 4502 4483 5100
f 4502 5113 4723
f 4502 4416 4450
f 5069 5105 5256
f 5256 5105 5328
f 5069 5256 5012
f 7125 5910 6945
f 6945 5910 6316
f 5824 5910 5695
f 6121 5910 5874
f 6316 5910 6121
f 6011 7125 6106
f 6011 5910 7125
f 6106 5944 6011
f 5683 5637 5776
f 5683 5210 5422
f 6077 6185 6044
f 6044 5953 5894
f 5894 6077 6044
f 5839 5874 5824
f 5824 5683 5839
f 5839 5878 5953
f 5839 5683 5776
f 5953 6044 5839
f 5839 5776 5894
f 5894 5878 5839
f 6637 6965 6713
f 6185 6554 6498
f 6842 6554 6566
f 6842 6498 6554
f 6185 6498 6842
f 7086 7157 7135
f 7140 6928 7135
f 7135 6928 7086
f 7199 7233 7396
f 7043 6690 6742
f 6742 6614 6693
f 6742 6690 6614
f 7199 7043 6924
f 6924 7062 7199
f 6928 7062 6924
f 6924 6742 6928
f 7043 6742 6924
f 530 501 577
f 704 549 723
f 255 490 465
f 465 460 255
f 490 460 465
f 1306 1308 1356
f 1308 1504 1356
f 1463 1353 1306
f 1205 1097 1109
f 1636 1656 1350
f 1420 1350 1352
f 874 846 959
f 611 846 874
f 874 723 611
f 611 723 549
f 611 549 493
f 542 800 493
f 501 530 496
f 496 530 577
f 496 35 501
f 1037 1166 1163
f 1238 1166 1308
f 1238 1163 1166
f 1274 1163 1238
f 1112 1131 1130
f 1130 1043 1112
f 1306 1353 1293
f 1293 1274 1306
f 1112 1043 1061
f 740 834 864
f 1198 1012 789
f 1507 1629 1628
f 1628 1504 1507
f 1507 1504 1308
f 1392 1629 1431
f 1431 1257 1392
f 1629 1507 1431
f 1308 1257 1431
f 1431 1507 1308
f 665 566 635
f 1804 1504 1628
f 2045 2181 1989
f 1675 1979 1892
f 1892 1674 1675
f 1792 1979 1675
f 1939 1979 1792
f 1517 1675 1580
f 1517 1473 1675
f 1939 1656 2034
f 1880 1656 1636
f 1880 2034 1656
f 741 834 740
f 741 818 834
f 818 741 46
f 43 25 46
f 34 35 19
f 43 35 34
f 19 25 34
f 34 25 43
f 19 2 22
f 22 25 19
f 2 25 22
f 2 6 1
f 946 916 1255
f 1255 916 1117
f 1333 1117 1284
f 1593 1333 1284
f 916 880 1231
f 1231 1117 916
f 1231 1284 1117
f 1448 1484 1285
f 607 606 685
f 685 769 712
f 474 481 480
f 422 354 405
f 280 266 257
f 258 297 257
f 257 250 258
f 257 252 250
f 258 354 273
f 273 297 258
f 354 398 273
f 398 297 273
f 211 257 266
f 211 184 192
f 277 184 211
f 1031 994 909
f 909 930 1031
f 1032 1104 1031
f 1031 930 1032
f 1086 1104 1032
f 533 500 412
f 670 500 533
f 2745 2512 2619
f 2107 2181 2322
f 2322 2181 2277
f 2375 2510 2429
f 2429 2510 2651
f 3871 4006 4225
f 3282 3077 3251
f 3251 3077 3269
f 3251 3443 3282
f 3269 3443 3251
f 2094 1808 2107
f 2094 1999 1808
f 2107 2072 2094
f 9534 1421 1593
f 5675 5580 5761
f 5761 5580 5728
f 6049 5728 6019
f 6345 6387 6486
f 6520 6537 6486
f 5382 5381 5358
f 5426 5381 5382
f 5426 5358 5381
f 4632 4369 4239
f 5562 5738 5498
f 4262 4117 4208
f 4032 4117 3503
f 3744 4046 3765
f 3765 3506 3744
f 4077 4208 4117
f 4077 4117 4032
f 1392 1257 1451
f 948 46 61
f 948 990 834
f 818 46 948
f 834 818 948
f 3744 3506 3360
f 3506 3280 3360
f 3238 3250 3265
f 4300 4377 3937
f 2491 2426 2753
f 2304 2306 2491
f 2306 2426 2491
f 2784 2491 2753
f 2522 2491 2784
f 2476 2784 2799
f 2522 2784 2476
f 2304 2491 2476
f 2476 2491 2522
f 2956 2799 2902
f 2902 2915 2956
f 2799 2915 2902
f 2956 2915 2999
f 2799 2830 2766
f 2766 2691 2799
f 2830 2691 2766
f 4533 4754 4587
f 4754 4498 4587
f 5455 5426 5382
f 5597 5426 5455
f 4725 5031 5062
f 6014 6220 5973
f 5739 5758 5636
f 5144 5052 5146
f 6116 6159 5357
f 5357 6159 5424
f 5424 5325 5357
f 5357 5325 5144
f 4787 4529 4841
f 4841 4879 4787
f 4842 4841 4529
f 4440 4674 4439
f 5463 5164 5150
f 4802 4879 4868
f 4800 4674 4802
f 4787 4879 4802
f 4802 4674 4787
f 5303 5466 5419
f 5195 5466 5303
f 5140 5195 5303
f 5419 5608 5303
f 5320 5466 5195
f 5320 5576 5466
f 5319 5651 5320
f 5333 5350 5523
f 5333 5248 5350
f 5333 5523 5319
f 5319 5248 5333
f 4990 4956 4845
f 4845 4663 4990
f 4956 4663 4845
f 5117 4911 5091
f 5218 5271 5350
f 3662 3861 3733
f 3733 3861 3862
f 3733 3734 3662
f 3862 3734 3733
f 3746 3677 3797
f 3797 3861 3746
f 3662 3677 3746
f 3746 3861 3662
f 4066 4065 4180
f 4066 3861 4065
f 3861 4066 4199
f 4199 4066 4180
f 4180 4336 4199
f 4523 4182 4199
f 4199 4336 4490
f 1874 2054 2039
f 2039 1956 1874
f 1574 1898 1552
f 1896 1683 1747
f 2117 2054 2085
f 2049 2405 2284
f 1779 1720 1776
f 3149 2910 3123
f 3123 3378 3149
f 3432 3378 3123
f 3123 3484 3432
f 3432 3484 3378
f 3349 3143 3161
f 3161 3143 3081
f 3277 3183 3069
f 3069 3183 3050
f 2441 2405 2658
f 2927 2877 3123
f 2876 2877 2671
f 2874 2877 2876
f 3920 4270 4065
f 3797 3900 3920
f 4269 4270 3920
f 4448 4469 4631
f 4911 4663 4631
f 3852 3895 3742
f 2966 2877 2874
f 2874 3143 2966
f 3123 2877 2966
f 2966 3143 3123
f 1049 1090 1372
f 1372 1298 1049
f 1009 850 867
f 867 892 1009
f 867 850 762
f 762 892 867
f 1047 1065 1150
f 1047 1088 1048
f 1048 1065 1047
f 1132 1150 1102
f 1150 1065 1102
f 1102 1006 1132
f 1102 1065 1006
f 2185 2110 1928
f 2168 2110 2185
f 2154 2105 2152
f 2152 2062 1926
f 2105 2062 2152
f 2853 2785 2903
f 2853 3017 2982
f 2903 3017 2853
f 3425 3001 3720
f 2477 2767 2493
f 2493 2767 2785
f 2770 2648 2509
f 2770 2509 2752
f 2752 2509 2480
f 711 811 796
f 863 796 811
f 2271 2040 2212
f 1930 1784 1836
f 1938 1711 1930
f 1711 1784 1930
f 1938 1930 2002
f 2002 1930 2003
f 1909 2003 1906
f 1906 1930 1836
f 2003 1930 1906
f 2197 1909 2091
f 2197 2003 1909
f 2197 2312 2250
f 2352 2176 2209
f 2176 2175 2209
f 2351 2419 2397
f 2397 2312 2351
f 2351 2711 2419
f 2408 2711 2351
f 106 120 112
f 987 120 121
f 100 106 112
f 122 1367 119
f 1409 1327 1280
f 1280 1345 1409
f 1409 1345 1446
f 1836 1465 1718
f 1718 1465 1413
f 1836 1530 1707
f 1707 1530 1446
f 1707 1465 1836
f 1446 1465 1707
f 1390 1465 1446
f 1446 1328 1390
f 1413 1465 1390
f 1390 1328 1413
f 958 115 1027
f 118 115 958
f 1027 1095 958
f 1095 999 958
f 958 999 987
f 1122 1095 1280
f 1280 1174 1122
f 987 1095 1122
f 1122 1174 987
f 1280 1327 1264
f 1264 1174 1280
f 1264 1327 1342
f 1342 1174 1264
f 987 1174 968
f 968 986 934
f 968 938 987
f 934 120 968
f 968 120 938
f 1577 1518 1453
f 1453 1326 1577
f 1453 1518 1361
f 1361 1326 1453
f 1174 1326 1138
f 608 634 596
f 596 634 622
f 705 581 666
f 666 581 535
f 535 556 666
f 810 962 730
f 730 962 931
f 678 810 730
f 730 931 770
f 730 770 678
f 1070 1110 1233
f 1060 1110 1070
f 993 1060 1070
f 1129 1110 1042
f 835 849 673
f 573 499 497
f 608 499 573
f 573 619 608
f 910 1140 1001
f 1321 1393 1279
f 960 1018 910
f 910 852 960
f 770 931 960
f 960 852 770
f 993 1305 960
f 1305 1018 960
f 1186 1075 1180
f 1180 1075 1305
f 1180 1279 1186
f 1305 1279 1180
f 678 87 80
f 80 79 678
f 620 79 581
f 620 581 705
f 725 646 620
f 676 79 620
f 620 646 676
f 1007 915 881
f 657 569 686
f 711 796 686
f 686 796 657
f 613 568 711
f 613 569 568
f 711 686 613
f 613 686 569
f 568 569 510
f 509 612 588
f 598 612 509
f 509 510 447
f 568 510 509
f 544 440 456
f 544 456 608
f 544 556 535
f 608 596 544
f 544 596 556
f 779 898 795
f 795 743 779
f 742 743 689
f 631 574 689
f 689 697 631
f 689 743 697
f 517 498 486
f 486 498 322
f 360 296 369
f 360 313 296
f 482 425 523
f 861 808 885
f 811 808 861
f 861 863 811
f 885 1176 861
f 655 599 588
f 641 599 655
f 655 756 641
f 766 756 655
f 1022 1021 1346
f 1346 1347 1022
f 1376 1347 1346
f 637 701 565
f 565 594 637
f 648 594 592
f 648 700 701
f 701 637 648
f 648 637 594
f 648 592 762
f 762 700 648
f 399 433 400
f 414 458 408
f 464 598 444
f 598 458 444
f 458 414 444
f 99 104 91
f 785 591 912
f 1115 911 945
f 1250 1211 1332
f 1332 1553 1665
f 1665 1700 1731
f 441 478 638
f 3108 3741 3331
f 2703 2798 2914
f 1724 1801 9536
f 670 627 698
f 627 715 698
f 2192 9536 1854
f 3040 3136 2952
f 2952 3136 2957
f 2882 2914 2952
f 2952 2957 2882
f 3210 3040 3212
f 3212 3520 3210
f 4261 4357 9549
f 9549 4210 4261
f 955 942 858
f 1025 942 955
f 1161 942 1148
f 1148 1253 1161
f 1168 1167 1401
f 1167 1277 1401
f 9539 1625 1546
f 1546 1625 1547
f 6099 5762 6046
f 5918 5898 5857
f 3279 3782 3781
f 2814 9546 3067
f 2270 2598 2668
f 2363 1961 2270
f 2270 1961 2116
f 1825 2033 1952
f 1576 1592 1633
f 1633 1245 1576
f 1223 1220 1450
f 1450 1241 1223
f 1230 1245 1553
f 3389 9544 9546
f 2483 9544 3389
f 9546 2814 3389
f 3389 2814 2483
f 2078 1919 9537
f 9543 2483 2078
f 9543 9544 2483
f 2078 9537 9543
f 3203 9544 9543
f 9543 9537 3203
f 1743 1678 1742
f 1742 1919 1743
f 1481 1821 1646
f 1821 1919 1646
f 1646 1548 1481
f 558 739 696
f 558 696 688
f 383 334 331
f 857 953 954
f 1063 1220 1184
f 1220 1223 1184
f 1161 1391 1193
f 1193 1324 1161
f 1391 1324 1193
f 1428 1467 1450
f 1450 1220 1428
f 1442 1391 1481
f 1481 1548 1442
f 1725 1726 1467
f 15 62 27
f 27 17 15
f 161 23 38
f 38 28 161
f 23 28 38
f 17 5 16
f 254 253 285
f 296 229 285
f 369 296 311
f 401 350 411
f 344 311 309
f 369 311 344
f 99 117 123
f 123 155 99
f 117 155 123
f 830 682 727
f 858 830 920
f 651 604 680
f 531 604 651
f 662 651 680
f 662 484 531
f 531 651 662
f 1639 1532 1604
f 1604 1532 1590
f 1590 1532 1483
f 1202 1164 1170
f 1108 1164 1116
f 1064 996 1116
f 1116 996 1108
f 1116 1165 1064
f 1116 1164 1165
f 985 996 1064
f 271 306 307
f 391 431 395
f 412 431 391
f 286 233 291
f 145 113 94
f 94 151 145
f 94 113 96
f 96 62 94
f 62 15 94
f 153 151 136
f 171 151 180
f 180 151 153
f 239 229 296
f 237 253 254
f 254 285 237
f 237 285 229
f 237 229 205
f 88 97 99
f 99 73 88
f 88 73 97
f 27 62 68
f 68 73 27
f 97 73 68
f 96 97 68
f 68 62 96
f 177 176 262
f 218 182 177
f 182 181 177
f 167 176 177
f 177 181 167
f 177 249 218
f 262 249 177
f 8678 8689 8708
f 8708 8722 8678
f 8708 8820 8771
f 8771 8722 8708
f 8869 8879 8721
f 8879 8689 8721
f 8721 8690 8869
f 8721 8689 8690
f 9466 9454 9517
f 9517 9445 9466
f 9466 9427 9454
f 9445 9427 9466
f 9408 9354 9400
f 9322 9354 9408
f 9400 9435 9408
f 9408 9371 9322
f 9049 9073 9079
f 9079 9073 9159
f 9270 9104 9131
f 9131 9079 9159
f 8617 8649 8570
f 8570 8033 8617
f 7945 7969 7446
f 7821 7767 7945
f 7945 7767 7800
f 7446 7528 7546
f 7546 7528 7821
f 7546 7945 7446
f 7821 7945 7546
f 8982 8983 8984
f 8984 8983 8972
f 9241 9078 9202
f 9202 9277 9241
f 9216 9277 9202
f 9051 9027 9007
f 9139 9216 9051
f 9077 9078 9241
f 9241 9196 9077
f 9077 9196 9078
f 9078 9196 9047
f 9047 9038 8982
f 9159 9038 9047
f 9047 9196 9159
f 8001 8554 8090
f 8554 8049 8090
f 7692 7939 7938
f 7938 7939 8001
f 8963 8784 9007
f 9007 8973 8963
f 8933 8901 8763
f 8933 8973 8901
f 8763 8784 8933
f 8784 8963 8933
f 8933 8963 8973
f 9007 8784 8862
f 8862 8881 9007
f 8784 8881 8862
f 8814 8784 8756
f 8814 8881 8784
f 8908 8881 8779
f 8868 9046 8842
f 8915 9046 8868
f 8842 8875 8868
f 8868 8875 8915
f 9053 9046 9069
f 9037 9046 8968
f 8819 8875 8842
f 8828 8875 8819
f 9324 9319 9342
f 9342 9386 9324
f 9324 9386 9358
f 9358 9256 9324
f 9358 9322 9292
f 9292 9256 9358
f 9322 9256 9292
f 9210 9256 9207
f 9256 9293 9207
f 9159 9210 9207
f 9297 9256 9322
f 9322 9293 9297
f 9297 9293 9256
f 9322 9371 9294
f 9294 9293 9322
f 9523 9442 9478
f 9525 9442 9523
f 9523 9526 9525
f 9334 9335 9401
f 9334 9197 9335
f 9334 9265 9197
f 9334 9401 9389
f 9263 9265 9334
f 9389 9363 9334
f 9334 9363 9263
f 9218 9265 9263
f 9197 9265 9218
f 7754 7825 7772
f 7813 7825 7737
f 7846 8005 7813
f 8005 7825 7813
f 7827 7828 7846
f 7846 7813 7827
f 7827 7813 7737
f 7778 7828 7827
f 7827 7749 7778
f 7747 7827 7737
f 6893 6874 6549
f 6852 6874 6746
f 6549 6874 6852
f 6746 6563 6852
f 6852 6563 6549
f 8869 8690 8832
f 8832 8692 8869
f 8690 8692 8832
f 5790 5679 5833
f 6829 6909 6961
f 7028 6992 6961
f 6961 7618 7028
f 6443 6507 6491
f 6661 6740 6814
f 6814 6973 6661
f 6814 6906 7044
f 7044 6973 6814
f 6814 6992 6906
f 6814 6961 6992
f 6829 6961 6814
f 6746 6829 6814
f 6814 6740 6662
f 6814 6662 6746
f 7737 7772 7745
f 7563 7516 7603
f 7589 7563 7603
f 7603 7745 7772
f 7603 7516 7737
f 7737 7745 7603
f 7737 7516 7698
f 7698 7516 7454
f 7698 7618 7737
f 7454 7618 7698
f 8109 8089 8002
f 8002 8089 7688
f 7711 7692 7625
f 7625 7640 7711
f 7711 7640 7694
f 7711 7694 8001
f 8001 7939 7711
f 7711 7939 7692
f 8058 8599 8617
f 8058 8049 8763
f 8763 8599 8058
f 7821 7528 7760
f 7760 7767 7821
f 7760 7481 7767
f 7587 7392 7625
f 7466 7481 7414
f 7466 7587 7662
f 7414 7274 7466
f 7274 7392 7466
f 7800 7481 7730
f 7274 7018 7138
f 7138 7392 7274
f 8698 8742 8779
f 8779 8688 8698
f 8698 8688 8671
f 8718 8779 8756
f 8718 8688 8779
f 8756 8784 8718
f 8718 8784 8554
f 8554 8568 8718
f 8001 8093 8051
f 8093 8688 8051
f 7532 8569 8422
f 8569 7649 8422
f 7756 8093 7644
f 8671 8688 8651
f 8095 7532 7627
f 8302 8569 7532
f 8302 8650 8569
f 8302 8305 8612
f 8612 8650 8302
f 6501 6555 6571
f 6501 6502 6555
f 6296 6159 6277
f 6820 6840 6485
f 6469 6525 6609
f 6571 6685 6568
f 6568 6685 6609
f 6568 6501 6571
f 6609 6525 6568
f 6525 6501 6568
f 6609 6685 6737
f 7075 7072 7017
f 7017 7072 6950
f 6820 7075 7017
f 7017 6950 6820
f 6555 6922 6827
f 6922 6920 6827
f 6869 6555 6827
f 6827 6920 6869
f 7258 6971 7079
f 7258 7078 6971
f 7258 7079 7044
f 7258 7381 7314
f 7044 7454 7258
f 7258 7490 7563
f 7258 7563 7589
f 7589 7381 7258
f 7454 7490 7258
f 6869 7078 6854
f 6571 6869 6854
f 6854 6685 6571
f 8419 8289 8401
f 8419 8348 8289
f 8419 8401 8463
f 8463 8348 8419
f 8291 8156 8229
f 8229 8387 8291
f 8535 8555 8627
f 8627 8387 8535
f 8535 8387 8555
f 8448 8347 8471
f 8231 8347 8448
f 8229 8231 8448
f 8448 8441 8229
f 8448 8471 8504
f 8504 8441 8448
f 8697 8623 8678
f 8678 8722 8697
f 8771 8687 8697
f 8697 8722 8771
f 8123 8199 8156
f 8000 8199 8123
f 7919 7848 7509
f 7864 7379 7688
f 7688 7911 7864
f 7509 7379 7864
f 7864 7911 8000
f 7864 7919 7509
f 7253 7112 7297
f 7297 7296 7253
f 7253 7296 7112
f 7224 7191 7112
f 7112 7296 7224
f 7224 7296 7191
f 5886 5959 5846
f 6693 6653 6676
f 6300 6302 6693
f 6693 6391 6300
f 6391 6228 6300
f 6173 6228 6391
f 5422 5210 5423
f 5423 5210 5280
f 5423 5440 5724
f 5423 5724 5637
f 5423 5683 5422
f 5637 5683 5423
f 4672 4759 4670
f 4670 4400 4505
f 4505 4535 4670
f 4400 4666 4648
f 4648 4570 4400
f 4648 4666 4735
f 5322 5404 5092
f 5322 5683 5404
f 5210 5683 5322
f 4886 4819 5092
f 5369 5170 5092
f 5369 5367 5170
f 8286 7340 8461
f 8286 7387 7340
f 8400 8364 8286
f 8286 8364 7407
f 7407 7387 8286
f 6908 6634 6652
f 6652 6798 6908
f 6652 6634 6492
f 6908 6798 7259
f 7259 6798 6743
f 7259 7531 6908
f 7558 7531 7259
f 6663 6664 5988
f 7030 7234 6941
f 7113 6979 6307
f 7050 6979 7113
f 6313 6880 7208
f 6313 6773 6880
f 6982 6773 6881
f 6881 6773 6736
f 6736 6855 6881
f 6855 6919 6881
f 6066 6111 5941
f 6138 6111 6066
f 6074 5966 5941
f 5941 6111 6074
f 6074 6111 6236
f 5925 5900 5785
f 5900 5663 5785
f 5626 5663 5900
f 5900 5809 5626
f 5626 5809 5625
f 5585 5663 5626
f 5626 5383 5585
f 5788 5939 5906
f 5906 5785 5663
f 5925 5785 5906
f 6005 5809 5925
f 6005 6719 6020
f 6824 6855 6005
f 6855 6719 6005
f 6008 6084 6826
f 6083 6826 6824
f 7212 7162 6983
f 6982 6881 6983
f 6983 6881 6919
f 6968 6919 6824
f 6824 6969 6968
f 6968 6969 7257
f 6020 6160 6081
f 6081 6160 6098
f 6098 5981 6081
f 8720 8680 8766
f 8720 8685 8680
f 8766 8856 8720
f 8542 8488 8513
f 8488 8481 8513
f 8513 8640 8542
f 8797 8762 8888
f 8202 7958 7934
f 7934 8762 8202
f 8316 8195 8202
f 8655 8720 8856
f 8677 8522 8611
f 8611 8751 8677
f 8677 8513 8481
f 8677 8751 8679
f 8677 8679 8640
f 8640 8513 8677
f 8640 8679 8741
f 8679 8751 8741
f 8751 8764 8741
f 8741 8680 8640
f 8766 8680 8741
f 8741 8764 8766
f 9123 9180 9137
f 9137 9083 9123
f 7433 7567 7404
f 7433 7531 7567
f 7433 7404 6908
f 6908 7531 7433
f 6910 6634 6908
f 6910 6914 6634
f 6908 7404 6910
f 7404 6914 6910
f 8428 8404 8429
f 8428 8479 8446
f 8429 8479 8428
f 8428 8446 8405
f 8405 8404 8428
f 8484 8423 8468
f 8468 8423 8486
f 8457 8479 8429
f 8429 8423 8457
f 8457 8423 8479
f 8358 7407 8400
f 8400 8423 8358
f 8358 8423 7407
f 8370 8404 8322
f 8322 8423 8370
f 8370 8423 8404
f 8272 8313 8353
f 8470 8460 8452
f 8460 8431 8452
f 8452 8465 8470
f 8414 8430 8452
f 8452 8431 8414
f 8405 8465 8452
f 8452 8430 8405
f 8414 8431 8406
f 8406 8431 8398
f 8406 8385 8414
f 8353 8385 8406
f 8406 8398 8353
f 8307 8313 7641
f 5936 5984 6023
f 6492 6634 6023
f 6023 5984 6010
f 9001 8980 9017
f 8837 8797 9001
f 9001 8797 8888
f 8856 8980 9001
f 8837 9001 8850
f 8927 8929 8883
f 8883 8929 8896
f 8809 8316 8798
f 8798 8850 8809
f 8809 8850 8824
f 9068 9111 9017
f 9017 9093 9068
f 9068 9093 9111
f 9111 9093 9135
f 9300 9323 9329
f 9329 9349 9303
f 9349 9350 9303
f 9380 9349 9329
f 9383 9349 9380
f 9329 9427 9380
f 9520 9383 9380
f 9380 9427 9415
f 9380 9517 9520
f 9415 9445 9380
f 9380 9445 9517
f 7947 7944 7890
f 7446 7969 7890
f 7890 7969 7947
f 8731 8730 8812
f 8730 8818 8812
f 8812 8818 9049
f 8767 8841 8621
f 8621 8712 8767
f 5331 5661 5308
f 5106 5203 4924
f 6312 6217 5643
f 6661 6572 6426
f 6491 6507 6426
f 6672 6661 6426
f 5679 5790 6426
f 6426 6740 6672
f 6507 6740 6426
f 5562 5685 5775
f 6072 6120 5867
f 6072 6289 6375
f 6292 6289 6210
f 6210 5975 6292
f 6289 5975 6210
f 6401 6429 6495
f 6120 6429 6401
f 6401 6443 5833
f 6495 6507 6401
f 6507 6443 6401
f 6553 6550 6451
f 6451 6466 6553
f 6431 6289 6292
f 6375 6289 6431
f 6549 6463 6431
f 6431 6550 6549
f 6481 6463 6549
f 6549 6563 6481
f 6375 6431 6481
f 6481 6431 6463
f 6495 6429 6481
f 5867 5733 5718
f 5975 5738 5823
f 5823 5738 5562
f 6867 6669 6822
f 6822 6940 6867
f 7315 6867 7273
f 6867 6940 7273
f 7488 7315 7273
f 6261 6327 6365
f 6365 6049 6261
f 6324 6049 6365
f 7315 7391 7337
f 7337 7326 7315
f 7391 7326 7337
f 7256 7326 7391
f 7635 7256 7391
f 6583 6794 6706
f 6534 6581 6436
f 6534 6706 6794
f 6583 6706 6534
f 6841 6794 6901
f 6794 6937 6901
f 7663 7855 7770
f 7770 7824 7663
f 7855 7824 7770
f 7762 7735 7663
f 7663 7824 7762
f 7761 7740 7791
f 7791 8057 7761
f 7761 8057 7740
f 8111 8057 7791
f 8264 8057 8111
f 7909 7861 7881
f 7791 7740 7719
f 7719 7566 7791
f 7525 7527 7791
f 7791 7566 7525
f 7525 7566 7527
f 7703 7788 7608
f 7740 7798 7703
f 7798 7788 7703
f 7104 7001 7069
f 7506 7536 7488
f 7488 7273 7506
f 7595 7434 7304
f 7434 7506 7304
f 7304 7506 7273
f 7304 7273 7118
f 7471 7420 7293
f 6447 6392 6511
f 6631 6496 6447
f 6447 6511 6631
f 6631 6511 6696
f 6269 6496 6234
f 6220 6371 6269
f 6269 6371 6496
f 6529 6365 6474
f 6474 6365 6327
f 6835 7052 6966
f 7153 6963 7154
f 6963 7263 7154
f 7425 7527 7423
f 7423 7263 7425
f 7487 7383 7534
f 7487 7367 7380
f 7467 7367 7487
f 7456 7383 7423
f 7608 7383 7456
f 7423 7703 7456
f 7456 7703 7608
f 5997 6214 6203
f 6343 6203 6214
f 5997 6203 6343
f 6050 6145 6533
f 6533 6214 6050
f 9048 9030 9011
f 9011 9041 9048
f 9006 9041 9011
f 8955 9006 9011
f 9011 8954 8955
f 8921 8954 9011
f 9011 9030 8921
f 8717 8342 8533
f 7521 7702 7569
f 7569 7439 7521
f 7439 7318 7521
f 8773 8250 8791
f 8792 8376 8754
f 8792 8791 8740
f 7569 7702 7582
f 7582 7439 7569
f 7758 7883 7714
f 7714 7883 7702
f 7604 7562 7536
f 7907 7801 7840
f 7391 7562 7840
f 7928 7796 7882
f 7702 7883 7882
f 7713 7582 7702
f 5099 5380 5199
f 5111 4993 5008
f 5008 4993 4888
f 5207 5380 4947
f 5288 5380 5207
f 4761 4780 4628
f 4761 4854 4780
f 4478 4324 4452
f 4824 4761 4628
f 4854 4761 4824
f 5285 4854 5013
f 4916 4888 4796
f 4796 4772 4916
f 4888 4821 4734
f 4734 4796 4888
f 4772 4796 4734
f 4679 4711 4368
f 3071 2808 3078
f 2808 2987 3078
f 3231 3273 3178
f 3178 3164 3231
f 4780 4854 4923
f 4923 5313 4780
f 4923 5362 5313
f 4923 4854 5285
f 5285 5362 4923
f 6019 5728 5843
f 5843 5858 6019
f 2570 2348 2608
f 2373 2348 2570
f 2764 2705 2909
f 2909 2796 2764
f 2810 2987 2808
f 2810 2796 2987
f 2685 2796 2810
f 2810 2655 2685
f 2808 2621 2810
f 2586 2655 2810
f 3902 3573 3903
f 3902 3715 3625
f 3625 3573 3902
f 3135 3003 3109
f 3109 2949 2929
f 3003 2949 3109
f 2722 2808 3071
f 2722 2621 2808
f 3071 2911 2722
f 2672 2621 2722
f 2722 2911 2672
f 2680 2621 2672
f 2680 2911 2713
f 2672 2911 2680
f 2680 2713 2253
f 2253 2469 2680
f 2958 3058 3020
f 2958 3003 3058
f 2906 3003 2958
f 2958 3020 2918
f 4500 3698 3924
f 4501 4500 3924
f 3924 3715 3925
f 3759 3698 3811
f 4300 3937 3811
f 3811 3937 3759
f 4334 4500 4533
f 4334 3698 4500
f 4300 3811 4334
f 4334 3811 3698
f 3095 3046 2956
f 8425 8502 8473
f 8425 8408 8502
f 8473 8407 8425
f 8407 8408 8425
f 8112 8188 8162
f 8162 8257 8112
f 8163 8257 8252
f 8112 8257 8163
f 8108 7824 7855
f 8303 8340 8257
f 8303 8360 8372
f 8257 8360 8303
f 8467 8454 8437
f 8437 8340 8467
f 8454 8340 8437
f 8339 8278 8325
f 8325 8340 8339
f 8278 8340 8325
f 8532 8887 8924
f 8885 8817 8919
f 8919 8817 8816
f 8789 8804 8816
f 7480 7695 7577
f 7577 7477 7480
f 7841 7839 7577
f 7577 7695 7841
f 7473 7559 7482
f 7482 7543 7473
f 6329 6442 6561
f 6189 6190 6329
f 6329 6190 6254
f 6202 6243 6158
f 6059 5933 6158
f 6189 6202 6158
f 6158 5933 6189
f 6694 6489 6648
f 9431 9275 9432
f 9275 9421 9432
f 9432 9442 9431
f 9388 9387 9389
f 9389 9414 9388
f 9388 9414 9387
f 9442 9414 9375
f 9258 9274 9375
f 9274 9442 9375
f 9375 9291 9258
f 9375 9414 9291
f 9158 9234 9139
f 9158 9326 9234
f 9263 9326 9158
f 9158 9218 9263
f 9197 9218 9158
f 9139 9128 9158
f 9107 9197 9158
f 7055 6898 6900
f 7502 7651 7638
f 7651 7502 7510
f 8060 8055 8028
f 7780 7696 7693
f 7780 7771 7696
f 7693 7744 7780
f 7780 8028 7771
f 8183 8390 8147
f 8520 8480 8183
f 8183 8480 8390
f 7032 6948 6964
f 6964 7105 7032
f 7032 7386 7169
f 7276 7398 7374
f 7374 7398 7358
f 7693 7588 7707
f 7707 7744 7693
f 7707 7721 7744
f 7550 7588 7452
f 6536 6757 6569
f 6530 6602 6692
f 6186 6360 6170
f 6184 6360 6186
f 6298 6360 6518
f 6170 6360 6298
f 6342 6360 6184
f 7472 7497 7655
f 7655 7674 7472
f 7472 7674 7497
f 7497 7447 7376
f 6536 6595 6620
f 6620 6757 6536
f 6595 6757 6620
f 7206 7251 7305
f 7305 7251 7497
f 7497 7376 7305
f 8359 8421 8350
f 8359 8277 8421
f 8077 8076 8168
f 8168 8277 8077
f 7736 7674 7655
f 7910 7826 7783
f 7783 7853 7910
f 7783 7826 7784
f 7784 7736 7783
f 8580 8565 8579
f 8020 8574 7990
f 7990 7966 8020
f 8020 7966 8574
f 7977 7987 8524
f 7977 8538 7966
f 7955 7987 7977
f 7977 7966 7955
f 9299 9262 9330
f 9330 9312 9299
f 9312 9272 9299
f 9299 9221 9262
f 9272 9221 9299
f 8580 8724 8849
f 8849 8937 8580
f 8859 8876 8975
f 8975 8876 8917
f 8871 8760 8859
f 8859 8975 8871
f 8126 8177 8073
f 8177 8045 8073
f 8073 8045 8030
f 8030 8044 8073
f 8073 8044 8126
f 8606 8607 8765
f 8765 8613 8606
f 8580 8607 8606
f 9524 9526 9527
f 9527 9526 9528
f 9520 9524 9527
f 9527 9528 9518
f 9527 9514 9520
f 9518 9514 9527
f 9330 9514 9357
f 9357 9331 9330
f 9514 9331 9357
f 9185 9212 9186
f 9264 9212 9185
f 9279 9296 9228
f 9228 9212 9279
f 9296 9212 9228
f 7868 7790 7491
f 8116 7790 7851
f 7851 7914 8116
f 7790 7868 7851
f 7851 7868 7914
f 8669 8266 8309
f 8172 8116 7935
f 7989 7524 7299
f 8101 8012 8152
f 8012 7989 8174
f 8192 8152 8174
f 8174 8152 8012
f 8324 8154 8175
f 8175 8241 8324
f 8255 8646 8256
f 8255 8256 8192
f 8711 8266 8681
f 8711 8646 8266
f 8736 8646 8711
f 8734 8759 8711
f 8711 8759 8736
f 8711 8788 8734
f 8711 8777 8788
f 8681 8710 8711
f 8710 8777 8711
f 8639 8241 8629
f 8629 8646 8639
f 8241 8646 8629
f 8952 8917 8916
f 8952 8978 8917
f 8916 8930 8952
f 8952 8930 8896
f 8992 9032 8986
f 8986 8952 8992
f 8978 8952 8986
f 9191 8959 9070
f 9425 9379 9398
f 9425 9448 9449
f 9398 9382 9425
f 9382 9448 9425
f 8384 8311 8391
f 8311 8642 8391
f 8717 8642 8335
f 8335 8642 8311
f 8335 8342 8717
f 8311 8342 8335
f 8757 8899 8384
f 8384 8391 8757
f 8757 8391 8642
f 8962 8899 8977
f 8218 8137 8384
f 8308 8356 8293
f 8389 8775 8363
f 8363 8775 8380
f 8293 8356 8321
f 8786 8804 8789
f 8455 8804 8786
f 8789 8816 8727
f 8727 8816 8817
f 8469 8786 8789
f 8789 8727 8469
f 8472 8531 8467
f 8112 7984 8078
f 8087 7884 7863
f 7863 8131 8087
f 8087 7894 7884
f 7964 7894 8087
f 8087 8022 7964
f 8087 8131 8022
f 9249 9194 9230
f 9230 9273 9249
f 9249 9273 9295
f 9035 9063 9015
f 8765 9003 9035
f 9035 8613 8765
f 9230 9194 9214
f 9214 9063 9230
f 9194 9063 9214
f 8752 8775 8389
f 8380 8775 8909
f 8909 8416 8380
f 9344 9361 9346
f 9346 9361 9422
f 9397 9382 9281
f 9422 9382 9397
f 9397 9346 9422
f 9149 9153 9118
f 8532 8924 9118
f 9118 8887 9149
f 9118 8924 8887
f 9058 8995 8977
f 9502 9501 9516
f 9449 9448 9450
f 7385 7457 7306
f 7306 7457 7308
f 6314 6588 6509
f 6897 7053 6978
f 7067 7247 7385
f 7385 7306 7067
f 7067 7306 7308
f 7067 6865 6998
f 6998 7053 7067
f 6802 6639 6547
f 6547 6639 6578
f 6547 6578 6483
f 7372 7371 7491
f 7491 7107 7372
f 7142 7107 7491
f 7491 7517 7142
f 7142 7517 7247
f 6802 6547 7051
f 6995 7051 7107
f 6995 6897 6802
f 6802 7051 6995
f 4876 4297 4954
f 4876 4701 4297
f 4954 4878 4876
f 4878 4488 4714
f 4848 4488 4878
f 4848 4646 4488
f 5038 4878 5004
f 4878 5168 5004
f 5034 4878 4954
f 5034 5168 4878
f 5294 5202 5293
f 6865 6752 6703
f 6354 6380 6421
f 6380 6682 6421
f 6552 6805 6791
f 6998 6865 6791
f 6791 7053 6998
f 6791 6978 7053
f 6791 6805 6897
f 6897 6978 6791
f 5293 5598 5398
f 5346 5294 5398
f 5398 5294 5293
f 5398 6070 5346
f 6015 6181 6029
f 6199 6181 6239
f 6076 6181 6199
f 6167 6076 6667
f 6167 6667 6309
f 8377 8403 8506
f 6464 6380 6483
f 6464 6434 6380
f 6483 6578 6464
f 6464 6578 6552
f 6552 6434 6464
f 6551 6434 6552
f 8515 8524 8040
f 8040 8037 8515
f 8515 8037 8017
f 8017 8324 8515
f 8515 8324 8654
f 7986 8018 7965
f 7965 8018 7987
f 7901 7987 7955
f 7811 7773 7764
f 7759 7850 7612
f 8101 7850 7799
f 7799 8012 8101
f 7557 7612 7648
f 7648 7838 7613
f 7838 7704 7613
f 7613 7557 7648
f 7549 7557 7613
f 6991 7642 6962
f 6962 6783 6991
f 7642 6783 6962
f 5508 6070 5949
f 5346 6070 5508
f 6991 6783 6871
f 7561 7578 7723
f 7165 6905 7561
f 6848 6905 6887
f 6958 6905 6848
f 6887 6905 6974
f 6991 6871 6974
f 6974 6871 6887
f 6974 6905 7165
f 7734 6991 6974
f 5892 5855 5757
f 5757 5821 5892
f 5138 5121 5209
f 3886 3873 3832
f 3873 3886 4119
f 3741 3873 3936
f 3936 4119 4173
f 3873 4119 3936
f 6010 5984 5909
f 5936 5868 5909
f 5909 5984 5936
f 5818 5868 5936
f 5818 5909 5868
f 5299 4973 5182
f 5071 4973 5002
f 5002 4904 5071
f 5002 4973 4357
f 4751 4904 4726
f 4904 4788 4726
f 4357 4658 4726
f 4726 4788 4357
f 5680 5818 5662
f 5795 5818 5680
f 6266 6206 6268
f 5609 5380 5658
f 5609 5607 5339
f 5954 5758 5739
f 5954 5739 5777
f 6246 6220 6016
f 6246 6371 6220
f 6392 6246 6253
f 7001 7104 6956
f 6956 7124 6977
f 6956 7104 7124
f 6977 6804 6857
f 6804 6883 6857
f 6857 6956 6977
f 6883 6956 6857
f 6306 6804 6413
f 7221 7263 6963
f 7012 7124 7204
f 4780 5362 5361
f 5361 5362 5479
f 5572 5589 5754
f 5754 5479 5572
f 5479 5432 5572
f 5388 5589 5572
f 5572 5432 5388
f 5285 5388 5347
f 5388 5432 5347
f 5347 5362 5285
f 5347 5432 5362
f 5291 5387 5098
f 5480 5817 5388
f 5388 5387 5480
f 5480 5387 5817
f 5769 5533 5859
f 5817 5533 5769
f 5859 5850 5769
f 5769 5850 5817
f 6043 6060 5859
f 6043 6047 6060
f 6281 6047 6348
f 6060 6047 6281
f 6197 6060 6281
f 6348 6338 6281
f 6281 6338 6197
f 6564 6580 6792
f 6792 6716 6564
f 6197 6580 6564
f 6564 6808 6197
f 6564 6716 6808
f 5587 5479 5754
f 5587 5520 5479
f 5479 5520 5491
f 5491 5361 5479
f 6034 6026 6050
f 5834 5813 5754
f 5832 5813 5834
f 5834 5927 5832
f 6134 6235 5942
f 5942 5927 6134
f 5927 5834 6134
f 6134 5834 5754
f 6197 6235 6134
f 6134 5850 6197
f 5754 5850 6134
f 6389 6573 6519
f 6389 6519 6580
f 6389 6362 6348
f 6580 6362 6389
f 7444 7626 7449
f 7449 7189 7444
f 7626 7189 7449
f 7171 7189 7626
f 7171 6808 6792
f 7171 6916 6808
f 7069 6916 7171
f 7171 7241 7069
f 7040 6960 7166
f 7166 7189 7040
f 7262 7189 7166
f 7166 7215 7262
f 7248 6960 7121
f 7121 7026 7248
f 6960 7026 7121
f 6884 6776 6960
f 6960 6860 6884
f 6684 6776 6884
f 6884 6860 6684
f 1556 1539 1513
f 1647 1534 1513
f 1513 1539 1647
f 1596 1597 1638
f 1623 1556 1596
f 1556 1623 1795
f 1647 1539 1649
f 1539 1650 1649
f 1213 82 1254
f 1254 1365 1213
f 1472 1513 1281
f 74 982 61
f 61 70 74
f 1669 1614 1705
f 1614 1692 1705
f 1995 2038 2306
f 1847 2038 1995
f 1995 1899 1847
f 1525 1404 1586
f 1525 1365 1404
f 1586 1597 1525
f 1769 1908 1783
f 1908 2026 1783
f 1829 1692 1797
f 1523 1367 1569
f 1367 1434 1569
f 1549 1569 1434
f 1682 1569 1549
f 1358 1371 1297
f 1188 1358 1297
f 1297 1371 112
f 1297 112 1188
f 1368 1434 1367
f 1367 122 1368
f 1571 1551 1853
f 1358 1551 1571
f 1571 1853 1746
f 1371 1429 1571
f 1746 1645 1571
f 2204 2048 2146
f 2283 2373 2205
f 2205 2133 2283
f 2146 2133 2205
f 2439 2342 2423
f 2333 2156 2234
f 2234 2156 2159
f 2234 2159 2253
f 2253 2364 2234
f 2768 2769 2753
f 2753 2597 2768
f 2485 2597 2484
f 2562 2768 2485
f 2485 2768 2597
f 2253 2713 2485
f 2713 2562 2485
f 2485 2364 2253
f 2485 2149 2333
f 2485 2484 2149
f 2333 2234 2485
f 2485 2234 2364
f 1864 1908 1769
f 1769 1893 1864
f 1864 1893 1908
f 2048 1893 1990
f 1990 1893 1911
f 2146 2048 1990
f 1990 1911 2146
f 2141 2159 2092
f 2159 2156 2092
f 1969 2100 1829
f 1829 1970 1969
f 1970 2092 1969
f 1309 1338 1216
f 1216 1218 1309
f 1309 1359 1338
f 1309 1218 1227
f 1309 1227 1228
f 1228 1359 1309
f 2989 2965 3030
f 3030 3162 2989
f 2989 3162 2965
f 3030 2763 2781
f 1338 1555 1618
f 1405 1338 1618
f 1618 1912 1405
f 2965 2778 2842
f 2842 2778 2763
f 3030 2965 2842
f 2842 2763 3030
f 3119 3162 3258
f 1966 2040 2140
f 1958 2040 1904
f 1958 1904 1735
f 1735 1672 1958
f 1958 1672 1658
f 1958 1602 1938
f 1658 1602 1958
f 2727 2625 2659
f 3890 3891 3558
f 3558 3770 3890
f 3890 3770 3829
f 3829 3904 3890
f 4017 3891 3890
f 4447 4448 4197
f 4197 4448 4269
f 4269 3920 4197
f 4197 3920 3900
f 3050 3091 2977
f 3797 3677 3585
f 3053 3130 2901
f 3797 3585 3053
f 3677 3130 3053
f 3053 3585 3677
f 3148 2761 3066
f 2761 2813 3066
f 2638 2892 2971
f 2971 2746 2638
f 2971 3066 2746
f 2638 2746 2639
f 2639 2301 2370
f 2639 2746 2301
f 3558 3891 3907
f 3907 3626 3558
f 3907 3891 4017
f 4017 3787 3907
f 3787 3626 3907
f 4343 4443 4344
f 4344 4443 4406
f 4344 4406 4482
f 4390 4565 4463
f 4463 4443 4390
f 4565 4443 4463
f 4482 4406 4516
f 4406 4443 4516
f 4516 4443 4528
f 4606 4640 4605
f 4482 4516 4605
f 4605 4516 4601
f 4605 4531 4482
f 4605 4640 4531
f 3948 3787 4017
f 4188 4131 4017
f 4277 4131 4188
f 4017 4053 4188
f 4188 4053 4277
f 3951 4132 3974
f 4131 4132 3951
f 3974 3787 3951
f 3787 3948 3951
f 4017 4131 3951
f 3951 3948 4017
f 3562 3787 3850
f 3787 3911 3850
f 3850 3578 3562
f 3911 3578 3850
f 3562 3578 3454
f 3454 3626 3562
f 4523 4706 4552
f 4552 4706 4617
f 4552 4617 4563
f 4563 4425 4552
f 4592 4862 4866
f 6062 6280 5742
f 2760 2761 2940
f 2940 2624 2760
f 3022 2962 2761
f 2761 2912 3022
f 3022 2912 3148
f 3148 3245 3022
f 3416 2962 3022
f 3022 3245 3416
f 3768 3922 3769
f 3813 3768 3638
f 3416 3507 3638
f 3638 3768 3769
f 3148 3502 3504
f 3504 3602 3148
f 3502 3602 3504
f 4059 4192 4137
f 3710 3823 3857
f 6449 6596 6523
f 6523 6596 6565
f 6565 6596 6656
f 6656 6596 6994
f 7654 7701 7700
f 7654 7738 7701
f 7654 7602 7738
f 7364 7295 7307
f 7307 7346 7364
f 7364 7346 7426
f 7614 7856 7501
f 7614 7477 7577
f 7501 7477 7614
f 7870 7614 7577
f 7856 7614 7870
f 7855 7856 8212
f 8212 8108 7855
f 7797 7894 7879
f 7884 7894 7797
f 7863 7884 7797
f 7630 7929 7676
f 7646 7583 7620
f 7700 7738 7739
f 7739 7797 7700
f 7738 7797 7739
f 8079 8153 8080
f 8080 8036 8079
f 8186 8153 8157
f 8186 8036 8161
f 7699 7666 8042
f 7617 7541 7435
f 7594 7541 7617
f 7952 7953 7651
f 7651 7886 7952
f 7638 7953 7664
f 7953 7652 7664
f 8042 7724 8113
f 8113 7724 7953
f 8189 8113 8217
f 8601 8589 8843
f 7980 7992 8031
f 8031 8021 7980
f 7643 8028 7943
f 7943 8028 8055
f 8545 8265 8341
f 8341 8265 8222
f 8530 8552 8584
f 8601 8610 8584
f 8584 8589 8601
f 8584 8552 8589
f 5923 5642 5870
f 5664 5642 5923
f 6221 6122 6179
f 5787 5600 5664
f 5425 5370 5295
f 5298 5554 5353
f 5353 5326 5298
f 5554 5326 5353
f 5870 5642 5489
f 5642 5326 5489
f 5489 5554 5870
f 5489 5326 5554
f 5298 5251 5819
f 5819 5554 5298
f 6363 6310 6346
f 6363 6503 6528
f 6346 6503 6363
f 6528 6280 6363
f 6280 6310 6363
f 6473 6212 6341
f 6473 6503 6212
f 5875 5771 5951
f 5722 5608 5419
f 5419 5771 5722
f 5722 5771 5608
f 5875 5608 5706
f 5706 5771 5875
f 5608 5771 5706
f 6959 6989 6528
f 6528 7042 6959
f 6959 7042 6989
f 6755 6668 6811
f 6823 7117 6811
f 6811 6668 6643
f 7095 6755 6811
f 6811 7117 7095
f 7177 7117 7243
f 6542 6441 6528
f 6542 6744 6603
f 6528 6989 6542
f 6989 6744 6542
f 6280 6441 6366
f 7421 7264 7375
f 7264 7373 7375
f 7232 7455 7101
f 7048 7064 7265
f 7064 7219 7265
f 7265 7219 7421
f 7421 7240 7265
f 7265 7240 7048
f 6341 6212 6183
f 6212 6168 6183
f 6168 6017 6183
f 6790 6732 6701
f 6417 6414 6461
f 6461 6414 6790
f 6433 6732 6704
f 6433 6704 6606
f 6433 6606 6643
f 6643 6394 6433
f 6843 6732 6899
f 6899 6732 6900
f 6900 6898 6899
f 6899 7055 6843
f 6898 7055 6899
f 1436 1466 1489
f 1785 1715 1946
f 1785 1840 1744
f 1643 1466 1616
f 1744 1466 1643
f 1643 1785 1744
f 1715 1785 1643
f 1706 1761 1926
f 1622 1721 1706
f 1721 1761 1706
f 1554 1684 1689
f 1788 1684 1489
f 1489 1840 1788
f 1788 1772 1684
f 1819 1772 1788
f 2370 2282 2401
f 2401 2282 2437
f 2572 2639 2370
f 2638 2639 2572
f 1489 1289 1175
f 1175 1289 1129
f 1175 1436 1489
f 1334 1110 1129
f 1233 1110 1334
f 1334 1289 1554
f 1334 1565 1497
f 896 854 882
f 882 918 896
f 896 918 933
f 896 933 1007
f 1007 881 896
f 933 918 1098
f 1129 1042 1098
f 1007 933 1098
f 1098 1042 1007
f 2338 2367 2403
f 2320 2338 2403
f 2403 2468 2320
f 2452 2468 2403
f 2548 2624 2771
f 2624 2872 2771
f 2926 2802 2771
f 2299 2367 2338
f 2338 2012 2299
f 2193 2266 2379
f 2175 2266 2193
f 2193 2209 2175
f 2193 2379 2352
f 2352 2209 2193
f 2379 2468 2506
f 2506 2478 2379
f 2506 2554 2478
f 2765 2554 2506
f 2506 2707 2765
f 1581 1933 1918
f 1918 1843 1581
f 1918 1933 1868
f 1868 1843 1918
f 2320 2229 2137
f 2137 2098 2320
f 2229 2266 2137
f 2053 2098 2137
f 2137 2175 2053
f 2137 2266 2175
f 2037 2098 2053
f 1978 2098 2037
f 2037 1940 1978
f 2029 1933 1947
f 1933 1857 1947
f 1872 1857 1933
f 1933 1807 1872
f 1671 1583 1621
f 1978 1940 1671
f 1836 1718 1771
f 1771 1718 1413
f 1583 1498 1560
f 1621 1583 1560
f 1497 1581 1560
f 1560 1498 1497
f 1560 1843 1621
f 1581 1843 1560
f 3188 3204 2980
f 3021 2980 2888
f 3188 2980 3021
f 3107 2967 3006
f 3032 2967 3107
f 3107 3164 3032
f 3107 3216 3164
f 2271 2507 2416
f 2416 2536 2340
f 2248 2271 2416
f 2416 2340 2248
f 2507 2980 2416
f 3830 3712 3866
f 3830 3866 3968
f 3970 4051 3968
f 3968 3866 3970
f 4324 4223 4036
f 4036 4223 4112
f 2524 2385 2539
f 2524 2539 2615
f 2615 2561 2524
f 2524 2561 2386
f 2386 2385 2524
f 2118 2197 2250
f 2003 2197 2118
f 4183 4165 4673
f 3928 3868 3962
f 3962 4165 3928
f 3962 3927 4162
f 4162 4165 3962
f 4162 3927 3960
f 3833 3620 3868
f 3680 3628 3703
f 3680 3620 3628
f 3868 3620 3680
f 3876 3959 3960
f 3960 3864 3876
f 3876 3864 3817
f 3769 3959 3876
f 3876 3817 3769
f 3045 2797 3087
f 2893 2797 3045
f 3045 3087 3314
f 3314 3192 3045
f 2733 3100 2569
f 2802 3100 2733
f 2733 2771 2802
f 2569 2452 2733
f 2452 2403 2733
f 2733 2403 2367
f 2548 2771 2733
f 2733 2465 2548
f 2367 2465 2733
f 3062 3118 2926
f 3190 3118 3062
f 3249 3118 3489
f 3409 3222 3249
f 3249 3222 2926
f 2926 3118 3249
f 3249 3610 3409
f 3489 3610 3249
f 3227 3190 3369
f 3369 3118 3227
f 3227 3118 3190
f 4598 4597 4988
f 4555 4597 4598
f 4341 4072 4260
f 4260 4404 4341
f 4341 4404 4555
f 4347 4083 4244
f 4083 4174 4244
f 4027 4063 4211
f 4027 4051 3970
f 4027 4104 4051
f 3970 3866 4027
f 4174 3856 3972
f 3689 3500 3726
f 5699 5492 5522
f 5671 5513 5528
f 4970 4770 5033
f 4970 5123 4770
f 5532 5198 5436
f 5436 5449 5532
f 5198 5449 5436
f 4351 4083 4347
f 4351 4211 4083
f 4347 4603 4351
f 4549 4569 5123
f 4727 4603 4770
f 4770 5123 4727
f 5123 4569 4727
f 4727 4351 4603
f 4569 4351 4727
f 4805 4598 4934
f 5033 4770 4937
f 4556 4557 4392
f 4555 4598 4556
f 4556 4598 4805
f 4823 4770 4621
f 4823 4937 4770
f 5033 4937 4823
f 4823 5259 5033
f 4392 4557 4544
f 4544 4823 4621
f 5402 5286 5414
f 5414 5492 5402
f 5414 5522 5492
f 5414 5417 5558
f 5558 5522 5414
f 5723 6032 6018
f 6018 5803 5723
f 6018 5841 5803
f 6189 6093 6018
f 6018 6190 6189
f 6032 6190 6018
f 6018 6093 5933
f 5933 5841 6018
f 4675 4539 4673
f 4673 4738 4675
f 5024 4890 4785
f 4890 4738 4785
f 4785 4738 4673
f 4673 4689 4785
f 5213 5096 5024
f 5364 5257 5329
f 5268 5600 5329
f 5329 5600 5364
f 5283 5257 5201
f 5268 5329 5283
f 5283 5329 5257
f 5216 5068 5201
f 4995 5068 5024
f 4870 4689 4775
f 4870 4995 5024
f 5068 4995 4870
f 4870 4880 5068
f 4673 4165 4459
f 4459 4689 4673
f 5729 5705 6059
f 6059 5879 5729
f 5729 5879 5827
f 5827 5672 5729
f 5729 5672 5705
f 5781 5705 5532
f 5781 5841 5705
f 5532 5723 5781
f 5723 5841 5781
f 5039 4974 5238
f 4915 4974 5039
f 5039 4959 4915
f 5657 5238 5549
f 5321 5518 5475
f 4537 4562 4507
f 4537 4027 4211
f 4507 4104 4537
f 4104 4027 4537
f 4731 4649 4449
f 4449 4549 4731
f 4669 4974 4562
f 4562 4537 4669
f 4669 4537 4649
f 4983 4974 4929
f 4974 4669 4929
f 4929 4669 4649
f 4929 5077 4983
f 4929 4649 4731
f 769 823 822
f 823 1231 822
f 822 1231 880
f 868 880 916
f 916 946 868
f 836 822 868
f 868 822 880
f 606 513 455
f 3901 4079 4028
f 3709 3832 3741
f 3741 3654 3709
f 2891 3214 2964
f 3596 3615 3832
f 3832 3615 3616
f 3659 4028 3616
f 3456 3435 3525
f 3456 3391 3435
f 3247 3316 3219
f 3219 3167 3247
f 4195 4079 3901
f 4683 4416 4755
f 5018 4950 4972
f 5700 5717 5544
f 5717 5524 5544
f 6710 6761 6663
f 6630 6618 6337
f 6071 5930 5995
f 5966 6074 5995
f 5995 6074 6071
f 5596 5710 5655
f 5655 5710 5829
f 5341 5273 5254
f 5254 5256 5341
f 9533 5348 5482
f 5571 5648 5482
f 5648 9533 5482
f 5693 9533 5941
f 5941 5622 5693
f 5693 5622 9533
f 5873 5622 5966
f 5966 5995 5873
f 5873 5995 5930
f 5873 5930 5606
f 5467 5348 5560
f 5560 5622 5467
f 5348 5622 5560
f 5521 5249 5550
f 5615 5614 5569
f 5569 5550 5249
f 5614 5550 5569
f 4145 4400 4237
f 4237 4400 4399
f 4399 4570 4237
f 5691 5625 5765
f 5765 5710 5411
f 5411 5691 5765
f 5162 5230 4987
f 4987 5180 5162
f 5162 5180 5230
f 5314 5243 5230
f 5383 5243 5314
f 5177 5243 5241
f 5241 5243 5383
f 5328 5177 5241
f 5241 5383 5328
f 5254 5113 5145
f 5114 4502 5100
f 5113 4502 5114
f 5100 5145 5114
f 5114 5145 5113
f 5200 5012 5256
f 5200 5145 5100
f 5200 5256 5254
f 5254 5145 5200
f 4514 4656 4764
f 4515 4656 4514
f 4342 4543 4515
f 4763 4883 4388
f 4763 4764 4987
f 4763 4388 4514
f 4514 4764 4763
f 4987 5177 4978
f 4978 4883 4987
f 4978 5177 5069
f 5069 4883 4978
f 4514 4388 4322
f 4322 4373 4514
f 4388 3999 4322
f 4102 4085 3842
f 4102 4121 4085
f 2866 2854 2534
f 2933 2816 2831
f 3092 2816 2933
f 3191 3492 3286
f 3269 2984 3177
f 2984 3019 3177
f 3213 3061 3042
f 3042 3195 3213
f 3092 3195 3042
f 3352 3061 3213
f 3352 3082 3061
f 3352 3492 3191
f 3191 3082 3352
f 3492 3352 3634
f 3609 3414 3303
f 3303 3286 3609
f 5649 5695 5590
f 5540 5683 5649
f 5824 5695 5649
f 5649 5683 5824
f 5540 5404 5405
f 5405 5683 5540
f 5404 5683 5405
f 5874 5839 6182
f 6182 6044 6185
f 6182 5839 6044
f 6185 6842 6182
f 6420 6154 6317
f 6114 6154 6420
f 6090 5577 5822
f 7511 7464 7503
f 7503 7199 7532
f 7503 7043 7199
f 7511 7412 7413
f 7413 7464 7511
f 6720 6921 7024
f 6614 6690 6720
f 6690 6921 6720
f 6566 6487 6624
f 6624 6487 6437
f 6876 6485 6840
f 7086 6965 7066
f 7066 7191 7086
f 7112 7191 7066
f 7355 7213 7199
f 7199 7396 7355
f 7532 7213 7355
f 7025 7083 7024
f 7043 7083 7025
f 7024 6921 7025
f 7025 6690 7043
f 7025 6921 6690
f 722 723 874
f 493 549 504
f 504 521 493
f 504 549 704
f 493 521 507
f 970 1205 1126
f 1312 1311 1226
f 755 970 1126
f 1126 1226 755
f 1306 1356 1464
f 1464 1356 1504
f 1464 1463 1306
f 1504 1463 1464
f 1331 1350 1656
f 1312 1226 1331
f 1126 1205 1331
f 1331 1226 1126
f 1004 924 874
f 874 959 1004
f 1004 970 924
f 1205 970 1004
f 1097 1205 1004
f 1109 1097 1004
f 1004 959 1109
f 799 959 846
f 799 611 493
f 846 611 799
f 959 799 900
f 800 542 782
f 782 542 786
f 786 542 526
f 438 496 477
f 35 496 438
f 342 35 438
f 477 469 438
f 438 469 342
f 661 775 763
f 763 787 661
f 775 787 763
f 870 787 775
f 775 789 870
f 870 789 1012
f 1275 1238 1308
f 1274 1238 1275
f 1275 1308 1306
f 1306 1274 1275
f 1287 1352 1350
f 1274 1293 1215
f 1215 1293 1131
f 1215 1131 1112
f 1033 848 1037
f 1033 1061 1043
f 893 1033 1043
f 848 1033 893
f 1112 1061 1214
f 1214 1061 1274
f 1214 1215 1112
f 1274 1215 1214
f 856 789 753
f 754 667 740
f 753 754 862
f 740 864 862
f 862 754 740
f 609 43 623
f 609 35 43
f 775 690 660
f 660 639 775
f 690 639 660
f 710 755 719
f 970 755 710
f 489 665 635
f 490 504 489
f 474 460 489
f 489 460 490
f 2134 1892 1979
f 1803 2198 1885
f 2198 2104 1885
f 2413 2104 2359
f 1750 1804 1628
f 1768 1463 1504
f 1353 1463 1768
f 1803 1352 1768
f 1768 1352 1353
f 1799 1516 1813
f 1580 1674 1579
f 1813 1516 1579
f 1375 1311 1312
f 1675 1473 1520
f 1473 1311 1520
f 2057 1880 2194
f 623 43 692
f 43 667 692
f 692 754 753
f 667 754 692
f 668 741 740
f 668 667 43
f 43 46 668
f 668 46 741
f 644 699 564
f 824 699 1191
f 1191 823 824
f 1191 1231 823
f 564 699 562
f 606 455 562
f 562 9542 564
f 685 606 640
f 640 699 685
f 606 699 640
f 685 699 731
f 731 699 824
f 1508 1285 1484
f 1593 1284 1314
f 466 459 474
f 446 459 466
f 405 396 466
f 466 396 446
f 312 398 379
f 606 607 525
f 525 513 606
f 525 607 685
f 443 422 405
f 479 9542 463
f 463 9542 398
f 422 443 463
f 393 398 354
f 354 422 393
f 393 422 398
f 280 257 284
f 284 257 297
f 252 257 212
f 257 211 212
f 250 252 212
f 192 250 212
f 212 211 192
f 1369 1387 1304
f 1322 1212 1104
f 1330 1333 1363
f 1255 1117 1330
f 1330 1117 1333
f 1255 1330 1258
f 1258 1330 1378
f 2743 2512 2745
f 2464 2278 2391
f 2391 2743 2464
f 2460 2743 2391
f 2184 2510 2375
f 2278 2510 2184
f 1461 1378 1641
f 2651 2742 2681
f 3282 3443 3295
f 3247 3220 3295
f 3295 3220 3282
f 3901 3771 3879
f 3623 3771 3435
f 3623 3316 3247
f 3623 3435 3316
f 4118 4245 4006
f 4342 4515 4302
f 4302 4515 4514
f 4514 4373 4302
f 4303 4225 4006
f 4303 4543 4342
f 4342 4302 4303
f 4303 4302 4225
f 1808 1999 1732
f 1732 1794 1808
f 5899 5761 5728
f 5728 6049 5899
f 5675 5761 5899
f 5899 6049 6101
f 6101 6049 6161
f 6161 6100 6101
f 6387 6100 6161
f 6297 6387 6345
f 6345 6100 6297
f 6297 6100 6387
f 6255 6100 6345
f 6520 6486 6439
f 6439 6486 6387
f 5597 5580 5454
f 5454 5426 5597
f 5358 5426 5454
f 3980 4012 4239
f 3980 3888 4012
f 4158 4369 4047
f 4047 4369 4153
f 4153 4046 4047
f 4249 4208 4153
f 4208 4077 4153
f 4153 4077 4032
f 4032 3765 4153
f 4153 3765 4046
f 4486 4369 4733
f 4239 4012 4181
f 4369 4632 4665
f 4193 4377 4428
f 4193 3937 4377
f 4654 4725 4816
f 5463 5150 5221
f 5221 5150 5093
f 5084 5255 5324
f 5324 5255 5421
f 3353 3457 3482
f 3376 3457 3353
f 3565 3457 3376
f 3376 3342 3565
f 3565 4117 3821
f 4301 4110 4286
f 4231 4117 4262
f 4262 4289 4231
f 3501 3503 4117
f 3458 3280 3506
f 3127 3280 3458
f 3458 3503 3127
f 4032 3503 3505
f 3505 3765 4032
f 3506 3765 3505
f 3505 3458 3506
f 3503 3458 3505
f 2349 2844 2519
f 1573 1534 1647
f 2445 2387 2527
f 2698 2723 2741
f 2698 2489 2723
f 1259 1451 1257
f 932 948 61
f 2328 2904 2832
f 2832 2327 2328
f 2913 2327 2832
f 2860 2844 2349
f 2349 3010 2860
f 3166 3280 3127
f 2349 2327 2376
f 3436 3360 3280
f 3436 3617 3744
f 3744 3360 3436
f 3014 2327 2913
f 3020 3058 3076
f 3238 3174 3076
f 3076 2915 3020
f 3186 3058 3250
f 3250 3238 3186
f 3186 3076 3058
f 3238 3076 3186
f 3244 3162 3030
f 2800 2784 2753
f 2753 2769 2800
f 2769 2915 2800
f 2836 2915 2799
f 2799 2784 2836
f 2836 2800 2915
f 2784 2800 2836
f 2520 2691 2623
f 2623 2587 2520
f 2799 2691 2520
f 2520 2476 2799
f 2956 2999 3054
f 3054 2999 3097
f 3054 3095 2956
f 3097 2999 2983
f 2983 2999 2915
f 2983 3174 3097
f 2915 3076 2983
f 2983 3076 3174
f 4781 5031 4725
f 4725 4654 4781
f 4781 4428 4662
f 4781 4654 4428
f 4498 4377 4414
f 4414 4587 4498
f 4533 4587 4414
f 4414 4334 4533
f 4414 4377 4300
f 4300 4334 4414
f 5227 5062 5284
f 5183 5284 5136
f 5284 5062 5136
f 6219 6269 6234
f 6220 6269 6219
f 5536 5284 5183
f 5183 5136 5536
f 6014 5973 5908
f 5908 5973 6220
f 5912 6220 6014
f 6016 6220 5912
f 5912 5758 6016
f 4868 4879 4965
f 4985 5203 5133
f 5133 5269 4985
f 5133 5203 5308
f 5308 5269 5133
f 5144 5146 5282
f 5282 5146 5345
f 5103 5052 4868
f 4868 5146 5103
f 5103 5146 5052
f 3597 3457 3565
f 3835 3597 3565
f 4985 4879 4871
f 4879 4841 4871
f 4841 4842 4891
f 4985 4871 4891
f 4891 4871 4841
f 4834 4891 4842
f 4301 4439 4224
f 4224 3933 4301
f 4806 5093 4843
f 5093 5150 4843
f 4410 4289 4262
f 4262 4361 4410
f 5208 5119 5319
f 5319 5320 5208
f 4956 5119 5208
f 5651 5576 5632
f 5632 5320 5651
f 5576 5320 5632
f 4608 4332 4497
f 5796 6414 6209
f 4087 4182 3862
f 3862 4199 4087
f 4087 4199 4182
f 3862 3861 4067
f 3861 4199 4067
f 4589 4634 4455
f 4455 4634 4523
f 4523 4199 4455
f 4847 4981 5097
f 5097 5141 4847
f 4523 4634 4736
f 4736 4706 4523
f 4617 4706 4828
f 1900 1874 1956
f 1535 1896 1574
f 1683 1896 1535
f 1574 1411 1535
f 1341 1430 1535
f 1535 1411 1341
f 1535 1430 1488
f 1776 1654 1688
f 1688 1654 1490
f 1172 1398 1495
f 1111 925 1172
f 1394 1552 1490
f 2023 2363 2435
f 1961 2363 2023
f 2471 2456 2571
f 2068 1896 1747
f 2124 1896 2068
f 1916 1898 1574
f 1574 1896 1916
f 1916 1896 2124
f 2124 2032 1916
f 2411 2326 2477
f 2244 2325 2326
f 2661 2749 2663
f 2407 2678 2477
f 2477 2326 2407
f 2809 2735 2874
f 2809 2876 2671
f 2874 2876 2809
f 2734 2735 2451
f 2451 2735 2566
f 2566 2546 2451
f 2671 2546 2566
f 2566 2809 2671
f 2735 2809 2566
f 2451 2546 2297
f 2603 2546 2671
f 2147 2049 2284
f 2147 2112 2083
f 1812 1779 1776
f 1929 1779 1812
f 1812 1925 1929
f 1776 2039 1812
f 1776 1720 1541
f 1541 1654 1776
f 1495 1398 1541
f 1490 1654 1541
f 1541 1398 1490
f 1910 2004 2028
f 3024 3081 2889
f 3024 3161 3081
f 2889 2838 3024
f 2661 2557 2712
f 2627 2557 2441
f 2710 2712 2627
f 2627 2712 2557
f 5228 5410 5330
f 5408 5410 5228
f 3875 4065 3797
f 3797 3920 3875
f 3875 3920 4065
f 4548 4663 4448
f 4448 4631 4548
f 4548 4631 4663
f 4644 4469 4911
f 4911 4631 4644
f 4644 4631 4469
f 3895 3852 3977
f 3977 4265 4230
f 3624 3381 3479
f 1124 1022 1266
f 1622 1559 1558
f 1433 1372 1090
f 1090 1074 1433
f 1433 1088 1414
f 1074 1088 1433
f 1433 1414 1195
f 1926 1721 1850
f 1133 1150 1195
f 1133 1047 1150
f 1195 1088 1133
f 1088 1047 1133
f 2022 2062 2105
f 2022 2185 1928
f 2215 2105 2154
f 2215 2022 2105
f 2185 2022 2215
f 2154 2336 2215
f 2215 2336 2437
f 2437 2282 2215
f 2215 2282 2168
f 2168 2185 2215
f 3463 3425 3496
f 3496 3425 3720
f 3720 3770 3496
f 3496 3558 3463
f 3496 3770 3558
f 2694 2531 2154
f 2154 2648 2694
f 2770 3271 3158
f 3307 2988 3158
f 3158 3271 3307
f 3299 3271 2770
f 3299 3425 3463
f 3463 3558 3299
f 3558 3626 3299
f 2477 2678 2715
f 2715 2767 2477
f 2428 2493 2292
f 2477 2493 2428
f 2292 2411 2428
f 2428 2411 2477
f 2382 2493 2480
f 2292 2493 2382
f 2382 2293 2292
f 2154 2152 2481
f 2481 2648 2154
f 2481 2509 2648
f 2770 2752 2820
f 2785 2853 2820
f 2820 2752 2785
f 2820 3299 2770
f 2982 3001 2820
f 2820 2853 2982
f 3001 3425 2820
f 3425 3299 2820
f 2751 2493 2785
f 2785 2752 2751
f 2480 2493 2579
f 2579 2752 2480
f 2493 2751 2579
f 2579 2751 2752
f 1176 1177 1134
f 796 863 876
f 657 796 876
f 798 645 876
f 2119 2002 2003
f 2212 2002 2119
f 2003 2118 2119
f 1835 1906 1836
f 1909 1906 1835
f 1836 1771 1835
f 2288 2176 2352
f 2352 2408 2288
f 2408 2351 2288
f 120 106 110
f 110 121 120
f 987 121 110
f 110 115 118
f 110 958 987
f 118 958 110
f 86 100 60
f 106 100 86
f 86 110 106
f 67 115 86
f 115 110 86
f 83 107 108
f 108 107 119
f 1254 82 108
f 108 1196 1216
f 108 1183 1254
f 1216 1183 108
f 108 1227 1196
f 119 1228 108
f 1228 1227 108
f 102 122 119
f 83 84 102
f 119 107 102
f 102 107 83
f 1462 1327 1471
f 1327 1409 1471
f 1471 1602 1462
f 1446 1602 1471
f 1471 1409 1446
f 1174 1138 1093
f 986 968 1093
f 1093 968 1174
f 1317 1070 1233
f 1317 1334 1497
f 1233 1334 1317
f 993 1070 1046
f 1335 1070 1273
f 1335 1046 1070
f 1335 1305 993
f 993 1046 1335
f 1029 1110 1060
f 1060 1042 1029
f 1029 1042 1110
f 962 915 977
f 1060 962 977
f 977 1042 1060
f 977 915 1007
f 1007 1042 977
f 1494 1598 1563
f 608 645 632
f 645 673 632
f 645 619 615
f 619 573 615
f 615 573 657
f 657 876 615
f 615 876 645
f 589 569 657
f 657 573 589
f 589 573 569
f 497 569 552
f 552 573 497
f 569 573 552
f 1027 115 974
f 114 115 67
f 114 67 803
f 927 114 875
f 803 852 875
f 875 852 910
f 910 1001 875
f 1413 1328 1344
f 1344 1393 1413
f 1200 1140 1186
f 1186 1279 1200
f 1321 1279 1364
f 1364 1536 1321
f 1364 1279 1305
f 1305 1335 1364
f 1364 1335 1585
f 993 960 975
f 975 960 931
f 975 962 993
f 931 962 975
f 705 725 706
f 706 620 705
f 806 915 725
f 806 725 705
f 705 881 806
f 462 569 497
f 462 510 569
f 598 509 491
f 417 509 447
f 588 568 567
f 567 509 588
f 568 509 567
f 105 78 103
f 449 440 105
f 440 544 105
f 109 79 105
f 105 79 78
f 535 109 105
f 105 544 535
f 890 795 898
f 743 795 877
f 877 892 762
f 762 743 877
f 928 892 877
f 877 890 928
f 795 890 877
f 322 382 372
f 322 313 338
f 338 382 322
f 369 441 380
f 380 360 369
f 313 360 380
f 380 338 313
f 382 338 380
f 492 482 523
f 523 425 505
f 452 380 441
f 997 935 1019
f 925 935 997
f 907 935 925
f 907 925 898
f 898 809 907
f 683 708 684
f 684 505 503
f 708 709 684
f 523 505 684
f 684 709 523
f 886 861 1176
f 863 861 886
f 588 612 587
f 587 655 588
f 612 655 587
f 624 612 853
f 624 655 612
f 952 1021 895
f 952 964 1021
f 895 883 952
f 883 964 952
f 853 981 951
f 951 981 1016
f 1016 964 951
f 1049 1298 1077
f 1077 1346 1021
f 1077 1016 1049
f 1077 964 1016
f 1021 964 1077
f 433 498 442
f 442 400 433
f 464 444 442
f 442 444 414
f 85 91 90
f 90 91 104
f 85 73 89
f 89 91 85
f 89 73 99
f 99 91 89
f 299 313 322
f 671 912 591
f 911 912 671
f 671 714 911
f 671 591 688
f 688 714 671
f 944 1115 945
f 945 911 944
f 911 714 944
f 1307 1115 1252
f 1252 944 1250
f 1337 1307 1617
f 1617 1681 1337
f 1693 1681 1617
f 1617 1624 1693
f 1250 1332 1521
f 1553 1332 1249
f 1249 1332 1211
f 1249 1230 1553
f 1211 1230 1249
f 1861 1961 1810
f 1861 1846 1961
f 1731 1846 1861
f 947 912 911
f 911 1115 947
f 738 708 683
f 1106 1019 949
f 949 1201 1106
f 439 478 441
f 652 638 683
f 2605 2563 2618
f 2618 2563 2514
f 2560 2309 2369
f 2369 2577 2560
f 1751 1615 1387
f 2560 2577 2776
f 2776 2825 2560
f 2776 2577 2821
f 2821 2825 2776
f 2617 3083 2605
f 2617 2696 3083
f 2560 2696 2617
f 2605 2618 2617
f 2560 2825 2793
f 2793 2696 2560
f 3108 3331 3086
f 2643 2914 2862
f 2643 2703 2914
f 1396 1165 1343
f 1396 1373 1165
f 1417 1373 1396
f 1396 1724 1417
f 1149 1101 1179
f 1083 1101 1149
f 1179 1236 1149
f 746 772 670
f 670 698 746
f 715 851 744
f 744 698 715
f 744 746 698
f 2466 2862 2516
f 2466 2632 2862
f 2398 2466 2289
f 2289 2466 2516
f 2052 2192 1854
f 2170 2192 2052
f 2657 2563 2605
f 2132 2144 2514
f 2905 2952 2914
f 3040 2952 2905
f 2914 2798 2905
f 2798 2850 2905
f 2905 3267 3040
f 2850 3267 2905
f 3300 3467 3427
f 4009 3520 3613
f 3520 3427 3613
f 3613 3427 3467
f 3210 3520 3470
f 3520 3658 3470
f 3779 3520 4009
f 4009 3658 3779
f 3779 3658 3520
f 4081 3658 4009
f 4009 4261 4081
f 3210 3658 4081
f 4081 4261 4210
f 9549 3210 4081
f 4081 4210 9549
f 4374 4658 4357
f 4009 3613 4019
f 1079 1125 1056
f 1056 1125 1199
f 1154 1148 1026
f 1025 1143 1026
f 1026 1143 1154
f 1026 942 1025
f 1026 1148 942
f 1253 1148 1384
f 1384 1148 1154
f 1154 1143 1384
f 1547 1590 1458
f 1458 1546 1547
f 1401 1546 1458
f 1418 1277 1417
f 1418 1401 1277
f 1417 1724 1418
f 1600 1590 1547
f 1600 1626 1590
f 6099 6046 6095
f 5980 6046 5762
f 5857 5898 5980
f 5980 6095 6046
f 5343 5306 5451
f 4488 4100 4235
f 4417 4100 4488
f 4417 4383 4198
f 4417 4488 4471
f 4471 4383 4417
f 3589 3607 3517
f 3589 3517 3487
f 3782 3279 3198
f 3067 9546 3198
f 9546 3782 3198
f 3781 4297 3992
f 3036 3052 2974
f 2974 3052 3168
f 2483 2814 2418
f 3067 2951 2996
f 2996 2814 3067
f 2951 2814 2996
f 2270 2668 2389
f 2389 2363 2270
f 2232 2116 2228
f 2270 2116 2232
f 2228 2598 2232
f 2232 2598 2270
f 2042 2116 1961
f 2264 2263 2427
f 2264 2598 2228
f 2323 2814 2951
f 2239 2323 2263
f 2438 2323 2239
f 1652 1825 1700
f 1652 1700 1633
f 1652 1592 1620
f 1633 1592 1652
f 1700 1825 1844
f 1844 1825 1952
f 1620 1450 1632
f 1450 1726 1632
f 1726 1825 1632
f 1203 1241 1262
f 1262 1245 1203
f 1262 1576 1245
f 1203 1245 1190
f 1190 1067 1203
f 1245 1230 1190
f 1190 1230 1211
f 956 954 1203
f 1203 1067 956
f 860 857 956
f 956 857 954
f 9541 1919 1742
f 9541 9537 1919
f 1626 1600 9541
f 9541 1600 1547
f 9541 1547 9535
f 9541 9535 3203
f 3203 9537 9541
f 2063 1919 2078
f 2078 2046 2063
f 1727 1646 1919
f 1919 2063 1727
f 1727 2063 1728
f 1011 1038 1063
f 1011 765 1038
f 591 563 554
f 487 579 591
f 757 739 557
f 688 579 576
f 576 558 688
f 557 739 571
f 739 558 571
f 314 331 334
f 268 221 267
f 267 221 251
f 220 374 251
f 220 221 210
f 251 221 220
f 220 210 323
f 323 374 220
f 873 752 905
f 905 752 765
f 383 540 524
f 1063 1184 1105
f 1187 1223 1241
f 1187 1184 1223
f 1187 1241 1203
f 1203 954 1187
f 954 953 1187
f 1403 1324 1391
f 1391 1442 1403
f 1467 1428 1468
f 1468 1487 1663
f 1324 1403 1468
f 1468 1403 1487
f 1220 1324 1468
f 1468 1428 1220
f 1468 1725 1467
f 1663 1725 1468
f 1805 1825 1726
f 1726 1725 1805
f 1805 1725 1825
f 1752 1725 1663
f 157 162 168
f 157 144 162
f 157 143 144
f 214 237 205
f 253 237 214
f 214 205 171
f 210 221 198
f 198 221 268
f 283 320 309
f 253 320 283
f 283 285 253
f 296 285 283
f 309 311 283
f 283 311 296
f 325 320 318
f 350 320 325
f 318 324 325
f 411 350 325
f 325 324 411
f 309 320 343
f 343 320 350
f 343 344 309
f 350 401 402
f 402 343 350
f 369 344 402
f 195 179 200
f 200 197 195
f 195 197 155
f 384 424 365
f 404 384 395
f 643 597 653
f 597 532 653
f 793 830 680
f 680 703 793
f 1052 1103 1079
f 939 955 858
f 858 920 939
f 682 484 681
f 484 662 681
f 681 727 682
f 681 662 680
f 680 830 681
f 830 727 681
f 771 733 603
f 1168 1401 1348
f 771 672 804
f 1064 1103 1051
f 1051 985 1064
f 1103 1052 1051
f 175 202 222
f 222 191 175
f 191 169 175
f 175 169 168
f 168 233 175
f 186 174 193
f 193 191 222
f 306 271 270
f 270 193 222
f 323 210 226
f 226 207 323
f 210 207 226
f 323 207 196
f 188 207 210
f 210 198 188
f 304 391 298
f 355 391 304
f 298 286 304
f 233 286 232
f 232 286 293
f 232 293 202
f 232 175 233
f 202 175 232
f 292 315 336
f 336 358 292
f 378 522 520
f 151 94 98
f 98 136 151
f 153 136 98
f 228 200 178
f 178 229 228
f 7 17 26
f 7 26 27
f 27 8 7
f 6 17 7
f 10 1 6
f 6 7 10
f 10 7 8
f 2 1 10
f 54 8 27
f 75 54 64
f 75 64 85
f 75 85 103
f 758 822 836
f 769 822 758
f 277 211 281
f 266 279 281
f 281 211 266
f 412 391 392
f 392 391 355
f 626 629 674
f 629 539 541
f 520 522 541
f 695 712 769
f 769 758 695
f 695 758 836
f 685 712 695
f 8626 8623 8636
f 8636 8650 8612
f 8719 8770 8828
f 8828 8819 8719
f 8719 8698 8671
f 8742 8698 8719
f 8842 8742 8719
f 8719 8819 8842
f 8820 8708 8732
f 8732 8708 8689
f 8732 8879 8820
f 8732 8689 8879
f 9440 9435 9463
f 9440 9408 9435
f 9222 9131 9159
f 9222 9293 9270
f 9159 9207 9222
f 9222 9207 9293
f 9104 9079 9106
f 9106 9131 9104
f 9079 9131 9106
f 9454 9329 9439
f 9439 9438 9454
f 9371 9438 9321
f 9321 9294 9371
f 9321 9323 9276
f 7970 8570 8649
f 8033 8570 7970
f 7970 8649 7969
f 7969 7945 7970
f 7970 7945 7800
f 9065 9027 9078
f 9065 8984 9027
f 9078 9047 9065
f 8982 8984 9065
f 9065 9047 8982
f 9027 8984 8985
f 9007 9027 8985
f 8985 8973 9007
f 8972 8973 8985
f 8985 8984 8972
f 9044 9051 9007
f 9044 8908 9053
f 8881 8908 9044
f 9060 9202 9078
f 9078 9027 9060
f 9027 9051 9060
f 8001 8090 8059
f 8059 8090 8049
f 8059 7938 8001
f 8049 7938 8059
f 7913 7938 8049
f 8049 8058 7913
f 8779 8881 8815
f 8881 8814 8815
f 8756 8779 8815
f 8815 8814 8756
f 9053 8908 8897
f 8842 9046 8897
f 8897 8779 8842
f 8897 8908 8779
f 9139 9053 9097
f 9053 9069 9097
f 9097 9128 9139
f 9107 9158 9097
f 9097 9158 9128
f 9317 9256 9319
f 9319 9324 9317
f 9317 9324 9256
f 9271 9321 9276
f 9294 9321 9271
f 9270 9293 9271
f 9293 9294 9271
f 7746 7772 7737
f 7746 7754 7772
f 7737 7825 7746
f 7825 7754 7746
f 8351 8279 8092
f 8351 8092 7825
f 8351 7825 8071
f 8413 8401 8351
f 8253 8289 8109
f 8401 8289 8253
f 8253 8279 8401
f 7772 8092 8067
f 8109 8015 8167
f 8167 8015 8279
f 8167 8253 8109
f 8279 8253 8167
f 7749 7827 7766
f 7766 7747 7749
f 7827 7747 7766
f 6894 6549 6980
f 6980 6893 6894
f 6894 6893 6549
f 7089 7000 6734
f 6980 7000 7089
f 8184 8326 8413
f 8413 8351 8184
f 8184 8351 8071
f 7749 7747 7581
f 7737 7618 7581
f 7581 7747 7737
f 6874 6893 7106
f 7106 7103 6874
f 6832 7103 6909
f 6832 6829 6746
f 6832 6909 6829
f 6746 6874 6832
f 6874 7103 6832
f 7476 7581 7618
f 7123 6961 6909
f 6909 7103 7123
f 7618 6961 7123
f 7123 7103 7618
f 8027 7603 7772
f 8015 7603 8027
f 7772 8067 8027
f 8027 8067 8092
f 8092 8279 8027
f 8279 8015 8027
f 7688 7381 7647
f 7647 8002 7688
f 7381 8002 7647
f 7974 7381 7589
f 7974 8002 7381
f 7589 7603 7974
f 7974 7603 8015
f 7974 8015 8109
f 8109 8002 7974
f 7432 7760 7528
f 7481 7760 7432
f 7432 7528 7212
f 7212 7481 7432
f 7392 7587 7484
f 7484 7466 7392
f 7587 7466 7484
f 8617 7800 7818
f 7818 7922 8617
f 7923 7922 7818
f 7615 7466 7662
f 7141 6872 7125
f 7141 7277 6872
f 7342 7277 7422
f 8670 8718 8568
f 8688 8718 8670
f 8670 8568 8001
f 8001 8051 8670
f 8670 8051 8688
f 7678 7649 7532
f 7532 8422 7678
f 7678 8422 7649
f 7500 7649 7628
f 7649 7756 7628
f 7644 7500 7628
f 7628 7756 7644
f 8648 8688 8093
f 8093 8651 8648
f 8648 8651 8688
f 8100 7649 8569
f 8569 8651 8100
f 8100 7756 7649
f 8100 8651 8093
f 8093 7756 8100
f 8569 8650 8652
f 8652 8651 8569
f 8305 8302 8094
f 8094 8282 8305
f 7532 8095 8094
f 8612 8305 8605
f 8305 8282 8605
f 8282 8315 8605
f 8605 8315 8600
f 8600 8623 8605
f 8605 8623 8626
f 8626 8636 8605
f 8605 8636 8612
f 8122 8095 8156
f 8122 8282 8095
f 6312 6426 6325
f 6204 6159 6116
f 6204 6277 6159
f 6420 6485 6419
f 6419 6114 6420
f 6525 6469 6383
f 6383 6357 6525
f 6609 6737 6769
f 7005 6769 6737
f 7005 6737 6685
f 7244 7258 7314
f 7078 7258 7244
f 8365 8387 8627
f 8365 8291 8387
f 8627 8156 8365
f 8156 8291 8365
f 8643 8697 8687
f 8623 8697 8643
f 8687 8636 8643
f 8643 8636 8623
f 8156 8095 8082
f 8095 7946 8082
f 7605 7946 8095
f 8000 7919 7931
f 7931 7864 8000
f 7919 7864 7931
f 5434 5577 5506
f 5427 5189 5327
f 5399 5732 5360
f 5360 5327 5189
f 5360 5732 5427
f 5427 5327 5360
f 6153 5577 6090
f 6302 5959 6271
f 6815 6727 6928
f 6653 6727 6815
f 6815 6676 6653
f 6693 6676 6815
f 6815 6742 6693
f 6928 6742 6815
f 6786 6892 6928
f 6713 6892 6786
f 6544 6653 6302
f 6164 6300 6228
f 6228 6173 6164
f 6437 6487 6096
f 6096 6487 6077
f 6096 6027 5895
f 6077 6027 6096
f 6259 6391 6437
f 5427 5639 5638
f 5427 5732 5747
f 5747 5639 5427
f 5747 5732 5846
f 6063 6259 6437
f 6391 6259 6063
f 5427 5053 5043
f 4964 5054 5043
f 5043 4902 4964
f 5053 4902 5043
f 5130 5189 5427
f 5427 5054 5130
f 5130 5054 4964
f 5130 5089 5189
f 5053 5440 5290
f 5440 5423 5290
f 4964 4902 4919
f 4867 4902 5053
f 4813 4902 4759
f 4759 4672 4813
f 4813 4919 4902
f 4813 4737 4919
f 4759 4926 4747
f 4747 4735 4685
f 4685 4670 4747
f 4670 4759 4747
f 5007 4849 4898
f 4898 5210 5007
f 5210 5322 5007
f 5007 5322 5092
f 5092 4819 5007
f 4819 4849 5007
f 4735 4898 4837
f 4898 4849 4837
f 4837 4648 4735
f 4837 4849 4648
f 4648 4849 4703
f 4703 4849 4819
f 4819 4886 4792
f 4792 4703 4819
f 5445 5540 5590
f 5590 5367 5445
f 5445 5369 5540
f 5367 5369 5445
f 5351 5569 5249
f 5118 5351 5249
f 4861 4792 4886
f 4912 4660 4861
f 5151 4861 4886
f 4912 4861 5151
f 5367 5118 5151
f 5092 5540 5465
f 5465 5369 5092
f 5540 5369 5465
f 7340 7234 7357
f 6941 7234 7120
f 7120 7234 7340
f 7120 7216 7047
f 8476 8286 8461
f 8476 8482 8489
f 8476 8461 8482
f 8400 8286 8476
f 8476 8423 8400
f 8464 8423 8476
f 8489 8495 8476
f 8486 8464 8476
f 8476 8495 8486
f 6444 6652 6492
f 6492 6023 6444
f 6650 5988 6664
f 5935 5988 6650
f 6650 5909 5935
f 7407 7298 7347
f 7298 7216 7347
f 7347 7387 7407
f 7340 7387 7347
f 7347 7120 7340
f 7216 7120 7347
f 7407 7465 7388
f 7388 7465 7558
f 7558 7259 7388
f 7161 7259 6743
f 7298 7259 7161
f 6021 5937 6663
f 6663 5988 6021
f 6021 5988 5937
f 6712 6664 6663
f 6663 6761 6712
f 6697 7161 6743
f 6743 6798 6697
f 6697 6650 6664
f 6664 6712 6697
f 7234 7030 7203
f 7203 7357 7234
f 6976 7030 6630
f 6976 6979 7050
f 6630 6979 6976
f 7220 7113 7207
f 7208 7267 7207
f 7207 7267 7220
f 7156 7113 7220
f 6773 6313 6285
f 5961 5941 5752
f 5961 6066 5941
f 6075 6074 6236
f 6071 6074 6075
f 5788 5906 5630
f 5630 5906 5663
f 5630 5550 5788
f 5521 5550 5630
f 5585 5521 5630
f 5630 5663 5585
f 5809 6005 5861
f 6987 6084 6872
f 6872 6988 6987
f 7018 6826 6987
f 6987 7138 7018
f 6882 6969 6824
f 6824 6826 6882
f 7018 6969 6882
f 6882 6826 7018
f 5939 6008 6035
f 6035 6083 5939
f 6008 6826 6035
f 6826 6083 6035
f 5924 5906 5939
f 5925 5906 5924
f 6982 6983 7034
f 7034 6983 7162
f 7034 7137 6982
f 7034 7162 7137
f 6919 6968 7228
f 7212 6983 7228
f 7228 6983 6919
f 7228 6968 7257
f 7228 7257 7414
f 7414 7481 7228
f 7228 7481 7212
f 5844 6081 5981
f 5844 5829 5765
f 5844 5981 5829
f 6020 6081 5844
f 5765 5809 5844
f 5809 5861 5844
f 5844 6005 6020
f 5844 5861 6005
f 8762 8797 8780
f 8780 8202 8762
f 8780 8850 8798
f 8798 8316 8780
f 8316 8202 8780
f 8780 8797 8837
f 8837 8850 8780
f 7936 8202 8195
f 7935 7912 7936
f 7936 7912 7958
f 7958 8202 7936
f 8888 8762 8737
f 8737 8655 8856
f 8856 9001 8737
f 8737 9001 8888
f 8506 8685 8635
f 8635 8655 8632
f 8611 8522 8847
f 8522 8479 8508
f 8508 8479 8484
f 8522 8677 8517
f 8766 8764 8795
f 8353 8398 8328
f 8328 8272 8353
f 8313 8272 7658
f 7658 7641 8313
f 7641 7658 7419
f 8307 7641 7356
f 7356 7579 8307
f 7441 7579 7356
f 7356 7417 7441
f 6065 6023 6634
f 5986 6023 6065
f 6065 6749 5986
f 6286 6749 6065
f 5986 6749 6730
f 6634 6914 6853
f 6853 6914 6942
f 6942 6749 6853
f 6680 6749 6286
f 6680 6065 6634
f 6286 6065 6680
f 6634 6853 6680
f 6680 6853 6749
f 8927 8850 9018
f 9018 8850 9001
f 9017 9152 9018
f 9018 9001 9017
f 8824 8850 8882
f 8882 8883 8824
f 8882 8850 8927
f 8927 8883 8882
f 8861 8883 8896
f 8838 8802 8824
f 8838 8861 8896
f 8824 8883 8838
f 8883 8861 8838
f 9129 9093 9120
f 9120 9135 9129
f 9129 9135 9093
f 9137 9180 9213
f 9183 9135 9213
f 9171 9135 9183
f 9111 9135 9171
f 9183 9213 9285
f 9285 9213 9300
f 9285 9300 9329
f 9329 9303 9285
f 9315 9303 9350
f 9315 9350 9298
f 9298 9247 9315
f 7446 7890 7475
f 7208 7365 7252
f 7252 7267 7208
f 8893 8812 9049
f 5308 5203 5309
f 5309 5331 5308
f 5203 5331 5309
f 5181 5331 5203
f 5181 5072 5164
f 5203 5106 5181
f 5181 5106 4924
f 5307 5269 5308
f 5345 5146 5307
f 5307 5146 5269
f 5308 5661 5517
f 5568 5679 5628
f 5661 5331 5583
f 6367 5790 5833
f 6367 6426 5790
f 5833 6443 6367
f 6367 6443 6491
f 6491 6426 6367
f 5679 6426 5645
f 5645 5628 5679
f 5643 5628 5645
f 6312 5643 6390
f 6390 6426 6312
f 5643 5645 6390
f 6390 5645 6426
f 5778 5775 5685
f 5685 5804 5778
f 5804 6293 5778
f 5775 5778 5877
f 5877 5778 6293
f 5854 5738 5975
f 5975 6072 5854
f 5854 5718 5738
f 5854 6072 5867
f 5867 5718 5854
f 6042 5975 6289
f 6289 6072 6042
f 6042 6072 5975
f 6373 6429 6120
f 6120 6072 6373
f 6373 6072 6375
f 6375 6481 6373
f 6373 6481 6429
f 5907 5947 6120
f 6120 6401 5907
f 5907 6401 5833
f 5907 5833 5733
f 5867 5947 5907
f 5907 5733 5867
f 6356 6407 6466
f 6466 6451 6356
f 6292 6293 6356
f 6379 6451 6550
f 6550 6431 6379
f 6379 6356 6451
f 6379 6431 6292
f 6292 6356 6379
f 6512 6563 6495
f 6495 6481 6512
f 6512 6481 6563
f 5738 5718 5617
f 5562 5775 5876
f 5876 5823 5562
f 5775 5877 5876
f 5975 5823 5876
f 6292 5975 5876
f 5876 6293 6292
f 5876 5877 6293
f 6940 6822 6707
f 6707 6822 6669
f 6972 7273 6940
f 6849 7304 7118
f 6488 6529 6520
f 6324 6365 6488
f 6867 7326 7150
f 7326 7256 7150
f 7150 6937 6867
f 7585 7635 7391
f 7391 7840 7585
f 7685 7801 7808
f 7685 7808 7659
f 7659 7635 7685
f 7685 7585 7801
f 7635 7585 7685
f 7907 7840 8035
f 7808 7801 7972
f 6581 6534 6770
f 6770 6841 6734
f 6734 6581 6770
f 6598 6669 6583
f 6537 6669 6598
f 6598 6471 6537
f 6409 6255 6345
f 6537 6471 6409
f 6345 6486 6409
f 6409 6486 6537
f 6468 6598 6583
f 6583 6534 6468
f 6468 6534 6436
f 6381 6293 5804
f 6381 6356 6293
f 6436 6407 6381
f 6407 6356 6381
f 6381 6468 6436
f 7804 7774 7735
f 6877 6883 6808
f 6808 6916 6877
f 8264 8310 8292
f 7816 7798 8245
f 8245 8136 7816
f 7787 7788 7798
f 7787 7534 7608
f 7608 7788 7787
f 7787 7798 7816
f 7791 7527 7731
f 7791 7731 7792
f 7861 7792 7781
f 8264 8111 8248
f 8248 8310 8264
f 8394 8310 8248
f 8287 8346 8248
f 7740 7703 7556
f 7556 7719 7740
f 7566 7719 7556
f 7423 7566 7556
f 7556 7703 7423
f 7235 7318 7293
f 7343 7420 7595
f 7595 7304 7343
f 7293 7420 7343
f 7343 7304 7293
f 7595 7420 7596
f 7420 7471 7596
f 7402 7471 7293
f 7439 7471 7402
f 6515 6253 6308
f 6392 6253 6515
f 6308 6343 6515
f 6717 6610 6515
f 6647 6717 6515
f 6515 6343 6647
f 6696 6699 6764
f 6633 6699 6696
f 6619 6699 6633
f 6696 6511 6633
f 6633 6511 6619
f 7009 6745 6762
f 6541 6474 6616
f 6529 6474 6505
f 6505 6474 6541
f 7293 7318 7359
f 7359 7318 7439
f 7359 7402 7293
f 7439 7402 7359
f 6763 6966 7294
f 6835 6966 6763
f 6763 6764 6835
f 6696 6764 6763
f 7320 7318 7294
f 7320 7409 7443
f 7443 7521 7320
f 7320 7521 7318
f 7320 7367 7467
f 7467 7409 7320
f 7320 6966 7052
f 7294 6966 7320
f 7316 7487 7380
f 7527 7425 7268
f 7268 7425 7263
f 7268 7221 7527
f 7263 7221 7268
f 6845 6717 7153
f 6986 6963 7153
f 6986 6721 6963
f 6963 6721 6623
f 6623 6709 6963
f 8717 8533 8940
f 7467 7716 7522
f 7522 7521 7443
f 7522 7409 7467
f 7443 7409 7522
f 8466 8438 8453
f 8453 8498 8466
f 8418 8438 8533
f 8237 8791 8250
f 8740 8791 8237
f 8237 8234 8740
f 7536 7506 7592
f 7592 7604 7536
f 7562 7604 7725
f 7823 7840 7822
f 7822 7840 7562
f 7822 7725 7823
f 7562 7725 7822
f 7702 7882 7777
f 7777 7882 7796
f 7777 7713 7702
f 8547 8514 8550
f 8557 8547 8593
f 8593 8827 8557
f 8023 8056 7846
f 7817 7994 8023
f 5099 5199 5143
f 4888 4939 5143
f 5143 5008 4888
f 5143 5396 5111
f 4916 5099 5143
f 5143 4939 4916
f 5111 5008 5143
f 4176 4386 4139
f 4969 5207 4947
f 4730 4711 4679
f 4791 4730 4780
f 4936 4730 4791
f 4947 4710 4925
f 4925 4969 4947
f 4925 4730 4936
f 5016 4969 4925
f 4465 4223 4324
f 4596 4223 4465
f 4324 4478 4465
f 4465 4478 4596
f 4810 4901 4865
f 4810 4686 4959
f 4959 5039 4810
f 4810 5039 4901
f 4501 3924 4572
f 4641 4304 4711
f 4711 4710 4641
f 4773 4772 4641
f 4947 4773 4641
f 4641 4710 4947
f 4150 4734 3902
f 3902 3903 4150
f 4043 4151 4150
f 4150 4151 4278
f 4150 3573 4043
f 4150 3903 3573
f 4711 4304 4366
f 4304 4368 4366
f 4628 4780 4576
f 4576 4460 4628
f 4139 4386 4378
f 4386 4576 4378
f 4328 4151 4304
f 4278 4151 4328
f 4772 4278 4328
f 4328 4391 4772
f 3385 3273 3401
f 3273 3231 3401
f 3401 3231 3447
f 3447 3663 3401
f 3401 3695 3385
f 3401 3663 3695
f 3164 3216 3274
f 3274 3231 3164
f 3630 3663 3447
f 6104 6049 6019
f 6261 6049 6104
f 5660 5763 5858
f 5858 5843 5660
f 5597 5455 5660
f 5660 5728 5597
f 5660 5843 5728
f 5490 5455 5284
f 5284 5763 5490
f 5490 5660 5455
f 5763 5660 5490
f 2685 2655 2635
f 2705 2764 2635
f 2635 2796 2685
f 2635 2764 2796
f 2654 2621 2586
f 2586 2810 2654
f 2654 2810 2621
f 3388 3465 3319
f 3511 3465 3573
f 3309 3109 3341
f 3341 3354 3309
f 3319 3250 3309
f 3309 3388 3319
f 3354 3388 3309
f 3341 3109 3152
f 3152 3109 2929
f 3071 3078 3152
f 3152 3273 3385
f 3152 2911 3071
f 2929 2911 3152
f 3152 3078 2987
f 3178 3273 3152
f 3152 2987 3178
f 3341 3486 3547
f 3547 3673 3600
f 3385 3695 3527
f 2439 2469 2390
f 2390 2204 2439
f 2439 2621 2503
f 2503 2469 2439
f 2621 2469 2503
f 2565 2469 2621
f 2621 2680 2565
f 2565 2680 2469
f 3715 3924 3642
f 3642 3924 3698
f 8252 8251 8011
f 8269 8360 8257
f 8357 8346 8261
f 8394 8346 8382
f 8382 8346 8357
f 8361 8303 8372
f 8340 8303 8361
f 8361 8372 8467
f 8467 8340 8361
f 8800 8887 8541
f 8817 8885 8858
f 8890 8816 8804
f 8919 8816 8890
f 8863 8885 9125
f 7445 7477 7444
f 7445 7480 7477
f 7444 7248 7445
f 7695 7480 7598
f 7895 7841 7917
f 7559 7473 7350
f 7010 7108 7350
f 7108 7033 7350
f 7397 7473 7543
f 7397 7350 7473
f 6279 6489 6243
f 6279 6243 6189
f 6573 6389 6388
f 6348 6263 6388
f 6388 6389 6348
f 6059 6158 6157
f 6157 6158 6243
f 6157 6143 6059
f 6045 6263 6348
f 6348 6047 6045
f 6045 6047 5827
f 5827 5932 6045
f 6243 6489 6457
f 6457 6157 6243
f 6143 6157 6457
f 6263 6143 6457
f 6457 6388 6263
f 6993 6760 7010
f 6993 6788 6760
f 7010 6999 6993
f 9405 9432 9421
f 9405 9421 9260
f 9119 9006 8979
f 7448 7510 7502
f 6843 7055 7003
f 7003 6823 6843
f 7003 7173 7243
f 7003 7243 6823
f 7575 7886 7651
f 7651 7510 7575
f 7324 7169 7323
f 7643 7771 7782
f 7782 8028 7643
f 7771 8028 7782
f 8135 8181 8519
f 8519 8120 8135
f 8135 8070 8181
f 8145 8120 8519
f 8519 8520 8145
f 8520 8183 8145
f 8144 8183 8147
f 8147 8120 8144
f 8144 8145 8183
f 8120 8145 8144
f 8061 8120 8060
f 8060 8028 8061
f 8053 8070 8061
f 8061 7744 8053
f 8070 8135 8061
f 8061 8135 8120
f 8061 7780 7744
f 8028 7780 8061
f 7008 7046 6886
f 6886 7027 7008
f 6775 6659 7041
f 7041 7027 6775
f 7275 7027 7041
f 7046 7008 7275
f 7275 7008 7027
f 7927 8014 7645
f 7645 8014 7886
f 7886 7575 7645
f 7645 7575 7510
f 7645 7607 7386
f 7643 7992 7645
f 7980 7927 7645
f 7645 7992 7980
f 7358 7398 7645
f 7645 7386 7358
f 7386 7607 7508
f 7508 7169 7386
f 7323 7169 7508
f 7508 7324 7323
f 7452 7275 7352
f 7352 7275 7041
f 7637 7707 7588
f 7588 7550 7637
f 7550 7650 7637
f 7721 7707 7637
f 7637 7650 7721
f 7041 6659 6859
f 6859 6904 7041
f 6659 6904 6859
f 5271 5245 5316
f 5783 5842 6126
f 6126 6117 5783
f 6518 6360 6570
f 6360 6569 6570
f 6686 6569 6757
f 6686 6757 6825
f 6659 6570 6686
f 6686 6570 6569
f 6825 6904 6686
f 6686 6904 6659
f 6886 7046 6862
f 7046 7099 6862
f 6530 6692 6646
f 6646 6692 6784
f 6184 6186 5802
f 6326 6298 6518
f 7427 7376 7447
f 7447 7310 7427
f 6825 6757 6771
f 6771 7310 6825
f 6902 7310 6771
f 6305 6304 6339
f 6873 6783 7655
f 6902 6771 6640
f 6640 6757 6595
f 6640 6771 6757
f 7461 7310 7447
f 7447 7679 7461
f 7223 7251 7206
f 7223 7109 7251
f 8239 8359 8350
f 8277 8359 8239
f 8350 8180 8239
f 8203 8277 8239
f 8133 8203 8239
f 8239 8180 8133
f 8076 7973 8075
f 8075 8168 8076
f 7776 7736 7655
f 7655 7642 7776
f 7734 7773 7776
f 7776 7642 7734
f 7784 7674 7712
f 7712 7736 7784
f 7674 7736 7712
f 7902 7901 7955
f 7859 7901 7902
f 7968 7853 7967
f 7990 7968 7967
f 8126 8044 8575
f 8575 8029 8574
f 8044 8029 8575
f 8565 8277 8620
f 8620 8579 8565
f 8620 8667 8580
f 8580 8579 8620
f 8583 8574 8588
f 8588 8596 8583
f 8583 8575 8574
f 8596 8575 8583
f 8703 8724 8580
f 8580 8667 8703
f 8574 7966 8561
f 7966 8538 8561
f 8537 7977 8524
f 8538 7977 8537
f 8524 8515 8537
f 9003 8937 8967
f 9246 9229 9204
f 9204 9221 9246
f 8654 8760 8686
f 8760 8871 8686
f 8872 8871 8998
f 8998 8871 8975
f 8917 8978 8974
f 8974 8975 8917
f 8974 8978 9005
f 9005 9028 8974
f 9028 8975 8974
f 8615 8596 8588
f 8588 8657 8645
f 8645 8615 8588
f 9124 9105 9094
f 8604 8581 8580
f 8580 8606 8604
f 8573 8552 8519
f 9264 9185 9184
f 9184 9124 9264
f 9185 9105 9184
f 9184 9105 9124
f 8802 8309 8785
f 8824 8802 8785
f 8785 8809 8824
f 8669 8309 8794
f 8794 8309 8802
f 8794 8776 8669
f 8230 8148 8116
f 8116 8172 8230
f 8230 8172 8316
f 8809 8785 8230
f 8316 8809 8230
f 7622 7524 7621
f 7621 7989 7622
f 7524 7989 7621
f 8097 8148 8266
f 8266 8125 8097
f 8116 8148 8097
f 8097 7308 8116
f 7299 7308 8097
f 8097 8125 7299
f 8173 8125 8266
f 8266 8255 8173
f 8192 8174 8173
f 8173 8255 8192
f 8142 8175 8154
f 8142 8154 8017
f 8101 8152 8142
f 8152 8175 8142
f 8017 7961 8142
f 8142 7961 8101
f 8256 8241 8240
f 8241 8175 8240
f 8240 8175 8152
f 8266 8646 8296
f 8296 8255 8266
f 8646 8255 8296
f 8896 8992 8942
f 8942 8952 8896
f 8992 8952 8942
f 9032 9130 9042
f 9042 9028 9005
f 9005 9032 9042
f 9042 9130 9124
f 9124 9094 9042
f 9140 9032 8992
f 9140 9130 9032
f 8992 8959 9140
f 8959 9191 9140
f 9140 9191 9250
f 9140 9250 9157
f 8978 8986 8994
f 8994 8986 9032
f 9005 8978 8994
f 8994 9032 9005
f 9175 9191 9070
f 9226 9379 9224
f 9379 9425 9224
f 8683 8563 8704
f 8704 8673 8683
f 9095 8502 8511
f 9095 8704 8502
f 8509 8673 8682
f 8509 8507 8505
f 8682 8507 8509
f 8899 8757 8918
f 8977 8899 8918
f 8918 9058 8977
f 8918 8642 8717
f 8918 8757 8642
f 8754 8376 8755
f 8755 8857 8754
f 8840 8792 8754
f 8754 8857 8840
f 8969 8962 8977
f 7920 8137 7928
f 8136 8119 7920
f 7928 7882 7920
f 7920 7882 7883
f 7920 7883 7758
f 7960 8136 7920
f 7920 7758 7960
f 8297 8342 8311
f 8137 7920 8297
f 8740 8234 8179
f 8376 8792 8179
f 8179 8792 8740
f 8274 8308 8293
f 7717 7751 7893
f 7893 7751 8032
f 7893 7630 7717
f 7929 7630 7893
f 8026 7646 7620
f 8088 8036 8026
f 7583 7646 8026
f 7619 7929 7620
f 7676 7929 7619
f 7619 7630 7676
f 7568 7630 7619
f 8007 8032 8063
f 8007 7893 8032
f 8295 8196 8216
f 8455 8786 8449
f 8786 8469 8449
f 8304 8254 8268
f 8022 8078 7996
f 7996 8078 7984
f 8117 8188 8112
f 8112 8078 8117
f 8117 8160 8188
f 8117 8131 8160
f 8022 8131 8117
f 8117 8078 8022
f 9052 9045 9071
f 9071 9133 9052
f 9052 9133 9016
f 9280 9295 9336
f 9280 9249 9295
f 9238 9280 9257
f 9194 9280 9217
f 9217 9280 9238
f 9071 9194 9217
f 9217 9133 9071
f 9238 9257 9217
f 9217 9257 9133
f 9063 9035 9034
f 9040 9074 9034
f 9034 9035 9003
f 8775 8752 8750
f 8706 8748 8750
f 8907 8909 8775
f 8416 8909 8912
f 8374 8440 8462
f 8462 8436 8374
f 8356 8440 8374
f 8374 8436 8455
f 8455 8449 8374
f 8374 8321 8356
f 9307 9343 9344
f 9344 9346 9307
f 9346 9244 9307
f 9346 9397 9308
f 9308 9244 9346
f 9344 9343 9359
f 9359 9361 9344
f 9472 9361 9359
f 9476 9472 9359
f 9359 9374 9373
f 9355 9374 9359
f 9359 9513 9476
f 9359 9373 9513
f 9385 9224 9425
f 9059 9058 9033
f 9522 9508 9498
f 9516 9528 9522
f 9528 9526 9522
f 9526 9504 9522
f 9522 9504 9508
f 9491 9522 9498
f 9423 9448 9382
f 9423 9382 9422
f 9422 9446 9423
f 9462 9450 9448
f 9448 9423 9462
f 9462 9423 9446
f 9462 9472 9477
f 9477 9450 9462
f 9422 9472 9462
f 9462 9446 9422
f 6660 6588 6612
f 6314 9531 6475
f 6778 6509 6588
f 7114 7144 6865
f 6865 7067 7114
f 7308 7144 7114
f 7114 7067 7308
f 7107 7142 7087
f 7087 6995 7107
f 7087 7142 7247
f 7087 7053 6897
f 6897 6995 7087
f 7247 7067 7087
f 7087 7067 7053
f 4297 4701 4412
f 4412 4714 4488
f 4878 4714 4729
f 4729 4876 4878
f 4701 4876 4729
f 4971 4848 4878
f 4646 4848 4971
f 5038 5342 4971
f 4971 5342 5306
f 5334 5435 5253
f 5253 5435 5469
f 5541 5508 5949
f 5168 5034 5026
f 5026 5034 4954
f 4954 9548 5026
f 5293 5202 5026
f 9548 5293 5026
f 5253 5168 5252
f 5252 5294 5346
f 5168 5026 5252
f 5252 5026 5202
f 5346 5334 5252
f 5252 5334 5253
f 6819 6682 6865
f 6865 6703 6819
f 6819 6703 6682
f 6865 6682 6702
f 6702 6791 6865
f 6552 6791 6702
f 5986 6730 6178
f 6178 6730 6838
f 6181 5892 6198
f 6198 5892 5821
f 6198 6178 6274
f 5986 6178 6198
f 6076 6199 6156
f 6156 6667 6076
f 6199 6667 6156
f 6683 6199 6239
f 6683 6667 6199
f 6239 6181 6683
f 7769 7768 7912
f 7769 7868 7491
f 7914 7868 7769
f 7769 7912 7914
f 7371 7372 7453
f 7453 7372 7107
f 7912 7768 7878
f 8506 8635 8475
f 8663 8515 8654
f 8654 8686 8663
f 8663 8686 8693
f 8663 8693 8622
f 7954 7965 7987
f 7987 7901 7954
f 7954 7901 7859
f 8017 8037 7925
f 7925 7924 8017
f 7764 7723 7763
f 7723 7710 7763
f 7763 7811 7764
f 7831 7811 7763
f 7763 7710 7708
f 7859 7831 7763
f 7677 7850 7789
f 7789 7759 7677
f 7850 7759 7789
f 7657 7850 7677
f 7657 7799 7850
f 7657 7677 7622
f 8012 7799 7657
f 7622 7989 7657
f 7657 7989 8012
f 7661 7704 7705
f 7661 7601 7530
f 7705 7708 7661
f 7708 7601 7661
f 7463 7415 7093
f 7530 7415 7463
f 7463 7661 7530
f 7450 7661 7463
f 7612 7557 7574
f 7622 7677 7574
f 7677 7759 7574
f 7574 7759 7612
f 5999 6078 6080
f 6080 5918 5999
f 6070 5398 5807
f 5807 5398 5598
f 5807 5598 5806
f 6080 6078 6115
f 6078 6169 6115
f 6115 6187 6080
f 6115 6169 6187
f 6625 7093 6626
f 6625 6955 7093
f 6626 6187 6358
f 6358 6625 6626
f 6187 6169 6358
f 6358 6169 6078
f 6078 6396 6358
f 6887 6871 6738
f 6738 6871 6783
f 6783 6674 6738
f 6905 7130 7201
f 7201 7561 6905
f 7201 7130 7578
f 7578 7561 7201
f 7665 7723 7734
f 7665 7561 7723
f 7165 7561 7665
f 6885 6848 6626
f 6958 6848 6885
f 6626 7093 6885
f 6885 7093 6958
f 6213 6140 5806
f 6213 5805 6125
f 5806 5805 6213
f 6321 6240 6354
f 6981 6752 6865
f 6981 6703 6752
f 6981 6535 6703
f 5855 5892 5952
f 5952 6029 5855
f 5952 6015 6029
f 6181 6015 5952
f 5952 5892 6181
f 5235 5173 5467
f 5467 5497 5235
f 5209 5121 5235
f 5235 5121 5173
f 5235 5497 5543
f 5018 5095 5110
f 5173 5121 5110
f 5121 5138 4992
f 4992 5138 5029
f 5029 4768 4992
f 4114 4170 4119
f 4040 3886 3832
f 4040 4119 3886
f 4040 4114 4119
f 4040 3832 4075
f 4075 4114 4040
f 3987 4173 4058
f 3987 3936 4173
f 4604 4768 4546
f 4546 4532 4604
f 4818 4532 4877
f 4877 4992 4818
f 4818 4992 4768
f 4768 4604 4818
f 4818 4604 4532
f 4426 4532 4546
f 4957 4607 5018
f 5018 5110 4957
f 4877 4532 4957
f 4957 5110 5121
f 4957 4992 4877
f 5121 4992 4957
f 5935 5909 5903
f 5909 5818 5903
f 5903 5795 5935
f 5903 5818 5795
f 5613 5751 5767
f 5835 6023 5986
f 5986 5767 5835
f 5835 5767 5751
f 5668 5821 5756
f 5668 5720 5821
f 5668 5756 5704
f 5704 5418 5668
f 5668 5418 5299
f 5060 4973 5071
f 5071 5182 5060
f 5060 5182 4973
f 4357 4788 4778
f 4778 4788 4904
f 4778 5002 4357
f 4904 5002 4778
f 5795 5680 5711
f 5711 5680 5616
f 5209 5234 5152
f 5029 5138 5152
f 5152 5138 5209
f 5264 5234 5209
f 5264 5544 5524
f 5627 5831 5658
f 5396 5607 5620
f 5620 5547 5396
f 5739 5547 5620
f 5777 5739 5620
f 5620 5954 5777
f 5623 5954 5620
f 5620 5609 5623
f 5607 5609 5620
f 5396 5547 5450
f 5739 5636 5450
f 5450 5547 5739
f 5111 5396 5450
f 5623 5609 5640
f 5658 5779 5640
f 5640 5609 5658
f 6016 5758 6058
f 5758 5954 6058
f 6058 6246 6016
f 6058 6253 6246
f 6030 5779 5997
f 6030 5640 5779
f 6030 5954 5623
f 5623 5640 6030
f 6371 6246 6372
f 6372 6246 6392
f 6447 6371 6372
f 6372 6392 6447
f 6334 6268 6064
f 6448 6413 6765
f 6765 6729 6448
f 6765 6977 7012
f 7012 7049 6765
f 7124 7462 7332
f 7186 7049 7012
f 7012 7204 7186
f 5452 5387 5409
f 5409 5291 5452
f 5387 5291 5409
f 5223 4901 5452
f 5452 5291 5223
f 5098 4901 5188
f 5188 5291 5098
f 4901 5223 5188
f 5188 5223 5291
f 5934 6043 5859
f 6047 6043 5934
f 5934 5859 5827
f 5827 6047 5934
f 5847 5987 6026
f 7241 7171 7504
f 7626 7653 7504
f 7040 7189 7139
f 7139 7059 7040
f 7189 7171 7139
f 7139 7171 6792
f 6792 7059 7139
f 7040 7059 6990
f 6990 6960 7040
f 6990 6860 6960
f 6792 6860 6990
f 6990 7059 6792
f 7180 6960 7248
f 7180 7166 6960
f 7248 7215 7180
f 7215 7166 7180
f 1435 1513 1534
f 1556 1795 1610
f 1610 1539 1556
f 1610 1650 1539
f 1596 1638 1787
f 1787 1638 1597
f 1729 1649 1687
f 1687 1649 1650
f 1319 1213 1365
f 1472 1281 1243
f 1351 1319 1365
f 1365 1525 1351
f 1351 1525 1441
f 1213 1319 1351
f 1561 1597 1596
f 1561 1525 1597
f 1441 1525 1561
f 1474 1513 1472
f 1556 1513 1474
f 1596 1556 1474
f 1737 1692 1847
f 1847 1705 1737
f 1737 1705 1692
f 1847 1899 1719
f 1719 1705 1847
f 1669 1705 1719
f 1899 1790 1719
f 2021 1790 1899
f 1899 1995 2021
f 1741 1783 1682
f 1741 1645 1769
f 1769 1783 1741
f 1723 1569 1682
f 1797 1569 1723
f 1523 1569 1582
f 1582 1569 1797
f 1582 1692 1523
f 1582 1797 1692
f 1682 1549 1572
f 1572 1741 1682
f 1645 1741 1572
f 1572 1549 1434
f 1434 1371 1572
f 1323 1371 1434
f 1434 1368 1323
f 1357 1371 1358
f 1357 1429 1371
f 1358 1571 1357
f 1357 1571 1429
f 1503 1571 1645
f 1371 1571 1503
f 1645 1572 1503
f 1503 1572 1371
f 2223 2204 2146
f 2146 2205 2223
f 2223 2342 2439
f 2439 2204 2223
f 2223 2205 2373
f 2223 2423 2342
f 2141 2092 2065
f 2065 2092 2026
f 2109 2026 2048
f 2048 2204 2109
f 2109 2065 2026
f 2141 2065 2109
f 2373 2570 2424
f 2424 2423 2373
f 2570 2423 2424
f 2562 2801 2819
f 2819 2768 2562
f 2819 2801 2906
f 2906 2958 2819
f 2819 2958 2918
f 1781 1783 2026
f 2026 2092 1781
f 1781 2092 1970
f 1682 1783 1781
f 1781 1723 1682
f 1829 1797 1781
f 1797 1723 1781
f 1781 1970 1829
f 2090 2156 2100
f 2100 1969 2090
f 2090 2092 2156
f 2090 1969 2092
f 1377 1555 1338
f 1338 1359 1377
f 1301 1359 1228
f 1228 1246 1301
f 1523 1614 1301
f 1301 1362 1523
f 1301 1246 119
f 119 1362 1301
f 2585 2781 2574
f 2700 2585 3030
f 3030 2781 2700
f 2700 2781 2585
f 1912 1944 1889
f 1889 1587 1912
f 1634 1618 1555
f 1634 1790 1842
f 1842 1618 1634
f 1669 1719 1634
f 1634 1719 1790
f 2304 2371 2199
f 2199 2371 2235
f 1842 1790 1973
f 2502 2781 2763
f 2965 3162 3043
f 3043 3119 2965
f 3162 3119 3043
f 2248 1966 2246
f 1966 2140 2246
f 2246 2271 2248
f 2246 2040 2271
f 2246 2140 2040
f 2044 2212 2040
f 2040 1958 2044
f 2044 1958 1938
f 1938 2002 2044
f 2044 2002 2212
f 2625 2727 2908
f 2608 2625 2908
f 2908 2705 2608
f 2909 2705 2908
f 3032 2909 2908
f 2908 2967 3032
f 4182 4166 4050
f 4050 3904 4182
f 4050 4166 4017
f 3545 3895 3915
f 3915 3938 3858
f 3277 3378 3379
f 3379 3675 3277
f 3660 3183 3277
f 3277 3675 3660
f 3660 3675 3858
f 3050 3183 3660
f 3660 3568 3091
f 3660 3091 3050
f 4395 4469 4447
f 4447 4197 4395
f 4395 4311 4469
f 3050 2977 2931
f 2931 2977 2861
f 2931 2896 3050
f 2861 2896 2931
f 2661 2861 2729
f 2729 2749 2661
f 2678 2663 2833
f 2833 2663 2749
f 3091 3568 3459
f 3185 3053 3091
f 3091 3459 3185
f 3185 3459 3531
f 3185 3796 3797
f 3797 3053 3185
f 2746 3066 2728
f 2728 3066 2813
f 2301 2746 2728
f 2728 2813 2761
f 2761 2642 2728
f 2728 2505 2301
f 2728 2642 2505
f 4292 4059 3954
f 4292 4344 4059
f 4343 4344 4292
f 4292 3988 4343
f 4135 4192 4059
f 4059 4344 4135
f 4135 4344 4192
f 4482 4192 4346
f 4346 4344 4482
f 4192 4344 4346
f 3758 3671 3757
f 3760 3671 3758
f 3757 3974 3758
f 3974 3988 3758
f 3954 3760 3758
f 3758 3988 3954
f 3757 3671 3655
f 3655 3671 3578
f 3655 3911 3757
f 3655 3578 3911
f 3144 2971 2892
f 3578 3671 3377
f 3377 3454 3578
f 3307 3271 3415
f 3415 3454 3307
f 3271 3454 3415
f 4476 4166 4182
f 4182 4552 4476
f 4017 4166 4476
f 4241 4182 4523
f 4523 4552 4241
f 4241 4552 4182
f 5707 6017 6062
f 6062 5742 5707
f 5727 6017 5707
f 5707 5742 5743
f 5067 5159 5023
f 5023 5159 5176
f 5023 4828 5067
f 2548 2505 2637
f 2637 2624 2548
f 2637 2760 2624
f 2505 2642 2637
f 2761 2760 2637
f 2637 2642 2761
f 3813 3922 3794
f 3794 3768 3813
f 3922 3768 3794
f 3813 3638 3696
f 3693 3507 3710
f 3693 3638 3507
f 3693 3696 3638
f 3693 3710 3813
f 3813 3696 3693
f 3769 2962 3641
f 3641 3638 3769
f 4349 4305 4482
f 4264 4137 4192
f 4194 4137 4264
f 4264 4192 4482
f 4482 4305 4264
f 4305 4349 4264
f 4264 4349 4531
f 4254 3922 3813
f 3813 4178 4254
f 4254 4178 4309
f 4467 4309 4194
f 4467 4264 4531
f 4194 4264 4467
f 3813 3710 3780
f 3780 3857 3813
f 3710 3857 3780
f 7295 7077 6879
f 6221 6179 6335
f 6449 6523 6335
f 7390 7602 7533
f 7349 7364 7426
f 7295 7364 7349
f 7390 7295 7349
f 7537 7519 7686
f 7686 7539 7537
f 7519 7684 7686
f 7729 7539 7686
f 7686 7684 7729
f 7577 7839 7858
f 7858 7870 7577
f 7917 8251 7956
f 8211 8212 8251
f 8108 8212 8211
f 7856 7870 7888
f 7888 8212 7856
f 8251 8212 7888
f 7888 7956 8251
f 7879 7750 7765
f 7765 7797 7879
f 7700 7797 7765
f 7765 7553 7700
f 7750 7553 7765
f 7421 7375 7469
f 7421 7469 7470
f 7470 7469 7568
f 7620 7583 7523
f 7583 7460 7523
f 7405 7280 7240
f 7426 7346 7361
f 7361 7460 7426
f 7361 7346 7280
f 7280 7405 7361
f 7361 7405 7460
f 7426 7460 7474
f 7474 7478 7426
f 7460 7478 7474
f 7583 8026 7634
f 7634 8026 8036
f 7727 7667 7634
f 8153 8079 8099
f 8099 8079 8036
f 8099 8157 8153
f 8099 8036 8186
f 8186 8157 8099
f 8107 8036 8088
f 8107 8161 8036
f 8171 8196 8186
f 8186 8161 8171
f 8171 8107 8196
f 8161 8107 8171
f 7728 7699 8042
f 7715 7699 7728
f 7670 7699 7715
f 8041 7728 8042
f 7715 7728 8041
f 8063 8032 8083
f 8032 7751 8083
f 7715 8041 8083
f 8083 7751 7715
f 7599 7652 7666
f 7666 7600 7599
f 7638 7664 7599
f 7599 7664 7652
f 7540 7617 7435
f 7666 7699 7590
f 7590 7600 7666
f 7953 7952 7975
f 7975 8113 7953
f 8113 8189 8146
f 8271 8217 8259
f 8546 8258 8242
f 7101 6989 7102
f 6989 7098 7102
f 7102 7232 7101
f 7098 7232 7102
f 7131 7042 7095
f 6989 7042 7131
f 7133 7098 6989
f 7133 7164 7289
f 8271 8259 8284
f 8301 8284 8259
f 8314 8284 8301
f 8706 8314 8301
f 8301 8591 8706
f 8564 8556 8545
f 9015 9045 8932
f 8932 8843 9015
f 9015 8843 8829
f 8829 9035 9015
f 8613 9035 8829
f 8601 8843 8781
f 8846 8610 8781
f 8609 8843 8589
f 8613 8829 8609
f 8609 8829 8843
f 8114 8072 8055
f 8114 8120 8147
f 8114 8055 8060
f 8060 8120 8114
f 8055 8072 7991
f 7991 7943 8055
f 7991 8031 7992
f 8072 8031 7991
f 7991 7992 7643
f 7643 7943 7991
f 8141 7952 7886
f 8585 8584 8610
f 8585 8564 8545
f 8610 8564 8585
f 8386 8530 8553
f 8553 8341 8386
f 8545 8341 8553
f 8553 8585 8545
f 8584 8585 8553
f 6122 6148 6085
f 6085 6148 6288
f 6122 6085 6069
f 6056 6179 6122
f 6122 6069 6056
f 6056 6069 5948
f 5483 5368 5317
f 5558 5417 5483
f 5417 5368 5483
f 5298 5326 5277
f 4938 5251 5298
f 5298 5277 4938
f 4938 4862 4742
f 4742 4659 4938
f 4659 4874 4938
f 4938 5277 5326
f 4938 5224 4862
f 4938 5326 5224
f 5929 5911 5948
f 5929 5923 5870
f 5870 5911 5929
f 5554 5819 5838
f 5838 5819 5948
f 5948 5911 5838
f 5870 5554 5838
f 5838 5911 5870
f 6503 6473 6524
f 6657 6599 6524
f 6599 6503 6524
f 6341 6657 6524
f 6524 6473 6341
f 5950 5951 5852
f 5755 5852 5853
f 5853 5951 5755
f 5852 5951 5853
f 5755 5951 5869
f 5869 5951 5771
f 5869 5576 5755
f 5869 5771 5576
f 6643 6823 6754
f 6754 6811 6643
f 6823 6811 6754
f 6715 6497 6446
f 7045 6989 7101
f 7101 6925 7045
f 7007 6744 6989
f 7007 6925 6744
f 6989 7045 7007
f 7007 7045 6925
f 6603 6744 6833
f 6833 6574 6603
f 7101 7264 7085
f 7264 7063 7085
f 7435 7455 7329
f 7455 7232 7329
f 7329 7540 7435
f 6790 6414 6654
f 6130 6163 6530
f 5848 5796 5715
f 6666 6732 6417
f 6417 6461 6666
f 6666 6701 6732
f 6417 6732 6432
f 6732 6433 6432
f 6432 6394 6417
f 6432 6433 6394
f 1838 1785 1946
f 1840 1785 1838
f 1831 2022 1928
f 1926 2062 1831
f 2062 2022 1831
f 1946 1715 1714
f 1588 1598 1657
f 1598 1706 1657
f 1616 1588 1657
f 1637 1598 1622
f 1622 1706 1637
f 1637 1706 1598
f 1581 1565 1755
f 1755 1807 1581
f 1755 1872 1807
f 1857 1872 1755
f 1733 1689 1684
f 1684 1772 1733
f 1733 1772 1819
f 1733 1755 1689
f 2455 2505 2548
f 2370 2401 2549
f 2549 2401 2437
f 2549 2531 2633
f 2437 2531 2549
f 2549 2892 2638
f 2549 2859 2892
f 1129 1289 1316
f 1316 1334 1129
f 1289 1334 1316
f 1554 1689 1557
f 1557 1334 1554
f 1557 1689 1565
f 1565 1334 1557
f 805 596 622
f 556 596 805
f 854 896 9538
f 9538 805 854
f 9538 881 705
f 9538 896 881
f 556 805 9538
f 705 666 9538
f 9538 666 556
f 1129 1098 1089
f 1089 1175 1129
f 1145 1436 1089
f 1436 1175 1089
f 2926 2771 2939
f 2939 2771 2872
f 2939 3062 2926
f 3190 3062 2939
f 2940 2985 2939
f 2939 2624 2940
f 2939 2872 2624
f 2939 3348 3190
f 2985 3348 2939
f 2433 2367 2029
f 2433 2465 2367
f 2316 2012 2367
f 2367 2299 2316
f 2316 2299 2012
f 2559 2506 2468
f 2559 3100 3047
f 2559 2468 2569
f 2569 3100 2559
f 3047 2878 2559
f 2559 2878 2797
f 2559 2797 2707
f 2053 1940 2000
f 2000 2037 2053
f 1940 2037 2000
f 2029 1947 2240
f 1621 1978 1759
f 1759 1671 1621
f 1978 1671 1759
f 1583 1671 1595
f 1585 1335 1595
f 1940 1860 1793
f 1793 1671 1940
f 1832 1536 1713
f 1863 1536 1832
f 1884 1863 1832
f 1585 1793 1832
f 1832 1793 1860
f 1832 1860 1940
f 2053 2175 2102
f 2102 2055 2053
f 1884 1832 1941
f 1941 1832 1940
f 1941 1940 2053
f 2053 2055 1941
f 1393 1863 1679
f 1413 1393 1679
f 1679 1771 1413
f 3226 3204 3188
f 3128 3204 3237
f 2650 2980 2507
f 2650 2631 2888
f 2888 2980 2650
f 2650 2507 2271
f 2719 2727 2659
f 2659 2536 2719
f 2536 2416 2719
f 2719 2908 2727
f 3679 3712 3738
f 3716 3554 3407
f 3237 3204 3407
f 2998 3011 3072
f 3188 3021 3059
f 3059 3226 3188
f 3716 3898 4238
f 2250 2385 2249
f 2249 2118 2250
f 2249 2119 2118
f 2249 2385 2386
f 2386 2388 2249
f 2388 2212 2249
f 2212 2119 2249
f 2561 2613 2595
f 4673 4539 4196
f 4196 4183 4673
f 4196 4539 4184
f 3868 3928 3945
f 4073 3848 3945
f 3848 3833 3945
f 3945 3833 3868
f 3723 3833 3848
f 3848 3740 3723
f 3740 3687 3723
f 3687 3620 3723
f 3620 3833 3723
f 3703 3868 3775
f 3775 3680 3703
f 3868 3680 3775
f 2997 2878 3047
f 2797 2878 2997
f 3087 2797 2997
f 3047 3124 2997
f 2997 3124 3087
f 4347 4244 4367
f 4621 4347 4367
f 4367 4544 4621
f 4392 4544 4367
f 4083 4211 4101
f 4063 4027 4010
f 4010 3859 4029
f 4010 3917 3859
f 4029 4083 4010
f 4083 4101 4010
f 4211 4063 4010
f 4010 4101 4211
f 2717 2711 2881
f 3361 3072 3283
f 3283 3072 3011
f 4392 3972 4136
f 3500 3689 3451
f 3314 3500 3451
f 3764 3972 3856
f 3778 3953 3764
f 3764 3953 3972
f 3778 3764 3674
f 3674 3764 3637
f 3674 3953 3778
f 3674 3689 3854
f 3854 3953 3674
f 3712 3408 3661
f 2893 3045 3193
f 3193 3045 3192
f 3193 3192 3314
f 5594 5522 5558
f 5699 5522 5594
f 5468 5528 5513
f 5374 5492 5468
f 5468 5513 5374
f 5468 5492 5671
f 5671 5528 5468
f 5033 5123 5030
f 5030 4970 5033
f 5123 4970 5030
f 5156 5077 5123
f 5198 5321 5156
f 5156 5123 5198
f 5123 5077 5005
f 5005 4549 5123
f 5005 5077 4731
f 4731 4549 5005
f 5244 5286 5259
f 5259 4823 5244
f 5244 4823 4805
f 5244 5414 5286
f 4805 4823 4677
f 4677 4556 4805
f 4557 4556 4677
f 4677 4544 4557
f 4823 4544 4677
f 6254 6190 6091
f 6091 6190 6032
f 6032 5800 6091
f 4833 4597 4539
f 4539 4675 4833
f 4988 4597 4833
f 4833 4738 4988
f 4833 4675 4738
f 5295 5213 5258
f 5068 5216 5258
f 5258 5213 5024
f 5258 5257 5364
f 5201 5257 5258
f 5258 5216 5201
f 5096 5213 5214
f 5214 5213 5295
f 5214 5370 5317
f 5295 5370 5214
f 5268 5283 5242
f 5242 5283 5201
f 4869 4785 4689
f 4689 4870 4869
f 5024 4785 4869
f 4869 4870 5024
f 4687 4870 4775
f 4880 4870 4687
f 4687 4921 4880
f 4165 4162 4272
f 4272 4459 4165
f 4272 4687 4459
f 4272 4162 3960
f 4550 4687 4272
f 3960 3995 4272
f 3995 4550 4272
f 7010 6799 6891
f 7014 7108 7010
f 7010 7033 7014
f 7014 7033 7108
f 5453 5475 5518
f 5321 5475 5453
f 5452 4901 5172
f 4901 5039 5172
f 5172 5238 5452
f 5172 5039 5238
f 5657 5549 5582
f 5582 5549 5518
f 5827 5657 5582
f 5582 5672 5827
f 5582 5518 5672
f 4649 4537 4538
f 4538 4449 4649
f 4538 4537 4211
f 4211 4449 4538
f 4489 4351 4569
f 4569 4549 4489
f 4549 4449 4489
f 4211 4351 4489
f 4489 4449 4211
f 4731 5077 4963
f 4963 4929 4731
f 5077 4929 4963
f 430 455 513
f 513 428 430
f 398 9542 437
f 437 430 398
f 455 430 437
f 437 562 455
f 9542 562 437
f 3901 4028 3711
f 3711 4028 3659
f 3711 3659 3525
f 3525 3435 3711
f 3435 3771 3711
f 3771 3729 3711
f 2762 2964 2742
f 2762 2510 2891
f 2762 2742 2651
f 2651 2510 2762
f 2742 2964 2991
f 2991 2681 2742
f 2943 2681 2991
f 3832 3709 3656
f 3656 3596 3832
f 3709 3596 3656
f 3108 3214 3450
f 2928 3391 3246
f 3391 3405 3246
f 3615 3596 3529
f 3256 3450 3214
f 3596 3450 3256
f 3256 3529 3596
f 3405 3529 3256
f 3832 3616 4031
f 4031 4028 4079
f 4031 3616 4028
f 3433 3405 3391
f 3293 3219 3316
f 3391 3219 3293
f 3316 3435 3293
f 3435 3391 3293
f 3125 3167 3182
f 3167 3219 3182
f 3182 3391 2928
f 3182 3219 3391
f 4079 4195 4312
f 4450 4416 4312
f 3958 4195 3901
f 3901 3879 3958
f 4723 5113 4695
f 4695 4502 4723
f 4416 4502 4695
f 4755 4416 4695
f 4190 4114 4075
f 4170 4114 4190
f 4416 4683 4413
f 4413 4683 4607
f 4607 4345 4413
f 4413 4312 4416
f 5082 4972 4755
f 4744 4683 4755
f 4755 4972 4744
f 4607 4683 4744
f 4744 4972 4950
f 5212 5231 5273
f 6663 5937 6477
f 5770 5717 5700
f 5770 5735 5717
f 5914 5735 5770
f 6818 6710 6618
f 6818 6618 6630
f 6630 7030 6818
f 6818 7030 6941
f 6941 6710 6818
f 7047 6761 6888
f 6761 6710 6888
f 6888 6710 6941
f 6888 7120 7047
f 6941 7120 6888
f 6287 6337 6618
f 6236 6630 6290
f 6630 6337 6290
f 6290 6075 6236
f 6290 6337 6071
f 6071 6075 6290
f 5596 5655 5542
f 5415 5348 5273
f 5273 5341 5415
f 5415 5341 5484
f 5606 5622 5703
f 5703 5873 5606
f 5622 5873 5703
f 4586 4543 4408
f 4586 4620 4543
f 4408 4263 4306
f 4645 4306 4263
f 4703 4792 4645
f 4570 4648 4645
f 4648 4703 4645
f 4364 4263 4408
f 3896 4263 3916
f 3916 3838 3896
f 4263 3838 3916
f 3792 3838 3691
f 3896 3838 3792
f 4049 4263 3896
f 5385 5256 5328
f 5328 5411 5385
f 5488 5411 5328
f 5328 5383 5488
f 5383 5626 5488
f 5488 5626 5625
f 5625 5691 5488
f 5691 5411 5488
f 5375 5341 5356
f 5356 5341 5256
f 5356 5710 5596
f 5356 5411 5710
f 5262 5249 5521
f 5521 5366 5262
f 5219 5180 4989
f 5219 5366 5180
f 5219 5262 5366
f 5249 5262 5219
f 4989 5015 5219
f 5219 5015 5249
f 5230 5180 5401
f 5180 5366 5401
f 5401 5314 5230
f 5401 5366 5521
f 5521 5383 5401
f 5383 5314 5401
f 4798 4799 5100
f 5100 4338 4798
f 4798 4338 4799
f 4085 4121 4160
f 4121 4102 4252
f 4483 4502 4252
f 4543 4620 4722
f 4620 4586 4722
f 4989 4749 4722
f 4722 5015 4989
f 5001 4749 4989
f 4989 5180 5001
f 4720 4764 4656
f 4987 4764 4720
f 4599 4515 4543
f 4656 4515 4599
f 4543 4722 4599
f 4599 4722 4749
f 4599 4720 4656
f 4749 4720 4599
f 4987 4883 4856
f 4856 4763 4987
f 4883 4763 4856
f 4388 4883 4830
f 4201 4338 4124
f 4338 4102 4124
f 4124 4013 4201
f 4102 4013 4124
f 3681 3609 3706
f 3871 3807 3707
f 3707 3609 3685
f 3707 3706 3609
f 3999 3807 4052
f 4225 4302 4052
f 3871 4225 4052
f 4052 3807 3871
f 4052 4302 4373
f 4373 4322 4052
f 4052 4322 3999
f 3943 4013 3997
f 3997 4013 4102
f 3842 3943 3997
f 3997 4102 3842
f 4125 4388 4201
f 4201 4013 4125
f 4125 3999 4388
f 4125 4013 3999
f 4535 4505 4163
f 4163 4505 4400
f 2027 2537 2188
f 2188 2537 2534
f 2866 2534 2596
f 2596 2537 2866
f 2534 2537 2596
f 3061 3082 2788
f 3357 3352 3213
f 3657 3634 3357
f 2978 2816 3092
f 3533 3604 3569
f 3533 3367 3440
f 3533 3410 3367
f 3440 3464 3533
f 3462 3569 3419
f 3419 3410 3462
f 3462 3533 3569
f 3410 3533 3462
f 3324 3113 3272
f 2938 3019 2984
f 2938 2923 3019
f 2984 2936 2938
f 2938 2854 2866
f 2866 2923 2938
f 3303 2923 3137
f 3191 3286 3137
f 3137 3286 3303
f 3101 3303 3019
f 3019 2923 3101
f 3101 2923 3303
f 3303 3414 3301
f 3269 3177 3301
f 3019 3303 3301
f 3301 3177 3019
f 2736 3042 3061
f 4006 3761 3812
f 3685 3609 3541
f 3492 3634 3541
f 3541 3286 3492
f 3541 3609 3286
f 7125 6945 7266
f 7438 7492 7266
f 7266 7492 7437
f 7266 7437 7422
f 5590 5540 5575
f 5575 5649 5590
f 5540 5649 5575
f 5814 5614 5615
f 5814 5815 5788
f 5788 5550 5814
f 5814 5550 5614
f 5990 5695 5910
f 5910 6011 5990
f 6009 5815 5960
f 6009 6008 5788
f 5788 5815 6009
f 6009 6084 6008
f 6009 5944 6106
f 6009 5960 5944
f 6106 6872 6009
f 6872 6084 6009
f 5874 6182 6238
f 6238 6182 6316
f 6238 6121 5874
f 6316 6121 6238
f 6154 6275 6241
f 6241 6317 6154
f 6275 6319 6241
f 6166 6159 6296
f 6166 6124 6159
f 5976 6114 6113
f 5529 6114 5976
f 7226 7503 7301
f 7301 7503 7464
f 7464 7413 7301
f 7483 7532 7511
f 7511 7503 7483
f 7483 7503 7532
f 6437 6540 6586
f 6586 6720 6437
f 7197 7503 7226
f 7197 7094 7024
f 7024 7083 7197
f 6938 6842 6566
f 7094 7197 6953
f 6514 6945 6316
f 6514 6836 6945
f 7054 6876 6840
f 7054 7072 7112
f 6840 6950 7054
f 6950 7072 7054
f 6681 6876 6895
f 6485 6876 6681
f 6965 6637 6681
f 6637 6419 6681
f 6681 6419 6485
f 6947 7066 6965
f 6965 6681 6947
f 6947 6681 6895
f 6895 6876 6947
f 6876 7054 6947
f 7112 7066 6947
f 6947 7054 7112
f 506 507 521
f 506 504 490
f 521 504 506
f 490 469 506
f 469 507 506
f 493 507 475
f 475 507 469
f 719 755 768
f 1399 1331 1656
f 1312 1331 1399
f 1399 1375 1312
f 1792 1375 1399
f 1765 1352 1803
f 901 900 800
f 800 893 901
f 901 893 1043
f 959 900 1030
f 1109 959 1030
f 900 901 1030
f 1030 1130 1109
f 1043 1130 1030
f 800 900 815
f 815 900 799
f 493 800 815
f 815 799 493
f 786 848 838
f 838 782 786
f 800 782 838
f 494 526 542
f 496 526 494
f 477 496 494
f 494 542 493
f 493 475 494
f 494 469 477
f 494 475 469
f 527 787 786
f 786 526 527
f 661 787 527
f 527 526 496
f 527 496 577
f 995 1012 1037
f 1037 870 995
f 995 870 1012
f 1037 848 869
f 869 870 1037
f 869 848 786
f 786 787 869
f 787 870 869
f 1156 1130 1131
f 1010 1033 1037
f 1061 1033 1010
f 1274 1061 1010
f 1037 1163 1010
f 1010 1163 1274
f 753 922 844
f 844 856 753
f 922 856 844
f 789 856 1224
f 1198 789 1224
f 1224 1257 1198
f 1224 1259 1257
f 1224 1329 1451
f 1451 1259 1224
f 580 609 639
f 577 35 580
f 35 609 580
f 635 566 508
f 508 489 635
f 474 489 508
f 508 566 474
f 566 665 650
f 665 710 650
f 970 710 718
f 924 970 718
f 718 710 665
f 718 504 704
f 704 723 718
f 723 722 718
f 874 924 718
f 718 722 874
f 665 489 583
f 583 489 504
f 583 718 665
f 504 718 583
f 2330 2104 2413
f 2194 2104 2330
f 2575 2329 2396
f 2396 2494 2575
f 2431 2134 2305
f 1504 1804 1815
f 1815 1768 1504
f 1803 1768 1815
f 2027 1888 1907
f 1907 1888 1811
f 1608 1794 1593
f 1608 1888 1794
f 1808 1794 1878
f 1794 1888 1878
f 1989 2181 1878
f 1878 2045 1989
f 1878 1888 2045
f 2107 1808 1878
f 1878 2181 2107
f 2027 1907 1883
f 1883 1907 1811
f 1800 1579 1674
f 1813 1579 1800
f 2381 2126 2081
f 2081 2134 2128
f 1892 2134 2081
f 1674 1892 2081
f 2081 1800 1674
f 1311 1375 1640
f 1675 1520 1640
f 1640 1520 1311
f 1640 1792 1675
f 1640 1375 1792
f 2356 2285 2034
f 2329 2444 2356
f 2034 2285 2173
f 1964 2104 2194
f 2194 1880 1964
f 2179 2057 2194
f 2034 2057 2179
f 1880 2057 1959
f 721 609 623
f 623 692 721
f 639 609 721
f 721 692 753
f 753 789 721
f 721 789 775
f 775 639 721
f 740 667 694
f 694 668 740
f 667 668 694
f 865 832 794
f 866 1028 865
f 865 1028 1081
f 1192 1081 1286
f 1448 1285 1286
f 794 972 812
f 812 972 699
f 699 972 1099
f 832 865 1005
f 1005 865 1081
f 794 832 1005
f 1005 972 794
f 1248 1191 1192
f 1192 1286 1248
f 1248 1286 1285
f 1231 1191 1248
f 1284 1231 1248
f 1248 1314 1284
f 1593 1314 1248
f 1285 1508 1248
f 642 699 606
f 606 562 642
f 642 562 699
f 761 824 685
f 685 731 761
f 761 731 824
f 1811 1508 1830
f 1830 1883 1811
f 1448 1799 1537
f 1537 1484 1448
f 1537 1508 1484
f 1799 1830 1537
f 1537 1830 1508
f 649 710 719
f 649 650 710
f 363 340 312
f 312 379 363
f 363 379 340
f 513 525 512
f 385 415 512
f 483 428 513
f 483 512 415
f 513 512 483
f 415 379 419
f 419 428 415
f 419 379 398
f 398 430 419
f 419 430 428
f 398 422 450
f 450 463 398
f 422 463 450
f 294 297 312
f 294 284 297
f 340 310 294
f 294 279 280
f 280 284 294
f 1369 1304 1291
f 1291 1322 1369
f 1212 1322 1291
f 1219 1304 1387
f 1219 1236 1179
f 1387 1236 1219
f 1461 1641 1544
f 1999 2094 2041
f 1086 1032 1035
f 836 868 1035
f 1035 868 946
f 1035 946 1255
f 1035 1258 1086
f 1255 1258 1035
f 2857 2928 2891
f 2891 2510 2857
f 2857 2510 2464
f 3125 3182 2826
f 2826 3182 2928
f 2826 3167 3125
f 2826 2743 3167
f 2928 2857 2826
f 2826 2857 2743
f 2529 2460 2512
f 2512 2743 2529
f 2529 2743 2460
f 2512 2460 2346
f 2277 2512 2346
f 2346 2322 2277
f 2281 2391 2278
f 2278 2184 2281
f 2281 2072 2107
f 2281 2184 2072
f 2107 2322 2161
f 2161 2281 2107
f 2391 2281 2161
f 2086 2184 2375
f 2651 2681 2667
f 2667 2429 2651
f 2602 2479 2667
f 2803 2681 2943
f 2602 2667 2803
f 2803 2667 2681
f 2821 2577 2754
f 2754 2790 2821
f 3807 3748 3718
f 3317 3623 3247
f 3247 3295 3317
f 3317 3295 3575
f 4006 4245 4359
f 1593 1794 1702
f 1794 1732 1702
f 1702 9534 1593
f 1702 1732 9534
f 6387 6161 6323
f 6520 6439 6323
f 6323 6439 6387
f 6323 6161 6049
f 6100 6255 5967
f 5675 5899 5967
f 5421 5255 5305
f 5382 5358 5281
f 5378 5305 5281
f 5281 5305 5255
f 5085 5255 5084
f 3744 3980 4215
f 4215 3980 4239
f 4047 3744 4215
f 4215 4158 4047
f 4239 4369 4215
f 4369 4158 4215
f 3744 3617 3697
f 3826 3980 3744
f 3888 3980 3783
f 3717 3877 3783
f 3877 3888 3783
f 3980 3826 3783
f 3783 3617 3717
f 3783 3697 3617
f 3744 3697 3783
f 3783 3826 3744
f 4250 4369 4249
f 4249 4153 4250
f 4250 4153 4369
f 4239 4181 4253
f 4253 4181 4317
f 4253 4632 4239
f 4317 4632 4253
f 4794 4665 4632
f 5040 4733 4794
f 4733 4369 4794
f 4369 4665 4794
f 4864 5022 5021
f 4864 4794 4632
f 4816 4725 4882
f 4882 5227 4976
f 4725 5062 4882
f 5062 5227 4882
f 4840 4882 4976
f 4428 4654 4564
f 4580 4564 4654
f 4580 4654 4816
f 5499 5439 5420
f 5499 5685 5562
f 5562 5439 5499
f 5084 5324 5395
f 5395 5324 5421
f 5421 5499 5395
f 5395 5499 5420
f 5580 5515 5473
f 5473 5454 5580
f 5358 5454 5473
f 5378 5281 5473
f 5473 5281 5358
f 5548 5515 5580
f 5421 5515 5548
f 3453 3482 3539
f 3353 3482 3453
f 4806 4496 4432
f 4432 4844 4806
f 4432 4486 4733
f 4249 4369 4432
f 4369 4486 4432
f 4007 3821 4117
f 4117 4231 4007
f 4289 4410 4405
f 3565 3342 3524
f 3524 3501 3565
f 3342 3501 3524
f 3635 4117 3565
f 3565 3501 3635
f 3635 3501 4117
f 3503 3501 3434
f 3434 3501 3342
f 3342 3311 3434
f 3127 3503 3434
f 3434 3311 3127
f 1660 1573 1647
f 1573 1660 1698
f 2822 2758 2840
f 2670 2758 2447
f 2723 2684 3029
f 2387 1981 2482
f 2447 2061 2088
f 2088 2106 2158
f 2355 1981 2387
f 2387 2445 2355
f 2315 2698 2545
f 2158 2254 2313
f 2313 2254 2276
f 2276 2315 2313
f 2545 2366 2313
f 2313 2315 2545
f 834 990 989
f 990 1100 989
f 978 1036 948
f 948 932 978
f 61 1015 978
f 978 932 61
f 3033 2860 3010
f 3127 2844 3033
f 2844 2860 3033
f 3068 3166 3127
f 3127 3033 3068
f 3068 3033 3010
f 3280 3294 3365
f 3365 3436 3280
f 3012 2376 2327
f 2327 3014 3012
f 3012 3010 2349
f 2349 2376 3012
f 3030 3046 3145
f 3759 3937 3853
f 3947 3846 3934
f 2425 2520 2587
f 2425 2587 2585
f 2585 2371 2425
f 2476 2520 2425
f 2304 2476 2425
f 2425 2371 2304
f 3202 3174 3238
f 3202 3238 3265
f 3265 3297 3202
f 3097 3174 3202
f 3202 3297 3095
f 3424 3297 3265
f 3265 3553 3424
f 3553 3642 3424
f 3095 3297 3199
f 4754 4820 4808
f 4808 4979 4754
f 4820 4979 4808
f 4899 4993 5020
f 5037 4979 4820
f 4827 4899 5037
f 4899 5020 5037
f 4662 4754 4743
f 4743 4781 4662
f 5284 5455 5428
f 5428 5227 5284
f 5428 5455 5382
f 5135 5062 5031
f 5135 5136 5062
f 5667 5536 5135
f 5135 5536 5136
f 5789 5536 5667
f 5667 5908 5789
f 6068 6219 6234
f 6220 6219 6068
f 6068 5908 6220
f 5684 5636 5758
f 5758 5912 5684
f 4868 5052 5042
f 5042 4928 4868
f 5042 5052 5144
f 5144 4928 5042
f 4829 4814 4868
f 4868 4928 4829
f 4829 4928 4814
f 4776 4671 4800
f 4868 4814 4776
f 4800 4802 4776
f 4776 4802 4868
f 4690 4674 4800
f 4800 4671 4690
f 4690 4671 4674
f 4439 4674 4438
f 4674 4671 4438
f 4814 4928 4812
f 5269 5146 4952
f 4952 4965 5269
f 4952 5146 4868
f 4868 4965 4952
f 4985 5269 4997
f 5269 4965 4997
f 4997 4879 4985
f 4997 4965 4879
f 5379 5357 5144
f 3809 3611 3752
f 3752 3835 3809
f 3752 3611 3539
f 3809 3933 3810
f 4024 3835 4110
f 4924 4985 4892
f 4985 4891 4892
f 4892 4834 4924
f 4891 4834 4892
f 4461 4439 4301
f 3933 4224 4039
f 3908 3810 4039
f 4039 3810 3933
f 3908 4039 4204
f 5250 5373 5498
f 5463 5221 5250
f 5046 4733 5040
f 5040 5066 5046
f 4409 4361 4750
f 4750 4410 4409
f 4409 4410 4361
f 4750 4790 4696
f 4696 4410 4750
f 4696 4405 4410
f 4696 4842 4529
f 4696 4834 4842
f 4924 4834 4696
f 4696 4790 4924
f 5153 5320 5195
f 5153 5208 5320
f 5153 5195 5017
f 5017 4956 5153
f 4956 5208 5153
f 4311 3957 4177
f 4469 4311 4630
f 4608 4739 4630
f 4411 4332 4608
f 4527 4905 4855
f 4905 5179 4855
f 4855 5179 5134
f 5271 5218 5057
f 5057 5245 5271
f 4895 4739 4986
f 4608 4497 4699
f 4699 4739 4608
f 4699 4986 4739
f 4817 4986 4699
f 5697 5796 5651
f 5715 5796 5697
f 5697 5651 5523
f 5523 5715 5697
f 5651 5796 5736
f 5755 5651 5736
f 5736 5852 5755
f 5736 5950 5852
f 3996 4199 3862
f 3862 4067 3996
f 3996 4067 4199
f 4589 4455 4571
f 4571 4490 4664
f 4664 4589 4571
f 4571 4199 4490
f 4571 4455 4199
f 5122 4981 5140
f 5122 5097 4981
f 5140 5303 5122
f 5041 5141 5067
f 4847 5141 5041
f 5067 4736 5041
f 5041 4736 4634
f 4706 4736 4774
f 4774 4828 4706
f 4774 4736 5067
f 5067 4828 4774
f 1774 1956 2039
f 1774 1900 1956
f 1774 2039 1776
f 1776 1688 1774
f 1874 1900 1774
f 1683 1535 1644
f 1644 1535 1488
f 1747 1683 1644
f 1644 1681 1747
f 1490 1398 1397
f 1397 1394 1490
f 1398 1225 1397
f 1397 1225 1394
f 1574 1552 1370
f 1552 1394 1370
f 1370 1411 1574
f 1341 1411 1370
f 1370 1201 1341
f 1394 1225 1370
f 2652 2486 2435
f 2807 2683 2682
f 2486 2652 2682
f 2486 2682 2511
f 2511 2682 2683
f 1810 1961 1985
f 1961 2023 1985
f 1985 1968 1810
f 1985 2023 1968
f 2187 2279 2456
f 2456 2471 2187
f 2532 2683 2571
f 2571 2456 2532
f 2456 2279 2532
f 2302 2032 2124
f 2458 2032 2302
f 2124 2187 2302
f 2302 2187 2471
f 2311 2117 2295
f 2054 1874 2172
f 2218 2032 2458
f 1951 1874 1898
f 1898 1916 1951
f 1951 1916 2032
f 2737 2804 2739
f 2739 2652 2737
f 2807 2682 2739
f 2739 2682 2652
f 2792 2804 2737
f 2737 2652 2792
f 2792 2907 2804
f 1929 1925 2018
f 2018 1812 2039
f 1925 1812 2018
f 2001 2018 2039
f 1929 2018 2001
f 2350 2411 2292
f 2326 2411 2350
f 2035 2112 2241
f 2325 2244 2241
f 2112 2147 2241
f 2377 2557 2661
f 2773 2838 2732
f 2580 2734 2451
f 2732 2734 2580
f 2580 2773 2732
f 2049 2147 1988
f 2083 1972 1988
f 2028 2049 1988
f 1988 1910 2028
f 1720 1779 1740
f 1740 1541 1720
f 1495 1541 1740
f 1740 1779 1929
f 1132 1524 1422
f 1932 2001 1986
f 1929 2001 1932
f 1986 2004 1932
f 2004 1910 1932
f 2710 2627 2726
f 2441 2658 2726
f 2726 2627 2441
f 2950 3069 3050
f 3050 2896 2950
f 2950 2896 3069
f 2748 2861 2661
f 2748 2896 2861
f 2661 2712 2748
f 2712 2896 2748
f 3069 2896 2972
f 2910 3149 2972
f 2972 3149 3378
f 2972 3378 3277
f 3277 3069 2972
f 3123 2910 2845
f 2845 2927 3123
f 2877 2927 2845
f 2581 2603 2671
f 5228 5051 5161
f 5161 5408 5228
f 5051 5408 5161
f 5726 5842 5782
f 5782 5842 5783
f 5050 5408 5051
f 5050 5051 4509
f 4327 4389 4441
f 4441 4389 4259
f 4441 4578 4527
f 4441 4259 4578
f 4578 4259 4510
f 4259 4457 4510
f 4510 4457 4509
f 4509 5051 4510
f 4510 5051 4578
f 1022 1347 1206
f 1206 1266 1022
f 1347 1266 1206
f 1209 1266 1347
f 1209 1176 1124
f 1124 1266 1209
f 1298 1372 1395
f 1372 1433 1606
f 2292 2293 2138
f 1875 2017 1901
f 1901 1859 1875
f 1875 1859 1827
f 1515 1806 1827
f 1827 1806 1875
f 1622 1558 1691
f 1926 1850 1962
f 2988 2694 2730
f 2770 3158 2730
f 2730 3158 2988
f 2730 2648 2770
f 2730 2694 2648
f 2740 2694 2988
f 2740 2945 2633
f 2988 2945 2740
f 2633 2531 2740
f 2531 2694 2740
f 3351 2988 3307
f 3307 3454 3351
f 3284 3299 3626
f 3271 3299 3284
f 3626 3454 3284
f 3284 3454 3271
f 2268 2382 2480
f 2293 2382 2268
f 1926 1962 2268
f 2268 1962 1850
f 2269 2509 2358
f 2509 2481 2358
f 2358 2152 2269
f 2358 2481 2152
f 1135 1134 1160
f 1160 1177 1494
f 1160 1134 1177
f 973 1134 1135
f 973 876 1134
f 1176 1134 1068
f 1134 876 1068
f 1068 886 1176
f 1068 876 863
f 863 886 1068
f 2060 2139 2103
f 2101 2175 2176
f 2103 2139 2290
f 2290 2139 2176
f 2091 2060 2290
f 2290 2060 2103
f 2290 2197 2091
f 2176 2288 2290
f 2290 2288 2351
f 2312 2197 2290
f 2290 2351 2312
f 60 100 71
f 83 55 69
f 69 84 83
f 69 55 60
f 69 71 84
f 60 71 69
f 66 108 82
f 82 74 66
f 66 74 70
f 70 41 66
f 112 1371 93
f 93 102 84
f 1371 1323 93
f 93 100 112
f 93 1323 1368
f 93 1368 122
f 122 102 93
f 93 71 100
f 84 71 93
f 986 1093 1119
f 1119 1093 1138
f 1119 1053 986
f 1310 1053 1119
f 1119 1138 1310
f 1267 1138 1326
f 1267 1326 1361
f 1267 1361 1310
f 1273 1070 1349
f 1070 1317 1349
f 1349 1498 1273
f 1497 1498 1349
f 1349 1317 1497
f 1381 1335 1273
f 1273 1498 1381
f 1381 1498 1583
f 1583 1595 1381
f 1381 1595 1335
f 1500 1588 1616
f 1500 1598 1588
f 1500 1563 1598
f 849 1128 1073
f 1616 1466 1427
f 675 634 608
f 608 632 675
f 675 632 673
f 622 634 675
f 675 849 839
f 675 673 849
f 940 974 115
f 115 114 940
f 940 114 927
f 1041 1082 1027
f 1027 974 1041
f 1268 1328 1041
f 1041 1140 1268
f 1041 1328 1313
f 1313 1082 1041
f 927 875 908
f 1055 1001 1140
f 1055 875 1001
f 1055 908 875
f 797 114 803
f 803 875 797
f 797 875 114
f 1295 1279 1393
f 1393 1344 1295
f 1295 1200 1279
f 1538 1863 1393
f 1538 1536 1863
f 1538 1393 1321
f 1321 1536 1538
f 1566 1364 1585
f 1536 1364 1566
f 1713 1536 1566
f 1585 1832 1566
f 1566 1832 1713
f 725 620 647
f 647 706 725
f 620 706 647
f 855 881 915
f 915 806 855
f 855 806 881
f 426 491 509
f 509 417 426
f 598 491 426
f 426 458 598
f 408 458 426
f 426 417 408
f 449 105 351
f 898 925 926
f 926 890 898
f 1111 1006 926
f 926 925 1111
f 926 1006 928
f 928 890 926
f 382 380 470
f 425 482 470
f 470 380 425
f 470 372 382
f 482 492 470
f 322 372 470
f 470 492 574
f 470 486 322
f 553 515 470
f 470 574 553
f 517 486 470
f 470 515 517
f 550 689 574
f 574 492 550
f 742 689 550
f 550 492 523
f 523 709 550
f 550 709 742
f 457 505 425
f 503 505 457
f 425 380 457
f 457 452 683
f 683 684 457
f 457 684 503
f 683 452 451
f 451 452 441
f 451 652 683
f 441 638 451
f 638 652 451
f 1050 997 1019
f 1078 997 1050
f 1050 1172 1078
f 1023 997 1078
f 925 997 1023
f 1078 1172 1023
f 1023 1172 925
f 897 809 935
f 935 907 897
f 897 907 809
f 872 624 853
f 872 883 766
f 766 655 872
f 655 624 872
f 872 964 883
f 853 951 872
f 872 951 964
f 536 442 498
f 565 598 536
f 598 537 536
f 536 537 464
f 464 442 536
f 373 442 414
f 373 414 408
f 213 287 230
f 99 155 230
f 230 104 99
f 296 313 260
f 260 239 296
f 313 299 261
f 261 260 313
f 1250 944 1008
f 1008 944 889
f 1194 1211 1250
f 1250 1157 1194
f 1194 1157 1211
f 860 888 829
f 1211 1157 899
f 1307 1252 1292
f 1617 1307 1292
f 1292 1624 1617
f 1115 944 1034
f 1034 1252 1115
f 944 1252 1034
f 1968 1693 1676
f 1676 1693 1624
f 1810 1521 1775
f 1665 1731 1775
f 1775 1861 1810
f 1731 1861 1775
f 1594 1332 1665
f 1594 1521 1332
f 1665 1775 1594
f 1594 1775 1521
f 1758 1731 1700
f 1758 1846 1731
f 683 638 717
f 717 638 664
f 785 912 784
f 784 736 785
f 917 736 879
f 879 784 912
f 736 784 879
f 737 717 736
f 737 738 683
f 683 717 737
f 767 709 708
f 742 709 767
f 779 742 767
f 767 898 779
f 767 809 898
f 1341 1201 1320
f 1320 1430 1341
f 1307 1337 1320
f 1488 1430 1320
f 1320 1644 1488
f 1320 1337 1681
f 1681 1644 1320
f 979 947 1115
f 979 1115 1307
f 1307 1320 979
f 478 555 636
f 664 638 636
f 636 638 478
f 636 717 664
f 736 717 636
f 702 555 563
f 702 563 591
f 702 591 785
f 785 736 702
f 2261 2618 2514
f 2514 2467 2261
f 1695 1387 1717
f 1717 1751 1695
f 1695 1751 1387
f 1789 1751 1717
f 1789 2479 2087
f 1789 2087 2153
f 2153 1751 1789
f 2873 3086 3004
f 3004 3086 3331
f 2821 2873 3004
f 3028 2873 2821
f 3028 3086 2873
f 3108 3086 3028
f 2821 2790 3028
f 3028 2991 3108
f 2943 2991 3028
f 3028 2803 2943
f 3181 3252 3083
f 3300 3252 3298
f 3983 3666 3847
f 3520 3212 3370
f 3370 3267 3300
f 3370 3212 3040
f 3040 3267 3370
f 3300 3427 3370
f 3370 3427 3520
f 3300 3267 3170
f 3170 3252 3300
f 2605 3083 3009
f 3009 2782 2605
f 1400 1202 1170
f 1343 1164 1400
f 1164 1202 1400
f 1801 1724 1533
f 1724 1396 1533
f 1533 1396 1343
f 1343 1400 1533
f 878 909 913
f 1083 1149 1162
f 1162 1149 1236
f 745 715 674
f 674 629 745
f 1066 1108 1017
f 1108 996 1017
f 670 772 747
f 747 653 532
f 747 500 670
f 747 532 500
f 781 909 878
f 878 913 781
f 781 913 724
f 851 746 773
f 773 744 851
f 746 744 773
f 2225 2192 2170
f 2170 2289 2225
f 9536 2192 2225
f 9539 9536 2225
f 2225 3203 9539
f 2516 3203 2225
f 2225 2289 2516
f 2170 2169 2191
f 2191 2289 2170
f 2169 2289 2191
f 2398 2289 2331
f 2331 2289 2169
f 1854 1801 1736
f 1736 2052 1854
f 2709 2834 2798
f 2798 2657 2709
f 2782 2834 2709
f 2605 2782 2709
f 2709 2657 2605
f 2514 2563 2641
f 2563 2657 2641
f 2641 2657 2798
f 2798 2703 2641
f 2703 2643 2641
f 2007 2008 2084
f 2007 2084 2398
f 2296 2132 2643
f 2398 2084 2296
f 2084 2132 2296
f 2008 2007 1971
f 2144 2132 2082
f 3452 3658 3210
f 3210 3470 3452
f 3452 3470 3658
f 4325 4356 4276
f 4321 4374 4357
f 4246 4374 4096
f 4276 4329 4246
f 4258 4321 4357
f 4220 4374 4258
f 4374 4321 4258
f 1481 1253 1480
f 1253 1384 1480
f 1480 1821 1481
f 1505 1532 1639
f 1505 1483 1532
f 1505 1056 1199
f 1199 1483 1505
f 1401 1458 1415
f 1590 1483 1415
f 1415 1458 1590
f 1479 1546 1401
f 1401 1418 1479
f 6080 6187 6127
f 6127 6187 6626
f 6099 6095 6227
f 5880 5581 5857
f 5857 5980 5880
f 3986 3789 4003
f 4003 3789 3607
f 3739 3563 3593
f 3631 3563 3739
f 3631 3912 3522
f 3631 3849 3912
f 3563 3631 3215
f 5169 5168 5253
f 5038 5004 5169
f 5169 5004 5168
f 5857 5581 5611
f 5531 5918 5857
f 5857 5530 5531
f 5659 5918 5531
f 5531 5451 5659
f 5531 5530 5343
f 5343 5451 5531
f 5674 5451 5470
f 5470 5673 5674
f 5674 5659 5546
f 5546 5451 5674
f 5659 5451 5546
f 3288 3215 3142
f 3487 3326 3557
f 3557 3326 3335
f 3589 3487 3557
f 3035 2951 3067
f 3528 3279 3781
f 3781 3992 3528
f 3363 3335 3168
f 3168 3344 3363
f 3036 2974 2897
f 2897 2974 2263
f 2951 3035 2897
f 2897 3035 3036
f 2897 2323 2951
f 2263 2323 2897
f 2598 2264 2932
f 2932 2264 2427
f 2427 2263 2932
f 2263 2974 2932
f 2438 2418 2588
f 2588 2418 2814
f 2588 2323 2438
f 2814 2323 2588
f 2011 2418 2438
f 2438 2239 2011
f 2011 2239 2033
f 2051 2239 2263
f 1952 2033 2051
f 2033 2239 2051
f 1952 1957 1876
f 2036 1957 1952
f 1952 2051 2036
f 1662 1652 1620
f 1825 1652 1662
f 1620 1632 1662
f 1662 1632 1825
f 1592 1576 1437
f 1576 1262 1437
f 1437 1241 1592
f 1437 1262 1241
f 941 888 860
f 1639 9541 1677
f 1677 9541 1742
f 1742 1678 1677
f 1677 1505 1639
f 1678 1505 1677
f 1590 1626 1627
f 1626 9541 1627
f 1627 1604 1590
f 1639 1604 1627
f 1627 9541 1639
f 765 752 750
f 842 857 720
f 720 752 842
f 842 752 873
f 873 905 842
f 842 905 857
f 720 524 538
f 538 524 540
f 538 540 383
f 621 752 720
f 720 538 621
f 534 554 563
f 563 555 534
f 579 487 495
f 435 401 411
f 411 487 435
f 554 534 435
f 591 554 435
f 435 487 591
f 707 757 557
f 720 757 707
f 557 524 707
f 707 524 720
f 720 857 828
f 828 757 720
f 828 857 860
f 860 757 828
f 362 324 335
f 335 263 334
f 324 263 335
f 251 374 265
f 265 267 251
f 389 538 383
f 374 454 386
f 953 857 906
f 857 905 906
f 906 1187 953
f 905 1187 906
f 765 1011 1014
f 1014 905 765
f 1014 1105 905
f 1014 1011 1063
f 1063 1105 1014
f 362 335 407
f 383 524 407
f 407 335 334
f 407 334 383
f 1169 1105 1184
f 905 1105 1169
f 1184 1187 1169
f 1169 1187 905
f 1487 1403 1485
f 1485 1403 1442
f 1485 1442 1548
f 1663 1487 1485
f 1485 2063 1826
f 1728 2063 1485
f 1548 1646 1485
f 1646 1727 1485
f 1485 1727 1728
f 1725 1752 1869
f 253 214 235
f 235 320 253
f 318 320 235
f 164 188 198
f 223 198 268
f 149 164 154
f 154 124 149
f 188 164 149
f 149 174 186
f 186 196 149
f 149 196 207
f 207 188 149
f 127 144 128
f 144 133 128
f 17 16 21
f 21 134 131
f 133 134 21
f 21 128 133
f 127 128 21
f 21 132 127
f 21 23 135
f 135 132 21
f 268 263 245
f 245 223 268
f 274 263 268
f 268 331 274
f 331 314 274
f 344 343 357
f 357 402 344
f 343 402 357
f 413 441 369
f 413 439 441
f 413 401 420
f 413 402 401
f 420 534 413
f 413 534 555
f 478 439 413
f 413 555 478
f 117 179 150
f 150 155 117
f 150 195 155
f 384 365 332
f 298 391 346
f 346 332 298
f 346 391 395
f 395 332 346
f 384 404 547
f 955 939 988
f 1025 955 988
f 988 1056 1025
f 630 672 771
f 771 603 630
f 630 602 672
f 603 602 630
f 572 603 578
f 578 473 572
f 703 604 679
f 679 604 578
f 792 748 920
f 792 920 830
f 830 793 792
f 792 679 748
f 792 793 703
f 703 679 792
f 734 603 733
f 748 679 734
f 416 572 473
f 1263 1199 1168
f 1168 1348 1263
f 841 804 985
f 936 1051 1052
f 1079 920 936
f 936 1052 1079
f 943 936 920
f 1051 936 943
f 289 308 186
f 186 193 289
f 307 308 289
f 289 271 307
f 289 193 271
f 269 270 222
f 293 270 269
f 222 202 269
f 202 293 269
f 271 193 244
f 244 270 271
f 193 270 244
f 353 308 307
f 353 374 323
f 514 473 578
f 578 604 514
f 514 604 531
f 531 484 468
f 453 454 374
f 453 484 682
f 682 454 453
f 186 308 194
f 194 196 186
f 308 196 194
f 303 286 291
f 303 304 286
f 291 355 303
f 355 304 303
f 315 302 349
f 349 336 315
f 358 336 349
f 92 94 15
f 15 98 92
f 92 98 94
f 153 98 125
f 60 55 50
f 55 66 45
f 45 66 41
f 85 64 63
f 64 54 63
f 63 73 85
f 27 73 63
f 63 54 27
f 72 75 76
f 78 79 76
f 103 78 76
f 76 75 103
f 529 533 412
f 412 543 529
f 529 543 533
f 292 358 356
f 291 292 356
f 674 627 628
f 628 626 674
f 533 543 628
f 628 627 670
f 670 533 628
f 629 626 590
f 590 626 539
f 584 541 586
f 586 541 522
f 836 1035 817
f 817 1035 1032
f 467 378 385
f 522 378 467
f 385 512 467
f 8713 8687 8771
f 8713 8636 8687
f 8650 8636 8713
f 8713 8652 8650
f 8672 8652 8713
f 9437 9440 9463
f 9408 9440 9437
f 9371 9408 9437
f 9437 9438 9371
f 9270 9131 9192
f 9192 9222 9270
f 9131 9222 9192
f 9329 9323 9360
f 9360 9439 9329
f 7800 8033 7993
f 7993 7970 7800
f 8033 7970 7993
f 9007 8881 9008
f 9008 9044 9007
f 8881 9044 9008
f 9051 9044 9062
f 9139 9051 9062
f 9062 9044 9053
f 9062 9053 9139
f 9202 9060 9151
f 9151 9060 9051
f 9216 9202 9151
f 9151 9051 9216
f 7923 7913 7937
f 7937 7913 8058
f 8617 7923 7937
f 7937 8058 8617
f 7692 7938 7691
f 7938 7913 7691
f 7625 7692 7691
f 7691 7587 7625
f 9009 9046 9053
f 9053 8897 9009
f 9009 8897 9046
f 9080 9069 9046
f 9080 9097 9069
f 9046 9037 9080
f 9080 9115 9107
f 9107 9097 9080
f 9048 9115 9080
f 9080 9030 9048
f 8968 9030 9080
f 9080 9037 8968
f 8401 8279 8337
f 8337 8351 8401
f 8279 8351 8337
f 6734 7073 7071
f 7071 7089 6734
f 7170 7071 7073
f 7633 7170 7256
f 7633 7635 7659
f 7256 7635 7633
f 8104 8184 8071
f 7618 7103 7406
f 7406 7476 7618
f 7636 7615 7662
f 7636 7662 7923
f 7800 7730 7636
f 7636 7818 7800
f 7636 7730 7481
f 7481 7466 7636
f 7466 7615 7636
f 7155 6987 6988
f 7277 7342 7155
f 6872 7277 7155
f 7155 6988 6872
f 8684 8652 8672
f 8095 8282 8262
f 8262 8094 8095
f 8282 8094 8262
f 8134 8302 7532
f 7532 8094 8134
f 8134 8094 8302
f 8327 8315 8282
f 8156 8600 8327
f 8600 8315 8327
f 6502 6501 6364
f 6501 6325 6364
f 6364 6325 6426
f 6364 6572 6502
f 6364 6426 6572
f 6525 6357 6359
f 6359 6357 6277
f 6359 6501 6525
f 6359 6347 6501
f 6277 6204 6359
f 6204 6347 6359
f 6204 6139 6226
f 6226 6325 6501
f 6226 6217 6312
f 6312 6325 6226
f 6395 6469 6609
f 6395 6383 6469
f 6395 6768 6820
f 6609 6768 6395
f 6395 6485 6420
f 6820 6485 6395
f 6420 6317 6395
f 6317 6241 6395
f 6395 6241 6319
f 6376 6419 6416
f 6416 6419 6637
f 6416 6272 6376
f 6637 6272 6416
f 6320 6383 6296
f 6357 6383 6320
f 6296 6277 6320
f 6277 6357 6320
f 6769 7005 6951
f 7020 6854 7078
f 7078 7005 7020
f 6685 6854 7020
f 7020 7005 6685
f 7152 7005 7078
f 7078 7244 7152
f 7848 7919 7849
f 7919 7948 7849
f 7849 7948 7946
f 7249 7509 7849
f 7509 7848 7849
f 7981 7919 8000
f 7981 7948 7919
f 7981 8085 7948
f 8000 8123 7981
f 8123 8085 7981
f 7946 7948 8062
f 8156 8082 8062
f 8062 8082 7946
f 7948 8085 8062
f 8062 8123 8156
f 8062 8085 8123
f 7565 8095 7627
f 7565 7605 8095
f 7627 7532 7565
f 7565 7396 7233
f 7233 7605 7565
f 7532 7355 7565
f 7565 7355 7396
f 5678 5732 5399
f 5399 5460 5678
f 5712 5886 5846
f 5712 5460 5886
f 5506 5886 5232
f 5886 5460 5232
f 5232 5434 5506
f 5205 5434 5232
f 5232 5460 5399
f 5189 5089 5232
f 5399 5360 5232
f 5232 5360 5189
f 4884 4906 5232
f 5232 4909 5205
f 5232 4906 4909
f 5506 5577 6089
f 5577 6153 6089
f 6165 6153 6090
f 6114 6419 6165
f 6376 6272 6165
f 6165 6419 6376
f 6165 6113 6114
f 6713 6271 6562
f 6562 6271 6272
f 6562 6637 6713
f 6562 6272 6637
f 5945 6271 5959
f 5945 6089 6153
f 5959 5886 5945
f 5945 5886 5506
f 6928 6727 6665
f 6665 6786 6928
f 6713 6786 6665
f 6665 6727 6653
f 6653 6544 6665
f 6665 6271 6713
f 6302 6271 6665
f 6665 6544 6302
f 6024 6173 5846
f 6024 6164 6173
f 5846 5959 6024
f 6300 6164 6024
f 6024 5959 6302
f 6302 6300 6024
f 5120 5171 5196
f 5120 4909 4885
f 4885 5171 5120
f 5427 5638 5503
f 5846 6173 5860
f 5860 5747 5846
f 5759 5895 5894
f 5894 5724 5759
f 5759 6096 5895
f 5639 5747 5808
f 5808 6063 5639
f 5747 5860 5808
f 5808 5860 6063
f 6437 6096 6256
f 6256 6063 6437
f 6328 6173 6391
f 6391 6063 6328
f 6328 6063 6173
f 5292 5054 5427
f 5427 5043 5292
f 5292 5043 5054
f 4853 4919 4748
f 4748 4737 4651
f 4919 4737 4748
f 5086 4867 5053
f 5423 4867 5086
f 5053 5290 5086
f 5086 5290 5423
f 4759 4902 4889
f 4889 4867 4759
f 4902 4867 4889
f 4918 4926 4759
f 4759 4867 4918
f 4708 4813 4672
f 4737 4813 4708
f 4797 4926 4898
f 4797 4747 4926
f 4797 4898 4735
f 4735 4747 4797
f 5569 5351 5538
f 5615 5569 5538
f 5538 5367 5590
f 5538 5351 5367
f 5249 5015 5061
f 5061 5118 5249
f 5367 5351 5275
f 5275 5118 5367
f 5351 5118 5275
f 5170 5367 5107
f 5367 5151 5107
f 5092 5170 5107
f 5107 4886 5092
f 5107 5151 4886
f 7436 7357 7493
f 7493 8392 7436
f 7436 8392 8369
f 8461 7340 7418
f 7340 7357 7418
f 8369 8461 7418
f 7418 7436 8369
f 7357 7436 7418
f 6652 6444 6522
f 6522 6650 6652
f 6055 6023 6010
f 6055 6444 6023
f 6055 6522 6444
f 6010 5909 6055
f 5909 6650 6055
f 6650 6522 6055
f 6798 6652 6649
f 6652 6650 6649
f 6649 6697 6798
f 6650 6697 6649
f 7331 7259 7298
f 7331 7388 7259
f 7331 7298 7407
f 7407 7388 7331
f 7047 7216 7061
f 7061 7216 7298
f 7298 7161 7178
f 7178 6697 7298
f 7161 6697 7178
f 6800 6697 6712
f 7298 6697 6800
f 6800 7061 7298
f 6800 6712 6761
f 6800 6761 7047
f 7047 7061 6800
f 7317 7203 7291
f 7357 7203 7317
f 7493 7357 7317
f 7317 7330 7493
f 7291 7330 7317
f 7031 6976 7050
f 7050 7291 7031
f 7291 7203 7031
f 7031 7203 7030
f 7030 6976 7031
f 7168 7113 6307
f 6307 7207 7168
f 7168 7207 7113
f 7184 7291 7050
f 6307 6251 6230
f 6230 7207 6307
f 6230 6251 6138
f 6138 6066 6230
f 6230 6313 7208
f 7208 7207 6230
f 5734 5655 5829
f 6084 6987 6724
f 5939 6083 6006
f 6006 5924 5939
f 5925 5924 6006
f 6006 6083 6824
f 6824 6005 6006
f 6006 6005 5925
f 8164 7936 8195
f 8164 8195 8316
f 8316 8172 8164
f 8164 8172 7935
f 7935 7936 8164
f 8676 8762 8632
f 8676 8737 8762
f 8632 8655 8676
f 8655 8737 8676
f 8720 8655 8705
f 8655 8635 8705
f 8685 8720 8705
f 8705 8635 8685
f 9270 9271 9236
f 9180 9123 9236
f 9236 9213 9180
f 9236 9271 9276
f 9276 9213 9236
f 8485 8468 8486
f 8484 8468 8485
f 8485 8508 8484
f 8522 8517 8487
f 8470 8465 8487
f 8487 8517 8677
f 8487 8479 8522
f 8465 8479 8487
f 8487 8481 8470
f 8487 8677 8481
f 6942 7111 6934
f 7111 7013 6934
f 6934 6749 6942
f 6838 6730 6934
f 6934 6730 6749
f 8272 8328 8306
f 8306 7658 8272
f 8306 8398 8397
f 8306 8328 8398
f 7609 7401 7573
f 7658 8306 7573
f 7278 7013 7111
f 7278 7356 7013
f 7278 7111 7417
f 7641 7419 7344
f 7344 7389 7065
f 7419 7389 7344
f 7065 7013 7344
f 7013 7356 7344
f 8927 9018 9036
f 9070 8927 9036
f 9036 9175 9070
f 9036 9018 9152
f 9152 9175 9036
f 9182 9135 9120
f 9182 9213 9135
f 9182 9120 9137
f 9137 9213 9182
f 9323 9300 9242
f 9300 9213 9242
f 9276 9323 9242
f 9242 9213 9276
f 9187 9175 9152
f 9191 9175 9187
f 9288 9303 9250
f 9288 9285 9303
f 9250 9187 9288
f 9288 9187 9285
f 9304 9315 9157
f 9303 9315 9304
f 9157 9250 9304
f 9250 9303 9304
f 9124 9130 9161
f 9264 9124 9161
f 9130 9140 9161
f 9161 9140 9157
f 9161 9247 9264
f 9157 9315 9161
f 9161 9315 9247
f 7222 7156 7220
f 7220 7267 7222
f 7267 7442 7222
f 7222 7184 7050
f 7050 7113 7222
f 7113 7156 7222
f 7222 7442 7424
f 7291 7184 7222
f 7424 7330 7222
f 7222 7330 7291
f 7362 7442 7267
f 8731 8812 8805
f 8812 8893 8805
f 8805 8712 8731
f 9270 9029 8988
f 9019 9104 8988
f 8988 9104 9270
f 8945 8893 9049
f 5412 5331 5260
f 5331 5181 5260
f 5463 5412 5260
f 5260 5181 5463
f 5192 5164 5463
f 5463 5181 5192
f 5192 5181 5164
f 5345 5307 5430
f 5430 5307 5308
f 5308 5517 5430
f 5588 5412 5568
f 5568 5628 5588
f 5588 5331 5412
f 5588 5583 5331
f 5588 5628 5643
f 5643 5583 5588
f 5661 5583 5676
f 5676 5583 5643
f 5676 5643 6217
f 5498 5617 5511
f 5511 5250 5498
f 5493 5617 5718
f 5493 5718 5733
f 5463 5250 5493
f 5733 5679 5493
f 5493 5568 5463
f 5493 5679 5568
f 5592 5498 5738
f 5738 5617 5592
f 5592 5617 5498
f 7118 7273 7057
f 7273 6972 7057
f 6940 6707 6687
f 6687 6972 6940
f 6687 6537 6520
f 6687 6645 6537
f 6669 6645 6687
f 6687 6707 6669
f 6850 6745 7009
f 6673 6616 6745
f 6541 6616 6673
f 6745 6850 6673
f 6456 6365 6529
f 6529 6488 6456
f 6456 6488 6365
f 6734 6841 7002
f 7002 7073 6734
f 6841 6901 7002
f 7002 7170 7073
f 6901 7170 7002
f 7689 7840 7801
f 7801 7585 7689
f 7689 7585 7840
f 7906 7801 7907
f 7906 7905 7801
f 7907 8035 7906
f 7906 8035 7905
f 7801 7905 7983
f 7983 7972 7801
f 7999 7972 7983
f 7999 7983 8047
f 8047 7983 7905
f 7963 8035 7840
f 7808 7972 8009
f 7836 7808 8009
f 8009 7972 7999
f 7999 8047 8009
f 6718 6534 6794
f 6718 6770 6534
f 6718 6794 6841
f 6841 6770 6718
f 5780 6381 5804
f 6000 6381 5780
f 5780 5967 6000
f 5675 5967 5780
f 6408 6381 6000
f 6408 5967 6255
f 6000 5967 6408
f 6255 6409 6408
f 6408 6409 6471
f 6468 6381 6408
f 6471 6598 6408
f 6598 6468 6408
f 6933 6916 7069
f 6933 6877 6916
f 6883 6877 6933
f 7069 7001 6933
f 7001 6956 6933
f 6933 6956 6883
f 8394 8445 8424
f 8453 8438 8424
f 8424 8438 8366
f 8292 8245 8263
f 8263 8057 8264
f 8264 8292 8263
f 7748 7787 7816
f 7816 7875 7748
f 7748 7875 7758
f 7572 7731 7527
f 7861 7909 7832
f 7832 7792 7861
f 7832 7909 7918
f 7791 7792 7832
f 7832 8111 7791
f 7918 8111 7832
f 7124 7104 7146
f 7146 7462 7124
f 7104 7462 7146
f 7479 7104 7069
f 7479 7462 7104
f 7241 7504 7479
f 7479 7504 7653
f 7709 7462 7479
f 7918 7909 8191
f 7909 8248 8191
f 8191 8111 7918
f 8191 8248 8111
f 8312 8346 8394
f 8394 8248 8312
f 8312 8248 8346
f 7293 7304 7218
f 7218 7235 7293
f 7218 7304 7009
f 7009 7235 7218
f 6812 6610 6717
f 6717 6845 6812
f 6812 6845 6861
f 6812 6861 7153
f 6472 6511 6392
f 6392 6515 6472
f 6472 6515 6511
f 6511 6515 6567
f 6567 6515 6610
f 6619 6511 6567
f 6567 6610 6619
f 6835 6764 6766
f 6766 6764 6699
f 6766 6699 6619
f 6619 6610 6766
f 7009 6762 6944
f 6944 6762 6696
f 6944 7235 7009
f 6696 7235 6944
f 6745 6616 6558
f 6332 6330 6234
f 6474 6330 6510
f 6510 6616 6474
f 6496 6558 6510
f 6510 6558 6616
f 6234 6330 6284
f 6777 6849 7118
f 7294 7318 7190
f 7270 7367 7286
f 7309 7052 7270
f 7309 7320 7052
f 7270 7286 7309
f 7367 7320 7309
f 7309 7286 7367
f 7179 7316 7380
f 7179 7380 7153
f 7153 7154 7179
f 7383 7487 7303
f 7487 7316 7303
f 7303 7179 7154
f 7316 7179 7303
f 7263 7383 7303
f 7303 7154 7263
f 7153 6861 6903
f 6903 6845 7153
f 6861 6845 6903
f 6756 6623 6721
f 7153 6717 6756
f 6756 6986 7153
f 6756 6717 6647
f 6709 6623 6560
f 6963 6709 6560
f 6268 6334 6560
f 6560 6266 6268
f 6206 6266 6560
f 6504 6145 6560
f 6145 6206 6560
f 6647 6343 6621
f 6621 6756 6647
f 6623 6756 6621
f 6621 6343 6214
f 8492 8498 8453
f 8453 8424 8492
f 8492 8424 8445
f 8505 8507 8492
f 8492 8394 8505
f 8492 8445 8394
f 9026 8918 8717
f 9058 8918 9026
f 8717 8940 9025
f 9025 9026 8717
f 9025 8940 9033
f 9033 9058 9025
f 9058 9026 9025
f 7675 7522 7716
f 7675 7716 7758
f 7758 7714 7675
f 7675 7714 7702
f 7702 7521 7675
f 7521 7522 7675
f 8641 8533 8496
f 8496 8466 8641
f 8525 8533 8342
f 8342 8418 8525
f 8525 8418 8533
f 8773 8791 8808
f 8791 8864 8808
f 8808 8864 8851
f 8894 8981 8946
f 8894 8946 8891
f 8827 8593 8830
f 8830 8593 8595
f 8772 8835 8822
f 8822 8835 8891
f 7593 7434 7595
f 7593 7506 7434
f 7604 7592 7669
f 7697 7775 7669
f 7669 7775 7823
f 7823 7725 7669
f 7669 7725 7604
f 7926 7840 7823
f 7926 7963 7840
f 8547 8550 8582
f 8582 8593 8547
f 8595 8593 8582
f 8595 8582 8587
f 7846 7828 7982
f 7982 8023 7846
f 7982 7828 7817
f 7817 8023 7982
f 5239 5143 5199
f 5239 5609 5339
f 5339 5396 5239
f 5396 5143 5239
f 5239 5199 5380
f 5380 5609 5239
f 3600 3976 3914
f 4185 4223 4596
f 4112 4223 4185
f 5109 5185 5207
f 5109 4969 5016
f 5207 4969 5109
f 5406 5394 5288
f 4936 4791 5003
f 5016 4925 5003
f 5003 4925 4936
f 4740 4710 4711
f 4711 4925 4740
f 4740 4925 4710
f 4711 4730 4753
f 4753 4925 4711
f 4730 4925 4753
f 4865 4901 4998
f 4998 4901 5098
f 5098 5387 4998
f 4998 5387 5285
f 5285 5013 4998
f 4452 4521 4653
f 4653 4478 4452
f 4596 4478 4653
f 4872 4998 5013
f 4872 5013 4854
f 4771 4810 4865
f 4771 4653 4521
f 4686 4810 4611
f 4611 4771 4521
f 4810 4771 4611
f 4626 4686 4611
f 4612 4626 4611
f 4684 4734 4821
f 4684 4572 4734
f 4588 4500 4501
f 4501 4572 4588
f 4734 4572 4559
f 4559 3925 3902
f 3902 4734 4559
f 4614 4278 4772
f 4614 4150 4278
f 4772 4734 4614
f 4734 4150 4614
f 4485 4368 4711
f 4711 4366 4485
f 4485 4366 4368
f 4558 4378 4576
f 4368 4378 4558
f 4391 4328 4407
f 4772 4391 4407
f 4407 4641 4772
f 4304 4641 4407
f 4407 4328 4304
f 3386 3274 3216
f 3695 3663 3773
f 3663 3630 3773
f 3773 3630 3786
f 3786 3892 3773
f 3892 3931 3773
f 2608 2705 2636
f 2705 2635 2636
f 2636 2570 2608
f 2636 2635 2570
f 2607 2655 2586
f 2607 2635 2655
f 2586 2439 2607
f 2439 2423 2607
f 2607 2423 2570
f 2570 2635 2607
f 3465 3388 3599
f 3599 3388 3354
f 3599 3914 4043
f 4043 3573 3599
f 3573 3465 3599
f 3599 3354 3341
f 3341 3547 3599
f 3599 3547 3600
f 3600 3914 3599
f 3441 3511 3265
f 3465 3511 3441
f 3265 3319 3441
f 3319 3465 3441
f 3135 3109 3175
f 3109 3309 3175
f 3175 3250 3135
f 3175 3309 3250
f 3329 3486 3341
f 3341 3152 3329
f 3329 3152 3486
f 3526 3152 3385
f 3486 3152 3526
f 3385 3527 3526
f 3526 3547 3486
f 3673 3547 3526
f 3695 3673 3526
f 3526 3527 3695
f 2204 2390 2274
f 2274 2109 2204
f 2141 2109 2274
f 2253 2141 2274
f 2274 2469 2253
f 2274 2390 2469
f 3587 3642 3553
f 3587 3553 3265
f 3265 3511 3587
f 3573 3625 3587
f 3587 3511 3573
f 3587 3625 3715
f 3715 3642 3587
f 8155 8163 8252
f 8252 8011 8155
f 8155 8011 8163
f 8008 8251 7917
f 7917 8011 8008
f 8008 8011 8251
f 7971 8011 7930
f 8011 7971 7998
f 7998 7971 7930
f 8360 8269 8235
f 8235 8162 8188
f 8188 8254 8235
f 8257 8162 8235
f 8235 8269 8257
f 8768 8800 8747
f 9281 9144 9103
f 9199 9282 9226
f 9199 9103 9144
f 9281 9282 9199
f 9199 9144 9281
f 9166 9132 8863
f 8863 9125 9166
f 9226 9224 9166
f 9149 9132 9166
f 9166 9224 9149
f 9166 9199 9226
f 7949 7874 7879
f 7879 7894 7949
f 7949 7996 7984
f 7949 7998 7930
f 7984 7998 7949
f 7949 7894 8022
f 8022 7996 7949
f 7695 7598 7680
f 7680 7841 7695
f 7680 7803 7841
f 7680 7543 7482
f 7482 7559 7680
f 7279 7598 7480
f 7279 7445 7248
f 7480 7445 7279
f 7485 7539 7559
f 7559 7350 7485
f 7485 7350 7539
f 6648 6489 6557
f 6489 6490 6557
f 6561 6760 6557
f 6760 6788 6557
f 6189 6329 6282
f 6103 6143 6263
f 6263 6045 6103
f 6059 6143 6103
f 6103 6045 6059
f 6059 6045 6033
f 6033 6045 5932
f 5827 6059 6033
f 6033 5932 5827
f 6658 6776 6684
f 6684 6573 6658
f 6573 6388 6658
f 6489 6694 6531
f 6531 6457 6489
f 6531 6694 6907
f 6907 6776 6531
f 6776 6658 6531
f 6388 6457 6531
f 6531 6658 6388
f 6999 6788 6932
f 6932 6993 6999
f 6788 6993 6932
f 9478 9442 9464
f 9442 9432 9464
f 9432 9405 9464
f 9377 9464 9405
f 9102 8902 8675
f 8979 8902 9102
f 9102 9119 8979
f 7284 7451 7243
f 7502 7451 7284
f 7243 7173 7284
f 7173 7242 7284
f 7284 7448 7502
f 7551 7599 7600
f 7551 7502 7638
f 7638 7599 7551
f 7127 7003 7055
f 7173 7003 7127
f 7127 7242 7173
f 7510 7448 7428
f 7242 7324 7428
f 7428 7508 7510
f 7324 7508 7428
f 6886 6862 6781
f 6689 6570 6659
f 6722 6775 7027
f 6722 7027 6886
f 6886 6781 6722
f 6659 6775 6722
f 6722 6689 6659
f 6722 6781 6692
f 6570 6689 6722
f 6602 6326 6722
f 7046 7275 7328
f 7328 7099 7046
f 7328 7275 7452
f 7696 7681 7328
f 7693 7696 7328
f 7452 7588 7328
f 7328 7643 7261
f 7328 7681 7643
f 7328 7588 7693
f 7261 7276 7100
f 7100 7328 7261
f 7099 7328 7100
f 7276 7374 7100
f 6831 6784 6830
f 6964 6890 6912
f 7580 7398 7643
f 7643 7645 7580
f 7580 7645 7398
f 7607 7645 7547
f 7547 7508 7607
f 7547 7645 7510
f 7510 7508 7547
f 7514 7550 7452
f 7452 7352 7514
f 7721 7650 7514
f 7514 7650 7550
f 7041 6904 7245
f 7245 7352 7041
f 5350 5271 5403
f 5523 5350 5403
f 5403 5539 5523
f 5786 5731 5783
f 6170 6298 6188
f 6188 6126 6170
f 6079 6186 6170
f 6170 6126 6079
f 6079 6126 5842
f 6476 6602 6530
f 6476 6326 6602
f 6530 6163 6476
f 6163 6118 6102
f 7610 7674 7784
f 7610 7447 7497
f 7784 7815 7610
f 7815 7921 7610
f 7915 7721 7741
f 7741 7973 7915
f 7334 7427 7206
f 7376 7427 7334
f 7206 7305 7334
f 7334 7305 7376
f 6595 6404 6403
f 6403 6305 6339
f 6403 6404 6305
f 6405 6404 6513
f 6513 6595 6536
f 6536 6405 6513
f 6677 7223 7206
f 7109 7223 6677
f 7206 7427 6677
f 7181 6873 7655
f 7251 7109 6785
f 6753 7310 6902
f 6902 6640 6753
f 6595 7310 6753
f 6753 6640 6595
f 7950 8075 7973
f 7910 7995 7950
f 7950 7921 7910
f 7973 7741 7950
f 7950 7741 7921
f 8168 8075 8110
f 8277 8168 8110
f 8110 8201 8277
f 8110 7950 7995
f 8075 7950 8110
f 7995 8045 8110
f 8177 8201 8110
f 8110 8045 8177
f 7859 7902 7871
f 7871 7831 7859
f 7871 7811 7831
f 7773 7811 7871
f 7904 7967 7853
f 7853 7842 7904
f 8577 8575 8596
f 8267 8201 8577
f 8577 8201 8238
f 8577 8238 8126
f 8126 8575 8577
f 8647 8620 8628
f 8647 8667 8630
f 8630 8620 8647
f 8667 8620 8630
f 8538 8537 8548
f 8937 8849 8926
f 8926 8967 8937
f 8849 8967 8926
f 9040 8967 9020
f 8723 8849 8724
f 8724 8703 8723
f 8723 8703 8667
f 9174 9229 9230
f 9174 9074 9229
f 8622 8693 8618
f 8588 8592 8618
f 8693 8686 8821
f 8821 8871 8872
f 8821 8686 8871
f 8997 8998 8975
f 8998 8997 8999
f 8999 8975 9028
f 8999 8997 8975
f 8519 8558 8572
f 8572 8558 8581
f 8581 8604 8572
f 8802 8838 8826
f 8826 8794 8802
f 8826 8838 8896
f 8266 8148 8276
f 8276 8309 8266
f 8125 8173 8038
f 8038 8174 7989
f 8038 8173 8174
f 8038 7989 7299
f 7299 8125 8038
f 8256 8240 8233
f 8233 8240 8152
f 8192 8256 8233
f 8233 8152 8192
f 8562 8543 8563
f 8563 8683 8562
f 8511 8516 9108
f 9108 9095 8511
f 8914 8956 9033
f 8725 8769 8914
f 8914 8769 8956
f 9033 8956 9091
f 8483 8382 8411
f 8394 8382 8483
f 8368 8755 8376
f 8857 8755 8368
f 8384 8899 8368
f 8899 8857 8368
f 8368 8218 8384
f 8899 8962 8913
f 8913 8857 8899
f 8913 8840 8857
f 8792 8840 8813
f 8791 8792 8813
f 8813 8864 8791
f 8311 8137 8285
f 8285 8297 8311
f 8137 8297 8285
f 8288 8418 8342
f 8342 8297 8288
f 8376 8179 8182
f 8182 8368 8376
f 8218 8368 8182
f 8050 8039 8069
f 8069 8179 8050
f 8039 8179 8069
f 8178 8179 8234
f 8234 8237 8178
f 8050 8179 8178
f 8137 8218 8043
f 8218 8013 8043
f 7928 8137 8043
f 8426 8344 8410
f 8410 8912 8426
f 8416 8912 8410
f 8380 8416 8410
f 8417 8440 8356
f 8417 8435 8440
f 8417 8344 8426
f 8426 8435 8417
f 8317 8363 8380
f 8380 8410 8317
f 8275 8274 8293
f 8308 8274 8246
f 7671 7751 7717
f 7594 7617 7671
f 7717 7630 7671
f 7671 7630 7594
f 7715 7751 7683
f 7683 7671 7617
f 7751 7671 7683
f 8196 8107 8098
f 8098 8107 8088
f 7929 7893 7997
f 7893 8007 7997
f 8158 8295 8216
f 8216 8196 8158
f 8196 8098 8158
f 8196 8295 8280
f 8281 8186 8280
f 8186 8196 8280
f 8477 8459 8490
f 8490 8459 8727
f 8442 8469 8727
f 8727 8459 8442
f 8323 8442 8459
f 8323 8433 8304
f 8450 8449 8469
f 9529 8885 8863
f 9529 8858 8885
f 8817 8858 9529
f 7985 7634 8036
f 7727 7634 7985
f 7985 8036 8080
f 7757 7667 7726
f 7738 7602 7757
f 9194 9249 9252
f 9252 9280 9194
f 9249 9280 9252
f 9063 9034 9090
f 9090 9034 9074
f 9074 9174 9090
f 9230 9063 9090
f 9090 9174 9230
f 9023 8967 9040
f 9040 9034 9023
f 9003 8967 9023
f 9023 9034 9003
f 8787 8907 8775
f 8775 8750 8787
f 8787 8750 8748
f 8909 8907 8950
f 8950 9024 8909
f 8907 8787 8950
f 9220 9219 9289
f 9188 9169 9206
f 9110 9085 9133
f 9301 9385 9372
f 9149 9224 9316
f 9224 9385 9316
f 9316 9301 9149
f 9316 9385 9301
f 8867 8769 8682
f 8682 8673 8867
f 8956 8769 8867
f 8682 8769 8666
f 9505 9504 9526
f 9522 9491 9496
f 9058 9059 9075
f 9507 9510 9516
f 9516 9522 9507
f 6314 6475 6458
f 6543 6475 9531
f 6543 6612 6588
f 6543 6458 6475
f 6543 6588 6314
f 6314 6458 6543
f 6660 6858 6741
f 6741 6588 6660
f 6741 6778 6588
f 6509 6778 6462
f 6314 6509 6462
f 6483 6314 6462
f 6462 6547 6483
f 5905 6208 5820
f 5905 6036 6208
f 4297 4412 4298
f 4298 4412 4488
f 4298 4235 4100
f 4714 4412 4680
f 4680 4729 4714
f 4680 4412 4701
f 4701 4729 4680
f 4897 4878 5038
f 5038 4971 4897
f 4897 4971 4878
f 5508 5541 5446
f 5346 5508 5446
f 5446 5334 5346
f 5435 5334 5446
f 5202 5294 5217
f 5217 5252 5202
f 5294 5252 5217
f 6642 6551 6552
f 6552 6702 6642
f 6642 6702 6682
f 6682 6434 6642
f 6434 6551 6642
f 6679 6198 6274
f 6679 6178 6838
f 6274 6178 6679
f 7269 7090 7408
f 7408 7820 7269
f 7193 7090 7269
f 7269 7147 7193
f 7193 7147 7090
f 7090 7147 7019
f 7065 7088 7015
f 7088 6915 7015
f 7107 7394 7370
f 7370 7453 7107
f 7394 7453 7370
f 7491 7371 7486
f 7371 7453 7486
f 7486 7769 7491
f 7486 7394 7768
f 7486 7453 7394
f 7912 7878 7898
f 7958 7912 7898
f 7934 7958 7898
f 7934 7898 7877
f 7877 7898 7878
f 7878 7829 7877
f 7175 7147 7269
f 7285 7230 7227
f 7269 7820 7786
f 7718 7401 8352
f 8352 7401 7609
f 7609 7573 8352
f 8352 8306 8397
f 8397 8398 8352
f 8352 7573 8306
f 8398 8403 8352
f 8403 8377 8352
f 7785 7401 7718
f 7718 8352 7785
f 7785 8352 7820
f 7785 7408 7401
f 7820 7408 7785
f 8566 8549 8515
f 8515 8663 8566
f 7986 7965 7942
f 7942 8037 7986
f 7965 7954 7942
f 7549 7661 7576
f 7549 7613 7660
f 7660 7661 7549
f 7660 7613 7704
f 7704 7661 7660
f 6028 6396 6078
f 6078 5999 6028
f 7499 7557 7549
f 7499 7574 7557
f 7622 7574 7499
f 6955 6625 6585
f 6585 7174 6955
f 6585 6358 6396
f 6625 6358 6585
f 7624 6974 7165
f 7165 7665 7624
f 7734 6974 7624
f 7624 7665 7734
f 6797 6848 6887
f 6797 6613 6848
f 6626 6848 6600
f 6848 6613 6600
f 6600 6127 6626
f 6703 6535 6435
f 6682 6703 6435
f 6435 6421 6682
f 6354 6421 6435
f 6435 6321 6354
f 6211 6213 6125
f 6240 6321 6211
f 6211 6435 6344
f 6321 6435 6211
f 6125 6137 6211
f 6137 6240 6211
f 6865 7144 7126
f 7126 6981 6865
f 7145 7144 7209
f 7145 7126 7144
f 5871 5930 5964
f 5606 5930 5618
f 5618 5559 5606
f 5618 5871 5700
f 5700 5544 5618
f 5618 5544 5543
f 5543 5497 5618
f 5497 5559 5618
f 5512 5497 5467
f 5512 5559 5497
f 5512 5467 5606
f 5606 5559 5512
f 5173 5110 5154
f 4546 4768 4836
f 4836 4894 4546
f 4768 4894 4836
f 4835 4768 5029
f 5029 4894 4835
f 4835 4894 4768
f 4718 4894 4935
f 5386 5553 5311
f 4638 4894 4718
f 4718 4652 4638
f 4546 4894 4638
f 4638 4652 4526
f 4526 4379 4638
f 4276 4356 4602
f 4394 4379 4173
f 4207 4138 4173
f 4173 4379 4207
f 4173 4119 4222
f 4119 4170 4222
f 4532 4426 4331
f 4331 4426 4173
f 4173 4222 4331
f 4567 4532 4607
f 4607 4957 4567
f 4567 4957 4532
f 5845 5735 5914
f 5845 6477 5937
f 5914 6477 5845
f 5458 5551 5616
f 5616 5553 5458
f 5458 5553 5386
f 5386 5234 5458
f 5720 5767 5798
f 5986 5991 5798
f 5821 5720 5798
f 5798 5991 5821
f 5613 5767 5701
f 5701 5767 5720
f 5936 6023 5885
f 6023 5835 5885
f 5885 5835 5751
f 5647 5751 5613
f 5613 5602 5647
f 5537 5613 5299
f 5537 5602 5613
f 5936 5885 5811
f 5811 5885 5751
f 5811 5818 5936
f 5662 5818 5811
f 5746 5711 5616
f 5935 5795 5746
f 5795 5711 5746
f 5265 5264 5209
f 5544 5264 5265
f 5543 5544 5265
f 5209 5235 5265
f 5265 5235 5543
f 5616 5680 5574
f 5574 5553 5616
f 5380 5394 5635
f 5658 5380 5635
f 5635 5627 5658
f 5394 5406 5635
f 5635 5406 5627
f 6294 6343 6308
f 6308 6030 6294
f 5997 6343 6294
f 6294 6030 5997
f 6123 6058 5954
f 5954 6030 6123
f 6123 6030 6308
f 6308 6253 6123
f 6253 6058 6123
f 6393 6413 6448
f 6448 6560 6393
f 6393 6560 6334
f 6393 6334 6064
f 6306 6413 6393
f 6393 6107 6306
f 6064 6107 6393
f 6803 6413 6804
f 6803 6765 6413
f 6803 6804 6977
f 6977 6765 6803
f 6448 6729 6632
f 6632 6560 6448
f 7217 7221 7049
f 7049 7186 7217
f 7527 7221 7217
f 7217 7186 7204
f 5987 5847 5884
f 5749 5884 5847
f 5832 5987 5749
f 5987 5884 5749
f 5520 5587 5749
f 5749 5813 5832
f 5754 5813 5749
f 5749 5587 5754
f 5883 5847 6026
f 6026 6034 5883
f 6050 5831 5883
f 5883 6034 6050
f 7513 7171 7626
f 7626 7504 7513
f 7513 7504 7171
f 1650 1610 1701
f 1701 1610 1795
f 1701 1687 1650
f 1701 1795 1757
f 1757 1687 1701
f 1472 1243 1244
f 1244 1474 1472
f 1229 1474 1244
f 1107 1243 1281
f 1107 1244 1243
f 1107 74 1229
f 1247 1441 1229
f 1247 1351 1441
f 74 1351 1247
f 82 1213 95
f 1213 1351 95
f 95 74 82
f 95 1351 74
f 1229 1441 1478
f 1478 1474 1229
f 1441 1561 1478
f 1478 1561 1596
f 1596 1474 1478
f 2237 2021 1995
f 2237 2306 2304
f 2237 1995 2306
f 2304 2199 2220
f 2220 2199 2111
f 2220 2237 2304
f 2021 2237 2220
f 2373 2423 2341
f 2341 2223 2373
f 2423 2223 2341
f 2818 2819 2918
f 2768 2819 2818
f 2769 2768 2818
f 2918 2915 2818
f 2818 2915 2769
f 1611 1301 1614
f 1611 1614 1669
f 1669 1634 1611
f 1586 1404 1526
f 1526 1587 1586
f 1526 1404 1254
f 1254 1272 1526
f 1526 1272 1385
f 1385 1424 1526
f 1424 1912 1526
f 1912 1587 1526
f 1786 1889 1944
f 1786 1597 1586
f 1786 1787 1597
f 2123 1973 2111
f 2123 2199 2235
f 2111 2199 2123
f 1359 1301 1540
f 1540 1634 1555
f 1555 1377 1540
f 1540 1377 1359
f 2021 2220 1983
f 1790 2021 1983
f 1983 1973 1790
f 2763 2778 2699
f 2656 2574 2781
f 2781 2502 2656
f 2656 2502 2574
f 2574 2502 2421
f 2421 2371 2585
f 2585 2574 2421
f 3815 3554 3716
f 4017 3890 3965
f 3965 4050 4017
f 3965 3890 3904
f 3904 4050 3965
f 3991 3915 3895
f 4232 3938 3991
f 3938 3915 3991
f 3858 3675 3567
f 3567 3915 3858
f 3545 3915 3567
f 3567 3379 3378
f 3675 3379 3567
f 3567 3378 3545
f 3887 3660 3858
f 3568 3660 3887
f 4236 4395 4197
f 4311 4395 4236
f 4197 3957 4236
f 4236 3957 4311
f 2851 2715 2678
f 2678 2833 2851
f 2767 2715 2851
f 2901 3017 2851
f 2785 2767 2851
f 2851 3017 2903
f 2903 2785 2851
f 2898 3053 2901
f 3091 3053 2898
f 2901 2851 2898
f 2898 2851 2833
f 2861 2977 2817
f 2817 2729 2861
f 2749 2729 2817
f 2817 2833 2749
f 3478 3185 3531
f 3478 3841 3900
f 3900 3796 3478
f 3796 3185 3478
f 3954 3988 4026
f 4026 4292 3954
f 3988 4292 4026
f 3066 2971 3151
f 2971 3144 3151
f 3148 3066 3151
f 3144 3377 3151
f 2946 3144 2892
f 2892 2859 2946
f 2633 2945 2946
f 2946 2549 2633
f 2859 2549 2946
f 3485 3377 3671
f 3485 3760 3502
f 3485 3671 3760
f 3485 3151 3377
f 3485 3502 3148
f 3148 3151 3485
f 4477 4053 4017
f 4017 4476 4477
f 4277 4053 4477
f 4477 4425 4277
f 4477 4552 4425
f 4477 4476 4552
f 5743 5742 5921
f 4563 4617 4719
f 5677 5564 5709
f 4601 4967 4766
f 4606 4605 4766
f 4766 4605 4601
f 4601 4516 4657
f 4657 4967 4601
f 4657 4516 4528
f 4528 4565 4657
f 5318 5819 5251
f 5837 5819 5318
f 3570 3641 2962
f 3638 3641 3570
f 3570 2962 3416
f 3416 3638 3570
f 4482 4531 4445
f 4445 4349 4482
f 4531 4349 4445
f 4194 4309 4251
f 4309 4178 4251
f 3813 3857 3840
f 3995 3922 4034
f 3922 4254 4034
f 4592 3995 4315
f 4315 4473 4592
f 3995 4473 4315
f 4255 4254 4309
f 4309 4473 4255
f 4255 4034 4254
f 4255 4473 3995
f 3995 4034 4255
f 4592 4473 4522
f 4522 4625 4592
f 4522 4468 4625
f 4625 4468 4568
f 4531 4659 4568
f 4568 4659 4625
f 4568 4467 4531
f 4309 4467 4568
f 4568 4468 4309
f 6374 6148 6122
f 6374 6122 6221
f 6221 6335 6374
f 6374 6523 6565
f 6374 6335 6523
f 6879 6896 6655
f 6728 6879 6656
f 6994 7143 6728
f 6728 6656 6994
f 7390 7533 7393
f 7393 7533 7353
f 7393 7295 7390
f 7353 7295 7393
f 7727 7876 7857
f 7857 7667 7727
f 7857 7876 7726
f 7726 7667 7857
f 7673 7684 7519
f 7519 7553 7673
f 7673 7553 7750
f 7673 7750 7879
f 7879 7874 7673
f 7870 7858 7887
f 7887 7895 7917
f 7887 7858 7839
f 7917 7956 7887
f 7839 7841 7887
f 7841 7895 7887
f 7887 7888 7870
f 7956 7888 7887
f 7542 7630 7568
f 7568 7469 7542
f 7542 7469 7541
f 7542 7541 7594
f 7594 7630 7542
f 7458 7375 7373
f 7458 7469 7375
f 7373 7455 7458
f 7541 7469 7458
f 7435 7541 7458
f 7458 7455 7435
f 7459 7619 7620
f 7620 7523 7459
f 7459 7523 7460
f 7460 7405 7459
f 7459 7470 7568
f 7459 7405 7240
f 7597 7667 7602
f 7597 7634 7667
f 7583 7634 7597
f 7591 7590 7699
f 7699 7670 7591
f 7591 7670 7715
f 7715 7683 7591
f 7617 7540 7591
f 7591 7683 7617
f 7535 7600 7538
f 7600 7590 7538
f 7590 7591 7538
f 7538 7395 7535
f 7538 7591 7540
f 7538 7289 7395
f 7538 7329 7289
f 7540 7329 7538
f 8217 8113 8197
f 8042 8113 8102
f 8102 8146 8042
f 8113 8146 8102
f 8054 8083 8041
f 8054 8146 8083
f 8054 8041 8042
f 8042 8146 8054
f 8226 8217 8271
f 8226 8189 8217
f 7289 7164 7163
f 7164 7131 7163
f 7163 7131 7095
f 7535 7289 7163
f 7163 7505 7535
f 7095 7117 7163
f 7117 7177 7163
f 7132 7131 7164
f 7164 7133 7132
f 6989 7131 7132
f 7132 7133 6989
f 7214 7133 7289
f 7098 7133 7214
f 7289 7232 7214
f 7214 7232 7098
f 8546 8556 8598
f 8598 8668 8694
f 8591 8301 8598
f 8706 8591 8598
f 8598 8694 8706
f 8598 8258 8546
f 8598 8301 8258
f 8934 8932 9045
f 9045 9052 8934
f 8934 9052 9016
f 9016 9133 8934
f 9133 8903 8934
f 8843 8932 8934
f 8631 8610 8601
f 8601 8781 8631
f 8631 8781 8610
f 7886 8014 7959
f 7959 8141 7886
f 8091 7975 7952
f 7952 8141 8091
f 8113 7975 8091
f 8091 8197 8113
f 8204 8265 8545
f 8530 8584 8539
f 8539 8553 8530
f 8584 8553 8539
f 5974 6056 5948
f 5948 6069 5993
f 5993 5929 5948
f 5923 5929 5993
f 5993 6085 5923
f 5993 6069 6085
f 5928 5819 5837
f 6133 5796 6209
f 6092 6017 5875
f 6092 6183 6017
f 6209 6394 6200
f 6200 6135 6209
f 6013 6133 6209
f 5951 5950 6013
f 5950 6133 6013
f 7552 7600 7535
f 7535 7505 7552
f 7552 7551 7600
f 7552 7505 7451
f 7552 7451 7502
f 7502 7551 7552
f 7243 7451 7368
f 7451 7505 7368
f 7368 7177 7243
f 7368 7163 7177
f 7505 7163 7368
f 6449 6335 6303
f 6303 6335 6248
f 6603 6574 6559
f 6851 6715 6700
f 6445 6574 6700
f 6715 6445 6700
f 6744 6925 6926
f 6926 6833 6744
f 6926 7085 7063
f 6926 6925 7101
f 7101 7085 6926
f 7290 7232 7289
f 7289 7329 7290
f 7290 7329 7232
f 6790 6654 6787
f 6787 6654 6698
f 6787 6912 6890
f 6605 6654 6414
f 6698 6654 6605
f 6605 6675 6711
f 6414 5796 5926
f 5796 5848 5926
f 5750 5403 5848
f 6701 6666 6635
f 6635 6666 6461
f 6790 6701 6635
f 6635 6461 6790
f 1763 1706 1926
f 1926 1831 1763
f 1763 1831 1928
f 2110 2050 1763
f 1928 2110 1763
f 2009 1838 1946
f 1840 1838 2009
f 1565 1689 1704
f 1704 1755 1565
f 1689 1755 1704
f 1857 1755 1791
f 1755 1733 1791
f 1791 1733 1819
f 2257 2201 2370
f 2370 2301 2257
f 2301 2258 2257
f 1840 2009 1948
f 1948 2009 1991
f 1934 1992 2162
f 1819 1788 1934
f 2189 2257 2258
f 2189 1948 1991
f 1992 1948 2189
f 2189 2258 2162
f 2162 1992 2189
f 2201 2257 2189
f 2189 2009 2201
f 1991 2009 2189
f 2370 2549 2517
f 2517 2572 2370
f 2638 2572 2517
f 2517 2549 2638
f 914 1073 980
f 839 849 914
f 2707 2506 2553
f 2553 2559 2707
f 2506 2559 2553
f 2454 2455 2548
f 2162 2258 2203
f 2203 1934 2162
f 1655 1793 1585
f 1671 1793 1655
f 1585 1595 1655
f 1655 1595 1671
f 1884 1941 1942
f 1942 1941 1980
f 1984 2060 1890
f 1855 1835 1771
f 1771 1890 1855
f 1890 2060 1855
f 1909 1835 1855
f 1886 1679 1863
f 1886 1863 1884
f 1884 1942 1886
f 1886 1942 1980
f 1980 1984 1886
f 1770 1890 1771
f 1771 1679 1770
f 3264 3226 3383
f 3204 3226 3264
f 3264 3407 3204
f 3055 2980 3204
f 3204 3128 3055
f 3055 3128 2980
f 3818 3898 3716
f 3394 3408 3712
f 2998 3072 2976
f 2976 2614 2717
f 2615 2614 2976
f 2717 2881 2976
f 2976 3011 2998
f 2976 2881 3011
f 3049 3072 3253
f 3253 3059 3049
f 3049 2976 3072
f 4088 3898 4051
f 4088 4238 3898
f 4088 4104 4507
f 4051 4104 4088
f 4507 4562 4316
f 3716 4238 4161
f 3949 4036 4112
f 4073 3945 3984
f 3984 4184 4073
f 4307 4244 4174
f 4307 4367 4244
f 4174 3972 4307
f 4307 3972 4392
f 4392 4367 4307
f 3909 3953 3854
f 3726 4072 3909
f 3909 3689 3726
f 3854 3689 3909
f 3972 3953 4057
f 4057 4136 3972
f 4057 3909 4072
f 3953 3909 4057
f 4072 4341 4057
f 3243 3283 3011
f 3508 3451 3592
f 3592 3674 3508
f 3592 3451 3689
f 4029 3859 3822
f 3822 3856 4029
f 3822 3764 3856
f 3637 3764 3822
f 3859 3917 3767
f 3767 3822 3859
f 3712 3661 3767
f 3661 3639 3767
f 3767 3866 3712
f 3917 4010 3767
f 3767 4010 4027
f 3767 4027 3866
f 3583 3661 3408
f 3583 3639 3661
f 5077 5156 5191
f 4983 5077 5191
f 5191 4974 4983
f 5191 5156 5321
f 5321 5453 5191
f 5163 5244 4805
f 5417 5414 5335
f 5414 5244 5335
f 5931 6091 5800
f 5024 5068 5115
f 5115 5258 5024
f 5068 5258 5115
f 5332 5258 5364
f 5295 5258 5332
f 5215 5214 5317
f 5096 5214 5215
f 5215 5158 5096
f 5317 5206 5215
f 5206 5158 5215
f 5068 4880 4940
f 5068 4940 5128
f 4880 4921 5128
f 5128 4940 4880
f 4921 4917 5128
f 4775 4689 4707
f 4707 4687 4775
f 4689 4459 4707
f 4459 4687 4707
f 4838 4687 4550
f 4921 4687 4838
f 4838 4550 4592
f 4592 4921 4838
f 5716 5594 5558
f 5699 5594 5716
f 5652 5483 5317
f 6067 5787 5664
f 5664 5923 6067
f 5923 6085 6067
f 5364 5600 5791
f 6985 7116 7092
f 6480 6144 6399
f 5429 5549 5238
f 5238 5191 5429
f 5429 5191 5453
f 5518 5549 5474
f 5474 5453 5518
f 5549 5429 5474
f 5474 5429 5453
f 3901 3711 3766
f 3766 3711 3729
f 3766 3771 3901
f 3766 3729 3771
f 2891 2964 2824
f 2824 2762 2891
f 2964 2762 2824
f 3063 2964 3214
f 3063 2991 2964
f 3063 3214 3108
f 3108 2991 3063
f 3108 3450 3449
f 3449 3741 3108
f 3449 3654 3741
f 3449 3709 3654
f 3449 3596 3709
f 3449 3450 3596
f 3229 3246 3405
f 3405 3256 3229
f 2928 3246 3229
f 3229 3256 3214
f 2891 2928 3229
f 3229 3214 2891
f 4062 4023 3832
f 3832 4031 4062
f 4079 4023 4062
f 4062 4031 4079
f 3391 3456 3523
f 3523 3433 3391
f 3523 3456 3525
f 3405 3433 3523
f 3523 3616 3615
f 3615 3529 3523
f 3523 3529 3405
f 3525 3659 3523
f 3659 3616 3523
f 4075 4079 4226
f 4226 4190 4075
f 4755 4695 5076
f 5076 4695 5113
f 5076 5082 4755
f 5076 5113 5231
f 5231 5082 5076
f 5019 5082 5231
f 4972 5082 5019
f 5231 5212 5019
f 5019 5212 4972
f 4712 4950 4607
f 4607 4744 4712
f 4712 4744 4950
f 6663 6477 6478
f 6478 6477 5914
f 6071 6337 6150
f 6337 6287 6150
f 5650 5681 5648
f 5650 5542 5655
f 5650 5734 5681
f 5655 5734 5650
f 5484 5542 5573
f 5573 5415 5484
f 5573 5650 5648
f 5542 5650 5573
f 5573 5648 5571
f 5571 5482 5573
f 5573 5482 5348
f 5348 5415 5573
f 4678 4586 4408
f 4408 4306 4678
f 4678 4660 4912
f 4643 4306 4624
f 4660 4678 4643
f 4643 4678 4306
f 4263 4049 4234
f 4234 4049 4237
f 3800 4049 3896
f 4237 4049 3800
f 5487 5356 5596
f 5375 5356 5487
f 5487 5341 5375
f 5484 5341 5487
f 5596 5542 5487
f 5487 5542 5484
f 5359 5385 5411
f 5411 5356 5359
f 5256 5385 5359
f 5359 5356 5256
f 4450 4312 4318
f 4318 4502 4450
f 4318 4252 4502
f 4318 4160 4121
f 4121 4252 4318
f 3971 3958 3879
f 4085 4160 3971
f 3971 4160 4143
f 3971 4143 4195
f 4195 3958 3971
f 3842 4085 3971
f 4273 4102 4338
f 4273 4252 4102
f 4483 4252 4273
f 5100 4483 4273
f 4273 4338 5100
f 4987 4720 4944
f 4749 5001 4944
f 4944 4720 4749
f 4944 5180 4987
f 4944 5001 5180
f 5069 5012 4922
f 5012 4903 4922
f 4922 4883 5069
f 4922 4830 4883
f 4801 4338 4201
f 4801 4922 4903
f 4830 4922 4801
f 4799 4338 4801
f 5100 4799 4801
f 4801 5200 5100
f 5012 5200 4801
f 4801 4903 5012
f 3701 3317 3575
f 3623 3317 3701
f 3805 3879 3771
f 3805 3971 3879
f 3842 3971 3805
f 3702 3816 3805
f 3805 3701 3702
f 3805 3943 3842
f 3805 3816 3943
f 3681 3706 3750
f 3750 3718 3681
f 3807 3718 3750
f 3750 3707 3807
f 3706 3707 3750
f 3871 3707 3754
f 3754 3707 3685
f 3754 4006 3871
f 3754 3761 4006
f 3754 3634 3761
f 3685 3541 3754
f 3754 3541 3634
f 3999 4013 3964
f 3964 3807 3999
f 3964 3748 3807
f 3495 3921 3476
f 4123 4400 4145
f 4123 4163 4400
f 4651 4737 4577
f 4737 4708 4577
f 4577 4708 4672
f 4575 4672 4670
f 4535 4163 4575
f 4884 4655 4832
f 4832 4655 4909
f 4832 4906 4884
f 4909 4906 4832
f 2300 1804 1818
f 2300 1815 1804
f 2472 2300 2344
f 2500 2359 2104
f 2413 2359 2500
f 3007 2673 2828
f 2576 2445 2527
f 2394 1976 2354
f 2394 1975 1976
f 2409 2394 2354
f 2462 2394 2409
f 2686 2609 2687
f 2392 2609 2345
f 2392 2394 2462
f 2345 1975 2392
f 1975 2394 2392
f 2687 2609 2688
f 2216 2534 2521
f 2521 2095 2216
f 2216 2188 2534
f 2027 2188 2216
f 2045 1888 2025
f 2025 2095 2045
f 2025 1888 2027
f 2027 2216 2025
f 2025 2216 2095
f 2286 2537 2027
f 2381 2412 2286
f 2308 2431 2601
f 2308 2601 2542
f 2866 2537 2855
f 2855 2923 2866
f 2855 3137 2923
f 2788 3137 2855
f 3026 3082 3191
f 3026 2788 3082
f 3191 3137 3026
f 3026 3137 2788
f 3213 3195 3275
f 3275 3357 3213
f 3275 3195 3092
f 3390 3634 3352
f 3352 3357 3390
f 3390 3357 3634
f 3569 3584 3552
f 3367 3410 3240
f 2900 2933 2831
f 3367 3240 3318
f 3440 3367 3318
f 3318 3464 3440
f 3346 3324 3272
f 2837 2938 2936
f 2854 2938 2837
f 2521 2534 2837
f 2837 2534 2854
f 3269 3301 3336
f 3336 3550 3269
f 3619 3550 3336
f 3644 3301 3414
f 3644 3718 3619
f 3619 3336 3644
f 3644 3336 3301
f 3681 3718 3644
f 3644 3609 3681
f 3414 3609 3644
f 2738 2736 3061
f 3092 3042 2720
f 3042 2736 2720
f 2720 2978 3092
f 2720 2736 2649
f 2816 2978 2720
f 2720 2679 2816
f 4191 3812 3838
f 4191 4118 4006
f 4006 3812 4191
f 4245 4118 4191
f 3691 3838 3763
f 3838 3812 3763
f 7277 7141 7292
f 7422 7277 7292
f 7292 7266 7422
f 7292 7141 7125
f 7125 7266 7292
f 5695 5990 5665
f 5665 5990 5815
f 5815 5814 5665
f 5590 5695 5665
f 5665 5814 5615
f 5665 5538 5590
f 5615 5538 5665
f 5768 5990 6011
f 5815 5990 5768
f 5960 5815 5768
f 5944 5960 5768
f 5768 6011 5944
f 6296 6383 6382
f 6382 6275 6296
f 6382 6319 6275
f 6383 6395 6382
f 6382 6395 6319
f 5976 6113 5994
f 6090 5822 5994
f 5994 5822 5976
f 5994 6165 6090
f 6113 6165 5994
f 6154 6114 6136
f 6114 5529 6136
f 6136 6275 6154
f 6124 6166 6136
f 6296 6275 6136
f 6136 6166 6296
f 5486 5529 5976
f 6159 6124 5579
f 6614 6720 6601
f 6720 6586 6601
f 6601 6586 6540
f 6391 6614 6601
f 6437 6391 6601
f 6601 6540 6437
f 7198 7197 7083
f 7503 7197 7198
f 7198 7083 7043
f 7043 7503 7198
f 7006 6938 6939
f 6939 6953 7006
f 7006 6953 7197
f 6566 6624 6846
f 6846 6938 6566
f 6945 6836 6821
f 6836 6514 6821
f 6821 6182 6842
f 6437 6720 6810
f 6810 6624 6437
f 6810 6720 7024
f 7024 7094 6810
f 7094 6953 6810
f 833 755 1226
f 833 1226 1311
f 833 768 755
f 1635 1399 1656
f 1792 1399 1635
f 1635 1656 1939
f 1939 1792 1635
f 1352 1765 1568
f 1568 1765 1712
f 1420 1352 1568
f 1803 1885 1802
f 1802 1765 1803
f 1765 1802 1780
f 991 901 1043
f 1043 1030 991
f 991 1030 901
f 848 893 837
f 837 838 848
f 837 893 800
f 800 838 837
f 577 661 575
f 575 527 577
f 661 527 575
f 1131 1293 1294
f 1294 1156 1131
f 1294 1293 1353
f 1287 1208 1155
f 1130 1156 1155
f 1155 1156 1287
f 1109 1130 1155
f 1155 1205 1109
f 1350 1331 1232
f 1232 1331 1205
f 1205 1155 1232
f 1232 1155 1208
f 577 580 593
f 593 580 639
f 593 690 577
f 593 639 690
f 2354 1976 2016
f 2016 1997 2354
f 1976 1997 2016
f 2345 2344 1753
f 1753 1975 2345
f 1753 1750 1628
f 1628 1629 1753
f 1753 2300 1818
f 2344 2300 1753
f 1818 1804 1753
f 1804 1750 1753
f 2310 2396 2329
f 2330 2396 2310
f 2034 2179 2310
f 2194 2330 2310
f 2310 2179 2194
f 2329 2356 2310
f 2310 2356 2034
f 2494 2396 2446
f 2446 2396 2330
f 2446 2330 2413
f 2413 2599 2446
f 2305 2285 2353
f 2285 2356 2353
f 2353 2356 2444
f 2492 2444 2329
f 2492 2329 2575
f 1811 1888 1667
f 1888 1608 1667
f 1667 1508 1811
f 1667 1608 1508
f 2474 2610 2518
f 2181 2045 2474
f 2277 2181 2474
f 2518 2512 2474
f 2474 2512 2277
f 3002 2936 2984
f 3002 2984 3269
f 3269 3077 3002
f 3002 3077 3220
f 2936 2849 2783
f 2610 2689 2783
f 2171 2286 2027
f 2381 2286 2171
f 2208 2308 2381
f 2381 2081 2208
f 1833 2081 2126
f 1813 1800 1833
f 1800 2081 1833
f 1833 1799 1813
f 1833 1830 1799
f 1883 1830 1833
f 1473 1517 1432
f 1432 1517 1580
f 1580 1579 1432
f 1432 1579 1516
f 1448 1286 1432
f 1432 1286 1388
f 1389 1311 1473
f 1473 1432 1389
f 1389 1432 1388
f 1389 1114 1311
f 1388 1114 1389
f 1087 1388 1235
f 1087 1114 1388
f 1235 1081 1087
f 1081 1028 1087
f 1087 1028 866
f 1939 2034 2114
f 2034 2173 2114
f 2114 1979 1939
f 2114 2134 1979
f 2114 2173 2134
f 2222 2285 2305
f 2222 2173 2285
f 2305 2134 2222
f 2134 2173 2222
f 2034 1880 1982
f 1880 1959 1982
f 1982 2057 2034
f 1982 1959 2057
f 61 46 49
f 49 70 61
f 866 865 778
f 778 833 866
f 768 833 778
f 719 768 778
f 778 649 719
f 1251 1081 1235
f 1251 1286 1081
f 1235 1388 1251
f 1388 1286 1251
f 1123 1005 1192
f 1123 1099 972
f 972 1005 1123
f 1113 1191 699
f 699 1099 1113
f 1099 1123 1113
f 1192 1191 1113
f 1113 1123 1192
f 1080 1081 1192
f 1192 1005 1080
f 1080 1005 1081
f 1508 1608 1506
f 1506 1248 1508
f 1506 1608 1593
f 1593 1248 1506
f 479 463 471
f 471 463 443
f 405 466 471
f 471 443 405
f 751 644 564
f 794 812 751
f 699 644 751
f 751 812 699
f 566 650 617
f 650 649 617
f 617 480 481
f 617 502 480
f 617 649 502
f 474 566 617
f 617 481 474
f 605 525 685
f 685 695 605
f 415 428 427
f 427 483 415
f 428 483 427
f 282 294 310
f 277 281 282
f 282 281 279
f 279 294 282
f 312 340 295
f 295 294 312
f 340 294 295
f 1031 1104 1084
f 1304 1219 1084
f 1104 1212 1084
f 1212 1291 1084
f 1278 1258 1378
f 1278 1544 1322
f 1278 1322 1104
f 1278 1104 1086
f 1086 1258 1278
f 1278 1378 1461
f 1461 1544 1278
f 1322 1544 1493
f 1717 1369 1493
f 1369 1322 1493
f 2019 1544 1641
f 2019 2184 1798
f 1798 1544 2019
f 2072 2184 2019
f 2019 2094 2072
f 2019 2041 2094
f 2464 2743 2779
f 2779 2857 2464
f 2743 2857 2779
f 2322 2346 2372
f 2372 2161 2322
f 2391 2161 2372
f 2460 2391 2372
f 2372 2346 2460
f 1798 2184 2166
f 2166 2086 1798
f 2184 2086 2166
f 1798 2086 1697
f 1697 1544 1798
f 1697 2058 1717
f 1717 1493 1697
f 1697 1493 1544
f 2214 2086 2375
f 2058 2086 2214
f 2058 2214 2374
f 2429 2667 2374
f 2374 2667 2479
f 2375 2429 2374
f 2374 2214 2375
f 2153 2087 2442
f 2087 2479 2442
f 2442 2577 2153
f 2602 2577 2442
f 2442 2479 2602
f 1717 2058 2010
f 2010 2479 1717
f 3480 3443 3269
f 3269 3550 3480
f 3480 3550 3443
f 4227 4303 4006
f 4006 4359 4227
f 4227 4359 4303
f 4466 4245 4543
f 4466 4359 4245
f 4543 4303 4466
f 4303 4359 4466
f 6311 6049 6324
f 6311 6323 6049
f 6324 6488 6311
f 6311 6488 6520
f 6520 6323 6311
f 6100 5967 6001
f 6001 5967 5899
f 6101 6100 6001
f 6001 5899 6101
f 5471 5515 5421
f 5421 5305 5471
f 5471 5305 5378
f 5378 5473 5471
f 5471 5473 5515
f 5048 5085 4668
f 5048 5281 5255
f 5255 5085 5048
f 4037 3998 3869
f 4794 4864 4782
f 4782 5021 5040
f 5040 4794 4782
f 4745 4864 4632
f 3366 3365 3296
f 3296 3184 3366
f 5190 4840 4976
f 5382 5131 5190
f 4976 5227 5190
f 5190 5428 5382
f 5227 5428 5190
f 5025 4636 4579
f 5131 4636 5025
f 4579 4840 5025
f 4882 4840 4804
f 4816 4882 4804
f 4804 4580 4816
f 4804 4840 4579
f 4579 4580 4804
f 5420 5439 5337
f 5337 5395 5420
f 5337 5439 5562
f 5562 5498 5337
f 5498 5373 5337
f 5040 5021 5337
f 5021 5022 5337
f 5337 5066 5040
f 5373 5250 5337
f 5337 5022 5084
f 5084 5395 5337
f 4682 5066 4844
f 4844 4432 4682
f 4682 5046 5066
f 4682 4432 4733
f 4733 5046 4682
f 4376 4432 4496
f 4750 4361 4376
f 4806 4750 4376
f 4376 4496 4806
f 4262 4208 4376
f 4376 4361 4262
f 4376 4208 4249
f 4249 4432 4376
f 4110 4007 4113
f 4113 4007 4231
f 4113 4231 4289
f 4289 4405 4113
f 4113 4405 4110
f 4492 4286 4110
f 4110 4405 4492
f 4492 4405 4529
f 4301 4286 4492
f 4492 4461 4301
f 4492 4529 4787
f 2475 2321 2349
f 2217 2321 2475
f 2489 2280 2475
f 1534 1573 1469
f 1469 1435 1534
f 1221 978 1015
f 1036 978 1221
f 2183 2280 2276
f 2183 1749 1856
f 1856 1749 1696
f 1573 1698 1696
f 1817 1696 1698
f 1817 1698 1660
f 2669 2576 2527
f 2840 2758 2695
f 2758 2670 2695
f 3103 2822 2840
f 2840 2871 3103
f 3106 3311 3342
f 3342 3376 3106
f 3106 3376 3353
f 2741 2723 2858
f 2858 2986 2741
f 2741 2986 2942
f 3353 3453 3105
f 2213 2061 2447
f 2447 2482 2213
f 2213 2482 2061
f 2061 2482 1923
f 1923 2482 1981
f 2447 2758 2497
f 2497 2482 2447
f 2758 2669 2497
f 2158 2313 2365
f 2365 2313 2366
f 2365 2366 2545
f 2106 2088 1862
f 1862 2088 2061
f 2061 1923 1862
f 1981 2355 2020
f 2698 2315 2368
f 2489 2698 2368
f 2368 2280 2489
f 2276 2280 2368
f 2368 2315 2276
f 1511 1661 1629
f 1392 1451 1511
f 1511 1629 1392
f 923 989 1100
f 923 922 753
f 753 862 923
f 923 862 864
f 923 864 834
f 834 989 923
f 1142 856 922
f 1142 1224 856
f 1730 1661 1664
f 990 948 961
f 948 1072 961
f 1071 1100 990
f 990 1072 1071
f 1071 1072 1100
f 2178 2224 2174
f 2174 2224 2207
f 2207 2224 2242
f 2328 2327 2242
f 2242 2291 2328
f 2242 2224 2291
f 2242 2327 2349
f 3294 3296 3333
f 3333 3365 3294
f 3296 3365 3333
f 3166 3068 3090
f 3280 3166 3090
f 3090 3068 3010
f 3010 3012 3090
f 3090 3012 3014
f 3090 3294 3280
f 3090 3014 3294
f 3672 3698 3759
f 3759 3598 3672
f 3374 3119 3258
f 3258 3429 3374
f 3518 3374 3429
f 4464 4580 4491
f 4491 4171 4464
f 3097 3202 3133
f 3133 3202 3095
f 3133 3054 3097
f 3095 3054 3133
f 3571 3642 3698
f 3571 3424 3642
f 3297 3424 3571
f 3571 3199 3297
f 3698 3672 3571
f 3571 3672 3598
f 5080 4993 5111
f 5080 5020 4993
f 5111 5450 5080
f 5304 5450 5636
f 5304 5080 5450
f 5020 5080 5304
f 4827 5037 4980
f 4980 5037 4820
f 5031 4979 5036
f 4979 5037 5036
f 5236 5037 5020
f 5236 5304 5636
f 5020 5304 5236
f 5031 4781 9551
f 4781 4743 9551
f 9551 4743 4754
f 4754 4979 9551
f 9551 4979 5031
f 5698 5908 5696
f 5696 5908 5667
f 6086 5789 5908
f 6086 6068 6234
f 5908 6068 6086
f 5284 5536 5565
f 5565 5763 5284
f 5565 5789 5763
f 5772 5908 5698
f 5698 5702 5772
f 4928 5083 5112
f 5112 4982 4928
f 5144 5325 5174
f 5174 4928 5144
f 5174 5083 4928
f 5325 5112 5174
f 5174 5112 5083
f 3648 3889 3803
f 3831 3889 3648
f 4503 4335 4705
f 4814 4812 4615
f 4615 4776 4814
f 4671 4776 4615
f 5144 5282 5344
f 5344 5379 5144
f 3835 3752 3519
f 3519 3482 3457
f 3539 3482 3519
f 3519 3752 3539
f 3457 3597 3519
f 3597 3835 3519
f 3705 3611 3809
f 3809 3810 3705
f 3705 3810 3611
f 3809 3835 3881
f 3835 4024 3881
f 3881 3933 3809
f 4056 4110 4301
f 4056 4024 4110
f 4056 3881 4024
f 4301 3933 4056
f 3933 3881 4056
f 4110 3835 3952
f 3835 3872 3952
f 3952 4007 4110
f 3821 4007 3952
f 3565 3821 3777
f 3777 3835 3565
f 3777 3872 3835
f 3821 3952 3777
f 3777 3952 3872
f 4462 4440 4439
f 4439 4461 4462
f 4461 4492 4462
f 4462 4492 4787
f 4787 4674 4462
f 4674 4440 4462
f 3785 3810 3908
f 3611 3810 3785
f 3785 3651 3611
f 3785 3831 3804
f 4908 4843 5150
f 4806 4843 4908
f 4908 4750 4806
f 4924 4790 4908
f 4908 4790 4750
f 4529 4405 4444
f 4444 4696 4529
f 4405 4696 4444
f 4295 3938 4232
f 4295 4177 3938
f 4232 4332 4295
f 4332 4411 4295
f 3939 4177 3957
f 3939 3887 3858
f 3957 3887 3939
f 3858 3938 3939
f 3938 4177 3939
f 4911 4469 4896
f 4469 4630 4896
f 4896 5091 4911
f 4896 4739 4895
f 4896 4630 4739
f 4608 4630 4431
f 4431 4630 4311
f 4431 4411 4608
f 4311 4411 4431
f 4230 4265 4393
f 4527 4855 4789
f 4789 4855 4817
f 5166 5117 5165
f 5117 5091 5165
f 5165 5350 5166
f 5165 5218 5350
f 4895 4986 5073
f 5073 4986 5057
f 5073 4896 4895
f 5091 4896 5073
f 5073 5057 5218
f 5218 5165 5073
f 5073 5165 5091
f 5147 4986 5134
f 5057 4986 5147
f 5245 5057 5147
f 5134 5229 5147
f 5147 5229 5245
f 4817 4855 4907
f 4907 4986 4817
f 4907 4855 5134
f 5134 4986 4907
f 5315 5316 5245
f 5245 5229 5315
f 5229 5363 5315
f 5204 5179 5228
f 5204 5363 5229
f 5134 5179 5204
f 5204 5229 5134
f 5866 5736 5796
f 5950 5736 5866
f 5796 6133 5866
f 5866 6133 5950
f 5141 5097 5267
f 5097 5122 5267
f 5267 5122 5303
f 5067 5141 5267
f 5267 5303 5608
f 5727 5707 5267
f 5267 5608 5727
f 4822 5041 4634
f 4822 4634 4847
f 4847 5041 4822
f 1874 1774 1575
f 1575 1774 1688
f 1575 1688 1490
f 1490 1552 1575
f 1898 1874 1575
f 1575 1552 1898
f 1398 1172 1242
f 1242 1225 1398
f 1242 1050 1019
f 1172 1050 1242
f 2724 2683 2807
f 2807 2780 2724
f 2571 2683 2724
f 2279 2255 2436
f 2435 2486 2436
f 2486 2511 2436
f 2436 2532 2279
f 2436 2511 2683
f 2683 2532 2436
f 1968 2255 2074
f 2074 2255 2279
f 1250 1521 1496
f 2473 2302 2471
f 2458 2302 2473
f 2571 2724 2701
f 2287 2295 2117
f 2324 2295 2287
f 2117 2085 2287
f 2287 2085 2054
f 2054 2172 2287
f 2287 2172 2324
f 2129 2172 1874
f 2032 2218 2129
f 1874 1951 2129
f 2804 2907 2870
f 2870 3023 2804
f 2907 3023 2870
f 2448 2652 2435
f 2448 2792 2652
f 2435 2363 2448
f 2363 2389 2448
f 2448 2389 2668
f 2668 2792 2448
f 2039 2117 2155
f 2155 2001 2039
f 2362 2580 2451
f 2332 2580 2362
f 2326 2350 2136
f 2136 2350 2292
f 2307 2147 2284
f 2307 2241 2147
f 2325 2241 2307
f 2284 2441 2307
f 2441 2557 2307
f 2557 2377 2307
f 2307 2377 2325
f 2393 2407 2326
f 2326 2325 2393
f 2325 2377 2393
f 2732 2838 2806
f 2806 2734 2732
f 2735 2734 2806
f 2874 2735 2806
f 2806 2889 2874
f 2806 2838 2889
f 2360 2580 2332
f 2495 2580 2360
f 2360 2332 2001
f 2311 2495 2360
f 2001 2155 2360
f 2127 2147 2083
f 2083 1988 2127
f 2127 1988 2147
f 1457 1740 1524
f 1457 1524 1132
f 1457 1132 1111
f 1111 1172 1457
f 1457 1172 1495
f 1834 1740 1929
f 1929 1932 1834
f 1159 1150 1132
f 1132 1422 1159
f 1159 1422 1150
f 1195 1150 1443
f 1150 1422 1443
f 1524 1740 1567
f 1567 1422 1524
f 1740 1834 1567
f 2879 2845 2910
f 2726 2879 2895
f 2710 2726 2895
f 2895 2972 2896
f 2910 2972 2895
f 2895 2879 2910
f 2895 2712 2710
f 2895 2896 2712
f 2708 2726 2658
f 2708 2879 2726
f 2845 2879 2708
f 5302 5448 5500
f 5561 5740 5500
f 5410 5408 5457
f 5408 5782 5457
f 5476 5410 5457
f 5726 5782 5708
f 5708 5782 5408
f 5708 5500 5726
f 5408 5500 5708
f 3774 3977 3852
f 3774 3985 3977
f 3774 3852 3742
f 3742 3123 3774
f 3123 3143 3774
f 4372 4457 4259
f 4259 4218 4372
f 4372 4436 4457
f 4218 4436 4372
f 2838 2773 2868
f 3157 3024 2838
f 2838 2868 3157
f 3522 3912 3727
f 1456 1347 1376
f 1456 1346 1515
f 1376 1346 1456
f 1347 1416 1379
f 1176 1209 1379
f 1379 1209 1347
f 1379 1177 1176
f 1494 1177 1379
f 1562 1559 1622
f 1494 1379 1562
f 1562 1379 1416
f 1622 1598 1562
f 1562 1598 1494
f 1921 2015 1935
f 1875 1806 1935
f 1935 2017 1875
f 1935 2015 2017
f 2035 2241 2014
f 2014 2241 2244
f 1452 1077 1298
f 1515 1346 1452
f 1346 1077 1452
f 1514 1395 1372
f 1372 1606 1514
f 1298 1395 1514
f 1514 1452 1298
f 1921 1935 1514
f 1515 1452 1514
f 1514 1935 1806
f 1514 1806 1515
f 1921 1514 1699
f 2083 1993 1659
f 1659 2031 2083
f 2292 2138 2115
f 1809 1859 1828
f 3291 2945 2988
f 2988 3351 3291
f 3291 3351 3454
f 3454 3377 3291
f 2480 2509 2463
f 2463 2268 2480
f 2463 2509 2269
f 1926 2268 2231
f 2231 2268 2269
f 2231 2152 1926
f 2269 2152 2231
f 2230 2268 1850
f 2230 2138 2293
f 2293 2268 2230
f 798 876 891
f 876 973 891
f 891 645 798
f 891 673 645
f 835 673 891
f 891 849 835
f 891 1128 849
f 83 108 65
f 108 66 65
f 65 55 83
f 65 66 55
f 1138 1267 1210
f 1310 1138 1210
f 1210 1267 1310
f 1040 1089 980
f 1616 1427 1426
f 1426 1500 1616
f 1426 1459 1500
f 1340 1436 1145
f 1466 1436 1340
f 1339 1340 1197
f 1089 1040 1197
f 1145 1089 1197
f 1197 1340 1145
f 980 1073 1197
f 1197 1040 980
f 1410 1339 1427
f 839 914 894
f 882 854 894
f 854 805 894
f 894 918 882
f 894 914 980
f 980 1089 894
f 894 1098 918
f 894 1089 1098
f 658 805 622
f 622 675 658
f 658 894 805
f 974 940 998
f 1140 1041 998
f 998 1041 974
f 998 1055 1140
f 1283 1295 1344
f 1200 1295 1283
f 1283 1328 1268
f 1283 1344 1328
f 1268 1140 1283
f 1140 1200 1283
f 510 462 461
f 429 417 447
f 380 452 445
f 445 457 380
f 452 457 445
f 545 498 561
f 545 536 498
f 545 561 565
f 565 536 545
f 322 399 300
f 399 400 300
f 300 299 322
f 300 261 299
f 203 230 155
f 213 230 203
f 155 197 203
f 203 197 213
f 104 230 272
f 272 230 287
f 200 228 240
f 260 261 240
f 239 260 240
f 229 239 240
f 240 228 229
f 1044 1008 889
f 889 899 1044
f 1044 899 1157
f 1044 1157 1250
f 1250 1008 1044
f 739 757 777
f 777 829 739
f 777 757 860
f 860 829 777
f 888 899 847
f 739 829 847
f 847 829 888
f 847 899 889
f 847 714 688
f 847 944 714
f 889 944 847
f 1271 1292 1252
f 1624 1292 1271
f 1271 1252 1250
f 1250 1290 1271
f 1968 1676 1905
f 1810 1968 1905
f 1905 1777 1810
f 1564 1676 1624
f 1564 1905 1676
f 1777 1905 1564
f 2279 2187 2122
f 1814 1693 1968
f 1968 2047 1814
f 1681 1693 1814
f 1814 2047 1681
f 2047 2122 2080
f 2080 2068 1747
f 2124 2068 2080
f 2080 2187 2124
f 2080 2122 2187
f 1846 1758 1937
f 1961 1846 1937
f 1937 2042 1961
f 2228 2116 1937
f 2116 2042 1937
f 1937 2264 2228
f 1937 1957 2264
f 902 879 912
f 917 879 902
f 912 947 902
f 902 949 917
f 947 979 902
f 902 979 949
f 749 737 736
f 809 767 776
f 708 738 776
f 776 767 708
f 983 950 1019
f 1019 935 983
f 935 963 983
f 788 983 963
f 950 983 788
f 788 963 935
f 788 776 738
f 935 809 788
f 809 776 788
f 1201 949 1296
f 1296 1320 1201
f 949 979 1296
f 1296 979 1320
f 659 636 555
f 555 702 659
f 736 636 659
f 659 702 736
f 2383 2617 2618
f 2383 2309 2560
f 2560 2617 2383
f 1717 2479 1974
f 1974 1789 1717
f 2479 1789 1974
f 1615 1751 1584
f 1387 1615 1584
f 1584 1236 1387
f 1822 1751 2153
f 2993 2825 2821
f 2821 3004 2993
f 2993 2793 2825
f 3083 2696 2993
f 2696 2793 2993
f 2602 2803 2645
f 2803 3028 2645
f 2645 3028 2790
f 2645 2577 2602
f 2645 2754 2577
f 2790 2754 2645
f 3534 3298 3252
f 4186 4325 4202
f 4202 4325 4276
f 4276 4246 4202
f 3910 3987 4058
f 4058 4173 3910
f 2937 2850 2798
f 2798 2834 2937
f 2937 3267 2850
f 2937 3170 3267
f 3083 3252 3094
f 3094 3009 3083
f 967 1101 1083
f 1083 1003 967
f 1236 1584 1782
f 904 1000 937
f 937 851 904
f 772 746 937
f 937 746 851
f 772 937 921
f 1066 819 1153
f 884 819 1066
f 965 804 825
f 996 985 965
f 985 804 965
f 965 1017 996
f 819 884 783
f 759 745 629
f 633 541 584
f 629 541 633
f 584 724 633
f 724 713 633
f 633 759 629
f 2170 2052 2097
f 2097 2169 2170
f 2052 1736 1703
f 1708 2097 1703
f 1703 2097 2052
f 1801 1533 1690
f 1690 1736 1801
f 1533 1736 1690
f 966 967 1003
f 745 967 966
f 966 851 715
f 904 851 966
f 966 1000 904
f 715 745 966
f 2643 2132 2515
f 2515 2641 2643
f 2515 2132 2514
f 2514 2641 2515
f 2398 2296 2450
f 2450 2643 2862
f 2632 2466 2450
f 2450 2466 2398
f 2862 2632 2450
f 2006 2082 1971
f 2099 2132 2084
f 2099 2082 2132
f 2084 2008 2099
f 2008 1971 2099
f 1971 2082 2099
f 4186 4379 4340
f 4340 4379 4526
f 4374 4246 4323
f 4323 4246 4329
f 4148 4061 4096
f 4220 4061 4148
f 4096 4374 4148
f 4148 4374 4220
f 4038 4061 4220
f 4220 4258 4038
f 4038 4258 4357
f 4357 4261 4038
f 4038 4261 4009
f 4009 4019 4038
f 3686 3467 3300
f 3686 3613 3467
f 3686 4019 3613
f 1550 1505 1678
f 1470 1480 1384
f 1470 1384 1143
f 1360 1348 1401
f 1401 1415 1360
f 1199 1263 1360
f 1360 1263 1348
f 1360 1483 1199
f 1360 1415 1483
f 6080 6127 6094
f 6094 5980 5898
f 6095 5980 6094
f 6094 5918 6080
f 5898 5918 6094
f 6262 6227 6095
f 6262 6613 6738
f 6262 6738 6674
f 6283 6493 6205
f 6205 6262 6283
f 6227 6262 6205
f 6205 6082 6099
f 6099 6227 6205
f 5581 5880 5641
f 5641 5980 5762
f 5641 5880 5980
f 5641 5504 5581
f 5157 5448 5302
f 5595 5448 5157
f 5108 5094 5064
f 5094 5157 5124
f 5124 5211 5408
f 5408 5050 5124
f 5124 5050 4509
f 5462 5296 5149
f 5149 5045 4858
f 5149 5296 5167
f 5167 5045 5149
f 6099 6082 5985
f 5985 5762 6099
f 5985 5969 5762
f 5599 5641 5762
f 5456 5504 5599
f 5504 5641 5599
f 5555 5462 5603
f 5155 5094 5108
f 5155 5157 5094
f 3121 2780 3142
f 3142 3215 3121
f 4573 4591 4504
f 4504 4383 4471
f 4471 4573 4504
f 5101 4506 4504
f 4354 4504 4506
f 5673 5342 5340
f 5340 5342 5038
f 5222 5306 5343
f 5343 5142 5222
f 5126 5142 5101
f 5126 5222 5142
f 5126 4971 5306
f 4646 4971 5126
f 4471 4646 5126
f 5126 4715 4471
f 5101 4504 5126
f 5126 4504 4591
f 4573 4715 5126
f 5126 4591 4573
f 5101 5142 5160
f 5160 5142 5343
f 4574 4573 4471
f 4471 4715 4574
f 4574 4715 4573
f 5397 5504 5456
f 5456 5365 5397
f 5610 5530 5857
f 5857 5611 5610
f 5610 5611 5530
f 5407 5451 5306
f 5407 5470 5451
f 5673 5470 5407
f 5407 5342 5673
f 5306 5342 5407
f 4100 3993 4033
f 4033 4298 4100
f 4033 3992 4297
f 4297 4298 4033
f 2807 2739 3102
f 3102 3117 2807
f 3102 2739 2804
f 3142 2780 2856
f 2856 2780 2807
f 3563 3215 3327
f 3327 3288 3563
f 3215 3288 3327
f 3607 3789 3561
f 3255 3487 3517
f 3255 3326 3487
f 3335 3326 3255
f 3510 3557 3335
f 3737 3784 4086
f 4086 4107 3737
f 3067 3198 3150
f 3150 3035 3067
f 3198 3248 3150
f 3150 3248 3035
f 3221 3344 3168
f 3168 3052 3129
f 3129 3052 3036
f 3036 3035 3129
f 3035 3248 3129
f 2960 2907 2869
f 2869 2932 2960
f 2869 2668 2598
f 2869 2792 2668
f 2907 2792 2869
f 3099 3016 3168
f 2975 2974 3168
f 3168 3016 2975
f 3016 3099 2975
f 2975 2932 2974
f 2960 2932 2975
f 2975 3099 2960
f 2078 2483 2384
f 2384 2046 2078
f 2033 1825 1950
f 1950 2011 2033
f 1949 1869 2067
f 2264 1957 2177
f 1957 2036 2177
f 2263 2264 2177
f 2177 2051 2263
f 2177 2036 2051
f 1067 1190 1054
f 888 941 971
f 1211 899 971
f 971 899 888
f 421 621 538
f 434 487 411
f 434 495 487
f 401 435 436
f 436 435 534
f 420 401 436
f 436 534 420
f 600 386 454
f 654 386 600
f 600 750 654
f 765 750 600
f 364 265 374
f 374 386 364
f 267 265 364
f 364 352 267
f 359 352 364
f 364 386 359
f 362 407 418
f 418 407 524
f 558 576 516
f 516 576 579
f 579 495 516
f 516 434 411
f 495 434 516
f 551 524 557
f 551 516 432
f 551 418 524
f 432 418 551
f 558 516 551
f 557 571 551
f 551 571 558
f 1848 1752 1663
f 1848 1869 1752
f 1663 1485 1848
f 1963 2063 2046
f 201 180 208
f 171 180 201
f 236 201 208
f 204 214 171
f 204 235 214
f 189 190 217
f 219 189 217
f 209 189 219
f 208 209 241
f 165 164 198
f 198 223 165
f 165 190 166
f 142 134 133
f 42 21 124
f 124 125 42
f 42 125 98
f 14 16 5
f 14 21 16
f 14 5 4
f 4 23 14
f 23 21 14
f 126 21 131
f 124 21 126
f 276 274 314
f 263 274 276
f 276 314 334
f 334 263 276
f 369 402 394
f 394 413 369
f 402 413 394
f 179 195 163
f 163 150 179
f 195 150 163
f 395 384 377
f 377 332 395
f 384 332 377
f 333 332 365
f 333 270 293
f 293 286 333
f 333 286 298
f 298 332 333
f 423 424 384
f 384 547 423
f 500 532 546
f 546 532 597
f 485 547 404
f 485 431 500
f 500 546 485
f 485 546 547
f 395 431 485
f 485 404 395
f 1002 988 939
f 1002 920 1079
f 1002 939 920
f 1079 1056 1002
f 1056 988 1002
f 672 602 585
f 585 687 672
f 585 602 424
f 691 679 578
f 691 734 679
f 578 603 691
f 603 734 691
f 397 365 424
f 397 333 365
f 409 416 473
f 473 514 409
f 920 748 790
f 790 943 920
f 748 734 790
f 771 804 790
f 804 841 790
f 790 733 771
f 790 734 733
f 347 353 307
f 371 353 347
f 317 353 323
f 308 353 317
f 323 196 317
f 317 196 308
f 374 353 361
f 361 353 371
f 361 453 374
f 531 468 361
f 361 468 484
f 484 453 361
f 361 514 531
f 371 409 361
f 361 409 514
f 340 349 327
f 327 310 340
f 327 282 310
f 277 282 327
f 327 302 277
f 327 349 302
f 368 349 340
f 368 378 520
f 520 358 367
f 358 349 367
f 367 368 520
f 349 368 367
f 153 125 129
f 129 125 124
f 129 159 153
f 60 50 48
f 60 48 57
f 57 86 60
f 67 86 57
f 57 56 67
f 67 56 81
f 81 56 80
f 81 87 67
f 81 80 87
f 80 56 52
f 18 13 8
f 33 13 18
f 44 45 24
f 24 45 41
f 24 25 2
f 2 10 24
f 11 10 8
f 8 13 11
f 11 24 10
f 13 24 11
f 72 58 59
f 59 75 72
f 54 75 59
f 8 54 59
f 59 58 8
f 520 541 519
f 519 541 539
f 376 410 392
f 376 356 358
f 388 358 520
f 520 519 388
f 388 519 410
f 388 376 358
f 410 376 388
f 539 626 528
f 626 628 528
f 528 628 543
f 528 519 539
f 528 543 412
f 412 392 528
f 392 410 528
f 410 519 528
f 570 539 629
f 629 590 570
f 570 590 539
f 656 586 522
f 726 724 584
f 584 586 726
f 816 817 1032
f 780 695 836
f 836 817 780
f 9454 9438 9453
f 9438 9437 9453
f 9463 9454 9453
f 9453 9437 9463
f 9399 9360 9323
f 9439 9360 9399
f 9323 9321 9399
f 9438 9439 9399
f 9399 9321 9438
f 7706 7691 7913
f 7923 7662 7706
f 7706 7913 7923
f 7662 7587 7706
f 7587 7691 7706
f 7089 7071 7333
f 6980 7089 7333
f 7476 7406 7333
f 7333 6893 6980
f 7333 7106 6893
f 7103 7106 7333
f 7333 7406 7103
f 7211 7150 7256
f 7256 7170 7211
f 6937 7150 7211
f 7211 6901 6937
f 7211 7170 6901
f 7923 7818 7720
f 7720 7636 7923
f 7818 7636 7720
f 7341 7155 7342
f 7564 7489 7341
f 7341 7489 7392
f 7392 7138 7341
f 7138 7155 7341
f 7422 7564 7341
f 7341 7342 7422
f 7138 6987 7084
f 7084 7155 7138
f 6987 7155 7084
f 8660 8684 8719
f 8652 8684 8660
f 8660 8719 8671
f 8671 8651 8660
f 8651 8652 8660
f 8672 8713 8735
f 8735 8684 8672
f 8719 8684 8735
f 8770 8719 8735
f 8771 8770 8735
f 8735 8713 8771
f 8156 8327 8283
f 8283 8327 8282
f 8283 8122 8156
f 8282 8122 8283
f 5516 5430 5517
f 5517 6226 5516
f 5516 6226 6139
f 5345 5430 5516
f 6116 5357 5516
f 5516 6204 6116
f 5516 6139 6204
f 5516 5282 5345
f 5357 5379 5516
f 5516 5344 5282
f 5379 5344 5516
f 6216 5517 5661
f 6216 6226 5517
f 5661 5676 6216
f 6217 6226 6216
f 6216 5676 6217
f 6258 6347 6204
f 6204 6226 6258
f 6501 6347 6258
f 6258 6226 6501
f 6769 6951 6793
f 6793 6768 6609
f 6609 6769 6793
f 6820 6768 6793
f 6793 7075 6820
f 6793 6951 7075
f 7196 7152 7244
f 7196 7244 7314
f 7314 7688 7196
f 7005 7152 7196
f 7297 7075 7196
f 7196 7688 7297
f 7075 6951 7196
f 7196 6951 7005
f 7205 7233 7140
f 7205 7605 7233
f 7140 7135 7205
f 7205 7135 7157
f 5371 5434 5205
f 5205 4909 5032
f 5032 5371 5205
f 5289 5371 5032
f 5266 5486 5336
f 5336 5486 5976
f 5846 5732 5748
f 5732 5678 5748
f 5748 5712 5846
f 5748 5678 5460
f 5460 5712 5748
f 4977 4933 5089
f 5056 5232 5089
f 5089 4933 5056
f 4884 5232 5056
f 5056 4933 4884
f 4932 4919 4853
f 4932 4853 4884
f 4884 4933 4932
f 4964 4919 4932
f 4933 4977 4932
f 4932 4977 5089
f 4932 5130 4964
f 5089 5130 4932
f 6223 6165 6272
f 6153 6165 6223
f 6272 6271 6223
f 6223 5945 6153
f 6271 5945 6223
f 5506 6089 5888
f 5888 5945 5506
f 6089 5945 5888
f 5266 5171 4958
f 4958 4949 5266
f 5377 5440 5053
f 5377 5503 5440
f 5377 5053 5427
f 5427 5503 5377
f 6173 6063 6048
f 6048 5860 6173
f 6063 5860 6048
f 5639 6063 5919
f 5919 5759 5639
f 6063 5759 5919
f 5725 5759 5724
f 5725 5503 5638
f 5724 5440 5725
f 5440 5503 5725
f 5686 5638 5639
f 5639 5759 5686
f 5686 5725 5638
f 5759 5725 5686
f 5998 6063 6096
f 6096 5759 5998
f 5998 5759 6063
f 6096 6063 6097
f 6097 6256 6096
f 6063 6256 6097
f 4926 4918 4962
f 4962 5210 4898
f 4898 4926 4962
f 5280 5210 4962
f 4962 4918 5280
f 5338 5423 5280
f 5049 4867 5423
f 5049 4918 4867
f 5423 5338 5049
f 5280 4918 5049
f 5049 5338 5280
f 5063 5061 4912
f 5118 5061 5063
f 4912 5151 5063
f 5063 5151 5118
f 6098 6773 6233
f 6773 6285 6233
f 6066 5961 5989
f 5989 6230 6066
f 6691 6826 6084
f 6084 6724 6691
f 6779 6987 6826
f 6779 6724 6987
f 6826 6691 6779
f 6779 6691 6724
f 8895 8795 8764
f 8895 8884 8778
f 8895 8778 8766
f 8766 8795 8895
f 9066 8980 8895
f 8980 8884 8895
f 9013 9067 8996
f 8996 9067 9083
f 8996 9083 9120
f 9120 9072 8996
f 8848 8764 8751
f 9165 9029 9270
f 9270 9236 9165
f 9012 8935 8965
f 9012 9067 9013
f 9083 9067 9012
f 9014 8988 9029
f 9014 9012 8965
f 9236 9081 9014
f 9029 9165 9014
f 9014 9165 9236
f 8508 8485 8806
f 8486 8841 8806
f 8806 8485 8486
f 8852 8848 8847
f 8935 8848 8852
f 8852 8847 8522
f 8522 8508 8852
f 8508 8806 8852
f 6838 6934 6864
f 6864 6679 6838
f 6198 6679 6864
f 7183 7088 7065
f 7065 7389 7183
f 7183 7389 7399
f 7658 7573 7498
f 7498 7419 7658
f 7498 7389 7419
f 7498 7573 7399
f 7399 7389 7498
f 7417 7356 7321
f 7321 7278 7417
f 7356 7278 7321
f 7384 7356 7641
f 7641 7344 7384
f 7384 7344 7356
f 9183 9285 9233
f 9233 9187 9183
f 9285 9187 9233
f 9250 9191 9235
f 9235 9187 9250
f 9191 9187 9235
f 9172 9171 9183
f 9183 9187 9172
f 9172 9187 9152
f 9172 9152 9111
f 9111 9171 9172
f 7496 7890 7944
f 7496 7475 7890
f 7496 7365 7446
f 7446 7475 7496
f 8823 8767 8712
f 8712 8805 8823
f 8823 8805 8893
f 8893 8855 8823
f 8964 8988 8965
f 9019 8988 9000
f 9049 9079 9000
f 9000 9104 9019
f 9000 9079 9104
f 5464 5511 5617
f 5617 5493 5464
f 5250 5511 5464
f 5464 5493 5250
f 7023 7057 6972
f 7023 6687 6688
f 6972 6687 7023
f 7118 7057 7023
f 7023 6777 7118
f 6688 6777 7023
f 6923 6850 7009
f 7009 7304 6923
f 7304 6849 6923
f 6813 6673 6850
f 6813 6923 6849
f 6850 6923 6813
f 8025 7817 7836
f 7836 8009 8025
f 8025 7994 7817
f 8025 8023 7994
f 8025 8009 8047
f 5675 5780 5624
f 5624 5580 5675
f 5624 5548 5580
f 5421 5548 5656
f 5656 5499 5421
f 5548 5624 5656
f 5656 5624 5780
f 8108 8355 8243
f 8243 8355 8261
f 8287 8248 8194
f 8194 8248 7909
f 8194 8346 8287
f 8194 8261 8346
f 7824 8108 7908
f 8108 7869 7908
f 7861 7781 7873
f 7881 7861 7873
f 7873 7869 8108
f 7873 7909 7881
f 8108 8243 7873
f 7873 8243 8261
f 8320 8292 8310
f 8320 8310 8394
f 8394 8424 8320
f 8366 8319 8318
f 8318 8245 8292
f 8330 8319 8366
f 8366 8438 8330
f 8136 8319 8330
f 8438 8418 8330
f 8330 8288 8136
f 8418 8288 8330
f 8057 8263 8105
f 8105 8263 8245
f 7798 8057 8105
f 8105 8245 7798
f 7534 7787 7560
f 7787 7748 7560
f 7560 7748 7758
f 7758 7716 7560
f 7560 7716 7467
f 7467 7487 7560
f 7560 7487 7534
f 7731 7572 7722
f 7722 7462 7709
f 7722 7572 7462
f 7526 7332 7462
f 7462 7572 7526
f 7526 7572 7527
f 7069 7241 7194
f 7194 7479 7069
f 7241 7479 7194
f 7616 7653 7735
f 7616 7479 7653
f 7639 7742 7709
f 7709 7479 7639
f 7479 7616 7639
f 7639 7616 7735
f 7153 7052 6828
f 6828 6812 7153
f 6828 7052 6835
f 6835 6766 6828
f 6610 6812 6828
f 6828 6766 6610
f 6695 6762 6745
f 6745 6558 6695
f 6695 6558 6496
f 6695 6631 6696
f 6696 6762 6695
f 6496 6631 6695
f 6330 6332 6411
f 6411 6510 6330
f 6496 6510 6411
f 6234 6496 6411
f 6411 6332 6234
f 6368 6330 6474
f 6368 6284 6330
f 6368 6474 6327
f 6368 6327 6261
f 6261 6284 6368
f 6261 6104 6172
f 6172 6284 6261
f 6172 6104 6019
f 6019 5858 6172
f 6529 6777 6589
f 6589 6777 6688
f 6520 6529 6589
f 6589 6687 6520
f 6688 6687 6589
f 6529 6505 6629
f 6629 6777 6529
f 6629 6505 6541
f 6541 6673 6629
f 7238 6763 7294
f 7294 7190 7238
f 7238 7190 6763
f 7318 7235 7236
f 7236 7190 7318
f 6763 7190 7182
f 7182 7235 6696
f 6696 6763 7182
f 7182 7236 7235
f 7190 7236 7182
f 6721 6986 6774
f 6774 6756 6721
f 6986 6756 6774
f 6582 6621 6214
f 6214 6533 6582
f 8641 8466 8634
f 8536 8492 8507
f 8498 8492 8536
f 8536 8466 8498
f 8536 8634 8466
f 8438 8466 8451
f 8466 8496 8451
f 8533 8438 8451
f 8451 8496 8533
f 8981 8894 8936
f 8911 8960 8936
f 8936 8960 8981
f 8936 8864 8911
f 8851 8864 8936
f 8851 8936 8880
f 8880 8936 8894
f 8880 8894 8891
f 8891 8835 8880
f 8810 8808 8851
f 8851 8880 8810
f 8810 8880 8835
f 8773 8808 8810
f 8810 8835 8772
f 8782 8738 8773
f 8772 8738 8782
f 8773 8810 8782
f 8782 8810 8772
f 8567 8329 8439
f 8576 8329 8567
f 8931 8870 9164
f 8931 8830 8870
f 7629 7669 7592
f 7629 7592 7506
f 7506 7593 7629
f 7629 7593 7595
f 7697 7669 7656
f 7595 7596 7656
f 7656 7629 7595
f 7669 7629 7656
f 7656 7682 7697
f 7596 7682 7656
f 7976 8179 8039
f 7976 7926 7823
f 7976 8039 8050
f 8050 7963 7976
f 7963 7926 7976
f 7697 7682 7755
f 7755 7777 7796
f 7631 7682 7596
f 7631 7596 7471
f 7631 7471 7439
f 7439 7582 7631
f 7777 7755 7631
f 7631 7755 7682
f 8745 8587 8714
f 8745 8833 8870
f 8822 8833 8745
f 8559 8329 8576
f 8576 8587 8559
f 8326 8371 8559
f 8413 8326 8559
f 8559 8582 8550
f 8559 8587 8582
f 8559 8514 8413
f 8559 8550 8514
f 8439 8329 8220
f 4275 4596 4628
f 4275 4185 4596
f 4628 4460 4275
f 4275 4576 4386
f 4460 4576 4275
f 4112 4185 4146
f 4146 3931 3892
f 4139 3773 4146
f 4146 3773 3931
f 5627 5406 5505
f 5505 5491 5520
f 5520 5749 5505
f 5185 5109 5352
f 5352 5406 5288
f 5288 5207 5352
f 5207 5185 5352
f 5491 5505 5352
f 5352 5505 5406
f 5491 5003 4930
f 4780 5361 4930
f 5361 5491 4930
f 4930 4791 4780
f 4930 5003 4791
f 4865 4998 4857
f 4857 4872 4865
f 4998 4872 4857
f 4596 4653 4650
f 4650 4653 4694
f 4628 4596 4650
f 4650 4824 4628
f 4694 4653 4825
f 4653 4771 4825
f 4825 4650 4694
f 4865 4872 4825
f 4825 4771 4865
f 4824 4650 4825
f 4854 4824 4825
f 4825 4872 4854
f 4647 4684 4821
f 4572 4684 4647
f 4647 4588 4572
f 4647 4821 4500
f 4500 4588 4647
f 3925 4559 4035
f 4035 4559 4572
f 4035 3924 3925
f 4035 4572 3924
f 4679 4558 4623
f 4623 4558 4576
f 4623 4730 4679
f 4780 4730 4623
f 4623 4576 4780
f 4679 4368 4547
f 4547 4558 4679
f 4368 4558 4547
f 3231 3274 3428
f 3274 3386 3428
f 3447 3231 3428
f 3386 3669 3428
f 4080 4139 3695
f 3695 3773 4080
f 4080 3773 4139
f 8112 8163 8132
f 8357 8261 8381
f 8261 8355 8381
f 8381 8382 8357
f 8411 8382 8381
f 8887 8800 8836
f 8863 8928 8836
f 8928 8887 8836
f 8747 8800 8493
f 8493 8800 8541
f 8472 8478 8493
f 8541 8531 8493
f 8531 8472 8493
f 9103 9199 9089
f 9089 9166 9125
f 9199 9166 9089
f 8890 9103 9089
f 9089 8885 8919
f 9089 9125 8885
f 8919 8890 9089
f 7598 7279 7239
f 7543 7680 7239
f 7239 7680 7598
f 7239 7397 7543
f 7239 7279 7248
f 7350 7397 7239
f 7248 6999 7239
f 7010 7350 7239
f 7239 6999 7010
f 7729 7684 7844
f 7684 7673 7844
f 7844 7673 7874
f 7874 7949 7844
f 7844 7949 7930
f 7930 7854 7844
f 7862 8011 7917
f 7930 8011 7862
f 7862 7854 7930
f 7803 7680 7860
f 7854 7862 7860
f 7841 7803 7860
f 7917 7841 7860
f 7860 7862 7917
f 7854 7860 7806
f 7806 7680 7559
f 7806 7860 7680
f 6648 6557 6748
f 6748 6557 6788
f 6748 6694 6648
f 6748 6788 6999
f 6748 6999 6907
f 6907 6694 6748
f 6455 6557 6490
f 6455 6282 6329
f 6455 6329 6561
f 6561 6557 6455
f 6189 6282 6455
f 6455 6279 6189
f 6455 6490 6489
f 6489 6279 6455
f 8981 8960 9253
f 9253 8960 8976
f 8946 8981 9253
f 9164 8870 9211
f 9211 9225 9164
f 8891 9225 9211
f 9227 9225 8891
f 8891 8946 9227
f 7158 7324 7242
f 7242 7127 7158
f 7283 7428 7448
f 7242 7428 7283
f 7448 7284 7283
f 7283 7284 7242
f 6889 6781 6862
f 6889 6830 6784
f 6784 6692 6889
f 6692 6781 6889
f 6889 6862 7099
f 7099 7100 6889
f 6708 6692 6602
f 6602 6722 6708
f 6708 6722 6692
f 6518 6570 6527
f 6570 6722 6527
f 6527 6326 6518
f 6527 6722 6326
f 7122 7374 7358
f 7122 7100 7374
f 7105 6964 7029
f 7358 7105 7029
f 7100 7122 7029
f 7029 7122 7358
f 7721 7514 7529
f 7529 7679 7721
f 7529 7461 7679
f 7352 7245 7313
f 7313 7245 6904
f 5881 6102 6118
f 5881 5786 5783
f 5783 6117 5881
f 5810 5644 5612
f 5692 5644 5810
f 5810 5812 5692
f 6298 6326 6257
f 6257 6188 6298
f 6117 6126 6257
f 6126 6188 6257
f 6257 5881 6117
f 6102 5881 6257
f 5840 5802 6186
f 6186 6079 5840
f 5545 5740 5561
f 5545 5448 5595
f 5561 5500 5545
f 5545 5500 5448
f 5802 5740 5721
f 7497 7674 7584
f 7584 7610 7497
f 7674 7610 7584
f 7632 7679 7447
f 7447 7610 7632
f 7687 7610 7921
f 6415 6404 6595
f 6595 6513 6415
f 6415 6513 6404
f 6750 7427 7310
f 6750 6677 7427
f 6750 6678 6677
f 6750 7310 6595
f 6595 6678 6750
f 7655 7251 7237
f 7237 7181 7655
f 6873 7181 6834
f 6783 6873 6834
f 7109 6677 6801
f 6801 6785 7109
f 6677 6785 6801
f 7812 7842 7853
f 7853 7783 7812
f 7812 7783 7736
f 7736 7776 7812
f 7805 7812 7776
f 7842 7812 7805
f 7903 7842 7805
f 7805 7776 7773
f 7805 7871 7902
f 7773 7871 7805
f 7967 7904 7932
f 7932 7842 7903
f 7932 7904 7842
f 7932 7902 7955
f 7955 7966 7932
f 7903 7805 7932
f 7932 7805 7902
f 7932 7966 7990
f 7990 7967 7932
f 8586 8277 8267
f 8586 8620 8277
f 8691 8723 8667
f 8664 8628 8596
f 8596 8615 8664
f 8615 8645 8664
f 8664 8645 8657
f 8647 8628 8664
f 8664 8667 8647
f 8664 8691 8667
f 8560 8561 8538
f 8538 8548 8560
f 8588 8574 8560
f 8574 8561 8560
f 8560 8592 8588
f 8560 8548 8592
f 8571 8548 8537
f 8515 8549 8571
f 8571 8537 8515
f 8592 8548 8571
f 8849 8723 8905
f 8726 8618 8693
f 8749 8618 8726
f 8633 8657 8588
f 8834 8821 8872
f 8749 8821 8834
f 8693 8821 8716
f 8716 8821 8749
f 8716 8726 8693
f 8749 8726 8716
f 9043 9042 9094
f 9094 8999 9043
f 9028 9042 9043
f 9043 8999 9028
f 8594 8573 8519
f 8519 8572 8594
f 8594 8604 8606
f 8594 8572 8604
f 8594 8606 8613
f 8613 8609 8594
f 8594 8609 8589
f 8589 8552 8594
f 8552 8573 8594
f 8853 8826 8896
f 8794 8826 8853
f 8896 8930 8853
f 8776 8794 8853
f 8853 8930 8776
f 8148 8230 8205
f 8309 8276 8249
f 8249 8785 8309
f 8249 8230 8785
f 8249 8205 8230
f 8249 8276 8148
f 8148 8205 8249
f 9033 8940 8970
f 8970 8914 9033
f 8940 8914 8970
f 8641 8914 8696
f 8696 8914 8940
f 8696 8533 8641
f 8696 8940 8533
f 8661 8914 8641
f 8641 8634 8661
f 8661 8634 8656
f 8661 8656 8725
f 8725 8914 8661
f 8956 9162 9064
f 9064 9091 8956
f 9162 9091 9064
f 9177 9091 9162
f 8523 8683 8673
f 8523 8483 8543
f 8543 8483 8412
f 8412 8483 8411
f 8411 8381 8412
f 8412 8381 8355
f 8840 8913 8941
f 8941 8913 8962
f 8866 8813 8840
f 8866 8941 8911
f 8840 8941 8866
f 8911 8864 8866
f 8864 8813 8866
f 8143 8119 8136
f 8136 8288 8143
f 8143 7920 8119
f 8143 8297 7920
f 8143 8288 8297
f 8218 8182 8103
f 8050 8178 8068
f 7905 8035 8068
f 8068 8047 7905
f 8068 8237 8250
f 8250 8047 8068
f 8068 7963 8050
f 8035 7963 8068
f 7928 8043 7979
f 7979 8043 8013
f 8013 7933 7979
f 7979 7796 7928
f 7794 7775 7697
f 7957 7976 7823
f 8356 8308 8333
f 8308 8344 8333
f 8344 8417 8333
f 8343 8410 8344
f 8343 8317 8410
f 8343 8344 8308
f 8308 8317 8343
f 8389 8363 8290
f 8363 8317 8290
f 8290 8314 8706
f 8290 8284 8314
f 8706 8750 8290
f 8271 8284 8290
f 8290 8752 8389
f 8290 8750 8752
f 8290 8244 8271
f 8290 8317 8244
f 8273 8246 8244
f 8308 8246 8273
f 8244 8317 8273
f 8273 8317 8308
f 8124 8083 8244
f 8063 8083 8124
f 8236 8246 8274
f 8006 8026 7620
f 7929 7997 8006
f 7620 7929 8006
f 8046 8007 8128
f 8321 8295 8224
f 8295 8158 8224
f 8293 8321 8224
f 8224 8275 8293
f 8298 8280 8295
f 8298 8295 8321
f 8281 8280 8298
f 8321 8374 8298
f 8298 8374 8349
f 8443 8459 8477
f 8443 8323 8459
f 8433 8323 8443
f 8214 8304 8268
f 8214 8323 8304
f 8396 8374 8449
f 8449 8450 8396
f 8349 8374 8396
f 8396 8450 8469
f 8396 8298 8349
f 8254 8379 8338
f 8360 8235 8338
f 8338 8235 8254
f 8254 8304 8299
f 8299 8379 8254
f 8304 8379 8299
f 8304 8433 8420
f 8420 8379 8304
f 7885 7876 7727
f 7727 7985 7885
f 7885 7985 7876
f 7602 7667 7668
f 7668 7757 7602
f 7667 7757 7668
f 7738 7757 7835
f 7835 8074 7863
f 7863 7797 7835
f 7835 7797 7738
f 7835 8081 8074
f 8080 8081 7835
f 7835 7985 8080
f 7876 7985 7835
f 7726 7876 7835
f 7835 7757 7726
f 9283 9280 9336
f 9355 9359 9337
f 9337 9336 9314
f 9337 9283 9336
f 9318 9283 9337
f 9314 9333 9337
f 9333 9355 9337
f 9320 9359 9343
f 9343 9307 9320
f 9320 9283 9318
f 9320 9261 9289
f 9320 9307 9244
f 9244 9261 9320
f 8811 8903 9133
f 8846 8903 8811
f 9133 9085 8811
f 9085 8860 8811
f 8811 8787 8748
f 8860 8950 8811
f 8811 8950 8787
f 9024 8950 9021
f 9085 9110 9021
f 9021 9110 9024
f 9021 8860 9085
f 9021 8950 8860
f 9112 9088 9076
f 8912 9076 8971
f 8971 9076 9088
f 9188 9219 9173
f 9219 9220 9173
f 9243 9261 9244
f 9289 9261 9243
f 9243 9220 9289
f 9168 9110 9133
f 9024 9110 9156
f 9188 9173 9156
f 9156 9169 9188
f 9156 9110 9169
f 9497 9485 9470
f 8704 9095 9181
f 9181 8673 8704
f 9181 9122 8673
f 9506 9502 9516
f 8644 8507 8682
f 8682 8666 8644
f 8644 8666 8507
f 8665 8666 8769
f 8725 8656 8665
f 8665 8769 8725
f 8507 8666 8665
f 8665 8536 8507
f 9526 9523 9500
f 9500 9505 9526
f 9500 9523 9478
f 9478 9464 9500
f 9508 9504 9489
f 9498 9508 9489
f 9327 8969 8977
f 9486 9496 9491
f 9486 9485 9497
f 9497 9507 9486
f 9486 9507 9496
f 9058 9075 9086
f 9086 9075 9251
f 9033 9091 9092
f 9092 9059 9033
f 9092 9075 9059
f 9510 9507 9499
f 9499 9507 9497
f 9516 9510 9499
f 9499 9506 9516
f 9502 9506 9499
f 9499 9450 9477
f 9477 9495 9499
f 9495 9501 9499
f 9501 9502 9499
f 9449 9450 9499
f 9499 9475 9449
f 9522 9496 9509
f 9509 9507 9522
f 9496 9507 9509
f 6957 6858 6660
f 6660 6612 6957
f 6612 6611 6957
f 7246 7051 6547
f 7246 7369 7394
f 7107 7051 7246
f 7246 7394 7107
f 6036 5905 5957
f 4488 4235 4299
f 4299 4298 4488
f 4235 4298 4299
f 5891 5541 5949
f 5891 5526 5541
f 5447 5526 5469
f 5541 5526 5447
f 5447 5469 5435
f 5435 5446 5447
f 5447 5446 5541
f 6181 6198 6252
f 6012 6198 5821
f 5821 5991 6012
f 5986 6198 6012
f 6012 5991 5986
f 7360 7408 7090
f 7401 7408 7360
f 7074 7019 7147
f 7147 7175 7074
f 6870 6957 6611
f 7090 7019 7016
f 6809 6385 6866
f 6866 6309 6667
f 6866 6385 6309
f 7070 7360 7090
f 7401 7360 7070
f 7768 7769 7733
f 7733 7486 7768
f 7769 7486 7733
f 7732 7878 7768
f 7394 7369 7416
f 7416 7369 7230
f 7768 7394 7416
f 7416 7732 7768
f 7819 7877 7829
f 7819 7416 7285
f 7891 7889 7934
f 7934 7877 7891
f 7877 7819 7891
f 7091 7227 7149
f 7149 7227 7230
f 7230 7369 7149
f 7149 7246 7091
f 7369 7246 7149
f 7285 7227 7271
f 8632 8395 8432
f 7934 7889 7897
f 8375 8395 8402
f 7889 8375 8402
f 8402 7897 7889
f 7934 7897 8402
f 8402 8395 8632
f 8402 8762 7934
f 8632 8762 8402
f 7269 7786 7351
f 7285 7271 7351
f 7889 7351 7845
f 7845 7351 7786
f 8578 8663 8622
f 8578 8566 8663
f 8549 8566 8578
f 7880 7954 7859
f 7793 7704 7838
f 7705 7704 7793
f 7779 7763 7708
f 7779 7802 7763
f 7779 7708 7705
f 7705 7793 7779
f 7779 7793 7802
f 7941 7925 8037
f 8037 7942 7941
f 7941 7942 7925
f 7925 7942 7900
f 7802 7793 7900
f 7900 7793 7838
f 7900 7880 7802
f 7900 7942 7954
f 7924 7925 7900
f 7954 7880 7900
f 7838 7899 7900
f 7899 7924 7900
f 6467 6585 6406
f 5674 5673 5916
f 7411 7499 7549
f 7325 7174 7159
f 7159 7174 6772
f 6772 6418 7159
f 6772 6465 6418
f 7300 7281 7622
f 7281 7195 7210
f 7209 7255 7210
f 7255 7281 7210
f 6424 6585 6396
f 6396 6406 6424
f 6424 6406 6585
f 6738 6613 6725
f 6613 6797 6725
f 6887 6738 6725
f 6725 6797 6887
f 6127 6600 6225
f 6225 6600 6613
f 6613 6262 6225
f 6344 6435 6278
f 6278 6211 6344
f 6213 6211 6278
f 5700 5871 5797
f 5797 5871 5964
f 5797 5770 5700
f 5930 5871 5737
f 5737 5618 5930
f 5871 5618 5737
f 5197 5110 5095
f 5197 5154 5110
f 4972 5212 5197
f 5197 5212 5273
f 5173 5154 5197
f 5273 5348 5197
f 5197 5348 5467
f 5386 5311 5006
f 5006 4894 5029
f 5006 4935 4894
f 5006 5234 5386
f 5029 5152 5006
f 5006 5152 5234
f 5071 4904 4942
f 4941 4904 4751
f 4941 4942 4904
f 5000 4942 4941
f 4831 4839 4751
f 4881 4839 4831
f 4751 4726 4700
f 4700 4602 4751
f 4379 4394 4520
f 4546 4638 4520
f 4520 4638 4379
f 4173 4426 4433
f 4433 4394 4173
f 4433 4520 4394
f 4433 4426 4546
f 4546 4520 4433
f 4138 4207 4279
f 4279 4207 4379
f 4186 4138 4279
f 4279 4379 4186
f 4170 4190 4288
f 4288 4222 4170
f 4288 4331 4222
f 4288 4226 4345
f 4190 4226 4288
f 4532 4331 4288
f 4607 4532 4288
f 4288 4345 4607
f 5958 5767 5986
f 5986 5798 5958
f 5958 5798 5767
f 5720 5668 5605
f 5605 5701 5720
f 5605 5668 5299
f 5459 5433 5148
f 5602 5433 5459
f 5261 5182 5071
f 5071 5116 5261
f 5182 5261 5287
f 5287 5261 5433
f 5602 5537 5287
f 5287 5433 5602
f 5299 5182 5287
f 5287 5537 5299
f 5616 5551 5646
f 5646 5746 5616
f 5551 5746 5646
f 5830 5746 5551
f 5619 5717 5830
f 5735 5845 5830
f 5830 5845 5937
f 5717 5735 5830
f 5937 5988 5830
f 5830 5988 5935
f 5935 5746 5830
f 5566 5830 5551
f 5619 5830 5566
f 5551 5458 5566
f 5234 5264 5566
f 5566 5458 5234
f 5566 5524 5619
f 5566 5264 5524
f 7011 6765 7049
f 7011 6930 6765
f 6963 6930 7011
f 7011 7221 6963
f 7049 7221 7011
f 6729 6765 6817
f 6963 6560 6817
f 6817 6632 6729
f 6560 6632 6817
f 7319 7217 7204
f 7319 7204 7124
f 7124 7332 7319
f 7527 7217 7319
f 7319 7526 7527
f 7332 7526 7319
f 5764 5749 5847
f 5847 5883 5764
f 5831 5627 5764
f 5764 5883 5831
f 1229 1244 1204
f 1204 1107 1229
f 1244 1107 1204
f 1222 1221 1121
f 1121 1281 1222
f 74 1107 1076
f 982 74 1076
f 1015 982 1076
f 1076 1107 1281
f 1281 1121 1076
f 1076 1221 1015
f 1076 1121 1221
f 1229 74 1207
f 1207 1247 1229
f 74 1247 1207
f 1301 1611 1607
f 1607 1611 1634
f 1607 1540 1301
f 1634 1540 1607
f 1787 1786 2163
f 1587 1889 1722
f 1889 1786 1722
f 1586 1587 1722
f 1722 1786 1586
f 1945 1944 1912
f 1973 2123 1945
f 1945 2108 1944
f 1945 2123 2108
f 1842 1973 1945
f 1945 1618 1842
f 1912 1618 1945
f 2079 2220 2111
f 2079 1983 2220
f 2111 1973 2079
f 1973 1983 2079
f 2318 2123 2235
f 2235 2371 2318
f 2371 2421 2318
f 3538 3559 3241
f 3241 3559 3466
f 3132 3098 3006
f 3223 3098 3132
f 3237 3396 3132
f 3132 3396 3223
f 2955 2416 2980
f 2955 3132 2959
f 2955 2719 2416
f 2955 2959 2719
f 3237 3407 3334
f 3382 3407 3554
f 3554 3396 3382
f 3382 3334 3407
f 3382 3396 3237
f 3237 3334 3382
f 3373 3098 3223
f 3223 3396 3373
f 3006 3098 3373
f 3373 3107 3006
f 3216 3107 3373
f 3554 3815 3745
f 3895 3977 3990
f 3990 3991 3895
f 3990 3977 4230
f 4230 3991 3990
f 4230 4232 4154
f 4154 3991 4230
f 4232 3991 4154
f 3793 3478 3531
f 3841 3478 3793
f 3531 3459 3793
f 3793 3459 3568
f 3568 3887 3793
f 3900 3841 3918
f 3841 3793 3918
f 3918 3793 3887
f 3091 2898 2954
f 2954 2898 2833
f 2954 2977 3091
f 2954 2817 2977
f 2833 2817 2954
f 5968 5742 6280
f 5968 5921 5742
f 4617 4828 4920
f 4828 5023 4920
f 4920 5023 5176
f 5176 5564 4920
f 4920 5564 5011
f 5090 5443 5481
f 5481 5443 5535
f 5011 5443 5055
f 5090 4967 5055
f 5055 5443 5090
f 5743 5709 5689
f 5689 5709 5564
f 5564 5688 5689
f 5689 5707 5743
f 5689 5688 5707
f 5743 5921 5982
f 5982 5921 6162
f 5472 5688 5564
f 5472 5564 5176
f 5176 5159 5472
f 5472 5159 5067
f 5707 5688 5472
f 5067 5267 5472
f 5472 5267 5707
f 5943 5481 5535
f 5059 4766 4967
f 5059 4967 5090
f 4606 4766 4807
f 4766 5059 4807
f 4807 5059 4910
f 4719 4657 4618
f 4618 4511 4563
f 4563 4719 4618
f 4565 4511 4618
f 4618 4657 4565
f 4194 4251 4156
f 4156 3840 3857
f 4156 4251 4178
f 4309 4468 4380
f 4468 4522 4380
f 4380 4473 4309
f 4380 4522 4473
f 7038 7077 7295
f 7295 7116 7038
f 7038 7116 6985
f 6521 6494 6499
f 6499 6494 6288
f 6499 6374 6565
f 6288 6148 6499
f 6148 6374 6499
f 6521 6499 6575
f 6917 6655 6896
f 6917 7038 6985
f 6917 6575 6655
f 6656 6879 6641
f 6879 6655 6641
f 6565 6656 6641
f 6879 6728 6935
f 7307 7295 6935
f 7295 6879 6935
f 6935 6728 7143
f 6935 7254 7307
f 7143 7254 6935
f 7568 7619 7554
f 7554 7459 7568
f 7619 7459 7554
f 7421 7470 7440
f 7470 7459 7440
f 7440 7240 7421
f 7440 7459 7240
f 7512 7602 7390
f 7512 7597 7602
f 7390 7349 7512
f 7583 7597 7512
f 7426 7478 7512
f 7512 7349 7426
f 7512 7460 7583
f 7512 7478 7460
f 8208 8242 8258
f 8208 8091 8141
f 8197 8091 8208
f 8083 8146 8190
f 8190 8146 8189
f 8189 8226 8190
f 8556 8564 8602
f 8602 8598 8556
f 8668 8598 8602
f 8843 8934 8878
f 8878 8903 8846
f 8878 8934 8903
f 8096 7959 8014
f 8141 7959 8096
f 8096 8139 8141
f 8096 7927 7980
f 8096 8014 7927
f 7980 8021 8096
f 8115 8096 8021
f 8021 8031 8115
f 8115 8031 8072
f 8115 8114 8147
f 8072 8114 8115
f 6054 5928 5837
f 5837 5887 6054
f 5819 5928 5851
f 5948 5819 5851
f 5851 5974 5948
f 5974 5851 6041
f 6041 5851 5928
f 6135 6092 6110
f 5951 6013 6110
f 6110 6013 6135
f 5875 5951 6110
f 6110 6092 5875
f 6318 6200 6394
f 6318 6394 6423
f 6318 6423 6341
f 6341 6183 6318
f 6209 6135 6151
f 6151 6013 6209
f 6135 6013 6151
f 6574 6833 6714
f 6833 6926 6714
f 6948 6790 6946
f 6790 6787 6946
f 6946 6787 6890
f 6946 6964 6948
f 6946 6890 6964
f 6747 6787 6698
f 6698 6605 6747
f 6747 6605 6711
f 6711 6675 6747
f 6912 6787 6747
f 6530 6646 6506
f 6506 6646 6784
f 6506 6130 6530
f 6245 6605 6414
f 6675 6605 6245
f 6245 5926 5848
f 5666 5848 5715
f 5666 5750 5848
f 5666 5715 5523
f 5523 5539 5666
f 5539 5403 5666
f 5403 5750 5666
f 6163 6130 5938
f 5812 5810 5938
f 5692 5812 5938
f 1710 1763 2050
f 1706 1763 1710
f 1709 1657 1706
f 1706 1710 1709
f 1709 1710 1739
f 1616 1657 1709
f 1709 1739 1714
f 2030 2050 2110
f 2030 1710 2050
f 1739 1710 2030
f 1714 1739 2030
f 2030 2110 2201
f 2201 2009 2030
f 1946 1714 2030
f 2030 2009 1946
f 1866 1992 1840
f 1840 1948 1866
f 1866 1948 1992
f 1895 2240 1947
f 1895 1947 1857
f 1819 1934 1895
f 1895 1791 1819
f 1857 1791 1895
f 1841 1788 1840
f 1841 1934 1788
f 1840 1992 1841
f 1992 1934 1841
f 849 1073 871
f 871 914 849
f 1073 914 871
f 2240 2454 2404
f 2029 2240 2404
f 2404 2454 2548
f 2404 2433 2029
f 2548 2465 2404
f 2465 2433 2404
f 2238 2258 2301
f 2238 2203 2258
f 2071 1984 1980
f 2176 2139 2071
f 2071 2101 2176
f 1980 1941 2071
f 2071 1941 2055
f 2055 2102 2071
f 2071 2102 2175
f 2175 2101 2071
f 1909 1855 2005
f 2005 1855 2060
f 2091 1909 2005
f 2005 2060 2091
f 1890 1770 1837
f 1679 1886 1837
f 1837 1770 1679
f 3226 3059 3208
f 3383 3226 3208
f 3208 3059 3253
f 2461 2595 2631
f 2561 2595 2461
f 2271 2212 2461
f 2461 2650 2271
f 2631 2650 2461
f 2461 2212 2388
f 2461 2388 2561
f 3712 3679 3509
f 3716 3407 3603
f 3603 3679 3716
f 3603 3551 3679
f 3383 3445 3426
f 3445 3509 3426
f 3426 3603 3407
f 3551 3603 3426
f 3426 3264 3383
f 3407 3264 3426
f 3679 3551 3426
f 3426 3509 3679
f 3898 3818 3678
f 4051 3898 3678
f 3716 3679 3678
f 3678 3818 3716
f 3678 3968 4051
f 3830 3968 3678
f 3738 3830 3678
f 3678 3679 3738
f 3325 3394 3712
f 3253 3394 3325
f 3712 3509 3325
f 3325 3509 3445
f 3325 3445 3383
f 3383 3208 3325
f 3325 3208 3253
f 3315 3394 3253
f 3253 3072 3315
f 3408 3394 3315
f 3315 3072 3361
f 3361 3408 3315
f 2848 2613 2561
f 4281 4088 4507
f 4238 4088 4281
f 4507 4316 4281
f 4281 4316 4238
f 4435 4562 4612
f 4435 4316 4562
f 4612 4611 4435
f 4238 4316 4435
f 4452 4324 4213
f 4324 4036 4213
f 4021 3949 4112
f 3892 3949 4021
f 4112 4146 4021
f 4021 4146 3892
f 3755 3892 3786
f 3786 3669 3755
f 4141 4196 4184
f 4184 3984 4141
f 4084 3984 3945
f 4165 4183 4084
f 4084 3928 4165
f 4084 3945 3928
f 4183 4196 4084
f 4196 4141 4084
f 4136 4057 4427
f 4392 4136 4427
f 4427 4057 4341
f 4427 4341 4555
f 4555 4556 4427
f 4427 4556 4392
f 3359 3451 3508
f 3508 3243 3359
f 3359 3243 3451
f 3580 3243 3508
f 3283 3243 3580
f 3508 3674 3580
f 3580 3674 3637
f 3361 3283 3580
f 3637 3822 3580
f 3580 3822 3639
f 3051 2711 2893
f 3051 2881 2711
f 3314 3451 3217
f 3451 3243 3217
f 3217 3193 3314
f 3689 3674 3668
f 3668 3592 3689
f 3674 3592 3668
f 3639 3822 3713
f 3713 3767 3639
f 3822 3767 3713
f 3549 3583 3408
f 3639 3583 3549
f 3549 3408 3361
f 3361 3580 3549
f 3549 3580 3639
f 5238 4974 5178
f 5178 5191 5238
f 4974 5191 5178
f 4805 4934 5027
f 5027 5163 4805
f 5027 4598 4988
f 5027 4934 4598
f 5244 5163 5233
f 5233 5335 5244
f 5246 5368 5417
f 5417 5335 5246
f 5246 5233 5163
f 5335 5233 5246
f 5317 5368 5246
f 5246 5206 5317
f 6539 6329 6254
f 6442 6329 6539
f 6561 6442 6539
f 4809 4921 4592
f 4809 4917 4921
f 5201 5068 5225
f 5068 5128 5225
f 5225 5242 5201
f 5268 5242 5225
f 5225 5128 5268
f 5127 5224 5268
f 5268 5128 5127
f 5127 5128 4917
f 4862 5224 5127
f 7382 7519 7537
f 7382 7553 7519
f 5593 5716 5558
f 5773 5716 5593
f 5593 5652 5773
f 5558 5483 5593
f 5483 5652 5593
f 5682 5652 5317
f 5317 5370 5682
f 5370 5425 5682
f 6931 6891 6799
f 6799 6929 6931
f 6931 7033 7010
f 7010 6891 6931
f 6132 6085 6288
f 6132 6067 6085
f 5940 6067 6039
f 6039 5791 5940
f 5787 6067 5940
f 5600 5787 5940
f 5940 5791 5600
f 5792 5332 5364
f 5364 5791 5792
f 6985 7092 6984
f 6450 6144 6480
f 6039 6067 6088
f 6088 9532 6039
f 6067 6132 6088
f 6088 6132 6288
f 6288 6494 6315
f 6479 6399 6521
f 6193 6399 6144
f 6521 6399 6369
f 9532 6315 6369
f 6369 6494 6521
f 4345 4226 4350
f 4350 4413 4345
f 4312 4413 4350
f 4079 4312 4350
f 4350 4226 4079
f 4143 4160 4267
f 4195 4143 4267
f 4267 4312 4195
f 4267 4318 4312
f 4160 4318 4267
f 4697 5061 5015
f 5015 4678 4697
f 4912 5061 4697
f 4697 4678 4912
f 4752 4722 4586
f 4586 4678 4752
f 5015 4722 4752
f 4752 4678 5015
f 4681 4643 4624
f 4624 4306 4681
f 4306 4645 4681
f 4660 4643 4681
f 4681 4861 4660
f 4792 4861 4681
f 4681 4645 4792
f 4233 4645 4263
f 4263 4234 4233
f 4233 4234 4645
f 4570 4645 4370
f 4645 4234 4370
f 4370 4237 4570
f 4370 4234 4237
f 3692 3792 3691
f 3691 3552 3692
f 3692 3552 3584
f 4237 3800 3979
f 4145 4237 3979
f 3979 4123 4145
f 3699 3800 3896
f 3699 3584 3569
f 3569 3604 3699
f 4388 4830 4423
f 4830 4801 4423
f 4201 4388 4423
f 4423 4801 4201
f 3623 3701 3700
f 3771 3623 3700
f 3701 3805 3700
f 3700 3805 3771
f 3748 3964 3828
f 3828 4013 3943
f 3828 3964 4013
f 4144 3981 4335
f 4335 4314 4144
f 4561 4577 4672
f 4424 4577 4561
f 4672 4575 4561
f 4561 4575 4424
f 4651 4577 4512
f 4512 4577 4424
f 4670 4535 4593
f 4593 4575 4670
f 4535 4575 4593
f 4424 4575 4320
f 4092 4512 4320
f 4320 4512 4424
f 4320 4575 4163
f 4163 4164 4320
f 4765 4493 4655
f 4765 4748 4651
f 4765 4655 4884
f 4884 4853 4765
f 4853 4748 4765
f 3839 3614 3855
f 2275 2198 1803
f 1803 1815 2275
f 2402 2344 2345
f 2345 2472 2402
f 2402 2472 2344
f 2487 2500 2273
f 2198 2275 2273
f 2273 2275 2487
f 2273 2104 2198
f 2273 2500 2104
f 2725 2673 2674
f 2674 2828 2725
f 2725 2828 2673
f 3494 3165 3392
f 2593 2576 2644
f 2644 2409 2593
f 2593 2409 2576
f 2445 2576 2410
f 2576 2409 2410
f 2410 2355 2445
f 2354 2355 2410
f 2410 2409 2354
f 3007 2828 2829
f 2462 2609 2490
f 2490 2392 2462
f 2609 2392 2490
f 2788 2855 2541
f 2541 2738 2788
f 2736 2738 2541
f 2541 2412 2381
f 2381 2308 2541
f 2308 2542 2541
f 2831 2816 2750
f 2750 2716 2831
f 3155 2786 3113
f 3112 2786 3155
f 3266 3240 3410
f 3112 3240 3266
f 3092 2933 3364
f 2933 3153 3364
f 3357 3275 3364
f 3096 3153 2933
f 2933 2900 3096
f 3112 3266 3096
f 3096 3364 3153
f 2716 2786 2864
f 2831 2716 2864
f 2864 2786 3112
f 2864 2900 2831
f 3112 3096 2864
f 2864 3096 2900
f 2664 2716 2575
f 2664 2786 2716
f 2755 2599 2794
f 2794 2886 2755
f 2413 2500 2630
f 2630 2599 2413
f 2630 2794 2599
f 3272 3113 3057
f 3057 2886 3272
f 3113 2886 3057
f 2885 2786 2755
f 2755 2886 2885
f 3113 2786 2885
f 2885 2886 3113
f 3206 3080 3159
f 3272 2886 3206
f 3201 3318 3240
f 3201 3155 3113
f 3113 3324 3201
f 3324 3318 3201
f 3201 3240 3112
f 3112 3155 3201
f 3061 2788 2839
f 2839 2738 3061
f 2788 2738 2839
f 4209 4191 3838
f 4209 3838 4263
f 4263 4364 4209
f 3762 3763 3812
f 3762 3634 3657
f 3762 3657 3691
f 3691 3763 3762
f 3761 3634 3762
f 3762 3812 3761
f 5266 4949 5081
f 5081 4949 5047
f 5529 5486 5323
f 5323 5081 5047
f 5266 5081 5323
f 5514 5579 6124
f 6124 6136 5514
f 5514 6136 5529
f 7160 7197 7226
f 7160 7006 7197
f 7006 7160 7282
f 7282 7301 7413
f 7226 7301 7282
f 7282 7160 7226
f 6182 6821 6340
f 6340 6821 6514
f 6316 6182 6340
f 6340 6514 6316
f 6624 6810 6856
f 6856 6810 6953
f 6856 6953 6939
f 6856 6846 6624
f 6939 6938 6856
f 6938 6846 6856
f 866 833 1069
f 1069 1087 866
f 1114 1087 1069
f 1311 1114 1069
f 1069 833 1311
f 1882 1885 2104
f 1882 1802 1885
f 1882 1780 1802
f 2104 1964 1882
f 1882 1964 1880
f 1353 1352 1318
f 1318 1294 1353
f 1352 1287 1318
f 1287 1156 1318
f 1156 1294 1318
f 1350 1232 1269
f 1269 1232 1208
f 1269 1208 1287
f 1976 1975 1824
f 1975 1753 1824
f 1824 1661 1730
f 1629 1661 1824
f 1824 1753 1629
f 1730 1997 1824
f 1824 1997 1976
f 2525 2599 2494
f 2494 2446 2525
f 2525 2446 2599
f 2378 2431 2305
f 2305 2353 2378
f 2610 2474 2556
f 2556 2689 2610
f 2936 2783 2556
f 2556 2783 2689
f 2921 2849 2936
f 2936 3002 2921
f 2921 3002 3220
f 3220 2783 2921
f 2921 2783 2849
f 3126 2783 3220
f 2745 2619 3126
f 3220 3167 3126
f 3126 2743 2745
f 3167 2743 3126
f 2610 2783 2589
f 2589 2512 2518
f 2518 2610 2589
f 2221 2081 2128
f 2221 2208 2081
f 2128 2134 2221
f 2134 2431 2221
f 2221 2431 2308
f 2308 2208 2221
f 2125 1833 2126
f 2171 1833 2125
f 2125 2126 2381
f 2381 2171 2125
f 1987 2171 2027
f 1987 1833 2171
f 2027 1883 1987
f 1883 1833 1987
f 1448 1432 1449
f 1449 1432 1516
f 1449 1799 1448
f 1516 1799 1449
f 47 46 25
f 47 49 46
f 39 41 70
f 70 49 39
f 39 47 41
f 49 47 39
f 813 778 865
f 479 471 488
f 488 9542 479
f 564 9542 488
f 488 751 564
f 472 471 466
f 480 502 472
f 502 488 472
f 472 488 471
f 474 480 472
f 472 466 474
f 559 512 525
f 525 605 559
f 559 605 512
f 601 605 695
f 512 605 601
f 1045 994 1031
f 1031 1084 1045
f 1045 909 994
f 1045 913 909
f 1101 967 1045
f 1179 1101 1045
f 1045 1219 1179
f 1239 1291 1304
f 1304 1084 1239
f 1239 1084 1291
f 1492 2019 1641
f 1492 1330 1363
f 2041 2019 1492
f 1999 2041 1492
f 1421 9534 1492
f 1492 1732 1999
f 9534 1732 1492
f 1363 1333 1492
f 1492 1333 1421
f 1996 2086 2058
f 2058 1697 1996
f 1996 1697 2086
f 2058 2374 2256
f 2256 2374 2479
f 2256 2010 2058
f 2479 2010 2256
f 3619 3718 3676
f 3676 3816 3702
f 3802 3877 3717
f 3869 3751 3878
f 3878 4037 3869
f 3751 4037 3878
f 4472 4632 4317
f 4472 4633 4632
f 4089 4181 4012
f 4914 4864 5021
f 5021 4782 4914
f 4914 4782 4864
f 3586 3802 3717
f 2917 3184 2913
f 2913 2832 2917
f 2917 2832 2904
f 3169 3014 2913
f 2913 3184 3169
f 3294 3014 3169
f 3169 3296 3294
f 3169 3184 3296
f 3436 3365 3437
f 3617 3436 3437
f 3717 3617 3437
f 3437 3366 3717
f 5104 5190 5131
f 5131 5025 5104
f 4840 5190 5104
f 5104 5025 4840
f 5281 4784 4994
f 5066 5337 5078
f 5078 5337 5250
f 4844 5066 5078
f 5078 5221 5093
f 5078 5250 5221
f 5078 5093 4806
f 4806 4844 5078
f 2349 2519 2550
f 2550 2475 2349
f 2550 2519 2844
f 2844 2843 2550
f 2550 2843 2684
f 2550 2684 2723
f 2489 2475 2550
f 2723 2489 2550
f 2217 2475 2236
f 2236 2475 2280
f 2280 2183 2236
f 1261 1221 1222
f 1513 1435 1261
f 1222 1281 1261
f 1261 1281 1513
f 1435 1469 1240
f 948 1036 1240
f 1036 1221 1240
f 2120 2254 2158
f 2158 2106 2120
f 2106 1862 2120
f 1749 2064 1529
f 1151 1072 948
f 2217 1856 1894
f 1856 1696 1894
f 1696 1817 1894
f 2148 2321 2217
f 2217 1894 2148
f 2148 1894 1817
f 2206 2130 2207
f 2206 2242 2349
f 2207 2242 2206
f 2207 2130 2151
f 2151 2174 2207
f 2131 2148 1817
f 2130 2148 2131
f 2131 2151 2130
f 2758 2822 2757
f 2757 2669 2758
f 2526 2669 2527
f 2527 2387 2526
f 2387 2482 2526
f 2482 2497 2526
f 2526 2497 2669
f 2721 2670 2545
f 2721 2698 2741
f 2545 2698 2721
f 2741 2942 2721
f 3225 3115 3038
f 3225 3515 3498
f 3321 3555 3422
f 3025 3141 3139
f 3139 2942 3025
f 3103 2942 3139
f 3127 3106 3065
f 2968 3106 3029
f 2968 3065 3106
f 3127 3065 2968
f 2968 2844 3127
f 2968 2843 2844
f 3127 3311 3147
f 3147 3106 3127
f 3311 3106 3147
f 3122 3106 3353
f 2963 3103 2871
f 2871 2942 2963
f 2963 2942 3103
f 3005 2942 2986
f 3025 2942 3005
f 3005 3141 3025
f 1981 1666 1668
f 1668 1923 1981
f 2157 2088 2158
f 2158 2365 2157
f 2545 2670 2449
f 2449 2365 2545
f 2449 2670 2447
f 2447 2365 2449
f 1144 923 1057
f 1057 923 1100
f 957 923 1144
f 1144 1142 957
f 922 923 957
f 957 1142 922
f 1773 1997 1730
f 1730 1664 1773
f 1773 1666 1981
f 1773 1664 1666
f 1651 1664 1661
f 1329 1224 1299
f 992 1072 990
f 990 961 992
f 992 961 1072
f 3235 3145 3046
f 3046 3095 3235
f 3095 3199 3235
f 3145 3276 3259
f 3030 3145 3259
f 3308 3429 3258
f 3258 3162 3308
f 3162 3244 3308
f 4428 4564 4206
f 4464 4171 4206
f 4206 4580 4464
f 4564 4580 4206
f 4175 4193 4428
f 4428 4206 4175
f 4030 3853 3937
f 4030 3950 3853
f 3937 4193 4030
f 4193 4175 4030
f 3820 3950 3884
f 3085 3119 3232
f 3947 3751 3776
f 3776 3846 3947
f 4579 4636 4513
f 4171 4491 4513
f 4513 4580 4579
f 4513 4491 4580
f 4913 4820 4827
f 4827 4980 4913
f 4913 4980 4820
f 5065 5036 5037
f 5065 5135 5031
f 5031 5036 5065
f 5527 5236 5636
f 5667 5135 5186
f 5763 5904 5784
f 5858 5763 5784
f 5784 5904 6234
f 5784 6172 5858
f 6234 5904 6147
f 6147 6086 6234
f 5789 6086 5849
f 5763 5789 5849
f 5849 5904 5763
f 5849 6147 5904
f 6086 6147 5849
f 5536 5789 5694
f 5694 5565 5536
f 5789 5565 5694
f 5908 5772 5946
f 6014 5908 5946
f 5946 5912 6014
f 5669 5702 5636
f 5669 5772 5702
f 3926 3803 3889
f 3648 3803 3926
f 4335 3981 3926
f 4420 4314 4335
f 4335 4503 4420
f 4382 4314 4420
f 4420 4503 4382
f 4705 4335 4613
f 4242 3926 4015
f 4335 3926 4242
f 4667 4615 4812
f 4403 4438 4671
f 4671 4615 4403
f 4439 4438 4403
f 4928 4982 4900
f 5047 4949 4900
f 4900 4949 4850
f 4900 5112 5047
f 4982 5112 4900
f 4758 4900 4850
f 3403 3515 3225
f 3225 3103 3403
f 4946 5150 5164
f 4946 4908 5150
f 5164 5072 4946
f 4924 4908 4946
f 4946 5181 4924
f 5072 5181 4946
f 4311 4177 4310
f 4177 4295 4310
f 4310 4411 4311
f 4310 4295 4411
f 4230 4393 4375
f 4375 4232 4230
f 4375 4332 4232
f 4265 3977 4360
f 4360 4393 4265
f 4360 3977 4290
f 4290 4129 4360
f 4360 4129 4327
f 4327 4441 4360
f 4494 4393 4480
f 4393 4360 4480
f 4480 4441 4527
f 4480 4360 4441
f 5228 5330 5312
f 5312 5330 5410
f 5312 5410 5476
f 5476 5477 5312
f 5629 5477 5476
f 5476 5457 5629
f 5783 5731 5629
f 5629 5782 5783
f 5629 5457 5782
f 5731 5612 5629
f 5612 5477 5629
f 5567 5363 5477
f 5567 5315 5363
f 5601 5315 5567
f 5692 5601 5567
f 5567 5644 5692
f 5567 5477 5612
f 5612 5644 5567
f 5477 5363 5384
f 5228 5312 5384
f 5384 5312 5477
f 5601 5403 5413
f 5413 5315 5601
f 5316 5315 5413
f 5271 5316 5413
f 5413 5403 5271
f 1120 1242 1019
f 1225 1242 1120
f 1120 1019 1106
f 1106 1201 1120
f 1120 1370 1225
f 1201 1370 1120
f 2073 2255 1968
f 2073 2436 2255
f 2435 2436 2073
f 2073 2023 2435
f 1968 2023 2073
f 2075 2074 2279
f 1968 2074 2075
f 2551 2473 2471
f 2573 2473 2551
f 2551 2471 2571
f 2262 2129 2218
f 2458 2324 2262
f 2262 2218 2458
f 2324 2172 2262
f 2172 2129 2262
f 2013 1951 2032
f 2032 2129 2013
f 2013 2129 1951
f 2332 2362 2160
f 2160 2362 2451
f 2451 2297 2160
f 2160 2297 2546
f 2028 2004 2160
f 2160 2604 2028
f 2546 2603 2160
f 2603 2581 2160
f 2160 2581 2604
f 2069 2244 2326
f 2326 2136 2069
f 2069 2136 2017
f 2017 2015 2069
f 2069 2014 2244
f 2015 2014 2069
f 2407 2393 2590
f 2590 2663 2678
f 2678 2407 2590
f 2661 2663 2590
f 2590 2377 2661
f 2590 2393 2377
f 2311 2360 2233
f 2233 2360 2155
f 2233 2117 2311
f 2233 2155 2117
f 1495 1740 1542
f 1542 1457 1495
f 1740 1457 1542
f 1195 1443 1501
f 1528 1443 1422
f 2622 2708 2658
f 2028 2604 2622
f 2622 2049 2028
f 2405 2049 2622
f 2622 2658 2405
f 2634 2622 2604
f 2708 2622 2634
f 2634 2581 2671
f 2604 2581 2634
f 5654 5740 5726
f 5726 5500 5654
f 5654 5500 5740
f 4509 4457 4553
f 4457 4436 4553
f 4553 5124 4509
f 4187 4129 4290
f 3977 3985 4130
f 3985 4129 4130
f 4129 4187 4130
f 4290 3977 4130
f 4130 4187 4290
f 4243 4129 4259
f 4327 4129 4243
f 4259 4389 4243
f 4243 4389 4327
f 4259 4129 4168
f 4109 4218 4168
f 4168 4218 4259
f 4020 4129 3985
f 3722 3774 3143
f 3722 3143 3349
f 2718 2868 2773
f 2718 2773 2647
f 2718 2646 2731
f 3024 3157 3116
f 4396 4280 4381
f 3387 3356 3197
f 3522 3356 3387
f 3475 3356 3522
f 3522 3727 3475
f 3475 3727 3690
f 3197 3356 3475
f 3261 3236 3406
f 3406 3236 3461
f 3073 3015 3093
f 2979 3015 3073
f 3572 3322 3345
f 4108 4218 4109
f 1402 1416 1347
f 1347 1456 1402
f 1402 1456 1416
f 1477 1558 1559
f 1559 1562 1477
f 1477 1562 1416
f 1921 1699 1953
f 1953 2015 1921
f 1953 1659 1993
f 1606 1659 1953
f 1953 2014 2015
f 1953 1993 2035
f 2035 2014 1953
f 1686 1514 1606
f 1606 1699 1686
f 1686 1699 1514
f 2138 1877 2056
f 2056 2115 2138
f 2150 2136 2292
f 2292 2115 2150
f 2017 2136 2150
f 1778 1850 1721
f 1622 1691 1778
f 1778 1721 1622
f 3292 3377 3144
f 3292 3291 3377
f 2269 2268 2357
f 2357 2463 2269
f 2268 2463 2357
f 1879 2230 1850
f 2138 2230 1879
f 1879 1877 2138
f 1879 1850 1828
f 1828 1877 1879
f 929 973 1135
f 1135 891 929
f 929 891 973
f 1135 1181 1059
f 1059 891 1135
f 1128 891 1059
f 1494 1563 1178
f 1563 1234 1178
f 1178 1160 1494
f 1135 1160 1178
f 1178 1181 1135
f 1178 1234 1181
f 1181 1234 1366
f 1366 1426 1181
f 1459 1426 1366
f 1500 1459 1366
f 1563 1500 1366
f 1366 1234 1563
f 1466 1340 1412
f 1412 1340 1339
f 1412 1410 1466
f 1339 1410 1412
f 1182 1073 1128
f 1182 1197 1073
f 1128 1181 1182
f 1339 1197 1182
f 1407 1427 1466
f 1466 1410 1407
f 1407 1410 1427
f 839 894 801
f 894 658 801
f 801 675 839
f 801 658 675
f 969 940 927
f 969 998 940
f 927 908 969
f 908 1055 969
f 1055 998 969
f 417 429 328
f 101 105 103
f 104 111 101
f 101 90 104
f 103 85 101
f 85 90 101
f 329 462 497
f 105 101 329
f 329 461 462
f 510 461 329
f 329 328 429
f 447 510 329
f 329 429 447
f 442 373 337
f 373 300 337
f 400 442 337
f 337 300 400
f 288 373 287
f 288 300 373
f 261 300 288
f 696 739 729
f 739 847 729
f 688 696 729
f 729 847 688
f 1624 1271 1527
f 1527 1564 1624
f 1271 1564 1527
f 1522 1564 1271
f 1522 1271 1290
f 1522 1496 1521
f 1522 1290 1250
f 1250 1496 1522
f 1522 1521 1810
f 1810 1777 1522
f 1777 1564 1522
f 2279 2122 2186
f 2186 2122 2047
f 2186 2075 2279
f 2047 2075 2186
f 1681 2047 1748
f 2047 2080 1748
f 1747 1681 1748
f 1748 2080 1747
f 950 788 919
f 738 737 919
f 919 788 738
f 737 749 919
f 919 736 917
f 919 749 736
f 917 949 919
f 1019 950 919
f 919 949 1019
f 2618 2261 2265
f 2265 2383 2618
f 2261 2165 2265
f 2309 2383 2265
f 2265 2165 2202
f 2202 2089 2265
f 2265 2089 2309
f 2190 2165 2261
f 2190 2261 2467
f 2514 2144 2190
f 2190 2467 2514
f 1000 966 1096
f 1096 1003 1083
f 1096 966 1003
f 1000 1096 1127
f 2309 2089 2142
f 2142 2369 2309
f 2577 2369 2142
f 3131 3181 3083
f 3083 2993 3131
f 3847 3666 3590
f 3590 3534 3252
f 4186 4202 4071
f 4071 4202 3983
f 4203 4246 4096
f 4203 4202 4246
f 3946 3983 3847
f 3946 4071 3983
f 3936 3987 3788
f 3987 3910 3788
f 3741 3936 3788
f 3910 3808 3788
f 3788 3331 3741
f 4173 4138 4044
f 4044 3910 4173
f 4138 3910 4044
f 3070 2937 2834
f 3170 2937 3070
f 3070 2834 2782
f 2782 3009 3070
f 3009 3094 3070
f 3252 3170 3154
f 3154 3094 3252
f 3170 3070 3154
f 3154 3070 3094
f 1897 1584 1751
f 1141 1173 1440
f 1066 1153 1137
f 1137 1108 1066
f 1137 1170 1108
f 1170 1137 1185
f 1185 1137 1153
f 1066 1017 1013
f 1013 884 1066
f 1017 884 1013
f 903 884 1017
f 1017 965 903
f 903 965 825
f 819 783 820
f 820 783 747
f 820 1153 819
f 653 747 693
f 747 783 693
f 643 653 693
f 802 967 745
f 745 759 802
f 1931 2097 1708
f 1931 1924 1967
f 1708 1703 1382
f 1382 1185 1153
f 1382 1141 1440
f 2334 2296 2643
f 2334 2450 2296
f 4526 4652 4691
f 3666 3983 3749
f 3983 3989 3749
f 1678 1743 1716
f 1716 1919 1821
f 1716 1743 1919
f 1821 1480 1716
f 1480 1470 1716
f 1716 1550 1678
f 1716 1470 1550
f 1505 1550 1445
f 1550 1470 1445
f 1445 1470 1143
f 1570 1479 1418
f 1570 1418 1724
f 1546 1479 1570
f 1570 9536 9539
f 9539 1546 1570
f 5595 5157 5485
f 5485 5155 5392
f 5157 5155 5485
f 5302 5500 5237
f 5237 5157 5302
f 5408 5211 5237
f 5237 5500 5408
f 5211 5124 5237
f 5237 5124 5157
f 5079 5064 5094
f 5762 5713 5730
f 5730 5599 5762
f 5730 5534 5599
f 5442 5534 5365
f 5599 5534 5442
f 5442 5365 5456
f 5456 5599 5442
f 5365 5534 5431
f 5494 5462 5431
f 5149 5365 5431
f 5595 5555 5557
f 5633 5555 5603
f 5633 5557 5555
f 5391 5555 5392
f 3867 4107 4003
f 3867 4003 3607
f 3737 4107 3867
f 3867 3607 3589
f 3589 3737 3867
f 4005 3935 3790
f 3790 3935 3739
f 3790 3561 3789
f 3739 3593 3790
f 3593 3561 3790
f 4353 4354 4198
f 4504 4354 4353
f 4198 4383 4353
f 4383 4504 4353
f 5469 5526 5437
f 5437 5340 5469
f 5673 5340 5437
f 5253 5469 5393
f 5469 5340 5393
f 4076 4045 3690
f 3690 3727 4076
f 4005 3790 4093
f 4093 3789 3986
f 4093 3790 3789
f 5149 4858 4698
f 4858 4779 4698
f 5306 5222 5240
f 5240 5126 5306
f 5222 5126 5240
f 5102 4961 5101
f 5101 5160 5102
f 4760 4961 4951
f 4951 5010 4760
f 5581 5504 5441
f 5504 5397 5441
f 3557 3510 4048
f 3860 3919 4048
f 4048 3510 3860
f 4048 3993 4100
f 3919 3993 4048
f 4100 4417 4048
f 4048 4417 4198
f 3956 4033 3993
f 3992 4033 3956
f 3230 3288 3142
f 3142 2856 3230
f 3469 3561 3593
f 3469 3593 3563
f 3563 3288 3469
f 3490 3517 3607
f 3607 3561 3490
f 3561 3469 3490
f 3209 3255 3254
f 3117 3102 3209
f 3335 3255 3270
f 2960 3099 3270
f 3270 3099 3335
f 3860 3510 3731
f 3335 3363 3420
f 3420 3510 3335
f 3420 3731 3510
f 3860 3731 3420
f 3420 3344 3860
f 3420 3363 3344
f 3664 4086 3784
f 3557 4086 3664
f 3664 3784 3737
f 3664 3737 3589
f 3589 3557 3664
f 4240 4354 4107
f 4107 4086 4240
f 4198 4354 4240
f 4240 4086 4198
f 2598 2932 2693
f 2693 2869 2598
f 2932 2869 2693
f 3168 3335 3134
f 3134 3099 3168
f 3335 3099 3134
f 1825 1725 1871
f 1871 1950 1825
f 1725 1869 1871
f 1871 1869 1949
f 1949 2067 1871
f 2011 1950 1871
f 1871 2067 2011
f 2418 2011 2226
f 2011 2067 2226
f 1952 1876 1954
f 1876 1756 1954
f 1954 1756 1700
f 1700 1844 1954
f 1954 1844 1952
f 1858 1876 1957
f 1858 1756 1876
f 1700 1756 1858
f 1957 1937 1858
f 1858 1758 1700
f 1858 1937 1758
f 860 956 1024
f 1024 941 860
f 1024 956 1067
f 1067 1054 1024
f 1211 971 1024
f 1024 971 941
f 1024 1190 1211
f 1024 1054 1190
f 538 389 387
f 387 421 538
f 387 389 383
f 403 386 654
f 403 387 386
f 421 387 403
f 752 621 610
f 621 421 610
f 654 750 610
f 610 750 752
f 610 403 654
f 421 403 610
f 614 600 454
f 614 454 682
f 614 831 625
f 614 682 831
f 765 600 614
f 625 1038 614
f 1038 765 614
f 362 418 375
f 375 418 432
f 375 432 411
f 411 324 375
f 375 324 362
f 411 432 448
f 448 516 411
f 432 516 448
f 1902 1485 1826
f 1902 1848 1485
f 1826 2063 1902
f 1869 1848 1902
f 2063 1963 1902
f 1902 2067 1869
f 234 235 224
f 224 236 234
f 201 236 224
f 224 204 171
f 235 204 224
f 264 324 318
f 264 263 324
f 234 236 243
f 318 235 243
f 243 235 234
f 156 124 154
f 156 152 124
f 156 165 166
f 154 164 156
f 164 165 156
f 166 190 156
f 183 189 209
f 183 209 208
f 208 180 183
f 183 156 190
f 183 180 153
f 152 156 183
f 153 159 183
f 159 129 183
f 124 152 183
f 183 129 124
f 238 245 263
f 223 245 227
f 245 219 227
f 227 219 217
f 209 219 231
f 231 241 209
f 231 219 245
f 245 238 231
f 263 241 231
f 231 238 263
f 215 165 223
f 215 227 217
f 223 227 215
f 217 190 215
f 190 165 215
f 149 142 148
f 148 193 174
f 174 149 148
f 149 134 137
f 137 142 149
f 134 142 137
f 143 157 140
f 144 143 140
f 140 133 144
f 140 142 133
f 21 42 29
f 12 98 15
f 12 15 17
f 12 29 42
f 17 21 12
f 21 29 12
f 130 149 124
f 124 126 130
f 130 134 149
f 131 134 130
f 130 126 131
f 669 547 643
f 669 687 547
f 643 693 669
f 669 693 783
f 826 783 884
f 582 597 643
f 582 546 597
f 643 547 582
f 547 546 582
f 547 687 518
f 687 585 518
f 424 423 518
f 518 423 547
f 406 397 424
f 572 416 406
f 424 602 406
f 406 602 603
f 603 572 406
f 416 409 390
f 390 406 416
f 397 406 390
f 390 409 371
f 371 347 390
f 390 347 307
f 333 397 321
f 397 390 321
f 306 270 321
f 270 333 321
f 307 306 321
f 321 390 307
f 943 790 887
f 985 1051 887
f 1051 943 887
f 887 841 985
f 887 790 841
f 370 368 340
f 340 379 370
f 385 378 370
f 378 368 370
f 370 415 385
f 370 379 415
f 55 45 51
f 51 50 55
f 56 57 37
f 37 52 56
f 37 48 33
f 37 57 48
f 33 18 37
f 8 58 9
f 9 18 8
f 32 58 72
f 32 9 58
f 18 9 32
f 36 13 33
f 36 24 13
f 44 24 36
f 36 45 44
f 33 48 36
f 36 51 45
f 36 48 50
f 50 51 36
f 366 392 355
f 366 376 392
f 356 376 366
f 366 355 291
f 291 356 366
f 695 656 511
f 511 601 695
f 522 467 511
f 511 656 522
f 511 467 512
f 512 601 511
f 695 780 728
f 728 780 817
f 728 656 695
f 586 656 728
f 728 726 586
f 817 816 814
f 814 728 817
f 726 728 814
f 724 726 814
f 814 781 724
f 909 781 814
f 930 909 814
f 814 1032 930
f 814 816 1032
f 7659 7611 7548
f 7548 7633 7659
f 7071 7170 7363
f 7847 7849 7946
f 5577 5434 5495
f 5434 5371 5495
f 5495 5371 5289
f 5196 5289 5075
f 5289 5032 5075
f 5075 5120 5196
f 4909 5120 5075
f 5075 5032 4909
f 5301 5171 5266
f 5266 5336 5301
f 3913 4060 3855
f 3913 4155 4060
f 4155 3913 3581
f 4060 4155 4115
f 4115 4155 4291
f 3855 4060 4115
f 4115 3955 3855
f 4115 4229 3955
f 4291 4155 4308
f 4172 4229 4228
f 4248 4115 4291
f 4229 4115 4248
f 4887 4958 5171
f 5734 5989 5794
f 5681 5734 5794
f 5752 5648 5794
f 5648 5681 5794
f 6194 6233 6285
f 6194 6031 6098
f 6098 6233 6194
f 5856 5989 5734
f 6031 6194 5856
f 5856 5897 6098
f 6098 6031 5856
f 5829 5897 5856
f 5856 5734 5829
f 8925 8996 9072
f 8925 9072 9066
f 8925 8895 8764
f 8764 8848 8925
f 9066 8895 8925
f 8611 8847 8803
f 8847 8848 8803
f 8803 8751 8611
f 8803 8848 8751
f 8944 8848 8935
f 8944 9012 9013
f 8965 8988 8987
f 8987 9014 8965
f 8988 9014 8987
f 9012 9014 9050
f 8854 8806 8841
f 8854 8852 8806
f 8965 8935 8947
f 8935 8852 8947
f 8852 8854 8947
f 8947 8854 8841
f 8841 8964 8947
f 8947 8964 8965
f 6875 7015 6915
f 6875 6915 7088
f 6996 6864 6934
f 6996 7013 7065
f 6996 6934 7013
f 6996 6875 6864
f 7065 7015 6996
f 7015 6875 6996
f 7442 7362 7494
f 7362 7496 7494
f 7494 7496 7944
f 7494 7944 8503
f 8503 7424 7494
f 7424 7442 7494
f 7365 7496 7410
f 7410 7496 7362
f 8767 8823 8793
f 8793 8823 8855
f 8841 8767 8793
f 8793 8855 8841
f 8938 8855 8893
f 8988 8964 8938
f 8841 8855 8938
f 8938 8964 8841
f 8938 9000 8988
f 8893 8945 8938
f 8938 8945 9049
f 9049 9000 8938
f 8023 8025 8200
f 8250 8294 8200
f 8200 8025 8250
f 8200 8294 8773
f 8773 8738 8200
f 8200 8220 8221
f 8127 8047 8250
f 8250 8025 8127
f 8127 8025 8047
f 5499 5656 5621
f 5621 5804 5685
f 5685 5499 5621
f 8261 8194 8176
f 8176 7873 8261
f 8194 7873 8176
f 7824 7908 7830
f 7830 7762 7824
f 7735 7762 7830
f 7830 7804 7735
f 7830 7873 7804
f 7869 7873 7830
f 7940 8194 7909
f 7909 7873 7940
f 7940 7873 8194
f 8367 8424 8366
f 8367 8320 8424
f 8292 8320 8367
f 8366 8318 8367
f 8367 8318 8292
f 8270 8319 8136
f 8270 8318 8319
f 8136 8245 8270
f 8245 8318 8270
f 7753 7792 7731
f 7731 7722 7753
f 7753 7781 7792
f 7753 7742 7781
f 7709 7742 7753
f 7753 7722 7709
f 7742 7639 7743
f 7781 7742 7743
f 7735 7774 7743
f 7743 7639 7735
f 7743 7873 7781
f 7774 7804 7743
f 7804 7873 7743
f 6234 6284 6231
f 6284 6172 6231
f 6231 5784 6234
f 6172 5784 6231
f 6673 6813 6782
f 6782 6629 6673
f 6782 6813 6849
f 6849 6777 6782
f 6777 6629 6782
f 6623 6621 6622
f 6621 6582 6622
f 6622 6582 6533
f 6622 6145 6504
f 6622 6533 6145
f 6504 6560 6622
f 6622 6560 6623
f 8715 8567 8439
f 8715 8587 8576
f 8439 8200 8715
f 8715 8200 8738
f 8715 8738 8772
f 8772 8822 8715
f 9164 9113 8943
f 9113 9102 8943
f 8943 9102 8675
f 8675 8827 8943
f 8827 8830 8874
f 8830 8931 8874
f 8874 8943 8827
f 8931 8943 8874
f 7713 7777 7672
f 7777 7631 7672
f 7582 7713 7672
f 7672 7631 7582
f 8790 8745 8870
f 8587 8745 8790
f 8870 8830 8790
f 8790 8830 8595
f 8595 8587 8790
f 8193 8220 8329
f 8329 8559 8193
f 8193 8559 8371
f 8193 8371 8326
f 8326 8184 8193
f 8184 8104 8193
f 8056 8023 8149
f 8221 8220 8166
f 8023 8200 8166
f 8166 8200 8221
f 8166 8149 8023
f 4116 4151 4043
f 4043 3914 4116
f 4152 4368 4304
f 4139 4378 4152
f 4152 4378 4368
f 3695 4139 3978
f 3978 3673 3695
f 3978 3976 3600
f 3600 3673 3978
f 4139 4146 4169
f 4169 4146 4185
f 4169 4176 4139
f 4386 4176 4169
f 4169 4275 4386
f 4185 4275 4169
f 5491 5352 5074
f 5074 5352 5109
f 5074 5003 5491
f 5074 5109 5016
f 5016 5003 5074
f 3577 3630 3447
f 3447 3428 3577
f 8011 7998 8034
f 8112 8132 8034
f 8034 7984 8112
f 8034 7998 7984
f 8108 8211 8219
f 8219 8211 8251
f 8108 8219 8332
f 8332 8219 8251
f 8332 8388 8407
f 8332 8251 8388
f 8733 8761 8807
f 8863 8836 8807
f 8807 9529 8863
f 8807 8761 9529
f 8800 8768 8807
f 8807 8836 8800
f 8499 8761 8733
f 8500 8761 8499
f 8733 8807 8499
f 8499 8493 8478
f 8499 8807 8768
f 8499 8768 8747
f 8747 8493 8499
f 7729 7844 7833
f 7833 7844 7854
f 7854 7806 7833
f 7833 7539 7729
f 7559 7539 7833
f 7833 7806 7559
f 9006 9119 9142
f 9119 9102 9142
f 9142 9102 9113
f 9142 9113 9164
f 9164 9198 9142
f 9341 9405 9260
f 9341 9377 9405
f 9260 9154 9341
f 9351 9394 9393
f 9393 9348 9351
f 9393 9341 9348
f 9377 9341 9393
f 9366 9394 9351
f 8870 8833 8904
f 8904 9211 8870
f 8891 9211 8904
f 8904 8822 8891
f 8904 8833 8822
f 9269 9225 9351
f 9269 9223 9225
f 9164 9225 9208
f 9225 9223 9208
f 9208 9269 9164
f 9223 9269 9208
f 7169 7324 7192
f 7324 7158 7192
f 6830 6889 6911
f 6831 6830 6911
f 6911 6912 6831
f 6911 6889 7100
f 7100 7029 6911
f 7336 7313 6904
f 7336 6904 6825
f 6825 7310 7336
f 7310 7461 7336
f 5731 5786 5745
f 5786 5810 5745
f 5745 5612 5731
f 5745 5810 5612
f 6163 5810 5920
f 5920 6118 6163
f 5920 5881 6118
f 5786 5881 5920
f 5920 5810 5786
f 6244 6257 6326
f 6244 6476 6163
f 6326 6476 6244
f 6163 6102 6244
f 6102 6257 6244
f 5955 5840 6079
f 5955 5842 5726
f 5955 6079 5842
f 5653 5721 5740
f 5595 5557 5653
f 5653 5545 5595
f 5740 5545 5653
f 7690 7687 7921
f 7921 7741 7690
f 7679 7632 7690
f 7721 7679 7690
f 7690 7741 7721
f 7690 7632 7610
f 7610 7687 7690
f 6470 6405 6536
f 6470 6237 6405
f 6536 6569 6470
f 6470 6569 6360
f 6184 5802 5890
f 6237 6470 5890
f 5890 6404 6405
f 6405 6237 5890
f 6305 6404 5890
f 6595 6403 6577
f 6577 6678 6595
f 6615 6493 6283
f 6615 6674 6783
f 6283 6262 6615
f 6615 6262 6674
f 6592 6678 6403
f 6403 6546 6592
f 6592 6546 6678
f 7181 7237 7167
f 7167 6834 7181
f 7167 7237 7251
f 6785 6834 7167
f 7251 6785 7167
f 8597 8577 8596
f 8596 8628 8597
f 8267 8577 8597
f 8597 8586 8267
f 8597 8628 8620
f 8620 8586 8597
f 8723 8691 8743
f 9186 9221 9136
f 9221 9204 9116
f 9116 9136 9221
f 9040 9020 9057
f 9020 9099 9057
f 9229 9074 9117
f 9117 9099 9229
f 9117 9057 9099
f 9117 9074 9040
f 9040 9057 9117
f 9126 9204 9229
f 9229 9099 9126
f 9056 9099 9020
f 8949 8967 8849
f 8849 8905 8949
f 8949 8905 8967
f 8991 8905 8723
f 8991 8743 9020
f 8723 8743 8991
f 8991 9020 8967
f 8967 8905 8991
f 8588 8618 8608
f 8608 8633 8588
f 8659 8618 8749
f 8659 8608 8618
f 8633 8608 8659
f 9364 9420 9406
f 8528 8562 8683
f 8683 8523 8528
f 8543 8562 8528
f 8528 8523 8543
f 8673 8509 8494
f 8494 8523 8673
f 8483 8523 8494
f 8494 8509 8505
f 8505 8394 8494
f 8394 8483 8494
f 8911 8941 8948
f 8948 8969 8976
f 8962 8969 8948
f 8948 8941 8962
f 8948 8960 8911
f 8976 8960 8948
f 8118 8182 8179
f 8118 8103 8182
f 8121 8013 8218
f 8218 8103 8121
f 8121 8103 8013
f 8170 8178 8237
f 8237 8068 8170
f 8170 8068 8178
f 7775 7794 7872
f 7823 7775 7872
f 7872 7957 7823
f 7697 7755 7795
f 7795 7794 7697
f 7795 7755 7796
f 7933 7794 7795
f 7796 7979 7795
f 7795 7979 7933
f 8345 8417 8356
f 8356 8333 8345
f 8345 8333 8417
f 8244 8246 8213
f 8213 8124 8244
f 8246 8124 8213
f 8128 8007 8198
f 8246 8236 8198
f 8274 8275 8198
f 8198 8236 8274
f 8026 8006 8048
f 8088 8026 8048
f 8048 8098 8088
f 8024 7997 8007
f 8007 8046 8024
f 8024 8046 7997
f 8130 8046 8128
f 8130 8158 8098
f 8442 8323 8336
f 8207 8214 8268
f 8160 8214 8207
f 8268 8254 8207
f 8188 8160 8207
f 8207 8254 8188
f 8444 8433 8478
f 8478 8420 8444
f 8444 8420 8433
f 8379 8420 8399
f 8360 8338 8399
f 8399 8338 8379
f 8467 8372 8399
f 8372 8360 8399
f 8399 8420 8478
f 8399 8472 8467
f 8399 8478 8472
f 8727 8761 8518
f 8477 8490 8518
f 8518 8490 8727
f 8817 9529 8796
f 9529 8761 8796
f 8796 8727 8817
f 8796 8761 8727
f 9240 9257 9280
f 9280 9283 9240
f 9289 9219 9240
f 9110 9168 9240
f 9133 9257 9240
f 9240 9168 9133
f 9240 9206 9169
f 9240 9219 9188
f 9188 9206 9240
f 9169 9110 9240
f 9340 9337 9359
f 9318 9337 9340
f 9359 9320 9340
f 9340 9320 9318
f 9302 9320 9289
f 9283 9320 9302
f 9289 9240 9302
f 9302 9240 9283
f 8846 8811 8739
f 8739 8668 8846
f 8694 8668 8739
f 8706 8694 8739
f 8739 8748 8706
f 8739 8811 8748
f 9024 9076 9039
f 8909 9024 9039
f 9039 8912 8909
f 9101 9114 9138
f 9281 9103 9138
f 9138 9103 9101
f 8900 9114 9101
f 9101 9103 8900
f 9209 9173 9220
f 9209 9243 9244
f 9220 9243 9209
f 9112 9156 9209
f 9209 9156 9173
f 8695 8804 8455
f 9087 9076 9024
f 9024 9156 9087
f 9112 9076 9087
f 9087 9156 9112
f 9444 9470 9458
f 9458 9470 9485
f 9485 9486 9484
f 9484 9469 9452
f 9484 9458 9485
f 9167 9181 9095
f 9301 9372 9356
f 9328 9381 9290
f 9290 9268 9328
f 9362 9381 9328
f 9328 9268 9362
f 9149 9301 9178
f 9205 9268 9108
f 9205 9153 9149
f 9149 9178 9205
f 9205 9178 9301
f 9290 9381 9311
f 9381 9392 9311
f 9404 9381 9362
f 9362 9416 9404
f 9418 9372 9385
f 9418 9416 9362
f 9418 9460 9416
f 9416 9460 9471
f 9471 9470 9444
f 9471 9460 9475
f 8637 8665 8656
f 8536 8665 8637
f 8656 8634 8637
f 8634 8536 8637
f 9504 9505 9487
f 9505 9500 9487
f 9487 9500 9464
f 9464 9480 9487
f 9424 9395 9409
f 9394 9366 9424
f 9424 9366 9395
f 9467 9480 9464
f 9452 9469 9456
f 9456 9417 9452
f 8969 9327 9410
f 8977 8995 9306
f 9306 9327 8977
f 8995 9058 9306
f 9075 9092 9237
f 9251 9075 9237
f 9237 9092 9091
f 9237 9417 9251
f 6587 6543 9531
f 6612 6543 6587
f 6587 6611 6612
f 6858 6957 7021
f 7021 6957 7091
f 7021 6741 6858
f 7091 7246 7021
f 6778 6741 7021
f 7021 7246 6778
f 7056 7227 7091
f 7091 6957 7056
f 7004 7019 7056
f 7019 7074 7056
f 7056 6870 7004
f 6957 6870 7056
f 6759 6462 6778
f 6778 7246 6759
f 6547 6462 6759
f 6759 7246 6547
f 5969 5957 5862
f 5862 5713 5762
f 5762 5969 5862
f 5507 5957 5905
f 5494 5713 5507
f 5507 5462 5494
f 5603 5462 5507
f 5820 5603 5507
f 5507 5905 5820
f 6131 6036 6053
f 6036 5957 6053
f 6025 5957 5969
f 6025 5985 6082
f 5969 5985 6025
f 6082 6205 6025
f 6025 6053 5957
f 6397 6385 6809
f 6809 6870 6397
f 6397 6587 9531
f 6309 6385 6397
f 6997 6875 7088
f 7088 7070 6997
f 6997 7070 7016
f 6839 6997 7016
f 6875 6997 6839
f 6667 6683 6839
f 6936 7019 7004
f 7004 6870 6936
f 6936 6870 6809
f 6809 6866 6936
f 7090 7016 7035
f 7035 7070 7090
f 7016 7070 7035
f 7401 7070 7185
f 7185 7183 7399
f 7088 7183 7185
f 7185 7070 7088
f 7327 7230 7285
f 7285 7416 7327
f 7327 7416 7230
f 7889 7819 7807
f 7807 7819 7285
f 7807 7351 7889
f 7285 7351 7807
f 7752 7819 7829
f 7416 7819 7752
f 7732 7416 7752
f 7752 7829 7878
f 7878 7732 7752
f 7834 7819 7889
f 7889 7891 7834
f 7834 7891 7819
f 7843 7786 7820
f 7843 7845 7786
f 8603 8571 8549
f 8549 8578 8603
f 8603 8578 8622
f 8592 8571 8603
f 8622 8618 8603
f 8603 8618 8592
f 7763 7802 7810
f 7802 7880 7810
f 7859 7763 7810
f 7810 7880 7859
f 6396 6028 6295
f 6295 6406 6396
f 6028 6406 6295
f 6355 6406 6028
f 5896 6028 5999
f 5896 5999 5918
f 5674 5916 5896
f 5896 5659 5674
f 5896 5918 5659
f 5915 5916 5673
f 7622 7499 7272
f 6378 6418 6422
f 6418 6465 6422
f 6422 6355 6378
f 6406 6355 6422
f 6467 6406 6422
f 6422 6465 6467
f 6430 6636 6377
f 6377 6636 6418
f 6377 6418 6378
f 6249 6273 6377
f 7159 6418 7022
f 6418 6636 7022
f 6402 6636 6430
f 6430 6377 6402
f 6402 6171 6438
f 7549 7325 7430
f 7430 7411 7549
f 7159 7411 7430
f 7549 7576 7312
f 7312 7325 7549
f 7312 7661 7450
f 7312 7576 7661
f 7174 7325 7312
f 6955 7174 7312
f 7450 7463 7312
f 7093 6955 7312
f 7312 7463 7093
f 6467 6465 6705
f 6465 6772 6705
f 6705 6585 6467
f 7174 6585 6705
f 6705 6772 7174
f 6918 6952 6607
f 7209 7210 7172
f 7172 7210 7195
f 6127 6225 6142
f 6095 6094 6142
f 6142 6094 6127
f 6142 6262 6095
f 6142 6225 6262
f 5035 5197 5095
f 4972 5197 5035
f 5035 5095 5018
f 5018 4972 5035
f 5467 5173 5279
f 5279 5197 5467
f 5173 5197 5279
f 4935 5006 4968
f 4968 5006 5311
f 5088 5000 5148
f 5088 4942 5000
f 5071 4942 5088
f 5088 5116 5071
f 5088 5261 5116
f 5148 5433 5088
f 5433 5261 5088
f 5000 4941 4860
f 4839 5132 4860
f 4860 5132 5000
f 4751 4839 4860
f 4860 4941 4751
f 5553 5574 5416
f 5416 5311 5553
f 5148 5000 5297
f 5000 5132 5297
f 4966 4839 4881
f 4966 5132 4839
f 4881 4968 4966
f 4966 4968 5311
f 4751 4602 4709
f 4893 4762 4935
f 4893 4831 4762
f 4881 4831 4893
f 4893 4968 4881
f 4935 4968 4893
f 4600 4726 4658
f 4600 4700 4726
f 4658 4374 4600
f 4602 4700 4600
f 4374 4323 4600
f 4600 4323 4329
f 4600 4329 4276
f 4276 4602 4600
f 5613 5701 5604
f 5701 5605 5604
f 5299 5613 5604
f 5604 5605 5299
f 6765 6930 6863
f 6863 6817 6765
f 6863 6930 6963
f 6963 6817 6863
f 5749 5764 5690
f 5690 5505 5749
f 5690 5764 5627
f 5627 5505 5690
f 2196 2163 2272
f 1965 2163 2196
f 1596 1965 1943
f 1943 1623 1596
f 1943 1795 1623
f 1965 2196 1943
f 2789 2852 2528
f 2528 2852 2904
f 2528 2904 2328
f 1757 2211 2210
f 2210 1687 1757
f 2178 1687 2210
f 2210 2224 2178
f 3060 3138 2823
f 3138 3075 2823
f 3368 3366 3156
f 2904 2852 3000
f 3000 2852 2789
f 3000 2917 2904
f 3075 3156 3000
f 3184 2917 3000
f 1787 2163 1927
f 1927 2163 1965
f 1596 1787 1927
f 1927 1965 1596
f 2077 2163 1786
f 2077 1786 1944
f 1944 2108 2077
f 3559 3538 3627
f 3869 3845 3627
f 3627 3538 3560
f 3412 3138 3060
f 3241 3466 3412
f 2969 3132 3006
f 2959 3132 2969
f 3006 2967 2969
f 2967 2908 2969
f 2908 2719 2969
f 2719 2959 2969
f 3187 2955 2980
f 3132 2955 3187
f 2980 3128 3187
f 3187 3128 3237
f 3237 3132 3187
f 3216 3373 3493
f 3493 3386 3216
f 3493 3669 3386
f 3438 3396 3554
f 3438 3373 3396
f 3554 3493 3438
f 3438 3493 3373
f 3814 3745 3815
f 3814 3994 4036
f 3815 3994 3814
f 3843 3814 4036
f 3745 3814 3843
f 3941 4197 3900
f 3900 3918 3941
f 3940 3957 4197
f 4197 3941 3940
f 3940 3941 3918
f 3940 3887 3957
f 3940 3918 3887
f 6162 5921 6002
f 5921 5968 6002
f 6002 6192 6162
f 6280 6192 6002
f 6002 5968 6280
f 5011 4719 4786
f 4786 4920 5011
f 4786 4719 4617
f 4617 4920 4786
f 5535 5443 5444
f 5444 5461 5535
f 5444 5443 5011
f 5011 5461 5444
f 5478 5461 5011
f 5011 5564 5478
f 5478 5564 5677
f 5011 5055 4943
f 4943 5055 4967
f 4967 4657 4943
f 4943 4719 5011
f 4943 4657 4719
f 6038 6232 6087
f 6336 6446 6497
f 6336 6497 6449
f 6449 6303 6336
f 6087 6232 6247
f 6007 5982 6162
f 4873 4938 4874
f 4910 5059 4873
f 4873 4807 4910
f 4873 4874 4728
f 5837 5318 5556
f 5556 5193 5837
f 5318 5193 5556
f 5272 5059 5090
f 5193 5059 5272
f 5837 5193 5272
f 5090 5481 5272
f 5481 5570 5272
f 4194 4156 4078
f 4078 4156 3857
f 4078 4137 4194
f 4078 3857 3823
f 4078 3823 4059
f 4059 4137 4078
f 4064 4156 4178
f 3840 4156 4064
f 4064 4178 3813
f 3813 3840 4064
f 6655 6575 6545
f 6545 6575 6499
f 6545 6499 6565
f 6565 6641 6545
f 6545 6641 6655
f 6967 6917 6896
f 7038 6917 6967
f 7077 7038 6967
f 6967 6879 7077
f 6967 6896 6879
f 6575 6917 6806
f 8217 8208 8225
f 8225 8208 8258
f 8225 8259 8217
f 8258 8301 8225
f 8225 8301 8259
f 8217 8197 8210
f 8210 8208 8217
f 8197 8208 8210
f 8242 8208 8206
f 8206 8208 8141
f 8546 8242 8206
f 8206 8556 8546
f 8545 8556 8206
f 8206 8204 8545
f 8244 8083 8227
f 8083 8190 8227
f 8227 8190 8226
f 8271 8244 8227
f 8227 8226 8271
f 8658 8602 8564
f 8668 8602 8658
f 8658 8564 8610
f 8658 8610 8846
f 8846 8668 8658
f 8845 8781 8843
f 8843 8878 8845
f 8846 8781 8845
f 8845 8878 8846
f 8139 8096 8106
f 8106 8115 8139
f 8096 8115 8106
f 8150 8151 8139
f 8139 8115 8150
f 8222 8151 8150
f 8150 8115 8147
f 8150 8341 8222
f 8150 8147 8386
f 8386 8341 8150
f 5793 6054 5887
f 5943 6054 5793
f 5481 5943 5793
f 5793 5887 5837
f 5631 5570 5793
f 5793 5570 5481
f 5837 5272 5793
f 5793 5272 5631
f 6179 6056 6108
f 6056 5974 6108
f 5974 6041 6108
f 6201 6092 6135
f 6135 6200 6201
f 6200 6318 6201
f 6183 6092 6201
f 6201 6318 6183
f 6604 6700 6574
f 6574 6714 6604
f 6604 6714 6700
f 6927 6714 6926
f 6927 7063 6851
f 6927 6926 7063
f 6851 6700 6927
f 6700 6714 6927
f 6726 6747 6675
f 6726 6784 6831
f 6675 6245 6726
f 6726 6506 6784
f 6831 6912 6816
f 6912 6747 6816
f 6816 6726 6831
f 6747 6726 6816
f 6414 5926 6229
f 6229 6245 6414
f 5926 6245 6229
f 5864 6245 5848
f 5692 5938 5864
f 5864 5938 6130
f 5882 5810 6163
f 6163 5938 5882
f 5882 5938 5810
f 1616 1709 1642
f 1642 1709 1714
f 1642 1714 1715
f 1642 1643 1616
f 1715 1643 1642
f 1934 2203 2164
f 2164 1895 1934
f 2164 2203 2240
f 2240 1895 2164
f 2203 2238 2303
f 2240 2203 2303
f 2505 2455 2303
f 2455 2454 2303
f 2303 2454 2240
f 2303 2238 2301
f 2060 1984 2059
f 1984 2071 2059
f 2139 2060 2059
f 2059 2071 2139
f 1881 1886 1984
f 1881 1837 1886
f 1881 1984 1890
f 1890 1837 1881
f 2615 2976 2884
f 4451 4435 4611
f 4451 4611 4521
f 4451 4521 4452
f 4452 4213 4451
f 4451 4213 4161
f 3716 4161 3795
f 4161 3994 3795
f 3795 3815 3716
f 3795 3994 3815
f 4159 3994 4161
f 4161 4213 4159
f 4036 3994 4159
f 4159 4213 4036
f 4055 4141 3984
f 3984 4084 4055
f 4055 4084 4141
f 3193 3217 3163
f 3163 3217 3243
f 2893 3193 3163
f 3163 3051 2893
f 2881 3051 3163
f 3011 2881 3163
f 3163 3243 3011
f 5058 5027 4988
f 5206 5246 5058
f 5058 5158 5206
f 5096 5158 5058
f 4988 4945 5058
f 4945 5096 5058
f 4917 4809 4927
f 4927 5127 4917
f 4592 4866 4927
f 4927 4809 4592
f 4927 4866 4862
f 4862 5127 4927
f 7700 7553 7520
f 7553 7468 7520
f 7520 7468 7338
f 7339 7468 7553
f 7553 7382 7339
f 7338 7468 7339
f 7339 7382 7287
f 5652 5682 5799
f 6254 6091 6453
f 6091 6454 6453
f 6453 6539 6254
f 6453 6590 6539
f 6454 6590 6453
f 6739 6929 6799
f 6739 6780 6929
f 7539 7350 7115
f 7115 7350 7033
f 6597 6482 6484
f 6484 6450 6597
f 6758 6482 6597
f 5332 5792 5502
f 5295 5332 5502
f 5502 5425 5295
f 5502 5682 5425
f 6847 6758 7082
f 7082 6758 6597
f 6608 6644 6844
f 6480 6644 6608
f 6597 6450 6608
f 6608 6450 6480
f 6039 9532 6180
f 6039 6180 6040
f 6040 6180 6191
f 6250 6088 6288
f 9532 6088 6250
f 6288 6315 6250
f 6250 6315 9532
f 6593 6479 6521
f 6399 6479 6593
f 6521 6575 6593
f 5901 6191 6129
f 5901 6040 6191
f 5901 5792 5791
f 6039 6040 5901
f 5901 5791 6039
f 6399 6193 6174
f 6129 6191 6174
f 6174 6193 6129
f 6350 6315 6494
f 6494 6369 6350
f 6350 6369 6315
f 5914 5770 6109
f 6109 6478 5914
f 6109 6150 6287
f 6618 6576 6109
f 6109 6287 6618
f 5964 6071 6109
f 6071 6150 6109
f 3961 4123 3799
f 4123 3979 3799
f 3799 3979 3800
f 3799 3699 3604
f 3800 3699 3799
f 3730 3699 3896
f 3584 3699 3730
f 3730 3692 3584
f 3896 3792 3730
f 3792 3692 3730
f 3921 4144 4011
f 3963 3982 4123
f 3604 3533 3556
f 3556 3512 3721
f 3556 3533 3464
f 4163 4123 4016
f 4123 3982 4016
f 4127 4512 4092
f 4128 4512 4127
f 4092 4054 4127
f 4127 4054 4128
f 4442 4512 4128
f 4228 4493 4442
f 4651 4512 4442
f 3870 4054 4092
f 4042 4074 4128
f 3955 4074 4042
f 4133 4074 3955
f 4133 4172 4228
f 3955 4229 4133
f 4229 4172 4133
f 4200 4320 4164
f 4540 4765 4651
f 4493 4765 4540
f 4651 4442 4540
f 4540 4442 4493
f 3855 3955 3894
f 3431 3566 3614
f 3855 3614 3688
f 3614 3566 3688
f 3290 3328 3289
f 3289 3328 3180
f 3614 3632 3564
f 1815 2300 2319
f 2319 2275 1815
f 2300 2472 2319
f 2472 2584 2606
f 2674 2673 2606
f 2457 2472 2345
f 2345 2584 2457
f 2457 2584 2472
f 2609 2686 2675
f 2345 2609 2675
f 2675 2584 2345
f 2675 2606 2584
f 2675 2686 2674
f 2674 2606 2675
f 2890 3027 2673
f 2697 2544 2500
f 2697 2568 2673
f 2944 3180 3160
f 2673 3027 2944
f 2777 2697 2944
f 2944 2697 2673
f 3140 3080 3160
f 2973 2829 2686
f 3330 3581 3392
f 2865 2665 2867
f 2576 2665 2865
f 2612 2409 2644
f 2644 2662 2612
f 2612 2662 2409
f 2690 2688 2609
f 2747 2829 2828
f 2686 2829 2747
f 2747 2828 2674
f 2674 2686 2747
f 2578 2855 2537
f 2537 2541 2578
f 2578 2541 2855
f 2496 2541 2537
f 2412 2541 2496
f 2537 2286 2496
f 2496 2286 2412
f 2649 2736 2600
f 2736 2541 2600
f 2600 2601 2649
f 2600 2542 2601
f 2600 2541 2542
f 2430 2601 2431
f 2679 2720 2616
f 2601 2430 2616
f 2649 2601 2616
f 2616 2720 2649
f 2816 2679 2616
f 2616 2750 2816
f 2444 2492 2523
f 2575 2716 2523
f 2523 2492 2575
f 3281 3275 3092
f 3092 3364 3281
f 3281 3364 3275
f 3419 3569 3418
f 3569 3552 3418
f 3418 3364 3266
f 3418 3410 3419
f 3418 3266 3410
f 3357 3364 3395
f 3657 3357 3395
f 3691 3657 3395
f 3395 3552 3691
f 3395 3418 3552
f 3364 3418 3395
f 3266 3364 3173
f 3173 3096 3266
f 3364 3096 3173
f 2755 2786 2787
f 2786 2664 2787
f 2494 2599 2787
f 2787 2599 2755
f 2575 2494 2787
f 2787 2664 2575
f 2886 2794 2805
f 2805 3206 2886
f 2805 2794 2777
f 3080 3206 2805
f 2777 2944 2805
f 3160 3080 2805
f 2805 2944 3160
f 2777 2794 2795
f 2794 2630 2795
f 2795 2697 2777
f 2544 2697 2795
f 2500 2544 2795
f 2795 2630 2500
f 3791 3632 3614
f 3791 4042 3882
f 3513 3665 3442
f 3442 3665 3512
f 3324 3346 3442
f 4092 4320 4126
f 3721 3512 3646
f 3646 3665 3721
f 3512 3665 3646
f 4000 3870 4092
f 4092 4126 4000
f 4000 4200 4164
f 4320 4200 4000
f 4000 4126 4320
f 3665 4000 3806
f 4191 4209 4365
f 4365 4364 4408
f 4365 4209 4364
f 4245 4191 4365
f 4408 4543 4365
f 4543 4245 4365
f 5047 5112 5125
f 5125 5323 5047
f 5112 5323 5125
f 5278 5486 5266
f 5266 5323 5278
f 5278 5323 5486
f 5579 5514 5501
f 5501 5325 5424
f 5424 6159 5501
f 6159 5579 5501
f 6842 6938 7136
f 7136 6821 6842
f 6938 7006 7136
f 7006 7282 7136
f 7266 7282 7378
f 7378 7413 7412
f 7438 7266 7378
f 7507 7438 7378
f 7412 7500 7378
f 7378 7500 7507
f 1762 1350 1420
f 1780 1882 1762
f 1420 1568 1762
f 1762 1568 1712
f 1712 1765 1762
f 1765 1780 1762
f 1315 1287 1350
f 1350 1269 1315
f 1315 1269 1287
f 2443 2353 2444
f 2443 2378 2353
f 2444 2523 2443
f 2443 2523 2592
f 2431 2378 2432
f 2432 2430 2431
f 2432 2443 2592
f 2378 2443 2432
f 2592 2616 2432
f 2432 2616 2430
f 2936 2556 2440
f 2440 2556 2474
f 2440 2474 2045
f 2045 2095 2440
f 2512 2589 2567
f 2567 2589 2783
f 2567 2619 2512
f 2567 3126 2619
f 2783 3126 2567
f 40 24 41
f 41 47 40
f 25 24 40
f 40 47 25
f 794 751 663
f 502 649 663
f 663 865 794
f 663 813 865
f 649 778 663
f 778 813 663
f 976 967 913
f 913 1045 976
f 976 1045 967
f 1085 1084 1219
f 1219 1045 1085
f 1085 1045 1084
f 1439 1641 1378
f 1439 1492 1641
f 1378 1330 1439
f 1330 1492 1439
f 3618 3550 3619
f 3619 3676 3618
f 3575 3295 3618
f 3618 3701 3575
f 3618 3295 3443
f 3443 3550 3618
f 3702 3701 3618
f 3618 3676 3702
f 3747 3718 3748
f 3747 3676 3718
f 3748 3828 3747
f 3816 3676 3747
f 3943 3816 3747
f 3747 3828 3943
f 3645 3586 3497
f 3869 3998 3929
f 3929 3845 3869
f 3998 3845 3929
f 3844 3645 3497
f 3586 3645 3844
f 3488 3466 3559
f 3488 3412 3466
f 4746 4472 4385
f 4633 4472 4746
f 4632 4633 4746
f 4746 4745 4632
f 5084 5022 4746
f 5022 4864 4746
f 4864 4745 4746
f 4282 4385 4256
f 3942 4089 4012
f 3942 3888 3877
f 4012 3888 3942
f 4282 4256 4068
f 4068 4256 4089
f 4783 4385 4282
f 4282 4401 4783
f 4783 4746 4385
f 3717 3366 3605
f 3605 3586 3717
f 3368 3497 3423
f 3497 3586 3423
f 3423 3366 3368
f 3423 3605 3366
f 3586 3605 3423
f 3365 3366 3380
f 3380 3437 3365
f 3366 3437 3380
f 5044 4784 4636
f 5044 4994 4784
f 5044 4636 5131
f 5281 4994 5044
f 5382 5281 5044
f 5044 5131 5382
f 2217 2236 2200
f 2200 2236 2183
f 2200 1856 2217
f 2200 2183 1856
f 1325 1261 1435
f 1221 1261 1325
f 2182 2120 2064
f 2182 2064 1749
f 1749 2183 2182
f 2276 2254 2182
f 2254 2120 2182
f 2182 2183 2276
f 1613 2120 1862
f 2064 2120 1613
f 1613 1529 2064
f 948 1240 1152
f 1152 1151 948
f 2321 2148 2259
f 1823 1817 1660
f 1823 2131 1817
f 2669 2757 2772
f 2576 2669 2772
f 2772 2822 2867
f 2772 2757 2822
f 2867 2665 2772
f 2772 2665 2576
f 2759 2695 2670
f 2670 2721 2759
f 2759 2721 2871
f 2759 2871 2840
f 2840 2695 2759
f 2925 2942 2871
f 2871 2721 2925
f 2925 2721 2942
f 2887 3103 3225
f 3225 3038 2887
f 2822 3103 2887
f 2867 2822 2887
f 2887 3115 2867
f 2887 3038 3115
f 3574 3498 3648
f 3905 4144 3921
f 3981 4144 3905
f 3905 3926 3981
f 3648 3926 3905
f 3207 3115 3225
f 2684 2843 2811
f 2843 2968 2811
f 2811 3029 2684
f 2811 2968 3029
f 3104 3005 2986
f 3105 3005 3104
f 2986 2858 3104
f 3353 3105 3104
f 3104 3122 3353
f 3106 3122 3104
f 1849 1862 1923
f 1923 1668 1849
f 2088 2157 2180
f 2180 2157 2365
f 2447 2088 2180
f 2180 2365 2447
f 1144 1057 1265
f 1300 1299 1265
f 1265 1299 1224
f 1058 1057 1100
f 1997 1773 1920
f 2354 1997 1920
f 1920 2355 2354
f 1920 2020 2355
f 1981 2020 1920
f 1920 1773 1981
f 1664 1651 1512
f 1451 1666 1512
f 1666 1664 1512
f 1512 1511 1451
f 1661 1511 1512
f 1512 1651 1661
f 3312 3276 3145
f 3145 3235 3312
f 3312 3259 3276
f 3312 3571 3598
f 3199 3571 3312
f 3312 3235 3199
f 3598 3455 3310
f 3310 3312 3598
f 3259 3312 3310
f 3455 3308 3310
f 3310 3308 3244
f 3030 3259 3310
f 3310 3244 3030
f 3724 3950 3820
f 3853 3950 3724
f 3724 3544 3853
f 3853 3544 3633
f 3633 3598 3759
f 3759 3853 3633
f 3950 4030 4025
f 4025 4030 4175
f 4025 4175 4206
f 3851 3934 3846
f 3820 3884 3851
f 3846 3591 3851
f 3851 3612 3820
f 3591 3612 3851
f 3973 3884 3950
f 4171 4022 3973
f 3973 4022 3934
f 3934 3851 3973
f 3973 3851 3884
f 3119 3374 3211
f 3211 3232 3119
f 3374 3232 3211
f 3304 3232 3374
f 3429 3308 3430
f 3430 3308 3455
f 3483 3612 3591
f 3483 3518 3429
f 3483 3591 3518
f 3429 3430 3483
f 3483 3430 3612
f 3820 3612 3670
f 3670 3724 3820
f 3544 3724 3670
f 3518 3591 3650
f 3650 3591 3846
f 3846 3776 3650
f 4636 4339 4437
f 4437 4513 4636
f 3934 4022 4221
f 4171 4513 4221
f 4221 4022 4171
f 4339 4219 4091
f 3998 4037 4069
f 4037 4219 4069
f 4069 4068 3998
f 4106 4068 4069
f 4595 4339 4636
f 4595 4219 4339
f 4636 4784 4595
f 5636 5702 5634
f 5634 5527 5636
f 5634 5702 5698
f 5698 5527 5634
f 5037 5236 5139
f 5236 5186 5139
f 5139 5186 5135
f 5139 5065 5037
f 5135 5065 5139
f 5236 5527 5300
f 5300 5186 5236
f 5300 5527 5698
f 5698 5696 5300
f 5300 5696 5667
f 5667 5186 5300
f 5912 5946 5801
f 5801 5946 5772
f 5636 5684 5801
f 5801 5684 5912
f 5801 5669 5636
f 5772 5669 5801
f 5354 5323 5112
f 5112 5438 5354
f 5529 5323 5354
f 5354 5438 5529
f 3831 3785 3932
f 3889 3831 3932
f 3932 4204 4216
f 3908 4204 3932
f 4704 4503 4705
f 4741 4610 4704
f 4610 4487 4415
f 4384 4613 4335
f 4458 4613 4384
f 4335 4242 4384
f 4615 4667 4524
f 4524 4667 4402
f 4524 4402 4216
f 3944 4242 4015
f 4015 3926 3944
f 3944 3926 3889
f 3889 3932 3944
f 4216 4402 3944
f 3944 3932 4216
f 4716 4613 4458
f 4705 4613 4716
f 4439 4403 4284
f 4284 4403 4204
f 4284 4224 4439
f 4284 4039 4224
f 4284 4204 4039
f 3649 3498 3515
f 3648 3498 3649
f 3649 3831 3648
f 3651 3785 3540
f 3785 3576 3540
f 3539 3611 3540
f 3611 3651 3540
f 3540 3576 3515
f 3515 3403 3540
f 3103 3139 3189
f 3189 3403 3103
f 3139 3403 3189
f 3302 3139 3141
f 3302 3403 3139
f 4481 4393 4494
f 4481 4375 4393
f 4481 4494 4817
f 4817 4699 4481
f 4481 4699 4497
f 4481 4497 4332
f 4332 4375 4481
f 4619 4789 4817
f 4817 4494 4619
f 4494 4480 4619
f 4619 4480 4527
f 5363 5204 5270
f 5270 5384 5363
f 5270 5204 5228
f 5228 5384 5270
f 2724 2994 2948
f 2024 2047 1968
f 1968 2075 2024
f 2024 2075 2047
f 2571 2701 2583
f 2458 2473 2552
f 2552 2473 2573
f 2458 2552 2555
f 2555 2324 2458
f 3015 2660 2555
f 2555 2552 2573
f 2930 3015 2555
f 2555 2640 2930
f 2935 3157 2868
f 2868 2718 2935
f 2311 2295 2629
f 2629 2495 2311
f 2731 2646 2629
f 2629 2666 2731
f 2332 2160 2093
f 1986 2001 2093
f 2001 2332 2093
f 2093 2004 1986
f 2093 2160 2004
f 1422 1567 1499
f 1499 1528 1422
f 1567 1528 1499
f 1680 1501 1443
f 1680 1659 1606
f 1680 1433 1195
f 1195 1501 1680
f 1680 1606 1433
f 1766 1528 1567
f 2845 2708 2812
f 5094 5124 4534
f 4274 4436 4218
f 4274 4283 4436
f 4218 4108 4274
f 4105 4283 4274
f 4274 4108 4105
f 4475 4553 4436
f 4129 4020 4070
f 4109 4168 4070
f 4070 4168 4129
f 4070 4108 4109
f 4018 4108 4070
f 3774 3722 3772
f 3985 3774 3772
f 3772 4020 3985
f 3772 4070 4020
f 4018 4070 3772
f 3772 4108 4018
f 3772 3722 3349
f 2981 2935 2920
f 2920 2935 2718
f 2646 2718 2543
f 2543 2580 2495
f 2543 2718 2647
f 2495 2629 2543
f 2543 2629 2646
f 2647 2773 2543
f 2773 2580 2543
f 4280 4214 3899
f 3236 3358 3417
f 3194 3387 3197
f 3215 3387 3194
f 3197 2948 3194
f 3194 2948 2994
f 2780 3121 3194
f 3194 3121 3215
f 3194 2724 2780
f 3194 2994 2724
f 3542 3631 3522
f 3542 3215 3631
f 3542 3387 3215
f 3522 3387 3542
f 3690 3601 3546
f 3546 3475 3690
f 3278 3234 3197
f 3197 3475 3278
f 3475 3546 3278
f 3278 3358 3236
f 3236 3089 3278
f 3601 3358 3278
f 3278 3546 3601
f 3262 3093 3261
f 3261 3406 3262
f 3262 3406 3263
f 3110 3236 3261
f 3261 3093 3110
f 3110 3089 3236
f 2692 3015 2815
f 3015 2979 2815
f 3624 3572 3439
f 3572 3345 3439
f 3381 3624 3439
f 3643 3714 3798
f 3643 3624 3479
f 3479 3714 3643
f 3798 4122 3827
f 4105 4108 3827
f 3827 3643 3798
f 3624 3643 3827
f 3923 4122 3798
f 4214 4122 3923
f 3923 3798 3825
f 3825 3899 3923
f 3923 3899 4214
f 1416 1456 9540
f 9540 1477 1416
f 1558 1477 9540
f 9540 1691 1558
f 9540 1809 1691
f 1859 1809 9540
f 9540 1827 1859
f 1515 1827 9540
f 9540 1456 1515
f 1685 1699 1606
f 1606 1953 1685
f 1685 1953 1699
f 1922 2056 1877
f 1828 1859 1922
f 1922 1877 1828
f 1998 2150 2115
f 1998 1901 2017
f 2017 2150 1998
f 1859 1901 1998
f 1998 1922 1859
f 2115 2056 1998
f 2056 1922 1998
f 1850 1778 1734
f 1734 1778 1691
f 1828 1850 1734
f 1734 1809 1828
f 1691 1809 1734
f 3144 2946 3044
f 3044 3292 3144
f 3044 2946 2945
f 2945 3291 3044
f 3291 3292 3044
f 1136 1181 1128
f 1128 1059 1136
f 1136 1059 1181
f 1354 1182 1181
f 1181 1426 1354
f 1354 1426 1427
f 417 328 339
f 408 417 339
f 339 373 408
f 287 373 339
f 328 101 316
f 497 476 345
f 345 329 497
f 345 476 449
f 305 101 328
f 328 329 305
f 305 329 101
f 261 288 247
f 247 287 213
f 247 288 287
f 213 197 247
f 247 240 261
f 247 197 200
f 200 240 247
f 1083 1162 1158
f 1158 1162 1236
f 1236 1782 1158
f 1158 1303 1237
f 1000 1127 1091
f 1091 937 1000
f 1237 1303 1217
f 1217 1303 1127
f 1217 1158 1237
f 1217 1127 1096
f 1217 1096 1083
f 1083 1158 1217
f 2202 2165 2076
f 2076 2089 2202
f 3084 3131 2993
f 3084 2993 3004
f 3084 3004 3331
f 3983 4202 4094
f 4094 3989 3983
f 4202 4203 4094
f 4186 4071 4147
f 4071 3946 4147
f 4147 3946 3910
f 4147 4138 4186
f 4147 3910 4138
f 3847 3808 3885
f 3885 3808 3910
f 3885 3946 3847
f 3910 3946 3885
f 3332 3788 3808
f 3847 3590 3332
f 3332 3808 3847
f 3331 3788 3332
f 3332 3084 3331
f 3181 3131 3332
f 3252 3181 3332
f 3332 3590 3252
f 3131 3084 3332
f 1914 1782 1584
f 1584 1897 1914
f 1915 1782 1914
f 1914 1913 1915
f 1865 1897 1751
f 1751 1822 1865
f 1865 1822 2153
f 1092 921 937
f 1092 1141 921
f 937 1091 1092
f 1173 1141 1092
f 1092 1091 1173
f 1153 820 843
f 843 820 747
f 921 1153 843
f 840 802 759
f 840 633 713
f 759 633 840
f 840 713 724
f 724 913 840
f 913 967 840
f 967 802 840
f 2169 2097 2066
f 2097 1931 2066
f 2066 1931 1967
f 1438 1408 1971
f 1971 1754 1438
f 1903 1754 1971
f 1903 2007 1967
f 1903 1971 2007
f 1924 1931 1612
f 1612 1931 1708
f 1708 1382 1612
f 1425 1400 1170
f 1170 1185 1425
f 1185 1382 1425
f 1141 1382 1282
f 921 1141 1282
f 1282 1382 1153
f 1282 1153 921
f 1482 1736 1533
f 1482 1425 1382
f 1482 1533 1400
f 1400 1425 1482
f 1605 1703 1736
f 1605 1382 1703
f 1736 1482 1605
f 1605 1482 1382
f 2643 2450 2504
f 2504 2334 2643
f 2450 2334 2504
f 1915 1977 1870
f 1870 1977 2006
f 1870 2006 1971
f 4693 4652 4718
f 4693 4691 4652
f 4718 4935 4693
f 4935 4762 4693
f 4479 4340 4526
f 4526 4691 4479
f 4479 4325 4186
f 4186 4340 4479
f 3666 3749 3606
f 3606 3590 3666
f 3534 3590 3606
f 3300 3298 3606
f 3298 3534 3606
f 3606 3686 3300
f 4096 4061 3930
f 3930 3749 4096
f 3686 3749 3930
f 3930 4038 4019
f 4061 4038 3930
f 1056 1505 1094
f 1505 1445 1094
f 1094 1445 1143
f 1094 1143 1025
f 1025 1056 1094
f 1694 1724 9536
f 9536 1570 1694
f 1694 1570 1724
f 5392 5555 5496
f 5496 5485 5392
f 5496 5555 5595
f 5595 5485 5496
f 4875 4779 4858
f 5108 5064 4991
f 4991 5028 5108
f 5220 5462 5149
f 5149 5431 5220
f 5220 5431 5462
f 5392 5155 5274
f 5274 5391 5392
f 5274 5155 5108
f 5108 5028 5194
f 5194 5028 5167
f 5194 5274 5108
f 5391 5274 5194
f 4387 4525 4003
f 4760 4616 4627
f 4616 4525 4627
f 4627 4525 4506
f 5673 5437 5578
f 5578 5437 5526
f 5578 5670 5673
f 5578 5526 5670
f 5253 5393 5355
f 5355 5393 5340
f 5355 5169 5253
f 5038 5169 5355
f 5355 5340 5038
f 4008 3727 3912
f 4008 4076 3727
f 3849 3631 3975
f 4076 4008 3975
f 3975 3631 3739
f 3739 3935 3975
f 3912 3849 3975
f 3975 4008 3912
f 4760 5010 4815
f 4815 4692 4760
f 4554 4616 4760
f 4045 4076 4330
f 4581 4076 4326
f 5010 4951 5009
f 5129 5010 5009
f 5009 5102 5129
f 4961 5102 5009
f 5009 4951 4961
f 5129 5310 5087
f 5226 5397 5365
f 5365 4996 5226
f 5226 5310 5397
f 5187 5102 5160
f 5530 5310 5187
f 5343 5530 5187
f 5187 5160 5343
f 5563 5441 5397
f 5530 5611 5563
f 5563 5611 5581
f 5581 5441 5563
f 5563 5310 5530
f 5397 5310 5563
f 4142 4048 4198
f 3557 4048 4142
f 4198 4086 4142
f 4142 4086 3557
f 3279 3528 3343
f 3860 3344 3343
f 3343 3198 3279
f 3343 3248 3198
f 3344 3221 3343
f 3343 3221 3168
f 3168 3129 3343
f 3343 3129 3248
f 3874 3993 3919
f 3874 3956 3993
f 3874 3919 3860
f 3860 3343 3874
f 3179 2856 2807
f 3179 3230 2856
f 2807 3117 3179
f 3288 3230 3179
f 3117 3209 3179
f 3242 3209 3254
f 3288 3179 3242
f 3242 3179 3209
f 3340 3469 3288
f 3288 3490 3340
f 3340 3490 3469
f 3446 3255 3517
f 3517 3490 3446
f 3254 3255 3446
f 3446 3242 3254
f 3446 3490 3288
f 3288 3242 3446
f 3205 3270 3255
f 3255 3209 3205
f 3205 3023 2907
f 3205 3209 3102
f 2804 3023 3205
f 3205 3102 2804
f 2483 2418 2415
f 2418 2226 2415
f 2243 2384 2483
f 2483 2415 2243
f 2243 2415 2226
f 2046 2384 2243
f 2243 1963 2046
f 2243 2226 2067
f 2067 1902 2243
f 2243 1902 1963
f 383 331 381
f 381 387 383
f 381 331 268
f 268 267 381
f 267 352 381
f 381 352 359
f 359 386 381
f 386 387 381
f 171 201 199
f 199 224 171
f 201 224 199
f 248 236 208
f 208 241 248
f 248 264 318
f 248 241 263
f 263 264 248
f 318 243 248
f 248 243 236
f 190 189 187
f 187 183 190
f 189 183 187
f 168 169 147
f 147 157 168
f 147 140 157
f 147 169 191
f 193 148 147
f 191 193 147
f 30 42 98
f 98 12 30
f 30 12 42
f 687 669 732
f 732 826 884
f 732 669 783
f 783 826 732
f 884 903 732
f 732 903 825
f 825 804 732
f 732 804 672
f 672 687 732
f 548 585 424
f 424 518 548
f 548 518 585
f 72 76 77
f 77 32 72
f 79 80 77
f 77 76 79
f 80 52 77
f 53 37 18
f 18 32 53
f 52 37 53
f 53 77 52
f 32 77 53
f 7571 7548 7611
f 7611 7749 7571
f 7749 7581 7571
f 7581 7476 7571
f 7476 7333 7571
f 7377 7333 7071
f 7071 7363 7377
f 7377 7571 7333
f 7548 7571 7377
f 7849 7847 7814
f 7814 7545 7849
f 7205 7545 7544
f 7249 7849 7555
f 5525 5301 5336
f 5525 5289 5196
f 5976 5822 5525
f 5525 5336 5976
f 5525 5822 5577
f 5577 5495 5525
f 4212 4314 4382
f 4155 3581 4097
f 3636 3913 3855
f 3636 3581 3913
f 4348 4484 4291
f 4291 4308 4348
f 4348 4308 4484
f 4294 4308 4155
f 4155 4097 4294
f 4294 4097 4157
f 4294 4415 4487
f 4434 4308 4294
f 4294 4487 4434
f 4909 4655 4859
f 4655 4724 4859
f 4705 4758 4795
f 4795 4758 4850
f 4850 4949 4795
f 4949 4958 4795
f 5836 5989 5961
f 5836 5794 5989
f 5836 5961 5752
f 5752 5794 5836
f 6313 6230 6207
f 6230 5989 6207
f 6207 6285 6313
f 6207 6194 6285
f 9013 8996 8958
f 8996 8925 8958
f 8935 9012 8957
f 8957 8944 8935
f 9012 8944 8957
f 9096 9014 9081
f 9096 9050 9014
f 9096 9123 9083
f 9083 9012 9096
f 9012 9050 9096
f 9096 9236 9123
f 9096 9081 9236
f 6864 6875 6751
f 6638 6252 6751
f 6198 6864 6751
f 6751 6252 6198
f 7365 7410 7348
f 7348 7410 7362
f 7348 7252 7365
f 7267 7252 7348
f 7348 7362 7267
f 8439 8220 8228
f 8228 8200 8439
f 8220 8200 8228
f 5687 5656 5780
f 5687 5621 5656
f 5687 5780 5804
f 5804 5621 5687
f 7892 7908 7869
f 7869 7830 7892
f 7892 7830 7908
f 8576 8567 8638
f 8638 8715 8576
f 8567 8715 8638
f 8714 8587 8746
f 8587 8715 8746
f 8746 8745 8714
f 8822 8745 8746
f 8746 8715 8822
f 8961 8931 9164
f 9164 8943 8961
f 8961 8943 8931
f 8220 8193 8185
f 8185 8166 8220
f 8149 8166 8185
f 8071 8056 8165
f 8056 8149 8165
f 8165 8104 8071
f 8165 8193 8104
f 8165 8185 8193
f 8149 8185 8165
f 4098 3914 3976
f 4098 4116 3914
f 4151 4116 4098
f 4304 4151 4098
f 3976 3978 4099
f 4099 4098 3976
f 4152 4098 4099
f 4139 4152 4099
f 4099 3978 4139
f 3629 3428 3669
f 3629 3577 3428
f 3629 3669 3786
f 3786 3630 3629
f 3630 3577 3629
f 8163 8011 8065
f 8011 8034 8065
f 8065 8132 8163
f 8065 8034 8132
f 8331 8355 8108
f 8108 8332 8331
f 8331 8332 8355
f 8355 8332 8373
f 8543 8412 8373
f 8473 8563 8373
f 8563 8543 8373
f 8373 8407 8473
f 8373 8332 8407
f 8500 8499 8491
f 8477 8500 8491
f 8491 8443 8477
f 8433 8443 8491
f 8478 8433 8491
f 8491 8499 8478
f 9267 9341 9198
f 9348 9341 9267
f 9267 9198 9164
f 9164 9269 9267
f 9351 9348 9267
f 9267 9269 9351
f 9160 9142 9198
f 9154 9127 9160
f 9160 9127 9006
f 9006 9142 9160
f 9351 9225 9365
f 9365 9366 9351
f 9225 9366 9365
f 9225 9227 9309
f 9309 9366 9225
f 9253 9395 9309
f 9395 9366 9309
f 8946 9253 9309
f 9309 9227 8946
f 7032 7169 7110
f 7169 7192 7110
f 6943 7029 6964
f 6943 6911 7029
f 6964 6912 6943
f 6912 6911 6943
f 7313 7336 7431
f 7352 7313 7431
f 7461 7529 7431
f 7431 7336 7461
f 7431 7514 7352
f 7431 7529 7514
f 5741 5955 5726
f 5840 5955 5741
f 5726 5740 5741
f 5741 5740 5802
f 5802 5840 5741
f 6184 5890 6384
f 6384 5890 6470
f 6384 6342 6184
f 6360 6342 6384
f 6384 6470 6360
f 5802 5721 5825
f 5825 5890 5802
f 6305 5890 5889
f 6304 6305 5889
f 5820 6208 5889
f 6208 6304 5889
f 6403 6678 6548
f 6548 6577 6403
f 6678 6577 6548
f 6493 6615 6508
f 6508 6615 6546
f 6508 6205 6493
f 6508 6025 6205
f 6053 6025 6508
f 6546 6615 6591
f 6677 6678 6591
f 6678 6546 6591
f 6339 6304 6370
f 6370 6412 6339
f 6370 6304 6208
f 6370 6036 6131
f 6208 6036 6370
f 6131 6053 6370
f 9020 8743 8993
f 8691 8664 8702
f 8702 8743 8691
f 9186 9136 9134
f 9100 9084 9134
f 9134 9116 9100
f 9136 9116 9134
f 8749 8834 8873
f 8873 8834 8872
f 9347 9339 9177
f 9347 9406 9339
f 9347 9177 9162
f 9162 9364 9347
f 9364 9406 9347
f 8003 7933 8013
f 8013 8103 8003
f 7957 7978 7988
f 7988 8118 8179
f 8179 7976 7988
f 7976 7957 7988
f 7896 7794 7933
f 7896 7872 7794
f 7933 8003 7896
f 7896 8003 7978
f 7896 7978 7957
f 7957 7872 7896
f 8138 8007 8063
f 8138 8198 8007
f 8138 8124 8246
f 8246 8198 8138
f 8275 8224 8169
f 8169 8198 8275
f 8169 8224 8158
f 8158 8130 8169
f 8128 8198 8169
f 8169 8130 8128
f 8064 8048 8006
f 8064 8130 8048
f 8064 8006 7997
f 7997 8046 8064
f 8046 8130 8064
f 8098 8048 8086
f 8086 8130 8098
f 8048 8130 8086
f 8469 8442 8458
f 8442 8336 8458
f 8458 8396 8469
f 8298 8396 8458
f 8458 8336 8298
f 8323 8214 8223
f 8223 8336 8323
f 8510 8761 8500
f 8510 8518 8761
f 8510 8500 8477
f 8477 8518 8510
f 9031 9076 8912
f 8912 9039 9031
f 9031 9039 9076
f 8804 8900 8923
f 8923 8900 9103
f 8923 8890 8804
f 8923 9103 8890
f 8455 8436 8783
f 8783 8695 8455
f 8462 8440 8801
f 8801 8436 8462
f 8801 8783 8436
f 9245 9397 9281
f 9281 9231 9245
f 9245 9308 9397
f 9244 9308 9245
f 9143 9138 9114
f 9193 9209 9244
f 9244 9245 9193
f 9193 9245 9231
f 9231 9143 9193
f 9193 9143 9114
f 9114 9141 9193
f 9193 9141 9209
f 9391 9311 9392
f 9451 9406 9420
f 9451 9484 9452
f 9458 9484 9451
f 9420 9407 9451
f 9481 9486 9491
f 9481 9484 9486
f 9481 9493 9469
f 9481 9491 9498
f 9469 9493 9483
f 9181 9167 9195
f 9203 9268 9290
f 9290 9195 9203
f 9203 9195 9167
f 9108 9268 9203
f 9095 9108 9203
f 9203 9167 9095
f 9153 9205 9148
f 9148 9205 9108
f 9148 8521 8532
f 9148 8516 8521
f 9148 9108 8516
f 8532 9118 9148
f 9148 9118 9153
f 9325 9205 9301
f 9268 9205 9325
f 9301 9356 9325
f 9362 9268 9325
f 9325 9356 9362
f 9311 9391 9286
f 9122 9181 9145
f 9181 9200 9145
f 9145 8867 8673
f 8673 9122 9145
f 8956 8867 9145
f 9430 9425 9449
f 9362 9356 9390
f 9390 9418 9362
f 9390 9356 9372
f 9372 9418 9390
f 9444 9416 9428
f 9428 9471 9444
f 9416 9471 9428
f 9479 9471 9475
f 9479 9499 9497
f 9475 9499 9479
f 9497 9470 9479
f 9470 9471 9479
f 9504 9487 9488
f 9488 9489 9504
f 9488 9487 9480
f 9480 9467 9488
f 9433 9467 9464
f 9464 9377 9433
f 9377 9393 9433
f 9394 9424 9434
f 9467 9433 9434
f 9434 9393 9394
f 9434 9433 9393
f 8969 9410 9310
f 8976 8969 9310
f 9310 9253 8976
f 9310 9395 9253
f 9058 9086 9352
f 9352 9306 9058
f 9352 9086 9251
f 9251 9417 9352
f 9327 9306 9352
f 9091 9177 9215
f 9215 9237 9091
f 9417 9237 9419
f 9452 9417 9419
f 9339 9406 9419
f 9419 9451 9452
f 9406 9451 9419
f 7225 7271 7227
f 7227 7056 7225
f 7225 7175 7269
f 7269 7351 7225
f 7225 7351 7271
f 5713 5862 5863
f 5863 5862 5957
f 5863 5507 5713
f 5957 5507 5863
f 6556 6870 6611
f 6556 6397 6870
f 6611 6587 6556
f 6587 6397 6556
f 6361 6397 9531
f 6309 6397 6361
f 6361 9531 6167
f 6167 6309 6361
f 6837 6866 6667
f 6667 6839 6837
f 6837 6936 6866
f 6839 6936 6837
f 6949 6839 7016
f 6949 6936 6839
f 6949 7016 7019
f 7019 6936 6949
f 7400 7185 7399
f 7401 7185 7400
f 7399 7573 7400
f 7400 7573 7401
f 7820 8352 8354
f 8354 7843 7820
f 7845 7843 8354
f 8354 8395 8375
f 8354 8375 7889
f 7889 7845 8354
f 8354 8432 8395
f 8354 8635 8632
f 8632 8432 8354
f 6438 6171 6215
f 6215 5807 5806
f 6070 5807 6215
f 6213 6278 6224
f 6140 6213 6224
f 5806 6140 6224
f 6224 6215 5806
f 5916 6073 5978
f 5979 5896 5916
f 7159 7272 7250
f 7250 7272 7499
f 7250 7411 7159
f 7499 7411 7250
f 7622 7272 7302
f 7302 7195 7281
f 6249 6377 6152
f 6152 5965 5949
f 5949 6070 6152
f 6954 7022 6636
f 6070 6171 6222
f 6222 6152 6070
f 6249 6152 6222
f 7366 7325 7159
f 7159 7430 7366
f 7366 7430 7325
f 6636 6402 6440
f 6440 6954 6636
f 6516 6954 6440
f 6440 6402 6438
f 6438 6516 6440
f 6438 6322 6425
f 6438 6425 6538
f 6535 6981 6670
f 6670 6607 6535
f 6670 6981 6918
f 6918 6607 6670
f 9530 7145 7209
f 7209 7172 9530
f 6981 7126 9530
f 7126 7145 9530
f 6918 6981 9530
f 6386 6224 6278
f 6322 6224 6386
f 6386 6278 6435
f 6535 6425 6386
f 6386 6425 6322
f 7076 7172 7195
f 7195 7128 7076
f 7076 9530 7172
f 6918 9530 7076
f 7151 7272 7159
f 7229 7128 7195
f 7195 7302 7229
f 7229 7302 7272
f 7272 7151 7229
f 7229 7151 7128
f 5602 5459 5584
f 5584 5647 5602
f 5751 5647 5584
f 5662 5811 5584
f 5584 5811 5751
f 5390 5297 5132
f 5132 5247 5390
f 4767 4831 4751
f 4751 4709 4767
f 4767 4709 4831
f 2247 2196 2272
f 2195 1943 2196
f 2195 2247 2211
f 2196 2247 2195
f 2291 2224 2294
f 2224 2210 2294
f 2328 2291 2294
f 2294 2528 2328
f 3241 3412 3041
f 3041 3304 3241
f 3060 2823 3041
f 3041 3412 3060
f 2789 2528 2756
f 2756 3000 2789
f 2791 2498 2774
f 2791 3041 2823
f 2528 2498 2791
f 2791 2756 2528
f 3000 2756 2791
f 2791 2823 3075
f 3075 3000 2791
f 3397 3497 3368
f 3368 3156 3397
f 3239 3366 3184
f 3239 3156 3366
f 3184 3000 3239
f 3239 3000 3156
f 2143 2077 2108
f 2108 2123 2143
f 2123 2318 2400
f 2400 2318 2421
f 2965 3119 2841
f 2841 3119 3085
f 3559 3627 3647
f 3647 3627 3845
f 3647 3488 3559
f 3514 3488 3647
f 3647 3844 3514
f 3845 3844 3647
f 3684 3751 3869
f 3869 3627 3684
f 3684 3627 3560
f 3560 3518 3684
f 3518 3650 3684
f 3684 3776 3751
f 3684 3650 3776
f 3138 3412 3384
f 3384 3075 3138
f 3892 3755 3834
f 3834 3755 3669
f 3883 3949 3892
f 3892 3834 3883
f 3883 3834 3843
f 4036 3949 3883
f 3883 3843 4036
f 3669 3493 3652
f 3652 3834 3669
f 3745 3843 3652
f 3554 3745 3652
f 3652 3493 3554
f 5586 5478 5677
f 5461 5478 5586
f 5586 5677 5535
f 5535 5461 5586
f 5972 6038 6087
f 6087 6054 5972
f 5972 6054 5943
f 5971 5943 5535
f 5971 5972 5943
f 6038 5972 5971
f 5535 5677 5971
f 5677 5865 5971
f 6232 6038 5970
f 6038 5971 5970
f 6410 6366 6441
f 6280 6366 6410
f 6410 6192 6280
f 6459 6542 6603
f 6351 6349 6428
f 6603 6559 6428
f 6559 6351 6428
f 6428 6459 6603
f 6349 6459 6428
f 6398 6559 6574
f 6398 6351 6559
f 6052 6007 6119
f 6119 6007 6162
f 6232 5970 6119
f 6119 5970 6052
f 6196 6303 6248
f 6248 6335 6196
f 6196 6335 6179
f 6179 6108 6196
f 6196 6108 6041
f 6195 6054 6087
f 6087 6247 6195
f 6333 6247 6400
f 6400 6301 6445
f 6232 6301 6400
f 6400 6247 6232
f 6400 6336 6333
f 6446 6336 6400
f 6400 6445 6715
f 6715 6446 6400
f 5982 6007 5922
f 5922 5709 5743
f 5743 5982 5922
f 5677 5709 5956
f 5956 5865 5677
f 5709 5922 5956
f 5956 5922 6007
f 5956 6007 6052
f 6052 5970 5956
f 5956 5971 5865
f 5956 5970 5971
f 4938 4873 5184
f 5184 5193 5318
f 5251 4938 5184
f 5184 5318 5251
f 5184 5059 5193
f 5184 4873 5059
f 4606 4807 4769
f 4807 4873 4769
f 4728 4606 4769
f 4769 4873 4728
f 5552 5570 5631
f 5631 5272 5552
f 5552 5272 5570
f 6985 6984 6970
f 6970 6917 6985
f 6970 6806 6917
f 6807 6970 6984
f 6806 6970 6807
f 6575 6806 6807
f 6807 6593 6575
f 8159 8206 8141
f 8204 8206 8159
f 8265 8204 8159
f 8222 8265 8159
f 8159 8151 8222
f 8141 8139 8159
f 8139 8151 8159
f 6506 6726 6331
f 6331 6726 6245
f 6130 6506 6331
f 6331 5864 6130
f 5766 5864 5848
f 5848 5403 5766
f 5692 5864 5766
f 5766 5403 5601
f 5766 5601 5692
f 2301 2505 2343
f 2343 2303 2301
f 2505 2303 2343
f 2976 3049 2919
f 2919 2884 2976
f 2615 2884 2919
f 2919 2561 2615
f 2919 2848 2561
f 4238 4435 4268
f 4435 4451 4268
f 4268 4161 4238
f 4268 4451 4161
f 5137 5246 5163
f 5137 5058 5246
f 5163 5027 5137
f 5027 5058 5137
f 7354 7654 7700
f 7700 7520 7354
f 7353 7533 7354
f 7602 7654 7354
f 7354 7533 7602
f 5773 5652 5719
f 5652 5799 5719
f 5773 5719 5913
f 5913 5719 5799
f 5913 5799 6267
f 6218 6482 6267
f 6218 6484 6482
f 6450 6484 6218
f 6267 5799 6051
f 6051 6218 6267
f 6500 6454 6267
f 6500 6590 6454
f 6539 6590 6628
f 6628 6760 6561
f 6561 6539 6628
f 6628 6799 6760
f 6628 6739 6799
f 6628 6590 6780
f 6780 6739 6628
f 5816 5716 5773
f 5699 5716 5816
f 6091 5962 6057
f 6057 5962 6155
f 6057 6454 6091
f 6057 6155 6454
f 6975 7115 7033
f 7033 6931 6975
f 6975 6931 6929
f 7036 6984 7092
f 6844 6644 6594
f 6594 6593 6844
f 6594 6644 6480
f 6480 6399 6594
f 6399 6593 6594
f 6129 6193 6128
f 6128 5901 6129
f 6193 5901 6128
f 5792 5901 5828
f 5682 5502 5828
f 5828 5502 5792
f 5902 5828 5901
f 5682 5828 5902
f 6399 6174 6264
f 9532 6369 6264
f 6264 6369 6399
f 6264 6174 6191
f 6264 6180 9532
f 6191 6180 6264
f 5964 6109 5963
f 5963 6109 5770
f 5963 5797 5964
f 5770 5797 5963
f 6617 6109 6576
f 6617 6710 6663
f 6663 6478 6617
f 6478 6109 6617
f 6617 6576 6618
f 6618 6710 6617
f 3865 3556 3721
f 3982 3556 3865
f 3721 3665 3865
f 3665 3806 3865
f 3604 3556 3801
f 3961 3799 3801
f 3801 3799 3604
f 3801 4123 3961
f 3801 3963 4123
f 3982 3963 3801
f 3801 3556 3982
f 4228 4442 4189
f 4189 4442 4128
f 4128 4074 4189
f 4189 4133 4228
f 4074 4133 4189
f 3882 4042 4041
f 4041 4042 4128
f 4041 4054 3882
f 4128 4054 4041
f 3566 3431 3355
f 3120 3289 3180
f 3180 2944 3120
f 3120 2944 3027
f 3290 3289 3120
f 3404 3431 3614
f 3614 3564 3404
f 3290 3355 3404
f 3404 3355 3431
f 3404 3328 3290
f 3404 3564 3328
f 2453 2319 2472
f 2275 2319 2453
f 2947 2673 3007
f 2947 2890 2673
f 3027 2890 2990
f 2501 2500 2487
f 2501 2697 2500
f 2487 2568 2501
f 2568 2697 2501
f 3313 3165 3007
f 3392 3165 3313
f 3313 3330 3392
f 3034 2973 3013
f 3013 3037 3034
f 3290 3120 3260
f 3260 3120 3027
f 3260 3355 3290
f 3260 3196 3165
f 3165 3355 3260
f 2883 3037 3013
f 2883 2690 2662
f 2883 2686 2687
f 2687 2688 2883
f 2688 2690 2883
f 2883 2662 2644
f 2644 2714 2883
f 2626 2690 2609
f 2662 2690 2626
f 2409 2662 2626
f 2626 2609 2462
f 2462 2409 2626
f 2750 2616 2591
f 2591 2616 2592
f 3180 3328 3306
f 3614 3839 3837
f 3837 3791 3614
f 3837 3894 3955
f 3955 4042 3837
f 4042 3791 3837
f 3837 3839 3855
f 3855 3894 3837
f 3632 3791 3725
f 3725 3791 3882
f 3371 3346 3272
f 3371 3442 3346
f 3442 3371 3481
f 3512 3556 3411
f 3411 3442 3512
f 3411 3556 3464
f 3464 3318 3411
f 3411 3318 3324
f 3324 3442 3411
f 3819 4000 3665
f 3819 3704 3753
f 3665 3704 3819
f 3753 3870 3819
f 3870 4000 3819
f 4163 4016 3966
f 3966 4164 4163
f 3966 4000 4164
f 3966 4016 3982
f 3982 3865 3966
f 3966 3865 3806
f 5325 5501 5376
f 5529 5438 5376
f 5376 5514 5529
f 5376 5501 5514
f 5376 5112 5325
f 5376 5438 5112
f 6945 6821 7148
f 6821 7136 7148
f 7148 7266 6945
f 7148 7282 7266
f 7148 7136 7282
f 7335 7282 7413
f 7413 7378 7335
f 7335 7378 7282
f 1636 1350 1760
f 1350 1762 1760
f 1760 1880 1636
f 1760 1882 1880
f 2459 2837 2936
f 2936 2440 2459
f 2521 2837 2459
f 2459 2095 2521
f 2459 2440 2095
f 751 488 616
f 616 663 751
f 616 488 502
f 502 663 616
f 3514 3844 3537
f 3537 3844 3497
f 4385 4472 4337
f 4337 4256 4385
f 4337 4472 4317
f 4089 4256 4337
f 4317 4181 4337
f 4181 4089 4337
f 4089 3942 4014
f 4014 4068 4089
f 3998 4068 4014
f 5084 4746 4960
f 4960 5085 5084
f 1573 1696 1486
f 1486 1696 1749
f 1749 1444 1486
f 1260 1240 1221
f 1221 1325 1260
f 1435 1240 1260
f 1260 1325 1435
f 1288 1058 1100
f 1057 1058 1288
f 2219 2148 2130
f 2219 2259 2148
f 2219 2206 2349
f 2130 2206 2219
f 2349 2321 2219
f 2321 2259 2219
f 2131 1823 1917
f 1917 1660 1647
f 1917 1823 1660
f 3535 3588 3555
f 3622 3905 3921
f 3555 3588 3622
f 3735 3574 3648
f 3224 3114 3115
f 3321 3114 3224
f 3115 3207 3224
f 3224 3400 3321
f 3207 3400 3224
f 3172 3114 3321
f 3106 3104 2992
f 2992 3104 2858
f 2992 2858 2723
f 2723 3029 2992
f 3029 3106 2992
f 1171 1142 1144
f 1144 1265 1171
f 1224 1142 1171
f 1171 1265 1224
f 3473 3544 3455
f 3473 3633 3544
f 3473 3455 3598
f 3598 3633 3473
f 4171 3973 4004
f 4004 3973 3950
f 3950 4025 4004
f 4004 4206 4171
f 4004 4025 4206
f 3241 3304 3338
f 3374 3518 3350
f 3350 3304 3374
f 3350 3338 3304
f 3499 3430 3455
f 3612 3430 3499
f 3499 3670 3612
f 4355 4437 4339
f 4513 4437 4355
f 4002 4221 4339
f 4339 4091 4002
f 3947 3934 4002
f 3934 4221 4002
f 4001 3751 3947
f 4001 4037 3751
f 3947 4002 4001
f 4001 4002 4091
f 4001 4219 4037
f 4001 4091 4219
f 5085 4960 4852
f 4106 4069 4217
f 4282 4068 4217
f 4217 4068 4106
f 4635 4595 4784
f 4635 4784 5281
f 4635 5048 4668
f 5281 5048 4635
f 4219 4595 4635
f 3880 3785 3908
f 3908 3932 3880
f 3880 3932 3785
f 4503 4704 4499
f 4499 4704 4610
f 4610 4415 4499
f 4536 4403 4615
f 4615 4524 4536
f 4204 4403 4536
f 4216 4204 4536
f 4536 4524 4216
f 4242 3944 4371
f 4371 3944 4402
f 4371 4402 4458
f 4458 4384 4371
f 4371 4384 4242
f 4560 4716 4458
f 4458 4402 4560
f 4811 4758 4705
f 4705 4716 4811
f 4811 4812 4928
f 4900 4758 4811
f 4928 4900 4811
f 3515 3576 3667
f 3667 3649 3515
f 3667 3576 3785
f 3667 3785 3804
f 3804 3831 3667
f 3831 3649 3667
f 3539 3540 3468
f 3468 3540 3403
f 4527 4789 4583
f 4583 4619 4527
f 4789 4619 4583
f 2573 2551 2676
f 2676 2555 2573
f 3157 2935 3176
f 3176 3322 3157
f 3176 3345 3322
f 2692 2815 2558
f 2324 2555 2558
f 2558 2555 2660
f 2558 3015 2692
f 2558 2660 3015
f 1852 1567 1834
f 1852 1766 1567
f 1910 1766 1852
f 1852 1932 1910
f 1852 1834 1932
f 1528 1766 1767
f 1443 1528 1767
f 1767 1680 1443
f 1659 1680 1767
f 2031 1659 1767
f 2845 2812 2744
f 2744 2812 2634
f 2877 2845 2744
f 2671 2877 2744
f 2744 2634 2671
f 2708 2634 2702
f 2702 2812 2708
f 2634 2812 2702
f 4470 5079 5094
f 5064 5079 4470
f 4470 4991 5064
f 4436 4283 4319
f 4319 4475 4436
f 3736 3772 3572
f 3736 3572 3624
f 4108 3772 3736
f 3624 3827 3736
f 3736 3827 4108
f 3399 3772 3349
f 2863 2718 2731
f 2863 2920 2718
f 2863 2558 2815
f 2731 2666 2863
f 2981 2920 2863
f 4584 4698 4622
f 4622 4698 4779
f 4584 4622 4545
f 3582 3899 3825
f 3461 3417 3582
f 3582 3417 3358
f 3582 3358 3601
f 3582 3601 3690
f 3461 3236 3362
f 3362 3417 3461
f 3236 3417 3362
f 3171 3262 3263
f 3093 3262 3171
f 3073 3093 3171
f 3171 3200 3073
f 3381 3200 3171
f 3477 3406 3461
f 3461 3532 3477
f 2930 3089 3048
f 3089 3110 3048
f 3048 3015 2930
f 3048 3093 3015
f 3048 3110 3093
f 4105 3827 4103
f 4103 3827 4122
f 4103 4283 4105
f 1339 1182 1355
f 1182 1354 1355
f 1427 1339 1355
f 1355 1354 1427
f 287 339 290
f 329 345 330
f 330 351 105
f 105 329 330
f 449 351 330
f 330 345 449
f 1127 1303 1189
f 1189 1091 1127
f 1189 1408 1173
f 1189 1303 1408
f 2121 2076 2165
f 2121 2190 2144
f 2165 2190 2121
f 2144 2082 2121
f 2082 2006 2121
f 2006 1977 2121
f 1915 1913 2121
f 2121 1977 1915
f 4095 4203 4096
f 4095 4094 4203
f 3989 4094 4095
f 4096 3749 4095
f 4095 3749 3989
f 1913 1914 1955
f 2089 2076 1955
f 1955 2121 1913
f 2076 2121 1955
f 2096 1914 1897
f 2096 2142 2089
f 1897 1865 2096
f 2089 1955 2096
f 2096 1955 1914
f 2577 2142 2096
f 2096 1865 2153
f 2153 2577 2096
f 772 921 827
f 921 843 827
f 827 747 772
f 827 843 747
f 2113 2066 1967
f 2169 2066 2113
f 1967 2007 2113
f 2113 2331 2169
f 2398 2331 2113
f 2113 2007 2398
f 1336 1438 1754
f 1589 1270 1336
f 1336 1270 1173
f 1408 1438 1336
f 1173 1408 1336
f 1967 1631 1619
f 1619 1903 1967
f 1754 1903 1619
f 1509 1612 1382
f 1440 1531 1509
f 1915 1870 1764
f 1764 1745 1408
f 1764 1782 1915
f 1764 1158 1782
f 1303 1158 1764
f 1408 1303 1764
f 1971 1408 1820
f 4762 4831 4777
f 4777 4693 4762
f 4831 4693 4777
f 4637 4709 4602
f 4831 4709 4637
f 4582 4602 4356
f 4356 4325 4582
f 4325 4479 4582
f 3682 3749 3686
f 3686 3606 3682
f 3682 3606 3749
f 4019 3686 3893
f 3893 3930 4019
f 3686 3930 3893
f 4875 4991 4661
f 4779 4875 4661
f 4609 4622 4661
f 4661 4622 4779
f 5028 4991 4955
f 5045 5167 4955
f 5167 5028 4955
f 4955 4991 4875
f 4955 4858 5045
f 4955 4875 4858
f 5519 5431 5534
f 5534 5730 5519
f 5519 5730 5713
f 5519 5713 5494
f 5494 5431 5519
f 4003 4107 4090
f 4090 4387 4003
f 4107 4387 4090
f 4506 4525 4421
f 4421 4354 4506
f 4107 4354 4421
f 4421 4387 4107
f 4760 4627 4717
f 4717 4961 4760
f 5101 4961 4717
f 4717 4506 5101
f 4717 4627 4506
f 4326 4076 4134
f 4076 3975 4134
f 4326 4134 4149
f 4149 4134 3975
f 4005 4093 4149
f 4149 3935 4005
f 4149 3975 3935
f 4953 4815 5010
f 4953 5010 5129
f 5129 5087 4953
f 4953 5087 5310
f 4953 5226 4996
f 5310 5226 4953
f 4760 4692 4594
f 4594 4554 4760
f 4692 4554 4594
f 4358 4692 4326
f 4358 4554 4692
f 4326 4149 4358
f 4358 4149 4554
f 4616 4554 4508
f 4508 4525 4616
f 4554 4149 4508
f 3986 4003 4508
f 4003 4525 4508
f 4584 4545 4495
f 4495 4545 4429
f 4566 4584 4495
f 4326 4692 4541
f 4541 4581 4326
f 4692 4581 4541
f 4362 4330 4076
f 4076 4581 4362
f 4362 4495 4330
f 4566 4495 4362
f 5070 5365 5149
f 5070 4999 5365
f 4984 4996 5365
f 5365 4999 4984
f 4676 4581 4692
f 5129 5102 5175
f 5102 5187 5175
f 5175 5310 5129
f 5175 5187 5310
f 3694 3343 3528
f 3694 3874 3343
f 3956 3874 3694
f 3694 3528 3992
f 3992 3956 3694
f 3270 3205 3039
f 3039 2907 2960
f 3039 3205 2907
f 141 147 148
f 140 147 141
f 141 148 142
f 142 140 141
f 7429 7377 7363
f 7170 7633 7429
f 7429 7363 7170
f 7633 7548 7429
f 7548 7377 7429
f 7606 7814 7847
f 7545 7814 7606
f 7606 7847 7946
f 7946 7605 7606
f 7606 7544 7545
f 7605 7205 7606
f 7205 7544 7606
f 7849 7545 7570
f 7570 7555 7849
f 7545 7555 7570
f 7249 7555 7345
f 7345 7086 7249
f 7345 7157 7086
f 7345 7205 7157
f 7345 7545 7205
f 7345 7555 7545
f 5372 5495 5289
f 5289 5525 5372
f 5372 5525 5495
f 5276 5525 5196
f 5301 5525 5276
f 5196 5171 5276
f 5171 5301 5276
f 4314 4212 4179
f 4179 4144 4314
f 4179 4011 4144
f 3921 4011 4179
f 3548 4097 3581
f 4157 4097 3548
f 3548 3460 3476
f 3581 3460 3548
f 3392 3581 3579
f 3581 3636 3579
f 3579 3494 3392
f 3579 3688 3566
f 3855 3688 3579
f 3579 3636 3855
f 4157 4212 4296
f 4296 4294 4157
f 4415 4294 4296
f 4382 4415 4296
f 4296 4212 4382
f 4655 4518 4642
f 4642 4724 4655
f 4518 4859 4642
f 4642 4859 4724
f 4585 4493 4228
f 4655 4493 4585
f 4228 4229 4430
f 4430 4585 4228
f 4542 4585 4430
f 4713 4487 4610
f 4713 4518 4484
f 4713 4859 4518
f 4909 4859 4713
f 4713 4610 4741
f 4705 4795 4757
f 4757 4704 4705
f 4741 4757 4826
f 4826 5171 4885
f 4958 4887 4846
f 4846 4795 4958
f 4846 4887 5171
f 5171 4826 4846
f 4846 4757 4795
f 4846 4826 4757
f 6177 5856 6194
f 6194 6207 6177
f 5989 5856 6177
f 6177 6207 5989
f 8848 8944 8892
f 8892 8925 8848
f 8892 8958 8925
f 8892 8944 9013
f 9013 8958 8892
f 6789 6751 6875
f 6875 6839 6789
f 6638 6751 6789
f 6789 6839 6683
f 6789 6683 6181
f 6181 6252 6789
f 6789 6252 6638
f 4247 4152 4304
f 4304 4098 4247
f 4247 4098 4152
f 8383 8412 8355
f 8355 8373 8383
f 8383 8373 8412
f 9198 9341 9278
f 9278 9160 9198
f 9278 9341 9154
f 9154 9160 9278
f 7068 7192 7158
f 7068 7110 7192
f 7068 7127 7055
f 7068 7158 7127
f 7068 7055 6900
f 7032 7110 7068
f 7068 6900 6948
f 7068 6948 7032
f 5774 5825 5721
f 5890 5825 5774
f 5774 5889 5890
f 5721 5653 5774
f 5774 5653 5557
f 5557 5633 5774
f 5820 5889 5774
f 5774 5603 5820
f 5774 5633 5603
f 6651 6591 6615
f 6651 6834 6785
f 6651 6785 6677
f 6677 6591 6651
f 6783 6834 6651
f 6651 6615 6783
f 6053 6508 6460
f 6460 6370 6053
f 6412 6370 6460
f 6460 6403 6339
f 6339 6412 6460
f 6460 6546 6403
f 6460 6508 6546
f 9004 9056 9020
f 9020 8993 9004
f 9004 9098 9056
f 9022 9084 9100
f 9100 9004 9022
f 9022 9004 8993
f 8657 8633 8728
f 8633 8659 8728
f 9186 9134 9150
f 9150 9094 9105
f 9150 9185 9186
f 9150 9105 9185
f 8998 8999 9054
f 9054 9055 8998
f 9054 8999 9094
f 9084 9055 9054
f 9099 9056 9109
f 9056 9098 9109
f 9109 9126 9099
f 9204 9126 9109
f 9109 9116 9204
f 9100 9116 9109
f 8118 7988 8019
f 8019 7988 7978
f 8103 8118 8019
f 8019 8003 8103
f 7978 8003 8019
f 8063 8124 8084
f 8084 8138 8063
f 8124 8138 8084
f 8187 8214 8160
f 8187 8223 8214
f 8187 8160 8140
f 8140 8153 8187
f 8839 8900 8804
f 8804 8783 8839
f 8839 8801 8900
f 8783 8801 8839
f 8804 8695 8774
f 8774 8783 8804
f 8695 8783 8774
f 9114 8900 8865
f 8865 8801 9114
f 8900 8801 8865
f 9114 8801 8799
f 8799 8971 9088
f 8799 8435 8426
f 8440 8435 8799
f 8799 8801 8440
f 8912 8971 8799
f 8426 8912 8799
f 9112 9141 9121
f 9121 9141 9114
f 9121 9088 9112
f 9121 8799 9088
f 9114 8799 9121
f 9112 9209 9176
f 9176 9141 9112
f 9209 9141 9176
f 9281 9138 9155
f 9138 9143 9155
f 9155 9231 9281
f 9155 9143 9231
f 9443 9391 9392
f 9443 9416 9444
f 9443 9404 9416
f 9443 9392 9381
f 9381 9404 9443
f 9444 9458 9443
f 9443 9451 9407
f 9458 9451 9443
f 9469 9484 9503
f 9503 9481 9469
f 9484 9481 9503
f 9494 9481 9498
f 9493 9481 9494
f 9494 9483 9493
f 9482 9483 9489
f 9489 9488 9482
f 9482 9488 9467
f 9483 9482 9468
f 9409 9410 9468
f 9468 9424 9409
f 9469 9483 9457
f 9429 9456 9457
f 9457 9456 9469
f 9483 9468 9457
f 9457 9468 9410
f 9287 9286 9259
f 9311 9286 9287
f 9290 9311 9287
f 9287 9195 9290
f 9259 9145 9287
f 9287 9145 9200
f 9287 9200 9181
f 9181 9195 9287
f 9378 9420 9364
f 9378 9407 9420
f 9378 9286 9391
f 9378 9443 9407
f 9391 9443 9378
f 9305 9232 9259
f 9259 9286 9305
f 9286 9378 9305
f 9305 9378 9364
f 9163 9232 9162
f 9163 9162 8956
f 8956 9145 9163
f 9259 9232 9163
f 9163 9145 9259
f 9447 9430 9475
f 9418 9430 9447
f 9475 9460 9447
f 9460 9418 9447
f 9449 9475 9459
f 9459 9430 9449
f 9475 9430 9459
f 9412 9385 9425
f 9425 9430 9412
f 9412 9418 9385
f 9412 9430 9418
f 9409 9395 9396
f 9395 9310 9396
f 9396 9410 9409
f 9396 9310 9410
f 9417 9456 9402
f 9429 9457 9402
f 9402 9457 9410
f 9327 9352 9369
f 9352 9402 9369
f 9177 9339 9254
f 9254 9215 9177
f 9339 9419 9254
f 9237 9215 9254
f 9254 9419 9237
f 7176 7056 7074
f 7176 7225 7056
f 7176 7074 7175
f 7175 7225 7176
f 8378 8352 8377
f 8378 8354 8352
f 8378 8377 8506
f 8506 8475 8378
f 8378 8475 8635
f 8635 8354 8378
f 6141 6171 6070
f 6070 6215 6141
f 6141 6215 6171
f 6260 6224 6322
f 6215 6224 6260
f 6260 6322 6438
f 6438 6215 6260
f 6291 5978 6073
f 6291 6377 6378
f 6378 6355 6291
f 6355 5978 6291
f 6291 6152 6377
f 6061 5979 5916
f 5916 5978 6061
f 6028 5896 6061
f 5896 5979 6061
f 6061 6355 6028
f 6061 5978 6355
f 5949 5965 5893
f 5893 5891 5949
f 5670 5526 5893
f 5526 5891 5893
f 5977 6073 5916
f 5977 5893 5965
f 5916 5915 5977
f 7281 7300 7311
f 7311 7302 7281
f 7311 7300 7622
f 7622 7302 7311
f 6171 6402 6353
f 6353 6222 6171
f 6249 6222 6353
f 6353 6273 6249
f 6353 6377 6273
f 6353 6402 6377
f 6607 6538 6584
f 6584 6538 6425
f 6535 6607 6584
f 6584 6425 6535
f 6868 6954 6516
f 6868 6516 6438
f 6438 6538 6868
f 6952 6954 6868
f 6868 6607 6952
f 6868 6538 6607
f 6452 6435 6535
f 6535 6386 6452
f 6452 6386 6435
f 7037 6952 6918
f 6918 7076 7037
f 7159 7022 7039
f 7039 7151 7159
f 7022 6954 7039
f 7039 7037 7076
f 7039 7076 7128
f 7128 7151 7039
f 7039 6954 6952
f 6952 7037 7039
f 5591 5680 5662
f 5662 5584 5591
f 5132 4966 5263
f 5263 5247 5132
f 5263 4966 5311
f 2211 2247 2245
f 1960 2195 2211
f 1943 2195 1960
f 1960 2211 1757
f 1795 1943 1960
f 1757 1795 1960
f 2488 2502 2763
f 2763 2699 2488
f 2488 2421 2502
f 2488 2400 2421
f 2077 2143 2298
f 2941 2841 3085
f 3085 3232 2941
f 3232 3304 2941
f 3304 3041 2941
f 2653 2841 2513
f 2965 2841 2653
f 2653 2488 2699
f 2653 2778 2965
f 2653 2699 2778
f 2774 2498 2499
f 3444 3384 3412
f 3444 3537 3497
f 3497 3397 3444
f 3514 3537 3444
f 3444 3397 3156
f 3444 3488 3514
f 3412 3488 3444
f 3444 3156 3075
f 3075 3384 3444
f 3843 3834 3732
f 3732 3652 3843
f 3834 3652 3732
f 6427 6410 6441
f 6349 6410 6427
f 6427 6459 6349
f 6441 6542 6427
f 6542 6459 6427
f 6352 6119 6351
f 6351 6398 6352
f 6352 6301 6232
f 6232 6119 6352
f 6445 6301 6352
f 6352 6574 6445
f 6352 6398 6574
f 6265 6119 6162
f 6351 6119 6265
f 6162 6192 6265
f 6265 6349 6351
f 6192 6410 6265
f 6265 6410 6349
f 6149 6041 5928
f 6149 6196 6041
f 5928 6054 6149
f 6054 6195 6149
f 6149 6195 6196
f 6196 6195 6270
f 6270 6336 6303
f 6303 6196 6270
f 6333 6336 6270
f 6270 6247 6333
f 6270 6195 6247
f 6844 6807 6878
f 6878 6807 6984
f 6878 7036 6844
f 6984 7036 6878
f 6844 6593 6735
f 6735 6807 6844
f 6593 6807 6735
f 6245 5864 6299
f 6299 6331 6245
f 5864 6331 6299
f 2953 2919 3049
f 2848 2919 2953
f 2613 2848 2953
f 2953 3049 3059
f 2631 2595 2953
f 2953 2595 2613
f 2888 2631 2953
f 2953 3021 2888
f 2953 3059 3021
f 5992 5913 6267
f 5773 5913 5992
f 6267 6454 5992
f 5992 5816 5773
f 5962 5816 5992
f 6454 6155 5992
f 6155 5962 5992
f 5744 5799 5682
f 5744 6051 5799
f 6590 6627 6723
f 6590 6500 6517
f 6517 6627 6590
f 6517 6500 6267
f 6267 6482 6579
f 6482 6758 6579
f 6795 6758 6847
f 6795 6579 6758
f 6627 6579 6795
f 5699 5816 5753
f 5753 5800 5699
f 5753 5931 5800
f 5872 5962 6091
f 5872 5816 5962
f 6091 5931 5872
f 5931 5753 5872
f 5872 5753 5816
f 7036 7134 7058
f 7058 7082 6597
f 6597 6608 7058
f 7058 6608 6844
f 6844 7036 7058
f 7129 7036 7092
f 7129 7134 7036
f 7129 7092 7116
f 6003 6193 6144
f 6144 5902 6003
f 6003 5902 6193
f 5983 5901 6193
f 6193 5902 5983
f 5983 5902 5901
f 6175 5902 6144
f 6218 6051 6175
f 6144 6450 6175
f 6450 6218 6175
f 3165 3494 3375
f 3375 3355 3165
f 3031 2947 3007
f 2890 2947 3031
f 3031 2990 2890
f 3027 2990 3031
f 3007 3165 3031
f 3165 3196 3031
f 3031 3260 3027
f 3196 3260 3031
f 2973 3034 3088
f 3088 3034 3330
f 3088 3313 3007
f 3330 3313 3088
f 3393 3037 3476
f 3393 3034 3037
f 3330 3034 3393
f 3476 3460 3393
f 3581 3330 3393
f 3393 3460 3581
f 2922 2865 2867
f 2867 3115 2922
f 3115 3114 2922
f 2916 3114 3018
f 2916 3018 3037
f 3037 2883 2916
f 3013 2973 2847
f 2847 2883 3013
f 2847 2973 2686
f 2686 2883 2847
f 2592 2523 2594
f 2594 2591 2592
f 2750 2591 2594
f 2716 2750 2594
f 2594 2523 2716
f 3756 3870 3753
f 3753 3708 3756
f 3756 3725 3882
f 3328 3564 3594
f 3594 3564 3632
f 3272 3206 3305
f 3305 3371 3272
f 3516 3665 3513
f 3516 3704 3665
f 3513 3442 3516
f 3442 3481 3516
f 3969 3806 4000
f 4000 3966 3969
f 3969 3966 3806
f 1796 1762 1882
f 1882 1760 1796
f 1796 1760 1762
f 3906 4014 3942
f 3906 3844 3845
f 3802 3586 3906
f 3586 3844 3906
f 3877 3802 3906
f 3906 3942 3877
f 4746 4783 4851
f 4851 4960 4746
f 4783 4852 4851
f 4851 4852 4960
f 1386 1423 1151
f 1151 1152 1386
f 1749 1529 1502
f 1502 1444 1749
f 1455 1299 1300
f 1329 1299 1455
f 2151 2131 1873
f 2131 1917 1873
f 2174 2151 1873
f 2178 2174 1873
f 1647 1649 1873
f 1873 1649 1729
f 1873 1687 2178
f 1729 1687 1873
f 3574 3735 3863
f 3648 3905 3863
f 3863 3735 3648
f 3422 3555 3621
f 3555 3622 3621
f 3621 3622 3921
f 3476 3422 3621
f 3621 3495 3476
f 3921 3495 3621
f 3555 3321 3323
f 3323 3400 3555
f 3321 3400 3323
f 3285 3207 3225
f 3285 3400 3207
f 3225 3498 3285
f 3498 3400 3285
f 3536 3535 3555
f 3555 3400 3536
f 3574 3535 3536
f 3498 3574 3536
f 3536 3400 3498
f 3037 3018 3111
f 3018 3114 3111
f 3338 3350 3491
f 3560 3538 3491
f 3491 3518 3560
f 3491 3350 3518
f 3491 3538 3241
f 3241 3338 3491
f 3543 3499 3455
f 3670 3499 3543
f 3455 3544 3543
f 3544 3670 3543
f 4285 4221 4513
f 4513 4355 4285
f 4339 4221 4285
f 4285 4355 4339
f 4167 4069 4219
f 4167 4217 4069
f 4474 4783 4401
f 4474 4401 4282
f 4282 4217 4474
f 4474 4852 4783
f 4474 4635 4668
f 4668 5085 4474
f 5085 4852 4474
f 4382 4503 4419
f 4503 4499 4419
f 4419 4415 4382
f 4419 4499 4415
f 4688 4667 4812
f 4812 4811 4688
f 4402 4667 4688
f 4688 4560 4402
f 4716 4560 4688
f 4688 4811 4716
f 3372 3302 3141
f 3539 3468 3372
f 3403 3302 3372
f 3372 3468 3403
f 3372 3453 3539
f 3372 3105 3453
f 3141 3005 3372
f 3372 3005 3105
f 2706 2583 2701
f 2995 2948 3197
f 2995 2706 2948
f 2676 2706 2995
f 3234 3278 2995
f 3197 3234 2995
f 2894 3089 2930
f 2894 3278 3089
f 2894 2995 3278
f 2930 2640 2677
f 2640 2555 2677
f 2555 2676 2677
f 3320 3176 3381
f 3345 3176 3320
f 3381 3439 3320
f 3320 3439 3345
f 3074 2935 2981
f 3074 3176 2935
f 3381 3176 3074
f 3074 2981 3073
f 3074 3200 3381
f 3073 3200 3074
f 2666 2629 2540
f 2540 2295 2324
f 2540 2629 2295
f 1891 1988 1972
f 1910 1988 1891
f 4475 4319 4456
f 5094 4534 4453
f 4453 4470 5094
f 3572 3772 3347
f 3772 3399 3347
f 3347 3322 3572
f 3347 3399 3322
f 3287 3399 3349
f 3349 3161 3287
f 3161 3024 3287
f 3024 3116 3287
f 3287 3116 3157
f 3157 3322 3287
f 3322 3399 3287
f 2628 2863 2666
f 2558 2863 2628
f 2981 2863 2934
f 3073 2981 2934
f 2934 2979 3073
f 2934 2815 2979
f 2934 2863 2815
f 3530 3582 3825
f 3461 3582 3530
f 3825 3798 3530
f 3530 3532 3461
f 3798 3532 3530
f 4280 3899 3824
f 3899 3582 3824
f 3263 3406 3421
f 3406 3477 3421
f 3421 3171 3263
f 3421 3477 3532
f 3381 3171 3421
f 3479 3381 3421
f 3421 3714 3479
f 3798 3714 3421
f 3421 3532 3798
f 301 339 328
f 301 290 339
f 328 316 301
f 1173 1091 1139
f 1139 1189 1173
f 1091 1189 1139
f 1589 1336 1601
f 1601 1336 1754
f 1601 1619 1589
f 1754 1619 1601
f 1603 1531 1440
f 1440 1173 1603
f 1173 1270 1603
f 1603 1270 1589
f 1589 1619 1603
f 1510 1382 1440
f 1440 1509 1510
f 1510 1509 1382
f 1924 1612 1630
f 1612 1509 1630
f 1630 1631 1967
f 1967 1924 1630
f 1630 1619 1631
f 1630 1603 1619
f 1630 1509 1531
f 1531 1603 1630
f 1745 1764 1839
f 1839 1764 1870
f 1408 1745 1839
f 1839 1820 1408
f 1839 1870 1971
f 1971 1820 1839
f 4639 4479 4691
f 4639 4582 4479
f 4691 4693 4639
f 4639 4637 4602
f 4602 4582 4639
f 4639 4693 4831
f 4831 4637 4639
f 5391 5194 5389
f 5555 5391 5389
f 5389 5194 5167
f 5389 5167 5296
f 5296 5462 5389
f 5462 5555 5389
f 4525 4387 4422
f 4422 4421 4525
f 4387 4421 4422
f 4692 4953 4975
f 4975 4953 4996
f 4996 4984 4975
f 4692 4815 4803
f 4803 4953 4692
f 4815 4953 4803
f 4205 4149 4093
f 4205 4508 4149
f 4205 4093 3986
f 3986 4508 4205
f 4566 4362 4530
f 4999 5070 5014
f 5014 4698 4584
f 5149 4698 5014
f 5014 5070 5149
f 4721 5014 4584
f 4999 5014 4721
f 4721 4584 4566
f 4566 4530 4721
f 2960 3270 3079
f 3079 3039 2960
f 3270 3039 3079
f 3921 4179 4120
f 4120 4179 4212
f 4120 4157 3921
f 4120 4212 4157
f 3921 4157 3728
f 3728 3548 3921
f 4157 3548 3728
f 3476 3921 3640
f 3640 3548 3476
f 3921 3548 3640
f 4517 4585 4542
f 4517 4430 4518
f 4542 4430 4517
f 4517 4518 4655
f 4655 4585 4517
f 4484 4518 4363
f 4518 4430 4363
f 4363 4430 4229
f 4229 4248 4363
f 4291 4484 4363
f 4363 4248 4291
f 4519 4713 4484
f 4487 4713 4519
f 4434 4487 4519
f 4519 4308 4434
f 4484 4308 4519
f 4885 4909 4793
f 4909 4713 4793
f 4793 4826 4885
f 4793 4713 4741
f 4741 4826 4793
f 4741 4704 4756
f 4756 4757 4741
f 4704 4757 4756
f 9061 9004 9100
f 9098 9004 9061
f 9100 9109 9061
f 9061 9109 9098
f 8989 9055 9084
f 8998 9055 8989
f 8753 8659 8749
f 8753 8728 8659
f 8699 8664 8657
f 8699 8702 8664
f 9082 9134 9084
f 9082 9150 9134
f 9094 9150 9082
f 9082 9054 9094
f 9084 9054 9082
f 8336 8223 8232
f 8223 8187 8232
f 8281 8298 8232
f 8298 8336 8232
f 9489 9483 9490
f 9483 9494 9490
f 9498 9489 9490
f 9490 9494 9498
f 9455 9482 9467
f 9455 9468 9482
f 9424 9468 9455
f 9455 9434 9424
f 9467 9434 9455
f 9284 9305 9364
f 9232 9305 9284
f 9284 9364 9162
f 9162 9232 9284
f 9370 9352 9417
f 9417 9402 9370
f 9370 9402 9352
f 9403 9456 9429
f 9429 9402 9403
f 9403 9402 9456
f 9367 9410 9327
f 9327 9369 9367
f 9367 9369 9410
f 9411 9402 9410
f 9410 9369 9411
f 9411 9369 9402
f 6073 6152 6112
f 6112 6291 6073
f 6152 6291 6112
f 5670 5893 5826
f 5673 5670 5826
f 5826 5915 5673
f 5826 5977 5915
f 5893 5977 5826
f 6073 5977 5996
f 5996 5977 5965
f 5996 6152 6073
f 5965 6152 5996
f 5509 5390 5416
f 5509 5416 5574
f 5509 5574 5680
f 5680 5591 5509
f 5349 5390 5247
f 5247 5263 5349
f 5416 5390 5349
f 5311 5416 5349
f 5349 5263 5311
f 2417 2247 2498
f 2417 2245 2247
f 2245 2417 2267
f 2267 2294 2210
f 2267 2210 2211
f 2211 2245 2267
f 2314 2298 2513
f 2488 2653 2399
f 2400 2488 2399
f 2399 2298 2400
f 2337 2143 2123
f 2337 2298 2143
f 2123 2400 2337
f 2400 2298 2337
f 2774 2499 2775
f 2513 2841 2875
f 2841 2941 2875
f 2875 2775 2513
f 2941 2775 2875
f 6780 6590 6671
f 6671 6723 6780
f 6590 6723 6671
f 7096 6723 6627
f 7096 6975 6929
f 7115 6975 7096
f 7096 6795 6847
f 6627 6795 7096
f 7539 7115 7096
f 7096 7339 7287
f 7537 7539 7096
f 7096 7081 7188
f 6847 7082 7096
f 7082 7081 7096
f 7096 7382 7537
f 7287 7382 7096
f 6526 6517 6267
f 6267 6579 6526
f 6627 6517 6526
f 6526 6579 6627
f 7288 7520 7338
f 7338 7231 7288
f 7288 7231 7520
f 7134 7188 7119
f 7082 7058 7119
f 7119 7058 7134
f 7119 7081 7082
f 7188 7081 7119
f 7134 7231 7260
f 7260 7188 7134
f 7260 7231 7338
f 7338 7339 7260
f 7200 7129 7116
f 7353 7354 7200
f 7134 7129 7200
f 7200 7354 7520
f 7520 7231 7200
f 7200 7231 7134
f 5902 6175 6022
f 5682 5902 6022
f 6022 5744 5682
f 6051 5744 6022
f 6022 6175 6051
f 3494 3579 3474
f 3474 3375 3494
f 3355 3375 3474
f 3566 3355 3474
f 3474 3579 3566
f 2275 2453 2317
f 2453 2470 2317
f 2487 2275 2317
f 2533 2470 2453
f 2472 2606 2533
f 2533 2453 2472
f 3008 3088 3007
f 3007 2829 3008
f 2973 3088 3008
f 2829 2973 3008
f 2899 2922 3114
f 3114 2916 2899
f 3836 3756 3882
f 3870 3756 3836
f 3882 4054 3836
f 4054 3870 3836
f 3653 3594 3632
f 3632 3725 3653
f 3725 3756 3653
f 3228 3206 3159
f 3228 3305 3206
f 3159 3080 3228
f 3080 3140 3228
f 3228 3140 3160
f 3160 3180 3228
f 3371 3305 3337
f 3594 3653 3471
f 3471 3756 3708
f 3471 3653 3756
f 3704 3516 3608
f 3998 4014 3967
f 4014 3906 3967
f 3967 3845 3998
f 3967 3906 3845
f 1423 1386 1406
f 1444 1502 1406
f 1406 1486 1444
f 1406 1386 1152
f 1276 1240 1406
f 1419 1455 1300
f 1300 1265 1419
f 1419 1476 1613
f 1578 1668 1666
f 1862 1849 1578
f 1578 1849 1668
f 1578 1613 1862
f 1451 1329 1454
f 1329 1455 1454
f 1491 1578 1455
f 1529 1613 1545
f 1613 1476 1545
f 1845 1917 1647
f 1647 1873 1845
f 1845 1873 1917
f 3905 3622 3719
f 3719 3863 3905
f 3719 3622 3588
f 3588 3535 3719
f 3719 3535 3574
f 3574 3863 3719
f 3268 3422 3476
f 3114 3172 3268
f 3268 3111 3114
f 3268 3321 3422
f 3476 3037 3268
f 3037 3111 3268
f 3268 3172 3321
f 4257 4474 4217
f 4257 4167 4219
f 4217 4167 4257
f 4219 4635 4257
f 4635 4474 4257
f 2827 2706 2701
f 2948 2706 2827
f 2827 2701 2724
f 2724 2948 2827
f 2583 2706 2620
f 2620 2706 2676
f 2620 2676 2551
f 2620 2551 2571
f 2571 2583 2620
f 2676 2995 2880
f 2846 2894 2930
f 2930 2677 2846
f 2846 2677 2676
f 2676 2880 2846
f 2995 2894 2846
f 2846 2880 2995
f 2324 2558 2395
f 2395 2540 2324
f 1816 1767 1766
f 1816 1766 1910
f 1910 1891 1816
f 2083 2031 1816
f 2031 1767 1816
f 1816 1972 2083
f 1816 1891 1972
f 4475 4456 4551
f 4551 4534 5124
f 5124 4553 4551
f 4553 4475 4551
f 4271 4456 4319
f 4271 4319 4283
f 4283 4103 4271
f 4271 4103 4122
f 4470 4453 4397
f 4397 4280 4396
f 4397 4214 4280
f 4609 4661 4397
f 4991 4470 4397
f 4397 4661 4991
f 4397 4381 4609
f 4396 4381 4397
f 2611 2540 2558
f 2558 2628 2611
f 2666 2540 2611
f 2611 2628 2666
f 4280 3824 4140
f 275 301 316
f 275 101 111
f 275 316 101
f 290 301 275
f 275 111 104
f 104 272 275
f 275 272 287
f 287 290 275
f 4931 4676 4692
f 4692 4975 4931
f 4931 4975 4984
f 4931 4984 4999
f 4999 4721 4931
f 4931 4721 4676
f 4581 4676 4629
f 4676 4721 4629
f 4629 4721 4530
f 4629 4362 4581
f 4629 4530 4362
f 9002 9022 8993
f 9084 9022 9002
f 9002 8989 9084
f 8998 8989 8966
f 8872 8998 8966
f 8966 8873 8872
f 8906 8966 8989
f 8749 8873 8906
f 8873 8966 8906
f 8989 9002 8906
f 8657 8728 8707
f 8707 8699 8657
f 8215 8232 8187
f 8215 8186 8281
f 8281 8232 8215
f 8215 8153 8186
f 8215 8187 8153
f 5510 5591 5584
f 5510 5509 5591
f 2528 2294 2508
f 2294 2267 2508
f 2508 2267 2417
f 2508 2498 2528
f 2508 2417 2498
f 2335 2434 2272
f 2499 2434 2335
f 2163 2077 2252
f 2298 2314 2252
f 2513 2298 2530
f 2298 2399 2530
f 2530 2399 2653
f 2774 2775 2961
f 2961 2775 3041
f 2961 2791 2774
f 3041 2791 2961
f 2924 2941 3041
f 3041 2775 2924
f 2924 2775 2941
f 2361 2247 2272
f 2272 2434 2361
f 2498 2247 2361
f 2361 2499 2498
f 2361 2434 2499
f 6780 6723 7080
f 6723 7096 7080
f 6929 6780 7080
f 7080 7096 6929
f 7202 7096 7188
f 7188 7260 7202
f 7339 7096 7202
f 7202 7260 7339
f 7187 7116 7295
f 7187 7200 7116
f 7187 7295 7353
f 7353 7200 7187
f 2487 2317 2547
f 2547 2317 2470
f 2547 2568 2487
f 2470 2533 2547
f 2673 2568 2547
f 2865 2922 2835
f 2922 2899 2835
f 2576 2865 2835
f 2644 2576 2835
f 2835 2714 2644
f 2835 2899 2916
f 2835 2883 2714
f 2835 2916 2883
f 3305 3228 3257
f 3180 3306 3257
f 3257 3228 3180
f 3448 3481 3371
f 3371 3337 3448
f 3448 3516 3481
f 3448 3471 3708
f 3339 3257 3306
f 3305 3257 3339
f 3753 3704 3683
f 3704 3608 3683
f 3683 3708 3753
f 3683 3608 3516
f 3683 3448 3708
f 3516 3448 3683
f 1276 1406 1256
f 1256 1406 1152
f 1256 1240 1276
f 1256 1152 1240
f 1447 1406 1240
f 1447 1240 1469
f 1486 1406 1447
f 1447 1469 1573
f 1573 1486 1447
f 1302 1419 1265
f 1288 1419 1302
f 1302 1265 1057
f 1057 1288 1302
f 1476 1419 1380
f 1475 1454 1455
f 1451 1454 1475
f 1475 1666 1451
f 1475 1578 1666
f 1455 1578 1475
f 1455 1419 1519
f 1519 1491 1455
f 1578 1491 1519
f 1529 1545 1460
f 1460 1545 1476
f 1476 1380 1460
f 1460 1502 1529
f 1423 1406 1460
f 1460 1406 1502
f 2558 2540 2535
f 2535 2395 2558
f 2540 2395 2535
f 4456 4271 4454
f 4454 4271 4453
f 4454 4453 4534
f 4534 4551 4454
f 4454 4551 4456
f 4453 4271 4418
f 4418 4397 4453
f 4418 4271 4122
f 4418 4122 4214
f 4214 4397 4418
f 4082 4140 3824
f 4082 3824 3582
f 3690 4045 4082
f 4045 4330 4082
f 4429 4140 4082
f 4082 4495 4429
f 4330 4495 4082
f 8825 8753 8749
f 8749 8906 8825
f 8728 8753 8825
f 8702 8699 8758
f 8699 8707 8758
f 8743 8702 8758
f 8758 8707 8728
f 8758 8993 8743
f 5400 5584 5459
f 5400 5510 5584
f 5400 5459 5148
f 5390 5509 5400
f 5509 5510 5400
f 5148 5297 5400
f 5297 5390 5400
f 2420 2775 2499
f 2499 2335 2420
f 2513 2775 2420
f 2420 2314 2513
f 2420 2335 2314
f 2314 2335 2251
f 2251 2252 2314
f 2163 2252 2251
f 2272 2163 2251
f 2251 2335 2272
f 2077 2298 2167
f 2167 2252 2077
f 2298 2252 2167
f 2564 2653 2513
f 2513 2530 2564
f 2564 2530 2653
f 2582 2533 2606
f 2582 2547 2533
f 2582 2606 2673
f 2673 2547 2582
f 3402 3448 3337
f 3471 3448 3402
f 3402 3337 3305
f 3305 3339 3402
f 3402 3339 3306
f 3402 3306 3328
f 3328 3594 3402
f 3594 3471 3402
f 1578 1519 1543
f 1613 1578 1543
f 1543 1419 1613
f 1543 1519 1419
f 1151 1423 1383
f 1423 1460 1383
f 4352 4381 4280
f 4280 4333 4352
f 4609 4381 4352
f 4280 4140 4266
f 4266 4333 4280
f 4446 4622 4609
f 4609 4352 4446
f 4446 4352 4333
f 4446 4545 4622
f 3897 3582 3690
f 3690 4082 3897
f 3897 4082 3582
f 8728 8825 8939
f 8939 8758 8728
f 8939 8825 8906
f 8993 8758 8939
f 8939 9002 8993
f 8939 8906 9002
f 1151 1383 1146
f 1146 1460 1380
f 1146 1383 1460
f 1146 1288 1100
f 1146 1419 1288
f 1146 1380 1419
f 4333 4266 4293
f 4293 4446 4333
f 4293 4266 4140
f 4293 4140 4429
f 4429 4545 4293
f 4545 4446 4293
f 1072 1151 1147
f 1151 1146 1147
f 1100 1072 1147
f 1147 1146 1100

