# https://github.com/mikedh/trimesh
v -0.02451828 0.01758475 -0.01730616
v -0.02079208 0.01645849 -0.02078270
v -0.02059828 0.01770010 -0.02077851
v -0.02102709 0.01703620 -0.02073880
v -0.02376347 0.01875799 -0.01783556
v -0.02396257 0.01794345 -0.01838586
v -0.02400247 0.01945704 -0.01657598
v -0.02335114 0.01947276 -0.01778325
v -0.02432527 0.01654541 -0.01927259
v -0.02351768 0.01620340 -0.02015973
v -0.02097316 0.01874093 -0.02067411
v -0.02032351 0.01827230 -0.02080349
v -0.02062585 0.02128459 -0.01972199
v -0.02131719 0.01993101 -0.02012710
v -0.02020468 0.02107768 -0.02035558
v -0.02076033 0.02048297 -0.02023146
v -0.02083160 0.02038041 -0.02023336
v -0.02258805 0.01760353 -0.02023309
v -0.02110836 0.02044431 -0.01994297
v -0.02067701 0.02011131 -0.02045854
v -0.02467491 0.01678694 -0.01737966
v -0.02452881 0.01714118 -0.01771228
v -0.02345396 0.01799640 -0.01919770
v -0.02471624 0.01538059 -0.01921444
v -0.02449806 0.01743637 -0.01756375
v -0.02462833 0.01710238 -0.01708908
v -0.02201954 0.01842167 -0.02036928
v -0.02145360 0.01622305 -0.02070493
v -0.02197281 0.02067961 -0.01875740
v -0.02448962 0.01831972 -0.01645730
v -0.02288552 0.01623128 -0.02046508
v -0.02474352 0.01576923 -0.01904365
v -0.02162798 0.02195082 -0.01713549
v -0.02372654 0.01798176 -0.01885281
v -0.02209419 0.01503542 -0.02062759
v -0.02289040 0.01564671 -0.02052568
v -0.02456484 0.01645512 -0.01561227
v -0.02450465 0.01566920 -0.01500780
v -0.02439695 0.01642906 -0.01394514
v -0.02421985 0.01917038 -0.01225193
v -0.02415882 0.01890361 -0.01167813
v -0.02418857 0.01903699 -0.01196155
v -0.02436282 0.01989388 -0.01363343
v -0.02351047 0.02207230 -0.01195954
v -0.02442737 0.01571394 -0.01436348
v -0.02442984 0.01524817 -0.01450624
v -0.02129639 0.02249591 -0.01596881
v -0.02038114 0.02297742 -0.01183749
v -0.02430599 0.01631516 -0.01362698
v -0.02452208 0.01610250 -0.01516281
v -0.02423732 0.01840368 -0.01237741
v -0.02388612 0.02243695 -0.01272831
v -0.02391418 0.01686811 -0.01217155
v -0.02461730 0.01733810 -0.01620420
v -0.02457364 0.01663605 -0.01569635
v -0.02422836 0.01877023 -0.01230827
v -0.02437664 0.01876401 -0.01634012
v -0.02425965 0.01685726 -0.01304659
v -0.02404128 0.01852991 -0.01055603
v -0.02032564 0.02293465 -0.01578449
v -0.02061372 0.02297726 -0.01385626
v -0.02070879 0.02249044 -0.01749875
v -0.01955060 0.01519700 -0.02091773
v -0.02026500 0.01658318 -0.02084239
v -0.01969325 0.01556896 -0.02090166
v -0.01720202 0.02296294 -0.01311147
v -0.01888009 0.02281449 -0.01927605
v -0.01649631 0.02296790 -0.01403234
v -0.01588787 0.02285825 -0.02075226
v -0.01812225 0.02290718 -0.01951125
v -0.01460792 0.02296958 -0.01644664
v -0.01564076 0.01568922 -0.02133131
v -0.01553469 0.02268673 -0.02124516
v -0.01475528 0.02269352 -0.02115953
v -0.01489136 0.01877023 -0.02138638
v -0.01651615 0.01749157 -0.02122730
v -0.01463097 0.01825882 -0.02142421
v -0.01529009 0.02240202 -0.01401792
v -0.01524220 0.02298423 -0.01515643
v -0.01462459 0.02295626 -0.01516281
v -0.01759327 0.02293622 -0.01233311
v -0.01770571 0.02297860 -0.01272339
v -0.01804851 0.02274181 -0.02062806
v -0.01595514 0.01556996 -0.02129425
v -0.01542491 0.02296574 -0.01729698
v -0.01939316 0.02293318 -0.01765263
v -0.01915970 0.02297812 -0.01222833
v -0.01899714 0.02297814 -0.01144052
v -0.01773139 0.02189037 -0.02102919
v -0.01595856 0.02277536 -0.02103468
v -0.01531600 0.01574270 -0.02124501
v -0.01624448 0.02246705 -0.01346987
v -0.01669398 0.02297717 -0.01484842
v -0.01734681 0.02059320 -0.02112895
v -0.01613540 0.02174937 -0.01192762
v -0.01853868 0.02214864 -0.02029229
v -0.02381834 0.02100750 -0.00853727
v -0.02382704 0.01877023 -0.00849353
v -0.02382501 0.01903699 -0.00849353
v -0.02406527 0.02074479 -0.01084318
v -0.02369795 0.01905033 -0.00734246
v -0.02416541 0.02076951 -0.01185765
v -0.02367927 0.01823667 -0.00715967
v -0.02371158 0.01857802 -0.00739374
v -0.02404589 0.01799133 -0.01061454
v -0.02367923 0.01797703 -0.00922049
v -0.02345157 0.02186119 -0.00740768
v -0.02331136 0.01629802 -0.00889177
v -0.02369876 0.02039569 -0.00733739
v -0.02352348 0.02245815 -0.01006677
v -0.02237811 0.02286868 -0.00701863
v -0.02366131 0.01818218 -0.00697168
v -0.02342699 0.02226717 -0.01175539
v -0.02368970 0.02051713 -0.00731475
v -0.02351747 0.01503224 -0.00528842
v -0.02294382 0.01488296 0.00017561
v -0.02311846 0.01636928 -0.00155747
v -0.02359711 0.01609671 -0.00627856
v -0.02306545 0.02245535 -0.00328102
v -0.02297772 0.02225868 -0.00666995
v -0.02168877 0.02286874 -0.00107570
v -0.02297709 0.02155977 -0.00100779
v -0.02353985 0.01639736 -0.00672653
v -0.02001354 0.02297798 -0.00858210
v -0.01840552 0.02277397 -0.00910386
v -0.01515813 0.02162584 -0.00662613
v -0.01500539 0.02172306 -0.00626887
v -0.01490591 0.02108925 -0.00801833
v -0.01525914 0.02117704 -0.01112893
v -0.01489136 0.02089291 -0.00902707
v -0.01449492 0.02076927 -0.00893431
v -0.01774056 0.02297591 -0.00734461
v -0.01889293 0.02297812 -0.01196155
v -0.01889293 0.02297812 -0.01169478
v -0.01969325 0.02297812 -0.01196155
v -0.01942647 0.02297812 -0.01169478
v -0.01795297 0.02296113 -0.01164431
v -0.01712580 0.02293462 -0.00633766
v -0.01969481 0.02297049 -0.00266025
v -0.01969684 0.02297517 -0.00503369
v -0.01921854 0.02297805 -0.00599941
v -0.01969325 0.02297382 -0.00369165
v -0.01928614 0.02297756 -0.00583432
v -0.01606804 0.02297706 -0.00508878
v -0.01481957 0.02295073 -0.00432063
v -0.01907696 0.02297398 -0.00096579
v -0.02022679 0.02296733 -0.00369165
v -0.02467056 0.01485776 -0.01660894
v -0.02447203 0.01396406 -0.01462223
v -0.02483406 0.01513285 -0.01862989
v -0.02463432 0.01290125 -0.01622990
v -0.02452701 0.01276402 -0.01518785
v -0.02463454 0.01339607 -0.01626119
v -0.02379427 0.01391029 -0.02041915
v -0.02463391 0.01263448 -0.01622990
v -0.02484244 0.01494965 -0.01828232
v -0.02460560 0.01185121 -0.01602408
v -0.02466764 0.01330140 -0.01663015
v -0.02453245 0.00964115 -0.01533920
v -0.02446837 0.01353426 -0.01464738
v -0.02449462 0.01492046 -0.01489602
v -0.02444716 0.01468784 -0.01988188
v -0.02480973 0.00927700 -0.01986945
v -0.02447484 0.01237549 -0.01462208
v -0.02471031 0.01370156 -0.01703021
v -0.02297845 0.01455560 -0.02052344
v -0.02297097 0.01406296 -0.02052416
v -0.02321818 0.01396834 -0.02049823
v -0.02351960 0.01384518 -0.02046449
v -0.02154194 0.01155684 -0.02070605
v -0.02477163 0.00899703 -0.01769395
v -0.02472089 0.01235960 -0.02019855
v -0.02340382 0.00940697 -0.02047309
v -0.02170550 0.01453480 -0.02067587
v -0.02495249 0.01175788 -0.02016128
v -0.02289450 0.01476866 -0.02053355
v -0.02316127 0.01450188 -0.02050355
v -0.02229423 0.01536889 -0.02060394
v -0.02076033 0.01370156 -0.02079039
v -0.02049288 0.01344105 -0.02081844
v -0.01648922 0.01473327 -0.02123692
v -0.02043749 0.01317369 -0.02082448
v -0.01495510 0.01164172 -0.01982764
v -0.01506718 0.01500970 -0.02066714
v -0.01823416 0.00972449 -0.02105610
v -0.01669694 0.01076691 -0.02045563
v -0.01767096 0.01282426 -0.02109040
v -0.01729230 0.00943322 -0.02115453
v -0.02496121 0.00588379 -0.01994625
v -0.02456660 0.00909132 -0.02015055
v -0.02462833 0.00614068 -0.01627914
v -0.02475203 0.00210786 -0.02021280
v -0.02146697 0.00797137 -0.02071466
v -0.02444604 0.00489297 -0.02035178
v -0.02452789 0.00674619 -0.01512598
v -0.01967935 0.00463877 -0.02090432
v -0.01935599 0.00801986 -0.02093763
v -0.01972217 0.00545718 -0.02089929
v -0.02089356 0.00602303 -0.02077604
v -0.02007642 0.00773538 -0.02086228
v -0.02093445 0.00449370 -0.02077184
v -0.02175872 0.00541591 -0.02068064
v -0.01722227 0.00331369 -0.02116189
v -0.01837517 0.00359547 -0.02104075
v -0.01475811 0.00636522 -0.02136324
v -0.02158872 0.00379161 -0.02069345
v -0.01942647 0.00209701 -0.02093036
v -0.01942647 0.00249717 -0.02093038
v -0.01641564 0.00774315 -0.02123886
v -0.02049356 0.00889968 -0.02081800
v -0.02022679 0.00916645 -0.02084610
v -0.02149931 0.00888768 -0.02071107
v -0.01718677 0.00899785 -0.02113568
v -0.02357698 0.00916278 -0.01001230
v -0.02423540 0.00897847 -0.01213664
v -0.02430741 0.01452130 -0.01427403
v -0.02435678 0.00916645 -0.01329541
v -0.02444287 0.01142611 -0.01432817
v -0.02298431 0.01419378 -0.01093198
v -0.02329691 0.01060245 -0.01209499
v -0.02272525 0.01285326 -0.01218284
v -0.02441789 0.01008599 -0.01409491
v -0.02442199 0.01238222 -0.01449100
v -0.02435659 0.00889968 -0.01329541
v -0.02316127 0.01370156 -0.00190331
v -0.02316180 0.01327430 -0.00190707
v -0.02353432 0.00956559 -0.00769983
v -0.02358428 0.01049428 -0.00595623
v -0.02350961 0.00883924 -0.00522342
v -0.02322129 0.01339181 -0.00247239
v -0.02297144 0.01271723 -0.00009795
v -0.02325658 0.01611182 -0.00285306
v -0.02316175 0.01407671 -0.00190772
v -0.02309845 0.01395062 -0.00130501
v -0.02363121 0.00956370 -0.00682882
v -0.02288321 0.01275438 -0.00640766
v -0.02318906 0.01171643 -0.00216464
v -0.02351791 0.01428319 -0.00529592
v -0.02320200 0.01265913 -0.00228891
v -0.02337084 0.01370156 -0.00389172
v -0.02343400 0.01450188 -0.00449196
v -0.02314799 0.01008869 -0.00177283
v -0.02316231 0.01104133 -0.00190978
v -0.02339991 0.01405171 -0.00416807
v -0.02336225 0.01336965 -0.00380976
v -0.02252325 0.01305832 -0.00891065
v -0.02337868 0.01272201 -0.00396527
v -0.02334988 0.01210094 -0.00369165
v -0.02329091 0.01062921 -0.00313367
v -0.02301522 0.00859253 -0.00051253
v -0.02351834 0.01353414 -0.00530341
v -0.02306868 0.01276786 -0.00102393
v -0.02322527 0.00189485 -0.00251385
v -0.02331200 0.00211884 -0.00921683
v -0.02405115 0.00885073 -0.01118958
v -0.02398175 0.00362360 -0.00976083
v -0.02395511 0.00826190 -0.00942261
v -0.02378650 0.00890225 -0.00793273
v -0.02368195 0.00221821 -0.00687212
v -0.02402216 0.00197979 -0.01237443
v -0.02362309 0.00491628 -0.00630115
v -0.02305882 0.00527049 -0.00093384
v -0.01385283 0.02294566 -0.01942415
v -0.01065548 0.02292388 -0.02126383
v -0.01311962 0.02297577 -0.01570401
v -0.00813220 0.02260207 -0.02176452
v -0.00848985 0.02294119 -0.01863244
v -0.00811058 0.02292822 -0.01984694
v -0.00850731 0.01972937 -0.02205340
v -0.00747122 0.02293896 -0.01866925
v -0.01416731 0.02296915 -0.01624217
v -0.01409105 0.02294411 -0.01983131
v -0.01435782 0.02294574 -0.01969792
v -0.01361462 0.02294721 -0.01901700
v -0.01330363 0.02287061 -0.01546682
v -0.01122723 0.02297267 -0.01568942
v -0.00902031 0.02296640 -0.01641278
v -0.01193943 0.02293548 -0.02121050
v -0.01075641 0.02296500 -0.01663006
v -0.01068921 0.02264572 -0.02177803
v -0.01182158 0.02294327 -0.02014466
v -0.01242373 0.02294300 -0.02029816
v -0.01288033 0.02294324 -0.01841160
v -0.01236777 0.02297367 -0.01569867
v -0.01429297 0.02247332 -0.02143017
v -0.01462459 0.02294639 -0.01969792
v -0.01435826 0.02284217 -0.02114052
v -0.00998371 0.01975005 -0.02189563
v -0.00893366 0.02292398 -0.02048850
v -0.01042919 0.02295393 -0.01780041
v -0.01085271 0.02294947 -0.01850465
v -0.01116292 0.02288052 -0.01543386
v -0.01088979 0.02292867 -0.01542958
v -0.01086518 0.02274289 -0.01524588
v -0.01142334 0.02283465 -0.01542958
v -0.00822208 0.01983730 -0.02207343
v -0.00795531 0.01983730 -0.02209662
v -0.00963116 0.02295620 -0.01754268
v -0.01299931 0.02295855 -0.01673710
v -0.01169011 0.02277179 -0.01540743
v -0.01390042 0.01483156 -0.02022411
v -0.01025241 0.01458719 -0.02037214
v -0.01239044 0.01937154 -0.02164700
v -0.01245237 0.01729983 -0.02158305
v -0.00989191 0.01701421 -0.02184056
v -0.01463394 0.01635128 -0.02140271
v -0.00800661 0.01576230 -0.02210220
v -0.00732077 0.01503927 -0.02220837
v -0.00048571 0.02250502 -0.02280138
v -0.00071236 0.02292821 -0.02117244
v -0.00085253 0.02292786 -0.02086505
v -0.00208070 0.01650277 -0.02275333
v -0.00679998 0.01440799 -0.02225505
v -0.00422051 0.01450188 -0.02252845
v -0.00415382 0.01436850 -0.02253570
v -0.00048571 0.02293056 -0.02116516
v -0.00134045 0.02267675 -0.02273636
v -0.00542945 0.02293834 -0.02181813
v -0.00368697 0.01450188 -0.02258490
v -0.00103316 0.01762214 -0.02286304
v -0.00782114 0.01556903 -0.02211715
v -0.00795531 0.02250502 -0.02202280
v -0.00413284 0.02273615 -0.02246639
v -0.00131356 0.02291687 -0.02167146
v -0.00211680 0.02297560 -0.01791757
v -0.00018560 0.02297797 -0.01630493
v -0.00867470 0.02297674 -0.01582573
v -0.00758616 0.02297813 -0.01673602
v -0.00181501 0.02293554 -0.01887887
v -0.00081357 0.02296973 -0.01826348
v -0.00075248 0.02297812 -0.01596312
v -0.00379393 0.02297839 -0.01631307
v -0.00377644 0.02297815 -0.01631900
v -0.00468650 0.02295563 -0.01752651
v -0.00673480 0.02294150 -0.01862009
v -0.00004226 0.02296091 -0.01832447
v -0.00391898 0.02294439 -0.01817802
v -0.00423036 0.02297257 -0.01650815
v -0.00368697 0.02296928 -0.01756375
v -0.00261794 0.02297749 -0.01752609
v -0.00608791 0.02297812 -0.01542958
v -0.00715500 0.02297812 -0.01622990
v -0.00735508 0.02297880 -0.01646332
v -0.00754695 0.02297803 -0.01596285
v -0.00755515 0.02297814 -0.01596312
v -0.00607941 0.02297811 -0.01596796
v -0.00674313 0.02295811 -0.01855075
v -0.00275327 0.02297812 -0.01522950
v -0.00087753 0.02297812 -0.01571302
v -0.00877135 0.01418736 -0.02072205
v -0.01129212 0.01324251 -0.01937919
v -0.00825879 0.01044955 -0.02051860
v -0.01113190 0.00931807 -0.01964984
v -0.01321790 0.01399397 -0.01988045
v -0.00943223 0.01423688 -0.02042124
v -0.00964267 0.01452857 -0.02045864
v -0.00983329 0.01422571 -0.02025491
v -0.01121901 0.00994834 -0.01928588
v -0.00982271 0.01423510 -0.02026916
v -0.01458002 0.01094181 -0.01967188
v -0.01368606 0.00583300 -0.02151822
v -0.00905053 0.00617425 -0.02191408
v -0.00848885 0.00463134 -0.02208015
v -0.00871512 0.00443283 -0.02205653
v -0.00824969 0.00363929 -0.02210521
v -0.00848885 0.00356426 -0.02208013
v -0.00826573 0.00476473 -0.02210338
v -0.01191372 0.00812486 -0.02006828
v -0.01184482 0.00556284 -0.02168530
v -0.01456976 0.00826008 -0.02024316
v -0.01479697 0.00850643 -0.02021138
v -0.01258292 0.00688445 -0.02053084
v -0.01462459 0.00596520 -0.02143488
v -0.00883576 0.00311934 -0.02204442
v -0.01238457 0.00542859 -0.02167037
v -0.00822440 0.00677237 -0.02210736
v -0.00543596 0.00809770 -0.02240102
v -0.00733915 0.00772626 -0.02219944
v -0.00634872 0.00890159 -0.02230507
v -0.00737636 0.00213370 -0.02215055
v -0.00617126 0.00623197 -0.02232301
v -0.00692471 0.00808239 -0.02224327
v -0.00373075 0.00533224 -0.02257970
v -0.00067190 0.01253444 -0.02290185
v -0.00085960 0.00507793 -0.02285599
v -0.00128603 0.00516489 -0.02280109
v -0.00069845 0.00516463 -0.02289911
v -0.00097554 0.00765739 -0.02286982
v -0.00078789 0.01327171 -0.02288947
v -0.00601362 0.01199062 -0.02234036
v -0.00077463 0.01188022 -0.02289095
v -0.00075249 0.00223040 -0.02141110
v -0.00113177 0.00212245 -0.02126392
v -0.00075245 0.01156693 -0.02289345
v -0.00050137 0.01098774 -0.02291979
v -0.00119244 0.00983162 -0.02284725
v -0.00052906 0.01421179 -0.02291665
v -0.00448728 0.00516489 -0.02250059
v -0.00438558 0.00559316 -0.02251124
v -0.00405806 0.00523312 -0.02254489
v -0.00462067 0.00489812 -0.02244502
v -0.00197857 0.01167784 -0.02276434
v -0.00391718 0.01086712 -0.02256080
v -0.00320511 0.00818160 -0.02263563
v -0.00063832 0.00263228 -0.02157495
v -0.00040983 0.00214463 -0.02150921
v -0.00049150 0.00489794 -0.02290181
v -0.00086083 0.00916103 -0.02288178
v -0.00233644 0.00828277 -0.02272692
v -0.00244898 0.00877463 -0.02271506
v -0.00164802 0.00770508 -0.02279906
v -0.00804782 0.01334605 -0.02085690
v -0.00670898 0.01420308 -0.02226537
v -0.00510236 0.00837437 -0.02243602
v -0.00631234 0.00910659 -0.02226606
v -0.00322519 0.01460192 -0.02263338
v -0.00164920 0.01007989 -0.02279917
v -0.00340343 0.00543136 -0.02261452
v -0.00324029 0.00592181 -0.02263160
v -0.00404168 0.00641362 -0.02254741
v -0.00800423 0.00554576 -0.02213098
v -0.00563681 0.00730317 -0.02237952
v -0.00303018 0.00666548 -0.02265389
v -0.00431156 0.00521882 -0.02221009
v -0.00803387 0.00703228 -0.02209886
v -0.00807935 0.00870795 -0.02107560
v -0.00086344 0.00702891 -0.02288156
v -0.00502083 0.00996677 -0.02244476
v -0.00623229 0.01298858 -0.02220279
v -0.00252818 0.00737409 -0.02270667
v 0.00028091 0.00792743 -0.02300174
v -0.00157534 0.00782843 -0.02280684
v -0.00528521 0.00206056 -0.02132970
v -0.00279108 0.00782009 -0.02267914
v -0.00112308 0.00469821 -0.02250464
v -0.00986494 0.02096075 -0.00816999
v -0.00813030 0.02167008 -0.01023887
v -0.01326295 0.02049393 -0.01218774
v -0.01405340 0.02072657 -0.00938108
v -0.01095879 0.02150689 -0.01385526
v -0.01341422 0.02234791 -0.01449458
v -0.00965589 0.02069177 -0.01070487
v -0.00982271 0.02297118 -0.01516281
v -0.01475394 0.02107984 -0.01173940
v -0.01462459 0.02118197 -0.01222833
v -0.00635468 0.02297812 -0.01409572
v -0.00662145 0.02297812 -0.01409572
v -0.00688822 0.02297812 -0.01409572
v -0.00820496 0.02297663 -0.01409290
v -0.00675900 0.02297100 -0.01202270
v -0.00071080 0.02297812 -0.01453757
v -0.00066912 0.02297812 -0.01487937
v -0.00021894 0.02297812 -0.01436250
v -0.00299083 0.02297812 -0.01225583
v -0.00448728 0.02297812 -0.01036093
v -0.00635166 0.02297789 -0.01116052
v -0.00123770 0.02297812 -0.01115642
v -0.00164450 0.02297812 -0.01551295
v -0.00347855 0.02297812 -0.01526702
v -0.00107402 0.02297812 -0.00856345
v -0.00608791 0.02297812 -0.01409572
v -0.00582114 0.02297812 -0.01409572
v -0.00712470 0.02297812 -0.01478201
v -0.00615460 0.02297812 -0.01484602
v -0.00775526 0.02297808 -0.01387993
v -0.00337424 0.02297812 -0.00879515
v -0.00146383 0.02297812 -0.01065505
v -0.00744929 0.02293722 -0.01312588
v -0.00715500 0.02297812 -0.01409572
v -0.00742177 0.02297812 -0.01409572
v -0.00649237 0.02294468 -0.00826370
v -0.00625606 0.02295735 -0.01064291
v -0.00751139 0.02297814 -0.01492730
v -0.00155280 0.02297812 -0.01542958
v -0.00266157 0.02297812 -0.01141134
v -0.00451390 0.02297811 -0.01051381
v -0.00241147 0.02297812 -0.01063604
v -0.01347754 0.02155336 -0.00561272
v -0.00929547 0.02297796 -0.00448394
v -0.00662145 0.02297812 -0.00209102
v -0.00899195 0.02297777 -0.00474547
v -0.00688822 0.02297812 -0.00235779
v -0.00671316 0.02297812 -0.00393341
v -0.00768873 0.02297794 -0.00582613
v -0.00635468 0.02297812 -0.00289133
v -0.00662145 0.02297812 -0.00315810
v -0.00848202 0.02297814 -0.00502175
v -0.00688822 0.02297812 -0.00342487
v -0.00830753 0.02297812 -0.00106666
v -0.00858528 0.02295618 -0.00506714
v -0.01083620 0.02234533 -0.00520129
v -0.01465850 0.02271909 -0.00459056
v -0.01074199 0.02296861 -0.00391422
v -0.01132031 0.02208940 -0.00503412
v -0.00608791 0.02297812 -0.00262456
v -0.01005614 0.02161306 -0.00553155
v -0.01373392 0.02297771 -0.00384361
v -0.01205527 0.02102556 -0.00752745
v -0.01462459 0.02297812 -0.00342487
v -0.00719195 0.02276859 -0.00697493
v -0.00955909 0.02291362 -0.00448795
v -0.01217257 0.02297803 -0.00369080
v -0.01275719 0.02277179 -0.00404162
v -0.01329187 0.02292673 -0.00395823
v -0.01414046 0.02295853 -0.00407356
v -0.01169042 0.02297807 -0.00369066
v -0.00739676 0.02297812 -0.00388339
v -0.00848889 0.02297812 -0.00475879
v -0.00788871 0.02293092 -0.00575928
v -0.00741343 0.02297814 -0.00288300
v -0.00914724 0.02296569 -0.00468969
v -0.00649272 0.02297812 -0.00091301
v -0.00541265 0.02297812 -0.00074883
v -0.00676491 0.02296401 -0.00742691
v -0.00709878 0.02297779 -0.00641315
v -0.00662145 0.02297812 -0.00555905
v -0.00635468 0.02297812 -0.00529227
v -0.00662145 0.02297812 -0.00529227
v -0.00702161 0.02297812 -0.00475873
v -0.00470403 0.02297812 -0.00666781
v -0.00448418 0.02297789 -0.00250940
v -0.00455398 0.02297812 -0.00625932
v -0.00379037 0.02297473 -0.00050942
v -0.00382035 0.02297814 -0.00202433
v -0.00462067 0.02297812 -0.00309141
v -0.00425386 0.02297812 -0.00589251
v -0.00622130 0.02297812 -0.00102393
v -0.00642920 0.02297812 -0.00439590
v -0.00588783 0.02297812 -0.00369165
v -0.00608791 0.02297812 -0.00502550
v -0.00582114 0.02297812 -0.00475873
v -0.00608791 0.02297812 -0.00129070
v -0.00462240 0.02297812 -0.00205411
v -0.00582114 0.02297812 -0.00235779
v -0.00662145 0.02296107 -0.00795999
v -0.00701792 0.02288786 -0.00702829
v -0.00645472 0.02297814 -0.00445861
v -0.00574807 0.02297812 -0.00620831
v -0.00528760 0.02297812 -0.00595920
v -0.00528760 0.02297812 -0.00555905
v -0.00575889 0.02297811 -0.00550236
v -0.00555437 0.02297812 -0.00555905
v -0.00529849 0.02297810 -0.00144325
v -0.00502083 0.02297812 -0.00635936
v -0.00488744 0.02297812 -0.00609259
v -0.00522090 0.02297812 -0.00589251
v -0.00530427 0.02297812 -0.00508386
v -0.00488744 0.02297812 -0.00355826
v -0.00422051 0.02297812 -0.00262456
v -0.00502083 0.02297812 -0.00542566
v -0.00688744 0.02297769 -0.00689307
v -0.00413883 0.02297642 -0.00063329
v -0.00060853 0.02272166 -0.00425061
v -0.00268545 0.02297478 -0.00280944
v -0.00368697 0.02296740 -0.00075716
v -0.00368697 0.02297734 -0.00102393
v -0.00367458 0.02297720 -0.00136361
v -0.00368697 0.02297812 -0.00422519
v -0.00046567 0.02249323 -0.02267261
v 0.00041745 0.02282624 -0.02292467
v -0.00016939 0.01902766 -0.02292730
v 0.00357184 0.01619685 -0.02334787
v -0.00048571 0.01823667 -0.02290394
v 0.00003963 0.01721808 -0.02297579
v 0.00084314 0.02285034 -0.02291338
v -0.00055534 0.01823667 -0.02289918
v 0.00530905 0.02228593 -0.02322901
v 0.00404347 0.01994884 -0.02335225
v 0.00556443 0.02279040 -0.02260293
v 0.01097131 0.02291210 -0.02190037
v 0.00972968 0.01643690 -0.02397055
v 0.00646166 0.01922876 -0.02355940
v 0.01054944 0.02144083 -0.02403556
v 0.01125222 0.02292474 -0.02129855
v 0.01214900 0.02291863 -0.02151887
v 0.00649735 0.02272146 -0.02328913
v 0.01180545 0.02139060 -0.02385392
v 0.01142139 0.02292817 -0.02028408
v 0.00594791 0.02297787 -0.01838741
v 0.00572751 0.02296184 -0.01915911
v 0.00671711 0.02297812 -0.01649667
v 0.00093359 0.02297799 -0.01643206
v 0.00034510 0.02297693 -0.01793367
v 0.00404940 0.02297812 -0.01409572
v 0.00431617 0.02297812 -0.01382895
v 0.00350303 0.02297828 -0.01598155
v 0.00233373 0.02297764 -0.01798266
v 0.00334391 0.02297933 -0.01649042
v 0.00560040 0.02297812 -0.01275168
v 0.00018121 0.02297812 -0.01502942
v 0.00279943 0.02297812 -0.01427600
v 0.00501597 0.02297803 -0.01783063
v 0.00351586 0.02297812 -0.01462927
v 0.00378263 0.02297812 -0.01436250
v 0.00068900 0.02295214 -0.01861819
v 0.00551664 0.02297812 -0.01436250
v 0.00484971 0.02297812 -0.01382895
v 0.00484971 0.02297812 -0.01489604
v 0.00308488 0.02297812 -0.01505333
v 0.00324908 0.02297812 -0.01489604
v 0.00304901 0.02297812 -0.01469596
v 0.00055096 0.02297816 -0.01560644
v 0.00681715 0.02297812 -0.01509612
v 0.00831774 0.02297812 -0.01436250
v 0.00858451 0.02297812 -0.01409572
v 0.00885128 0.02297812 -0.01382895
v 0.00831774 0.02297812 -0.01489604
v 0.00858451 0.02297812 -0.01462927
v 0.00858451 0.02297812 -0.01512946
v 0.00811766 0.02294983 -0.01916437
v 0.00956420 0.02297691 -0.01884278
v 0.01018514 0.02297812 -0.01302864
v 0.01045191 0.02297812 -0.01276187
v 0.00778420 0.02297812 -0.01489604
v 0.00751742 0.02297812 -0.01489604
v 0.00731735 0.02297812 -0.01481267
v 0.00778420 0.02297812 -0.01542958
v 0.00751742 0.02297812 -0.01569635
v 0.00751742 0.02294888 -0.01916438
v 0.00795375 0.02294279 -0.01941210
v 0.00765081 0.02297812 -0.01436250
v 0.00911805 0.02297812 -0.01356218
v 0.00938482 0.02297812 -0.01329541
v 0.00965159 0.02297812 -0.01302864
v 0.00965159 0.02297812 -0.01356218
v 0.00925144 0.02297812 -0.01396234
v 0.01125206 0.02297812 -0.01643081
v 0.00805097 0.02297812 -0.01516281
v 0.00805097 0.02297812 -0.01462927
v 0.00991837 0.02297812 -0.01329541
v 0.01111884 0.02297812 -0.01447921
v 0.00920123 0.02294921 -0.01923151
v 0.00698388 0.02297812 -0.01809729
v 0.00883461 0.02297812 -0.01556296
v 0.00991837 0.02297812 -0.01276187
v 0.01208588 0.02297824 -0.01706356
v 0.00637701 0.01320376 -0.02259076
v 0.00300345 0.01117113 -0.02328710
v 0.00391630 0.01423530 -0.02337828
v 0.00451032 0.01027434 -0.02257566
v 0.00461424 0.01323225 -0.02255229
v 0.00437855 0.01610250 -0.02343272
v 0.00501484 0.01667668 -0.02349970
v 0.00035628 0.01588575 -0.02300970
v 0.00614226 0.01618751 -0.02362907
v 0.00490378 0.01044458 -0.02240174
v 0.00327761 0.01004795 -0.02325096
v 0.00566672 0.01626923 -0.02356783
v 0.00458294 0.01556896 -0.02345421
v 0.00511648 0.01583574 -0.02350966
v 0.00490029 0.01535057 -0.02348606
v 0.00324908 0.01276786 -0.02330492
v 0.00431675 0.01503579 -0.02342598
v 0.00341848 0.01311960 -0.02331134
v 0.00311709 0.01203901 -0.02326588
v 0.00298231 0.01023354 -0.02328573
v 0.00299511 0.01148632 -0.02328640
v 0.00306387 0.01285991 -0.02329370
v 0.00900744 0.01637119 -0.02386997
v 0.00901126 0.01128227 -0.02196742
v 0.00990657 0.01413515 -0.02253786
v 0.00833139 0.01021134 -0.02206209
v 0.01055944 0.01107820 -0.02244154
v 0.00912655 0.01365224 -0.02219306
v 0.01177828 0.01375735 -0.02358608
v 0.01134733 0.01202781 -0.02283197
v 0.01123219 0.01087471 -0.02276113
v 0.00688965 0.01300373 -0.02223256
v 0.01154243 0.01556643 -0.02418566
v 0.01030174 0.01630207 -0.02405517
v -0.00039491 0.00326153 -0.02192365
v 0.00220994 0.00224719 -0.02320349
v 0.00118010 0.00387233 -0.02306401
v 0.00476326 0.00328289 -0.02347260
v 0.00456129 0.00780479 -0.02332638
v 0.00458294 0.00760065 -0.02343272
v 0.00449776 0.00174271 -0.02344470
v 0.00537146 0.00685576 -0.02353083
v 0.00431678 0.00756641 -0.02342580
v 0.00019671 0.00942010 -0.02299295
v 0.00431617 0.00783260 -0.02341789
v 0.00458925 0.00755603 -0.02344999
v 0.00307968 0.00430399 -0.02333364
v 0.00458294 0.00223040 -0.02345368
v 0.00363887 0.00854460 -0.02334811
v 0.00484971 0.00263055 -0.02348176
v 0.00671399 0.00352740 -0.02367793
v 0.00378263 0.00249717 -0.02336974
v 0.00583604 0.00707841 -0.02329390
v 0.01018205 0.00960516 -0.02247707
v 0.00854881 0.00599202 -0.02337659
v 0.00842154 0.00312493 -0.02385755
v 0.01156425 0.00777699 -0.02384209
v 0.01004460 0.00615519 -0.02402741
v 0.01258449 0.02291387 -0.02153695
v 0.01563925 0.02037819 -0.02346160
v 0.01681806 0.01879899 -0.02395565
v 0.01629514 0.01875451 -0.02418504
v 0.01613450 0.02108445 -0.02266628
v 0.01607160 0.02119157 -0.02261316
v 0.01712215 0.01923838 -0.02348084
v 0.01652706 0.02013407 -0.02315434
v 0.01705950 0.02057865 -0.02249475
v 0.01665269 0.02276202 -0.02074757
v 0.01358423 0.02029479 -0.02424422
v 0.01318921 0.02213811 -0.02308606
v 0.01507080 0.02269117 -0.02180897
v 0.01659659 0.02168200 -0.02194718
v 0.01605410 0.02082428 -0.02289918
v 0.01686821 0.01850327 -0.02409788
v 0.01677396 0.01691261 -0.02462668
v 0.01395638 0.02188446 -0.02294148
v 0.01664593 0.02143792 -0.02209886
v 0.01169287 0.02139578 -0.02383230
v 0.01697000 0.01775265 -0.02438415
v 0.01910286 0.01616532 -0.02440094
v 0.02038596 0.01538647 -0.02291182
v 0.01830680 0.01534009 -0.02476756
v 0.01925536 0.02196085 -0.01996469
v 0.02044953 0.01661738 -0.02243420
v 0.01770589 0.02235200 -0.02085364
v 0.02045475 0.01976886 -0.02018227
v 0.01694869 0.02264517 -0.02085874
v 0.01537554 0.02297911 -0.01802429
v 0.01486043 0.02293683 -0.02015564
v 0.01200289 0.02297689 -0.01872106
v 0.01238600 0.02297812 -0.01436250
v 0.01445765 0.02297812 -0.01440731
v 0.01178577 0.02297812 -0.01676344
v 0.01770522 0.02293626 -0.01614696
v 0.02088021 0.02257327 -0.01769551
v 0.02140179 0.01814624 -0.01558246
v 0.02112104 0.01829302 -0.01815547
v 0.02097167 0.01863315 -0.01959863
v 0.02158863 0.01530220 -0.01396234
v 0.02126240 0.01679891 -0.01704648
v 0.01825305 0.02253308 -0.02014994
v 0.02115858 0.01685763 -0.01802133
v 0.02115790 0.02202906 -0.01459830
v 0.02142237 0.01798385 -0.01544177
v 0.02132192 0.01516881 -0.01649667
v 0.02133597 0.01709071 -0.01633881
v 0.02085599 0.01895760 -0.01996469
v 0.02084783 0.01923065 -0.01986101
v 0.02085599 0.01903699 -0.01993233
v 0.02070113 0.01945974 -0.02007613
v 0.01979047 0.02289748 -0.01495312
v 0.01796378 0.02292998 -0.01498933
v 0.02140954 0.01738251 -0.01563115
v 0.02155095 0.01683612 -0.01429578
v 0.02097870 0.01821143 -0.01958121
v 0.01925536 0.02291951 -0.01489604
v 0.01976255 0.02291210 -0.01370831
v 0.02089974 0.01825075 -0.02004705
v 0.02009698 0.02123690 -0.01971822
v 0.02145471 0.01625604 -0.01523076
v 0.02156179 0.01807132 -0.01406457
v 0.01338524 0.01154921 -0.02429548
v 0.01743053 0.01528714 -0.02475161
v 0.01651193 0.01451654 -0.02466620
v 0.01712119 0.01210094 -0.02473603
v 0.01496157 0.01159399 -0.02453450
v 0.01546559 0.01425428 -0.02456380
v 0.01353051 0.01183717 -0.02435018
v 0.01458648 0.01525029 -0.02449608
v 0.01327096 0.01311312 -0.02432758
v 0.01202556 0.01393119 -0.02384314
v 0.01774819 0.01154556 -0.02479488
v 0.01496314 0.01509449 -0.02452648
v 0.01453296 0.00915218 -0.02448837
v 0.01486764 0.01281055 -0.02452746
v 0.01501734 0.01386901 -0.02454247
v 0.01553105 0.01257697 -0.02458507
v 0.01746444 0.01076708 -0.02476658
v 0.01594629 0.00940467 -0.02462571
v 0.01686682 0.01098800 -0.02471239
v 0.01556336 0.01025988 -0.02459013
v 0.01835642 0.01086752 -0.02484059
v 0.01282442 0.00900325 -0.02420080
v 0.01337310 0.00979829 -0.02436714
v 0.01684865 0.01210094 -0.02470996
v 0.01817822 0.01229723 -0.02482892
v 0.01472025 0.01343480 -0.02451104
v 0.01462649 0.01316802 -0.02449980
v 0.02122534 0.01079090 -0.01742957
v 0.02139082 0.01215096 -0.01585914
v 0.02089321 0.01556215 -0.02053769
v 0.02138953 0.01156740 -0.01587413
v 0.02082573 0.01269977 -0.02119972
v 0.02148716 0.01102772 -0.01494299
v 0.02157147 0.01122560 -0.01414158
v 0.02093608 0.01492572 -0.02017183
v 0.02079703 0.01143225 -0.02146572
v 0.02035898 0.00916665 -0.02368541
v 0.02123770 0.00858739 -0.01731124
v 0.01947305 0.01507265 -0.02432828
v 0.02138705 0.01065301 -0.01590016
v 0.02138537 0.01102557 -0.01591306
v 0.02140705 0.01370156 -0.01569635
v 0.02140236 0.01416632 -0.01573877
v 0.02027246 0.01103091 -0.02377153
v 0.02056827 0.01027169 -0.02315735
v 0.02060704 0.00887377 -0.02290775
v 0.02114145 0.00916645 -0.01823068
v 0.02065267 0.01208691 -0.02253279
v 0.02167505 0.01339297 -0.01314538
v 0.02140079 0.01290125 -0.01575869
v 0.01990908 0.01207213 -0.02443295
v 0.01861816 0.01079773 -0.02479864
v 0.01331311 0.00786217 -0.02437152
v 0.01232455 0.00220643 -0.02426765
v 0.02139161 0.00223940 -0.01584115
v 0.02086654 0.00231982 -0.02055503
v 0.02067615 0.00507636 -0.02230696
v 0.02142692 0.00732172 -0.01551842
v 0.01997829 0.00891990 -0.02374998
v 0.02137105 0.00253247 -0.01604795
v 0.02082030 0.00415089 -0.02109897
v 0.01955187 0.00821320 -0.02493712
v 0.02085266 0.00329748 -0.02076500
v 0.02115854 0.00249717 -0.01802900
v 0.02009090 0.00584141 -0.02466044
v 0.01384630 0.00696502 -0.02442739
v 0.01196792 0.00406028 -0.02423037
v 0.01206647 0.00757572 -0.02424002
v 0.01257087 0.00878086 -0.02407896
v 0.01262109 0.00836241 -0.02428297
v 0.01938730 0.00226541 -0.02455885
v 0.01311962 0.00889968 -0.02435103
v 0.02120833 0.00249717 -0.01756375
v 0.01500526 0.00903511 -0.02454346
v 0.01170240 0.00534829 -0.02420220
v 0.00563335 0.02297812 -0.01436250
v -0.00024708 0.02297812 -0.01197510
v 0.00375965 0.02297812 -0.00697905
v 0.00415467 0.02297812 -0.01406174
v 0.00190507 0.02297812 -0.01400038
v -0.00046011 0.02297812 -0.00826335
v 0.00802179 0.02297812 -0.00968983
v 0.00708859 0.02297812 -0.01087769
v 0.00339131 0.02297812 -0.01067978
v 0.00785089 0.02297812 -0.01416242
v 0.00284893 0.02297812 -0.01396234
v 0.00014157 0.02297726 -0.00424820
v 0.00002504 0.02296710 -0.00394854
v -0.00021894 0.02297766 -0.00475873
v 0.00172995 0.02297573 -0.00395053
v 0.00088219 0.02207657 -0.00175943
v 0.00418278 0.02297812 -0.00449196
v 0.00431617 0.02297812 -0.00395842
v 0.00458294 0.02297812 -0.00395842
v 0.00191540 0.02297806 -0.00396345
v 0.00404940 0.02297812 -0.00395842
v -0.00048571 0.02297780 -0.00475873
v 0.00182804 0.02297811 -0.00473775
v 0.00378078 0.02297118 -0.00290095
v 0.00354228 0.02217025 -0.00101808
v 0.00382655 0.02223824 -0.00075716
v 0.00405168 0.02228166 -0.00049003
v 0.00484971 0.02297812 -0.00395842
v 0.00511648 0.02297812 -0.00395842
v 0.00001589 0.02297819 -0.00531472
v 0.00192662 0.02272915 -0.00378769
v 0.00671711 0.02297812 -0.00395842
v 0.00645034 0.02297812 -0.00395842
v 0.00492544 0.02297725 -0.00157985
v 0.00454847 0.02297812 -0.00556056
v 0.00618357 0.02297812 -0.00395842
v 0.00591680 0.02297812 -0.00395842
v 0.00751742 0.02297812 -0.00689290
v 0.00730012 0.02297812 -0.00694575
v 0.00802179 0.02297812 -0.00694709
v 0.00812912 0.02297812 -0.00405429
v 0.00565003 0.02297812 -0.00395842
v 0.00538325 0.02297812 -0.00395842
v 0.00671711 0.02297812 -0.00449196
v 0.00525453 0.02294426 -0.00075809
v 0.00391483 0.02285061 -0.00247219
v 0.00498310 0.02297812 -0.00449196
v 0.00883304 0.02297812 -0.01122220
v 0.01051860 0.02297812 -0.01436250
v 0.01071868 0.02297812 -0.01196155
v 0.01039232 0.02297806 -0.01306618
v 0.00829690 0.02297812 -0.01356635
v 0.01098545 0.02297812 -0.01196155
v 0.00817602 0.02297812 -0.00997744
v 0.00805097 0.02297812 -0.01186152
v 0.00946819 0.02297812 -0.01426246
v 0.01018931 0.02297812 -0.00943556
v 0.01200877 0.02297812 -0.01013792
v 0.01295289 0.02297812 -0.01436250
v 0.01362294 0.02297812 -0.01215121
v 0.01262021 0.02297812 -0.01186178
v 0.01409969 0.02297812 -0.01141603
v 0.01125639 0.02297812 -0.01342046
v 0.01386991 0.02297812 -0.00873529
v 0.00829677 0.02297812 -0.00773086
v 0.01050610 0.02297812 -0.00654902
v 0.00997829 0.02297812 -0.00850447
v 0.01299822 0.02297812 -0.00836744
v 0.01085728 0.02297812 -0.00940222
v 0.01275575 0.02297812 -0.00661642
v 0.01168397 0.02297812 -0.00629807
v 0.01407895 0.02297812 -0.00247600
v 0.01033803 0.02297812 -0.00077156
v 0.01385324 0.02297812 -0.00649274
v 0.01391993 0.02297812 -0.00609259
v 0.01418670 0.02297812 -0.00569243
v 0.01197350 0.02297812 -0.00325076
v 0.00865762 0.02297812 -0.00490565
v 0.01757878 0.02297370 -0.01153330
v 0.01422005 0.02297812 -0.00891036
v 0.01612266 0.02297812 -0.00969655
v 0.01933258 0.02294182 -0.01005444
v 0.01792150 0.02296873 -0.01102786
v 0.01786738 0.02297775 -0.01024040
v 0.01498702 0.02297812 -0.01436250
v 0.01532048 0.02297812 -0.00715967
v 0.01868045 0.02297231 -0.00756254
v 0.02189245 0.02175066 -0.01056176
v 0.02112715 0.02286677 -0.00906464
v 0.02198274 0.02205277 -0.00739768
v 0.02143308 0.02169420 -0.01425649
v 0.02162397 0.02220067 -0.01238908
v 0.02187479 0.01624153 -0.01124039
v 0.01982690 0.02286144 -0.01280790
v 0.01872182 0.02295758 -0.01009415
v 0.01809567 0.02297254 -0.01026510
v 0.02086747 0.02290897 -0.00745155
v 0.02220506 0.01582073 -0.00808734
v 0.02215267 0.01604467 -0.00855651
v 0.01425965 0.02297812 -0.00517452
v 0.01878507 0.02297644 -0.00265230
v 0.01763241 0.02297693 -0.00693310
v 0.01565577 0.02297812 -0.00490384
v 0.01482394 0.02297812 -0.00400479
v 0.01762888 0.02297818 -0.00284939
v 0.01478609 0.02297812 -0.00069138
v 0.01800278 0.02297655 -0.00092598
v 0.02000759 0.02296015 -0.00133883
v 0.02123338 0.02291545 -0.00260855
v 0.02290948 0.02153842 -0.00089243
v 0.02267942 0.01636928 -0.00342487
v 0.02268484 0.01610250 -0.00342487
v 0.02267756 0.01646062 -0.00342804
v 0.02262385 0.01718168 -0.00397334
v 0.02224062 0.02057352 -0.00680253
v 0.02278560 0.01587903 -0.00251725
v 0.02220178 0.02196786 -0.00690267
v 0.02217828 0.02197068 -0.00715369
v 0.02192587 0.02240184 -0.00681864
v 0.02203719 0.02223824 -0.00689290
v 0.02294235 0.01606377 -0.00102367
v 0.02276101 0.01992858 -0.00249435
v 0.02292901 0.01915416 -0.00088202
v 0.02277070 0.02150951 -0.00226451
v 0.02120582 0.02283304 -0.00716598
v 0.02275985 0.02170745 -0.00208916
v 0.02164071 0.02288387 -0.00079486
v 0.02269030 0.02194399 -0.00212538
v 0.02224269 0.02253168 -0.00251361
v 0.02289782 0.01994819 -0.00117307
v 0.02102917 0.02291582 -0.00480425
v 0.01982283 0.02296788 -0.00070801
v 0.02185386 0.02266236 -0.00555799
v 0.02231769 0.01679315 -0.00690230
v 0.02266248 0.02114224 -0.00332194
v 0.02268293 0.02090438 -0.00315810
v 0.02271567 0.02074724 -0.00285625
v 0.01948175 0.02297268 -0.00186396
v 0.02257283 0.02205091 -0.00350858
v 0.02270846 0.02195918 -0.00197370
v 0.02274339 0.02220909 -0.00074244
v 0.02277258 0.02197148 -0.00129070
v 0.02269300 0.01570235 -0.00342494
v 0.02159937 0.02279296 -0.00460836
v 0.02261136 0.00803685 -0.00424186
v 0.02285712 0.00743201 -0.00189613
v 0.02262579 0.00827668 -0.00410483
v 0.02197471 0.01144202 -0.01030385
v 0.02166507 0.00978198 -0.01325537
v 0.02297680 0.00941608 -0.00077069
v 0.02278160 0.01359320 -0.00262517
v 0.02287117 0.01538679 -0.00175355
v 0.02260483 0.01031303 -0.00431121
v 0.02180631 0.01514566 -0.01190197
v 0.02190184 0.01506355 -0.01098962
v 0.02227357 0.01449823 -0.00744872
v 0.02297367 0.01455711 -0.00078832
v 0.02243048 0.01515214 -0.00595091
v 0.02214780 0.01611524 -0.00861234
v 0.02253964 0.01549898 -0.00490007
v 0.02255885 0.01578143 -0.00469602
v 0.02263266 0.01572111 -0.00400088
v 0.02190257 0.00959808 -0.01099469
v 0.02268698 0.01553562 -0.00349162
v 0.02156230 0.00863291 -0.01422911
v 0.02159812 0.00725737 -0.01388731
v 0.02152634 0.00810783 -0.01457143
v 0.02295713 0.00883299 -0.00095724
v 0.02179426 0.01304022 -0.01202132
v 0.02160724 0.00989278 -0.01380500
v 0.02199699 0.00823276 -0.01009415
v 0.02203150 0.00883299 -0.00976486
v 0.02252399 0.01583574 -0.00502550
v 0.02251771 0.01623589 -0.00502547
v 0.02197698 0.00790320 -0.01028557
v 0.02192354 0.00774882 -0.01079488
v 0.02266455 0.01270264 -0.00373336
v 0.02203127 0.01044612 -0.00976695
v 0.02157622 0.00809937 -0.01409572
v 0.02215407 0.00980248 -0.00859612
v 0.02268097 0.01536889 -0.00355830
v 0.02280968 0.01210094 -0.00235779
v 0.02178631 0.01636302 -0.01208779
v 0.02258112 0.00922250 -0.00453163
v 0.02280687 0.01219473 -0.00238385
v 0.02279554 0.01203425 -0.00249119
v 0.02299015 0.00863291 -0.00064342
v 0.02282644 0.01596907 -0.00208633
v 0.02235621 0.00491473 -0.00666986
v 0.02119398 0.00216585 -0.00678819
v 0.02226461 0.00353721 -0.00753665
v 0.02221955 0.00196764 -0.00796048
v 0.02215994 0.00243214 -0.00755423
v 0.02228917 0.00383522 -0.00689130
v 0.02159878 0.00157181 -0.01387897
v 0.02169749 0.00323504 -0.01294218
v 0.02244541 0.00543166 -0.00582582
v 0.02181155 0.00354865 -0.00676302
v 0.02111919 0.00350956 -0.00602102
v 0.02160887 0.00675988 -0.01378376
v 0.02226875 0.00346452 -0.00715969
v 0.02240471 0.00511570 -0.00619727
v 0.02235264 0.00496481 -0.00602589
v 0.02203890 0.00651619 -0.00969464
v 0.02224278 0.00223040 -0.00769322
v 0.02193288 0.00193293 -0.01070466
v 0.02156968 0.00213842 -0.01415480
v 0.02151842 0.00251516 -0.01465209
v 0.01977752 0.00441056 -0.00096040
v 0.01903421 0.00293897 -0.00075677
v 0.02269701 0.00704371 -0.00341931
v 0.02245009 0.00575984 -0.00578489
v 0.02006436 0.00439485 -0.00380985
v 0.02237587 0.00516489 -0.00582582
v 0.02261944 0.00696712 -0.00342261
v 0.01935115 0.00211578 -0.00380091
v 0.02137173 0.00621314 -0.00082890
v 0.01925135 0.00347747 -0.00190497
v -0.02138040 0.02292754 0.00098151
v -0.01842484 0.02295761 0.00534580
v -0.02077153 0.02292337 0.00459005
v -0.02083544 0.02293414 0.00339934
v -0.02017142 0.02294867 0.00283820
v -0.02261584 0.01869152 0.00299413
v -0.02255602 0.01936212 0.00353020
v -0.02264317 0.01707159 0.00295290
v -0.02293831 0.02015482 0.00001101
v -0.02242868 0.02245104 0.00021983
v -0.02291300 0.01815834 0.00026096
v -0.02238633 0.01997767 0.00517616
v -0.02249908 0.02124738 0.00395381
v -0.02261259 0.02201415 0.00114160
v -0.02279145 0.02137811 0.00103884
v -0.02295749 0.01805382 -0.00020983
v -0.02293214 0.02100800 0.00003130
v -0.02282001 0.01850345 0.00111024
v -0.02284636 0.01850345 0.00084347
v -0.02292022 0.02114329 0.00010916
v -0.02220296 0.02250502 0.00111024
v -0.02203722 0.02262370 0.00151311
v -0.02269938 0.02106744 0.00218959
v -0.02119405 0.02291516 0.00204464
v -0.02083447 0.02293704 0.00180048
v -0.02102710 0.02292169 0.00244409
v -0.02144520 0.02287661 0.00200482
v -0.02246208 0.01860693 0.00445125
v -0.02255885 0.02078483 0.00347010
v -0.02229708 0.02250217 0.00055042
v -0.02255833 0.02010408 0.00351118
v -0.02229915 0.01797771 0.00607723
v -0.02179640 0.02280287 0.00108192
v -0.02306302 0.01837204 -0.00122095
v -0.02134636 0.02292794 -0.00055199
v -0.02275524 0.01670123 0.00187829
v -0.02260278 0.02204591 0.00097179
v -0.02227448 0.01909534 0.00622501
v -0.02263050 0.02211014 -0.00054528
v -0.02304642 0.01996491 -0.00106813
v -0.01935978 0.02293864 0.00584543
v -0.01915970 0.02293960 0.00591212
v -0.01921784 0.02294547 0.00490352
v -0.01861841 0.02297232 0.00263972
v -0.02258291 0.02127785 0.00309501
v -0.02257927 0.01785875 0.00340101
v -0.01893486 0.02294093 0.00607627
v -0.01675876 0.02297812 0.00057670
v -0.01861642 0.02297783 0.00055183
v -0.01792506 0.02297804 0.00417321
v -0.01648714 0.02297911 0.00109623
v -0.01642321 0.02297900 0.00197725
v -0.01747571 0.02297797 0.00231071
v -0.01738729 0.02297142 0.00696311
v -0.01702553 0.02297694 0.00564535
v -0.01645031 0.02297814 0.00582042
v -0.01816357 0.02297219 0.00388222
v -0.01419109 0.02297812 -0.00022362
v -0.01782584 0.02297650 0.00217732
v -0.01822601 0.02297480 0.00204394
v -0.01804260 0.02297817 0.00126030
v -0.01512941 0.02297812 0.00023887
v -0.01514680 0.02297812 0.00226199
v -0.01622522 0.02297812 -0.00022362
v -0.01438491 0.02297812 0.00482732
v -0.01812593 0.02296877 0.00501013
v -0.01622522 0.02297812 0.00030992
v -0.01649199 0.02297812 0.00057670
v -0.01622522 0.02297812 0.00057670
v -0.02022679 0.02277654 0.01418203
v -0.02025199 0.02277651 0.01373303
v -0.02019897 0.02281969 0.01315008
v -0.01988327 0.02291318 0.01075910
v -0.02131212 0.02233360 0.00664759
v -0.02176303 0.01663605 0.01124755
v -0.02178961 0.02243996 0.00700179
v -0.02154430 0.02196358 0.01078853
v -0.02166725 0.01733752 0.01239712
v -0.02220568 0.01719006 0.00708731
v -0.02106709 0.02179385 0.01403759
v -0.02225238 0.02127568 0.00605562
v -0.02144854 0.01823667 0.01418203
v -0.02144763 0.01850345 0.01418203
v -0.02133766 0.01714094 0.01377102
v -0.02224273 0.01769233 0.00670951
v -0.02229907 0.01872473 0.00602570
v -0.02023618 0.02277179 0.01418203
v -0.02022679 0.02277179 0.01438190
v -0.02139081 0.01743737 0.01469153
v -0.02219785 0.01669473 0.00716075
v -0.01343330 0.02297814 0.01163864
v -0.01747091 0.02297151 0.01119140
v -0.01671757 0.02295842 0.00932453
v -0.01988795 0.02292589 0.00948136
v -0.01554063 0.02297823 0.00708054
v -0.01409105 0.02297812 0.00814633
v -0.01422443 0.02297812 0.00647901
v -0.01382428 0.02297812 0.01258140
v -0.01439136 0.02297796 0.01413517
v -0.01359486 0.02297763 0.01532758
v -0.01445579 0.02297837 0.01001834
v -0.01515813 0.02297797 0.01058062
v -0.01682293 0.02297473 0.00677942
v -0.01527984 0.02297843 0.01266538
v -0.01889293 0.02293750 0.00751275
v -0.01655357 0.02297404 0.01301152
v -0.01641071 0.02297660 0.01442361
v -0.01701031 0.02297615 0.00853621
v -0.01679473 0.02297591 0.01007746
v -0.01559372 0.02297817 0.01064106
v -0.01874287 0.02293854 0.00740721
v -0.02009041 0.02293029 0.00706251
v -0.02236754 0.01533808 0.00563735
v -0.02201275 0.01641461 0.00901592
v -0.02209647 0.01615878 0.00819273
v -0.02233866 0.01667029 0.00587355
v -0.02206580 0.01483011 0.00849738
v -0.02262980 0.01447686 0.00314878
v -0.02209432 0.01636748 0.00821737
v -0.02209419 0.01663605 0.00822178
v -0.02286860 0.01607461 0.00087803
v -0.02265976 0.01622417 0.00284348
v -0.02305169 0.01654987 -0.00091319
v -0.02208101 0.01524815 0.00836216
v -0.02283286 0.01003945 0.00121611
v -0.02006699 0.01135406 0.01439431
v -0.02050659 0.01011307 0.01307231
v -0.02050956 0.01084727 0.01197198
v -0.02021894 0.01412449 0.01242449
v -0.02188326 0.01427953 0.00915595
v -0.02024039 0.01487792 0.01406564
v -0.02190823 0.01021285 0.00995644
v -0.02209377 0.01687641 0.00822982
v -0.02178279 0.01663125 0.01111612
v -0.02204934 0.01205717 0.00867699
v -0.02205463 0.01114223 0.00862385
v -0.02179243 0.00837630 0.01110303
v -0.02256808 0.00946688 0.00374206
v -0.02222935 0.00246800 0.00696462
v -0.02290085 0.00351073 0.00056859
v -0.02239313 0.00546717 0.00540542
v -0.02125547 0.00879367 0.01294329
v -0.02236518 0.00755723 0.00567076
v -0.02155920 0.00681752 0.01333698
v -0.02237983 0.00701131 0.00553301
v -0.02198750 0.00288178 0.00925908
v -0.02301393 0.00239853 -0.00050360
v -0.02288900 0.00236378 0.00068501
v -0.02159980 0.00817993 0.01248040
v -0.02122204 0.00268140 0.01329710
v -0.02253626 0.00943322 0.00404472
v -0.02207574 0.00953893 0.00842438
v -0.02199194 0.00972188 0.00921863
v -0.02236869 0.00933944 0.00563914
v -0.02206486 0.00561012 0.00852475
v -0.02193261 0.00857064 0.00977998
v -0.02168916 0.00222812 0.01119055
v -0.02189339 0.00914110 0.01015354
v -0.02250109 0.00949991 0.00437818
v -0.02205919 0.00943322 0.00857983
v -0.02289775 0.00953535 0.00060205
v -0.02233188 0.00741406 0.00598310
v -0.02182603 0.00911801 0.01077106
v -0.02202411 0.00806081 0.00891645
v -0.02236808 0.00236378 0.00564535
v -0.02290116 0.00360532 0.00056603
v -0.02263394 0.00843013 0.00311085
v -0.02264223 0.00875370 0.00303674
v -0.02272891 0.00539020 0.00221062
v -0.02183799 0.00945800 0.01049093
v -0.02177853 0.00969999 0.01044723
v -0.02165744 0.00293845 0.01214410
v -0.02181717 0.00195538 0.01068639
v -0.02186274 0.00943546 0.01044502
v -0.02188618 0.00769783 0.01022248
v -0.02250811 0.00969999 0.00431149
v -0.02254397 0.01022937 0.00396969
v -0.02298474 0.00943322 -0.00022362
v -0.02298476 0.00969999 -0.00022362
v -0.02300473 0.00888143 -0.00041306
v -0.02272335 0.00932967 0.00225893
v -0.02234572 0.00320456 0.00585810
v -0.02151736 0.00575157 0.01373476
v -0.01311020 0.02297812 0.00292185
v -0.00647278 0.02297812 0.00367347
v -0.00955978 0.02297812 -0.00050591
v -0.01291559 0.02297812 0.00767948
v -0.01409105 0.02297812 0.00491173
v -0.00894439 0.02297812 0.00245706
v -0.00974943 0.02297812 0.00688954
v -0.00807202 0.02297812 0.00784413
v -0.01377560 0.02297812 -0.00006211
v -0.01258238 0.02297812 0.00723113
v -0.00272949 0.02295369 0.00381601
v -0.00021822 0.02155050 0.00059314
v -0.00498748 0.02297812 -0.00044037
v -0.00405769 0.02297487 0.00094993
v -0.00498748 0.02297812 0.00359454
v -0.00422225 0.02288480 0.00206795
v -0.00514146 0.02297812 0.00691788
v -0.00042230 0.02293668 0.00539347
v -0.00173612 0.02297403 0.00473888
v -0.00252168 0.02297606 0.00416232
v -0.00235311 0.02297812 0.00751275
v -0.00208634 0.02297812 0.00777952
v -0.00171119 0.02297812 0.00746273
v -0.00241980 0.02297812 0.00745439
v -0.00317946 0.02297811 0.00484306
v -0.00483169 0.02297812 0.00510764
v -0.00577112 0.02297812 0.00406139
v -0.01329073 0.02297812 0.01018046
v -0.01329073 0.02297812 0.01044723
v -0.01330909 0.02297817 0.01149618
v -0.01329073 0.02297812 0.01071400
v -0.01305731 0.02297812 0.00996371
v -0.01289058 0.02297812 0.01098078
v -0.01097420 0.02297812 0.00973445
v -0.01180682 0.02297812 0.00882368
v -0.01192353 0.02297812 0.01098078
v -0.00937253 0.02297812 0.00939682
v -0.01057300 0.02297812 0.01098078
v -0.01355751 0.02297812 0.00991369
v -0.01409105 0.02297812 0.01018046
v -0.01143167 0.02297812 0.00777952
v -0.01382428 0.02297812 0.01391526
v -0.01382428 0.02297812 0.01418203
v -0.01409105 0.02297812 0.01364849
v -0.01172345 0.02297812 0.01309723
v -0.00972058 0.02297812 0.01300865
v -0.00932251 0.02297812 0.01198117
v -0.00935586 0.02297812 0.01418203
v -0.01302396 0.02297812 0.01204786
v -0.01316194 0.02297813 0.01137640
v -0.01143167 0.02297812 0.01098078
v -0.00802565 0.02297812 0.01175608
v -0.00850709 0.02297812 0.01103236
v -0.00744873 0.02297812 0.00937585
v -0.00703356 0.02297812 0.00997745
v -0.00883065 0.02297812 0.01429874
v -0.00928917 0.02297812 0.01294821
v -0.00928917 0.02297812 0.01138093
v -0.00928917 0.02297812 0.00914672
v -0.00902239 0.02297812 0.00777952
v -0.00835547 0.02297812 0.00777952
v -0.00738425 0.02297812 0.01420808
v -0.00625464 0.02297812 0.01389025
v -0.00040052 0.02297812 0.00877053
v -0.00075248 0.02297812 0.00831306
v -0.00076916 0.02297812 0.00772950
v -0.00082029 0.02297812 0.00866561
v -0.00221971 0.02297812 0.01390095
v -0.00208764 0.02297812 0.00767766
v -0.00567108 0.02297812 0.01428207
v -0.00608791 0.02297812 0.01391526
v -0.00310814 0.02297812 0.01112222
v -0.00514010 0.02297812 0.01231035
v -0.01997904 0.02280920 0.01483249
v -0.01969325 0.02288889 0.01418203
v -0.02054625 0.02234523 0.01761044
v -0.02049387 0.02010646 0.02031601
v -0.02049270 0.02117431 0.01935909
v -0.02125455 0.01704684 0.01627043
v -0.02105956 0.02010408 0.01765006
v -0.02105302 0.01968309 0.01773770
v -0.02042566 0.01539327 0.01543458
v -0.02079421 0.01960161 0.01970728
v -0.02070787 0.01957053 0.02005100
v -0.02075419 0.01930377 0.02005100
v -0.02088419 0.02181528 0.01667768
v -0.02071294 0.02235842 0.01576164
v -0.02056876 0.01563412 0.01582593
v -0.02076033 0.01957053 0.01985426
v -0.01883868 0.02259184 0.01941002
v -0.01922538 0.02292114 0.01448131
v -0.02140471 0.02109716 0.01426223
v -0.02088579 0.02197509 0.01620936
v -0.02115081 0.02161158 0.01629677
v -0.01969325 0.02171291 0.02005100
v -0.01942647 0.02291101 0.01444880
v -0.02104484 0.02106887 0.01732863
v -0.01996984 0.02140307 0.02007602
v -0.02108104 0.01536790 0.01787302
v -0.02049356 0.01543240 0.01578266
v -0.02044881 0.01530220 0.01578266
v -0.01606808 0.02297754 0.01703543
v -0.01336543 0.02297714 0.01540604
v -0.01930501 0.02291276 0.01576800
v -0.01754550 0.02294175 0.01888735
v -0.01758667 0.02294254 0.01670893
v -0.01355751 0.02297812 0.01471557
v -0.01390803 0.02297812 0.01436520
v -0.01336850 0.02297812 0.01657321
v -0.01382428 0.02297812 0.01578266
v -0.01355751 0.02297812 0.01444880
v -0.01319108 0.02297901 0.01900001
v -0.01513099 0.02297812 0.01499532
v -0.01496639 0.02297812 0.01569095
v -0.01583420 0.02297796 0.01608667
v -0.01622105 0.02297648 0.01447780
v -0.01607365 0.02297791 0.01498329
v -0.01249089 0.02297811 0.01557262
v -0.01401296 0.02297812 0.01505994
v -0.01174013 0.02297103 0.01926319
v -0.01169011 0.02297812 0.01514908
v -0.02023494 0.02054723 0.02044359
v -0.02028205 0.01971129 0.02110361
v -0.01963683 0.01951332 0.02229406
v -0.01806713 0.01828584 0.02456511
v -0.02008733 0.01970037 0.02132565
v -0.01737730 0.02249110 0.02102999
v -0.01684038 0.02231840 0.02195019
v -0.02069091 0.01523123 0.02126046
v -0.01770380 0.01894620 0.02436412
v -0.02075461 0.01626820 0.02056319
v -0.02071582 0.01620878 0.02093078
v -0.02080308 0.01786748 0.02010006
v -0.02073920 0.01665848 0.02063878
v -0.02074460 0.01697068 0.02059241
v -0.02020226 0.01752272 0.02302755
v -0.01782584 0.02250502 0.02058684
v -0.01912868 0.02229330 0.01980163
v -0.01782584 0.02238209 0.02085131
v -0.01831454 0.02192183 0.02124091
v -0.01666563 0.02269044 0.02108892
v -0.01755908 0.02250502 0.02083633
v -0.01756261 0.02097693 0.02292904
v -0.01798453 0.02230585 0.02087591
v -0.01841298 0.01870194 0.02418762
v -0.02018006 0.01807046 0.02307067
v -0.01900033 0.01996336 0.02254275
v -0.02071057 0.01908642 0.02029955
v -0.02019507 0.01775620 0.02268982
v -0.01836066 0.01701974 0.02485622
v -0.02010356 0.01530266 0.02446234
v -0.01942338 0.02170835 0.02031518
v -0.01947904 0.01742192 0.02417138
v -0.01963655 0.01979181 0.02209088
v -0.01998075 0.01604871 0.02466368
v -0.01273288 0.02080587 0.02436070
v -0.01343071 0.02110453 0.02434992
v -0.01695159 0.02284728 0.02000336
v -0.01592650 0.01857503 0.02469541
v -0.01667843 0.02095420 0.02341200
v -0.01168992 0.02284757 0.02245256
v -0.01472187 0.02275468 0.02295322
v -0.01337424 0.02137446 0.02420769
v -0.01472829 0.02216865 0.02381105
v -0.01195292 0.02113060 0.02416077
v -0.01641377 0.01957865 0.02449545
v -0.01554932 0.01970866 0.02457270
v -0.01179059 0.02218250 0.02367170
v -0.00788305 0.02297814 0.01739554
v -0.00682987 0.02297812 0.01509906
v -0.00943922 0.02297812 0.01438211
v -0.00642081 0.02297751 0.01836645
v -0.00795531 0.02297812 0.01559821
v -0.00808630 0.02297590 0.01944579
v -0.01114656 0.02297808 0.01816461
v -0.01000716 0.02297842 0.01828468
v -0.01189019 0.02297814 0.01805021
v -0.01066054 0.02297812 0.01506779
v -0.01159007 0.02297812 0.01461553
v -0.00979865 0.02297813 0.01767555
v -0.00955594 0.02297789 0.01871714
v -0.00982271 0.02297809 0.01845037
v -0.00879161 0.02297337 0.01949023
v -0.01169011 0.02297812 0.01604943
v -0.01081476 0.02297649 0.01898808
v -0.00462069 0.02297144 0.01888497
v -0.00687155 0.02297805 0.01721655
v -0.00030231 0.02297812 0.01516575
v 0.00087797 0.02297411 0.01801028
v -0.00055241 0.02297812 0.01528246
v -0.00095254 0.02293467 0.01946214
v -0.00075248 0.02297812 0.01631620
v -0.00288666 0.02297812 0.01658297
v -0.00077093 0.02297785 0.01846624
v -0.00075248 0.02297812 0.01444880
v -0.00243396 0.02297554 0.01843376
v -0.00540710 0.02297815 0.01768224
v -0.00553769 0.02297812 0.01437377
v -0.00335350 0.02297812 0.01441545
v -0.00859680 0.02290690 0.02254567
v -0.00628724 0.02213876 0.02344300
v -0.00567567 0.02279682 0.02262052
v -0.00739221 0.02214330 0.02370337
v -0.01007289 0.02120954 0.02405741
v -0.00898720 0.01793565 0.02396686
v -0.00821865 0.01883730 0.02387729
v -0.01011127 0.01850762 0.02407915
v -0.01060160 0.01747226 0.02414403
v -0.01043266 0.01685086 0.02413338
v -0.00989947 0.02297245 0.01932861
v -0.00580792 0.02130268 0.02360752
v -0.00735030 0.02008834 0.02378061
v -0.00661019 0.01530064 0.02372415
v -0.00911862 0.02214793 0.02362005
v -0.00992019 0.01770625 0.02406121
v -0.00783805 0.01561734 0.02386785
v -0.01052822 0.02232714 0.02372019
v -0.01011301 0.02244304 0.02346493
v -0.01117138 0.01837895 0.02419264
v -0.01088979 0.01877023 0.02415867
v -0.00849212 0.02278857 0.02293345
v -0.00893169 0.01530850 0.02392546
v -0.01166925 0.02167641 0.02382569
v -0.00116820 0.02292819 0.01978383
v -0.00038472 0.02290738 0.02114148
v -0.00322825 0.02283014 0.02231240
v -0.00430046 0.01874447 0.02346110
v -0.00449381 0.01693447 0.02350875
v -0.00385579 0.01616351 0.02344820
v -0.00035233 0.02291986 0.02005100
v -0.00365456 0.02237573 0.02295169
v -0.00590269 0.02188959 0.02349735
v -0.00567401 0.01524042 0.02364702
v -0.00386529 0.02179701 0.02335094
v -0.00305972 0.01811299 0.02333432
v -0.00347338 0.02158965 0.02334792
v -0.00524869 0.02296864 0.01910863
v -0.00155280 0.02293658 0.01951745
v -0.00010152 0.02148776 0.02296430
v -0.00238120 0.02258113 0.02256061
v -0.01998224 0.01200068 0.01513864
v -0.02076228 0.01503819 0.02058527
v -0.02085020 0.01497103 0.01983697
v -0.02103005 0.00979515 0.01834944
v -0.02037311 0.01475333 0.01630478
v -0.02012333 0.01342876 0.01627944
v -0.02076141 0.01451225 0.02057551
v -0.02074104 0.01320128 0.02088834
v -0.02036755 0.01003234 0.01481969
v -0.02019878 0.01476429 0.01497750
v -0.02042844 0.01276161 0.01757351
v -0.02083491 0.00959106 0.01648040
v -0.02097442 0.00973839 0.01761207
v -0.02002505 0.01388133 0.01445394
v -0.02031324 0.01388752 0.01672186
v -0.02106601 0.01520166 0.01802831
v -0.02094280 0.01498313 0.01910204
v -0.02018254 0.01464933 0.01521447
v -0.02019527 0.01401050 0.01626653
v -0.02089685 0.01503542 0.01951745
v -0.02089300 0.01530220 0.01951745
v -0.02020564 0.01476866 0.01444880
v -0.02042063 0.01551215 0.01449519
v -0.01994574 0.01375443 0.01497506
v -0.02096525 0.01364400 0.01879500
v -0.02052040 0.00969999 0.01498234
v -0.02087497 0.00888206 0.01462127
v -0.01293647 0.01269146 0.02439875
v -0.01302007 0.01237429 0.02435318
v -0.01699559 0.01461860 0.02481572
v -0.01735105 0.01490204 0.02484711
v -0.02036591 0.01438887 0.02458084
v -0.01969631 0.00936891 0.02508634
v -0.01659119 0.01386887 0.02477751
v -0.01719406 0.01420176 0.02483471
v -0.01636503 0.01099214 0.02476082
v -0.01668585 0.01076946 0.02479533
v -0.01990168 0.01532045 0.02418174
v -0.01356401 0.01238288 0.02447032
v -0.01409105 0.01050031 0.02452487
v -0.01648999 0.00842332 0.02477020
v -0.01578620 0.01417007 0.02470111
v -0.01435782 0.01010015 0.02455351
v -0.01312794 0.01057012 0.02397287
v -0.01435782 0.00969999 0.02455440
v -0.01645369 0.00965858 0.02476515
v -0.01610472 0.01364627 0.02473371
v -0.01260994 0.01324766 0.02437065
v -0.01601341 0.01484713 0.02472298
v -0.01589170 0.01510211 0.02471118
v -0.01361600 0.01117424 0.02443708
v -0.01345958 0.01183863 0.02445920
v -0.02011450 0.01372300 0.02506699
v -0.01351508 0.01331550 0.02446576
v -0.01995317 0.00930191 0.02496360
v -0.01272101 0.00663673 0.02435185
v -0.02136298 0.00809298 0.01483403
v -0.02120546 0.00866479 0.01662742
v -0.02034121 0.00640235 0.02436397
v -0.02071427 0.00314192 0.02114857
v -0.02136932 0.00303071 0.01471557
v -0.02053780 0.00247254 0.02268030
v -0.02113827 0.00902967 0.01705265
v -0.02097182 0.00893708 0.01888120
v -0.02009826 0.00178928 0.02484342
v -0.02072793 0.00216926 0.02094613
v -0.02001178 0.00639426 0.02506529
v -0.02117474 0.00210429 0.01697362
v -0.01339144 0.00788395 0.02443907
v -0.01252917 0.00453124 0.02436104
v -0.02016113 0.00562762 0.02507237
v -0.01354596 0.00878926 0.02442618
v -0.02123766 0.00254515 0.01651609
v -0.01998515 0.00928783 0.02489825
v -0.00918882 0.01524948 0.02381342
v -0.00885903 0.01093001 0.02168679
v -0.00823240 0.00972094 0.02167662
v -0.01134365 0.00977195 0.02259026
v -0.01262214 0.01309451 0.02434441
v -0.01106454 0.01175334 0.02256076
v -0.00759575 0.01158207 0.02182284
v -0.00809747 0.01534447 0.02377844
v -0.01018421 0.01418307 0.02322457
v -0.01048048 0.01510416 0.02414732
v -0.01196994 0.01556791 0.02430108
v -0.00451025 0.01421938 0.02341344
v -0.00503949 0.00981699 0.02195229
v -0.00668988 0.01247863 0.02212019
v -0.00110807 0.01441552 0.02315954
v -0.00101923 0.01430179 0.02315377
v -0.00043880 0.01471212 0.02309258
v -0.00123858 0.01494606 0.02316988
v -0.00097757 0.01388497 0.02314920
v -0.00448728 0.01503542 0.02351665
v -0.00091743 0.01003440 0.02314293
v -0.00040756 0.00955932 0.02308925
v -0.00362612 0.01345337 0.02341075
v -0.00301000 0.01299321 0.02336263
v -0.00263032 0.01109939 0.02329527
v -0.00386174 0.00969999 0.02245194
v -0.00358964 0.00999753 0.02257998
v -0.00388645 0.00943322 0.02245194
v -0.00484599 0.01207343 0.02212202
v -0.00275684 0.01169665 0.02331600
v -0.00722570 0.01464945 0.02317197
v -0.00685927 0.01416385 0.02288239
v -0.00359515 0.01335829 0.02340414
v -0.00302139 0.01230044 0.02335347
v -0.00292905 0.00949555 0.02300777
v -0.00261424 0.00965350 0.02323152
v -0.00248822 0.00977868 0.02327887
v -0.00883272 0.00419585 0.02396009
v -0.01123469 0.00514893 0.02383664
v -0.00846758 0.00938030 0.02165446
v -0.01274910 0.00650794 0.02438436
v -0.01050629 0.00233461 0.02415133
v -0.01244120 0.00831815 0.02348456
v -0.00730490 0.00757513 0.02197548
v -0.00737980 0.00535393 0.02293804
v -0.00704789 0.00436527 0.02375961
v -0.01249042 0.00889968 0.02339846
v -0.01269283 0.00969371 0.02348714
v -0.00930759 0.00747208 0.02202322
v -0.01012926 0.00924119 0.02206333
v -0.01192355 0.00561975 0.02429208
v -0.01183596 0.00890787 0.02293369
v -0.00235416 0.00918091 0.02329435
v -0.00492734 0.00642917 0.02297684
v -0.00535672 0.00476741 0.02360026
v -0.00290469 0.00701109 0.02335143
v -0.00300317 0.00722125 0.02335105
v -0.00244534 0.00269298 0.02330322
v -0.00188603 0.00409527 0.02324438
v -0.00645846 0.00856293 0.02180673
v -0.00544564 0.00706672 0.02222324
v -0.00406610 0.00760227 0.02277972
v -0.00377190 0.00510132 0.02344260
v -0.00315109 0.00225910 0.02337760
v -0.00066808 0.00386959 0.02311653
v -0.00717679 0.00723432 0.02199989
v -0.00448797 0.00542950 0.02351729
v 0.00645034 0.02297812 0.00030992
v 0.00671711 0.02297812 0.00057670
v 0.00538818 0.02297809 -0.00075261
v 0.00805930 0.02297812 0.00152707
v 0.00537696 0.02297480 -0.00023749
v 0.00724388 0.02297812 0.00639043
v 0.00618357 0.02297812 0.00591212
v 0.00716729 0.02297812 0.00342781
v 0.00600000 0.02297801 0.00432432
v 0.00566177 0.02297810 0.00070480
v 0.00290876 0.02196973 -0.00049829
v 0.00205073 0.02292849 0.00537970
v 0.00002383 0.02170529 0.00161783
v 0.00458294 0.02297812 0.00671243
v 0.00431617 0.02297812 0.00644566
v 0.00298446 0.02297809 0.00511422
v 0.00524987 0.02297813 0.00591212
v 0.00404940 0.02297812 0.00617889
v 0.00502758 0.02297807 0.00546869
v 0.00405741 0.02297790 0.00431215
v 0.00425360 0.02219711 0.00051667
v 0.00002350 0.02297474 0.00536902
v 0.00512088 0.02291042 -0.00076358
v 0.00430413 0.02239193 -0.00046967
v 0.00511648 0.02286193 -0.00049039
v 0.00618357 0.02297812 0.00004315
v 0.00585010 0.02297811 0.00604551
v 0.00605538 0.02297812 0.00458055
v 0.00412010 0.02294037 0.00411174
v 0.00298231 0.02296656 0.00484503
v 0.00378263 0.02297812 0.00591212
v 0.00382956 0.02296846 0.00430875
v 0.00538325 0.02297812 0.00617889
v 0.00578341 0.02297810 0.00591212
v 0.00578341 0.02297812 0.00484503
v 0.00538325 0.02297812 0.00484503
v 0.00565003 0.02297812 0.00631228
v 0.00378834 0.02245696 0.00345457
v 0.00511648 0.02297812 0.00617889
v 0.00893465 0.02297812 0.00190221
v 0.00271554 0.02297812 0.00671243
v 0.00100225 0.02297812 0.01294878
v 0.00073915 0.02297812 0.00997520
v 0.00681157 0.02297812 0.01029147
v 0.00404940 0.02297812 0.00671243
v 0.00485466 0.02297812 0.00791499
v 0.00477468 0.02297812 0.00935514
v 0.00398102 0.02297812 0.00964597
v 0.00439745 0.02297797 0.01454884
v 0.00782679 0.02297802 0.01036660
v 0.00401605 0.02297812 0.00847979
v 0.00012677 0.02297812 0.00659051
v 0.00219034 0.02297812 0.00874761
v 0.00221847 0.02297812 0.00906336
v 0.00267803 0.02297812 0.01075152
v 0.00439990 0.02297812 0.01147608
v 0.00752576 0.02297812 0.00965525
v 0.00367191 0.02297812 0.00681638
v 0.00326186 0.02297812 0.01372214
v 0.00703531 0.02297812 0.00792051
v 0.00724909 0.02297812 0.00748149
v 0.00751742 0.02297812 0.00991369
v 0.00417093 0.02297813 0.01324605
v 0.00529155 0.02297812 0.00906335
v 0.00522486 0.02297812 0.00846312
v 0.00432021 0.02297812 0.01365339
v 0.00484971 0.02297812 0.00938015
v 0.00524987 0.02297812 0.00978030
v 0.00484971 0.02297812 0.00884661
v 0.00358975 0.02297810 0.01399389
v 0.00292396 0.02297812 0.00967401
v 0.00321379 0.02297812 0.00728660
v 0.00026773 0.02297812 0.00680757
v 0.01444306 0.02297812 0.00008484
v 0.01475643 0.02297812 0.00149926
v 0.01406199 0.02297733 0.00537946
v 0.01439421 0.02297818 0.00480712
v 0.00965159 0.02297425 0.00751275
v 0.00905136 0.02297812 0.00344449
v 0.01499256 0.02297817 0.00459354
v 0.01224321 0.02291198 0.00551914
v 0.01054361 0.02297812 -0.00037368
v 0.00984021 0.02297812 0.00035786
v 0.01036809 0.02297777 0.00525122
v 0.01045191 0.02297812 0.00431149
v 0.00931349 0.02297812 0.00114225
v 0.01094676 0.02297812 0.00129328
v 0.01141746 0.02297812 0.00431057
v 0.01278199 0.02297812 0.00432608
v 0.01285116 0.02297812 0.00076101
v 0.01525379 0.02297812 0.00010985
v 0.01403109 0.02297812 -0.00069063
v 0.01175658 0.02297812 0.00253997
v 0.01103079 0.02297824 0.00527456
v 0.01132725 0.02297812 0.00476167
v 0.00938482 0.02297812 0.00324441
v 0.01167874 0.02297812 0.00077738
v 0.01013850 0.02297812 0.00248226
v 0.01311962 0.02297812 0.00484503
v 0.01348076 0.02297787 0.00536466
v 0.01054323 0.02258941 0.00736050
v 0.01059233 0.02297812 -0.00104347
v 0.01283479 0.02085817 0.01124492
v 0.01085331 0.02196769 0.00826946
v 0.00838722 0.02279761 0.01113822
v 0.00913124 0.02296308 0.00831438
v 0.01152472 0.02187429 0.01330688
v 0.00951892 0.02297600 0.00751303
v 0.00805097 0.02297800 0.01144762
v 0.01451392 0.02168809 0.00783360
v 0.01519995 0.02127329 0.01005849
v 0.01128366 0.02246318 0.01391061
v 0.00805097 0.02297812 0.00978030
v 0.00765498 0.02297812 0.00991786
v 0.00180769 0.02297587 0.01741688
v -0.00011473 0.02297812 0.01479425
v 0.00181122 0.02297810 0.01647534
v 0.00231686 0.02295888 0.01803069
v 0.00611227 0.02294358 0.01791504
v 0.00404940 0.02292361 0.01925068
v 0.00349741 0.02297471 0.01685263
v 0.00449020 0.02297804 0.01436543
v 0.00134283 0.02297499 0.01771358
v 0.00278640 0.02297791 0.01549504
v 0.00343154 0.02292683 0.01943789
v 0.00511648 0.02297812 0.01418203
v 0.00730487 0.02294199 0.01813504
v 0.00318304 0.02295296 0.01810315
v 0.00363234 0.02293351 0.01885453
v 0.00720063 0.02297812 0.01456551
v 0.00569843 0.02297807 0.01565730
v 0.00511648 0.02297478 0.01658297
v 0.00557009 0.02297787 0.01644623
v -0.00036925 0.02249953 0.02226758
v -0.00012914 0.01678369 0.02304135
v -0.00000834 0.01731298 0.02302967
v 0.00012655 0.01798899 0.02300512
v 0.00005341 0.01689569 0.02301996
v 0.00505706 0.02182923 0.02238214
v 0.00732366 0.02201230 0.02145749
v 0.00629860 0.01707746 0.02237311
v 0.00479683 0.01734901 0.02253656
v 0.00072146 0.01774918 0.02294666
v 0.00565003 0.01716959 0.02244267
v 0.00543237 0.01715190 0.02247108
v 0.00408140 0.01922249 0.02258980
v 0.00262861 0.02228039 0.02257146
v 0.00546977 0.02291258 0.02042940
v 0.00485632 0.01664309 0.02253209
v 0.00485856 0.01718824 0.02253229
v 0.00443066 0.02285002 0.02136239
v 0.01464902 0.02295115 0.01578838
v 0.01492476 0.02292669 0.01861458
v 0.01485363 0.02293170 0.01751667
v 0.01418670 0.02293634 0.01738328
v 0.01339497 0.02295626 0.01607306
v 0.01070097 0.02297650 0.01608235
v 0.01335587 0.02209701 0.01460973
v 0.01472078 0.02295176 0.01605001
v 0.01468139 0.02295028 0.01578632
v 0.00758412 0.02297812 0.01458219
v 0.00753562 0.02297177 0.01677093
v 0.01276080 0.02295441 0.01590935
v 0.01412001 0.02293209 0.01846705
v 0.01525379 0.02294014 0.01658297
v 0.01393149 0.02193641 0.01416709
v 0.01033529 0.02297809 0.01459954
v 0.00864533 0.02097182 0.02205817
v 0.00811937 0.02130121 0.02204223
v 0.01390919 0.02290263 0.01906950
v 0.01195764 0.02168849 0.02162427
v 0.01470368 0.02192715 0.02100536
v 0.00777152 0.01917475 0.02219841
v 0.00789100 0.02160240 0.02197204
v 0.00743672 0.02167069 0.02200959
v 0.01292872 0.02272409 0.02033413
v 0.00728760 0.01673255 0.02227783
v 0.00800837 0.02240323 0.02123688
v 0.00969510 0.02261373 0.02088225
v 0.00826531 0.02291624 0.01967937
v 0.01504614 0.02046993 0.02143920
v 0.00031181 0.01548413 0.02301390
v -0.00039556 0.01494046 0.02308726
v 0.00138997 0.01694190 0.02289215
v 0.00020937 0.00622012 0.02302431
v -0.00053573 0.00196363 0.02310282
v 0.00055321 0.00343250 0.02298854
v 0.00058123 0.00275563 0.02298573
v 0.00156492 0.00637075 0.02288183
v 0.00258901 0.01425354 0.02277125
v 0.00354998 0.00269293 0.02267348
v 0.00590475 0.01165144 0.02242413
v 0.00477113 0.01158853 0.02254269
v 0.00390774 0.01688602 0.02263377
v 0.00789444 0.00888761 0.02221673
v 0.00591680 0.01690282 0.02242170
v 0.00765357 0.00295184 0.02224204
v 0.00725193 0.01237544 0.02228348
v 0.00586702 0.00362557 0.02242996
v 0.01041168 0.00481643 0.02195194
v 0.01365316 0.00169686 0.02161162
v 0.01365316 0.00196363 0.02161109
v 0.00825172 0.01017998 0.02217914
v 0.00827659 0.00290775 0.02217667
v 0.00834057 0.01591910 0.02216816
v 0.00835314 0.00417647 0.02216756
v 0.00831774 0.00356426 0.02217246
v 0.01559035 0.01430867 0.02140523
v 0.01417841 0.01628968 0.02155567
v 0.01502039 0.00376434 0.02146699
v 0.01450350 0.00231376 0.02152170
v 0.01541456 0.00938043 0.02142321
v 0.01319191 0.00286134 0.02166267
v 0.01013506 0.01691949 0.02197373
v 0.00801764 0.00336418 0.02220400
v 0.01532048 0.00289733 0.02143530
v 0.01472025 0.00263055 0.02149873
v 0.01187068 0.00699179 0.02179608
v 0.01448609 0.01350501 0.02152005
v 0.00982504 0.01495275 0.02201497
v 0.00809509 0.01430179 0.02219507
v 0.01358568 0.00242084 0.02161851
v 0.01879816 0.02297813 0.00072610
v 0.01951285 0.02297724 0.00050342
v 0.01637693 0.02297812 0.00272271
v 0.01537702 0.02297812 0.00213538
v 0.01592448 0.02297816 0.00498458
v 0.01572342 0.02297812 -0.00067690
v 0.01525379 0.02297812 0.00010984
v 0.01525379 0.02297812 0.00091016
v 0.01525379 0.02297812 0.00457826
v 0.01544041 0.02297750 0.00536366
v 0.01887604 0.02297794 0.00501594
v 0.02010177 0.02297448 0.00206008
v 0.02020168 0.02297573 0.00372946
v 0.02191597 0.02286625 0.00539750
v 0.01967636 0.02297794 0.00455325
v 0.02311228 0.02091600 0.00092615
v 0.02338074 0.01691374 0.00326424
v 0.02300505 0.01764246 -0.00024810
v 0.02354390 0.02142375 0.00518772
v 0.02333574 0.01798653 0.00284097
v 0.02298264 0.01582455 -0.00068827
v 0.02300354 0.01583574 -0.00049039
v 0.02299849 0.01539389 -0.00052951
v 0.02301734 0.01592222 -0.00034780
v 0.02261339 0.02228347 -0.00035785
v 0.02179949 0.02286659 -0.00077074
v 0.02361602 0.02010408 0.00571205
v 0.02296151 0.02267269 0.00352084
v 0.02327108 0.02221227 0.00516774
v 0.02302108 0.01665665 -0.00021710
v 0.01575864 0.02297744 0.00574270
v 0.01822215 0.02293129 0.00753087
v 0.01899901 0.02297800 0.00588294
v 0.01903587 0.02291810 0.01108569
v 0.01677987 0.02194456 0.00892233
v 0.01892400 0.02284465 0.01099372
v 0.01525091 0.02153465 0.00852268
v 0.01641430 0.02149855 0.00994391
v 0.01641283 0.02157537 0.01151917
v 0.01875039 0.02280687 0.00987559
v 0.02164783 0.02294200 0.01155342
v 0.02373321 0.02106731 0.00686645
v 0.02406072 0.02106830 0.01116051
v 0.02376431 0.01915381 0.00707529
v 0.02250564 0.02286338 0.00974966
v 0.02295229 0.02222093 0.00564749
v 0.02383464 0.01548136 0.00745727
v 0.02353356 0.01575742 0.00458606
v 0.02335235 0.02237989 0.00683250
v 0.02358521 0.02143792 0.00564535
v 0.02421208 0.01790819 0.01128987
v 0.02296185 0.02258910 0.01151093
v 0.02402271 0.01627106 0.00934064
v 0.02410993 0.01447667 0.01003285
v 0.02420199 0.00754746 0.01090082
v 0.02422456 0.00823276 0.01111416
v 0.02428319 0.00728811 0.01167429
v 0.02377462 0.00715473 0.00681978
v 0.02425910 0.01260530 0.01142253
v 0.02425937 0.01042528 0.01143302
v 0.02426795 0.01076708 0.01151432
v 0.02429574 0.01036692 0.01178109
v 0.02314111 0.01398170 0.00083073
v 0.02319896 0.01551757 0.00139609
v 0.02375041 0.00861020 0.00659003
v 0.02379555 0.01384209 0.00702056
v 0.02330577 0.01384994 0.00237369
v 0.02424197 0.00923836 0.01127464
v 0.02321268 0.00746385 0.00150021
v 0.02050270 0.00530277 -0.00025309
v 0.02411589 0.00446812 0.01006872
v 0.02399048 0.00551408 0.00887592
v 0.02406463 0.00754915 0.00958566
v 0.02405033 0.00703228 0.00944625
v 0.02404397 0.00680407 0.00938332
v 0.02407339 0.00628116 0.00966207
v 0.02418340 0.00648415 0.01071192
v 0.02380268 0.00478706 0.00708874
v 0.02370033 0.00197075 0.00632005
v 0.02342694 0.00595484 0.00353673
v 0.02379134 0.00729905 0.00697921
v 0.02059505 0.00241705 0.00371534
v 0.02321241 0.00702587 0.00152639
v 0.02002188 0.00410947 0.00176946
v 0.02369327 0.00676551 0.00604551
v 0.02351631 0.00537074 0.00438290
v 0.02429913 0.00240068 0.01181506
v 0.02361488 0.00406004 0.00530156
v 0.02432288 0.00388274 0.01203969
v 0.02418055 0.00465218 0.01068483
v 0.02402224 0.00265738 0.00917823
v 0.02336471 0.00607003 0.00342069
v 0.02422557 0.00409780 0.01111416
v 0.02131798 0.00598084 0.00037238
v 0.02384751 0.00689890 0.00751274
v 0.02395366 0.00676834 0.00852284
v 0.01883418 0.00180833 0.00032629
v 0.02363733 0.00677833 0.00551225
v 0.02350819 0.00516556 0.00438364
v 0.02398760 0.00703228 0.00884661
v 0.02397013 0.00743036 0.00868196
v 0.02319498 0.00703558 0.00137884
v 0.01934661 0.00361389 -0.00050391
v 0.02336470 0.00473860 0.00499159
v 0.02367458 0.00748456 0.00586631
v 0.02298433 0.00721947 -0.00006157
v 0.02337349 0.00648834 0.00300336
v 0.02432162 0.00137281 0.01202923
v 0.02251528 0.00651383 0.00144018
v 0.02192667 0.00644810 0.00062604
v 0.02370732 0.00703228 0.00617889
v 0.02303522 0.00714924 0.00048840
v 0.02421858 0.00389772 0.01104747
v 0.01925353 0.00196510 0.00166195
v 0.01941045 0.02290827 0.01456986
v 0.01782069 0.02304258 0.01469508
v 0.01795469 0.02282391 0.01384832
v 0.01556717 0.02243835 0.01462787
v 0.01525379 0.02296261 0.01578266
v 0.01586637 0.02142999 0.01166034
v 0.02437219 0.01589410 0.01257992
v 0.02440044 0.01583574 0.01284817
v 0.02323083 0.02239700 0.01179104
v 0.02455914 0.01898576 0.01462529
v 0.02429876 0.01930429 0.01216958
v 0.02436310 0.01669173 0.01253876
v 0.02454158 0.01446202 0.01416004
v 0.02426016 0.01776441 0.01173618
v 0.02424136 0.01792720 0.01157234
v 0.02458853 0.01758196 0.01477793
v 0.02461796 0.01686301 0.01497250
v 0.02438917 0.02075476 0.01441961
v 0.02304030 0.02265197 0.01469826
v 0.02127305 0.02258711 0.01702734
v 0.02423149 0.01903699 0.01151432
v 0.02425861 0.01903699 0.01178109
v 0.02241368 0.02142266 0.01743750
v 0.02461615 0.01613930 0.01490472
v 0.02453213 0.01587905 0.01410939
v 0.02404437 0.02201979 0.01265563
v 0.02470190 0.01616920 0.01591606
v 0.02471551 0.01530613 0.01607422
v 0.02450833 0.01843201 0.01724542
v 0.02479155 0.01663296 0.01688946
v 0.01902256 0.02072931 0.02091087
v 0.02039433 0.01927010 0.02083555
v 0.01916690 0.02036659 0.02089335
v 0.01577532 0.01564816 0.02138460
v 0.01563077 0.02291160 0.01895864
v 0.01868418 0.02290756 0.01785548
v 0.01843024 0.02248852 0.02031063
v 0.01542402 0.01927728 0.02140541
v 0.02001077 0.01924167 0.02091651
v 0.01524565 0.02258314 0.02022926
v 0.01591644 0.01517714 0.02136946
v 0.02052766 0.02277622 0.01730623
v 0.02476799 0.01606942 0.02001652
v 0.02185593 0.02022433 0.01988936
v 0.02272331 0.02096420 0.01740612
v 0.02388233 0.01806520 0.01962165
v 0.02076588 0.02200922 0.01877472
v 0.02097535 0.01918070 0.02066688
v 0.02483845 0.01688598 0.01761461
v 0.02415094 0.01522976 0.02034597
v 0.02455383 0.01831111 0.01742926
v 0.02151302 0.01923234 0.02061915
v 0.02500388 0.01536062 0.01909721
v 0.01848271 0.00872722 0.02109479
v 0.02340180 0.00920913 0.02048421
v 0.02488995 0.00872020 0.01938863
v 0.02494276 0.01118419 0.01865491
v 0.01681587 0.01382708 0.02127244
v 0.01775485 0.01176748 0.02117787
v 0.01700446 0.01040027 0.02125407
v 0.02466795 0.01299487 0.02006680
v 0.02465472 0.00927283 0.01535521
v 0.02456058 0.01428242 0.01430110
v 0.01749660 0.00986245 0.02120407
v 0.02489312 0.01451698 0.01768493
v 0.02429426 0.01423510 0.01178109
v 0.02406157 0.01507015 0.02039007
v 0.02489793 0.01487136 0.01957185
v 0.01575279 0.01012530 0.02138725
v 0.01576785 0.01298315 0.02138371
v 0.01615199 0.01412380 0.02134541
v 0.02428475 0.01196581 0.01168195
v 0.02498213 0.01424699 0.01904463
v 0.01983507 0.01482838 0.02095130
v 0.01875471 0.01005260 0.02106803
v 0.02494298 0.01239178 0.01885773
v 0.01576572 0.01011882 0.02138582
v 0.01633245 0.01369200 0.02132407
v 0.01637249 0.01182478 0.02132080
v 0.01605410 0.00889968 0.02135449
v 0.01649014 0.01035154 0.02130769
v 0.01778172 0.01304546 0.02117165
v 0.01593617 0.00963825 0.02136757
v 0.02492192 0.01317948 0.01923692
v 0.01980220 0.01309733 0.02095720
v 0.02479867 0.01526528 0.01680714
v 0.02490609 0.00987089 0.01816853
v 0.02448546 0.00473548 0.02026617
v 0.02496276 0.00676692 0.01911865
v 0.02497325 0.00766181 0.01892518
v 0.02093130 0.00242316 0.02083293
v 0.01801283 0.00702803 0.02114434
v 0.02458449 0.00304769 0.01990532
v 0.02458905 0.00753133 0.01459028
v 0.02463612 0.00634767 0.01513652
v 0.01552056 0.00463134 0.02141165
v 0.01534136 0.00515030 0.02143157
v 0.02500525 0.00398544 0.01915909
v 0.01564354 0.00426453 0.02139861
v 0.02383140 0.00563112 0.02046482
v 0.02494914 0.00636974 0.01861975
v 0.02497115 0.00583179 0.01898268
v 0.02491071 0.00763939 0.01931824
v 0.02387027 0.00883251 0.02028337
v 0.02489184 0.00685816 0.01801194
v 0.02465693 0.00416970 0.01532218
v 0.01743513 0.00864672 0.02120638
v 0.02454755 0.00194696 0.01426537
v 0.02485603 0.00567544 0.01762471
v 0.02475161 0.00785370 0.01658207
v 0.02470741 0.00841946 0.01615663
v 0.02496182 0.00849950 0.01898315
v 0.02454345 0.00896638 0.01414868
v 0.02431394 0.00337414 0.01195527
v 0.02499698 0.00186402 0.01903303
v 0.02493881 0.00429887 0.01923321
v 0.02447814 0.00884762 0.01352707
v 0.02431973 0.00565674 0.01200615
v 0.01562060 0.00344755 0.02140347
v -0.02494436 -0.00271416 -0.01995803
v -0.02489845 -0.00028654 -0.01886179
v -0.02256063 -0.00335013 -0.02059436
v -0.02474487 0.00019437 -0.02028137
v -0.02484834 -0.00587458 -0.01984683
v -0.02477550 0.00185159 -0.02012424
v -0.02463157 -0.00385310 -0.02029731
v -0.02180170 -0.00612796 -0.02067373
v -0.01942647 0.00169686 -0.02093035
v -0.01803980 0.00091515 -0.02107595
v -0.01915970 0.00196363 -0.02095830
v -0.02479481 0.00114382 -0.01783679
v -0.02438622 -0.00391453 -0.01381253
v -0.02460187 -0.00655176 -0.01599475
v -0.02467444 -0.00565444 -0.01670526
v -0.02444058 -0.00230504 -0.01444421
v -0.02445726 -0.00039410 -0.01452777
v -0.02437347 0.00143009 -0.01356218
v -0.02488683 -0.00437810 -0.01873727
v -0.02401006 -0.00147492 -0.01378237
v -0.02455445 0.00169686 -0.01542958
v -0.02452119 -0.00806893 -0.01510197
v -0.02481329 -0.00949165 -0.02023076
v -0.02438754 -0.01362586 -0.01436437
v -0.02364129 -0.01345166 -0.01342578
v -0.02475311 -0.00734029 -0.01750559
v -0.02465337 -0.01371484 -0.01644706
v -0.02445106 -0.01069981 -0.01436014
v -0.02449586 -0.01314794 -0.01500426
v -0.02480887 -0.01371308 -0.01963124
v -0.02467724 -0.00683650 -0.02013651
v -0.02489054 -0.01175574 -0.02021561
v -0.02275516 -0.00789640 -0.02055039
v -0.02236759 -0.00723958 -0.02060701
v -0.02231459 -0.00913308 -0.02060917
v -0.02262773 -0.00737337 -0.02057095
v -0.02391358 -0.01377588 -0.01382895
v -0.02403812 -0.01410096 -0.01404011
v -0.02476190 -0.01382892 -0.01969792
v -0.02471993 -0.01404265 -0.01969792
v -0.02410998 -0.01387457 -0.02018992
v -0.02269189 -0.00656308 -0.02057309
v -0.02211481 -0.00753323 -0.02063716
v -0.02091151 -0.00569284 -0.02077438
v -0.02088494 -0.00850714 -0.02077637
v -0.01779292 -0.00918110 -0.02051772
v -0.01782330 -0.01377309 -0.02105457
v -0.02206405 -0.00932447 -0.02063386
v -0.01879286 -0.01185230 -0.02098698
v -0.01775626 -0.00716554 -0.02108312
v -0.01849157 -0.00828314 -0.02103940
v -0.02255806 -0.00776827 -0.02057791
v -0.02214523 -0.01215098 -0.02061885
v -0.02424504 -0.00584108 -0.01223405
v -0.02396924 -0.00290423 -0.01360597
v -0.02422369 -0.00555424 -0.01235184
v -0.02361808 -0.00549562 -0.00835861
v -0.02224454 -0.00158393 -0.01112223
v -0.02383068 0.00144716 -0.01234167
v -0.02275560 -0.00171467 -0.01210740
v -0.02278042 -0.00093595 -0.00838470
v -0.02351466 -0.00533862 -0.00992687
v -0.02434964 -0.00417211 -0.01356218
v -0.02327504 -0.00548148 -0.00298664
v -0.02345571 -0.00434529 -0.00470778
v -0.02322635 -0.00243750 -0.00606004
v -0.02308859 -0.00092500 -0.00121151
v -0.02348795 -0.00433356 -0.00618649
v -0.02351708 -0.00310506 -0.00529231
v -0.02352711 0.00025778 -0.00539875
v -0.02314004 -0.00271946 -0.00170393
v -0.02310202 -0.00506758 -0.00133949
v -0.02323095 -0.00384427 -0.00256684
v -0.02281354 0.00050208 -0.00778953
v -0.02365161 0.00202416 -0.00666070
v -0.02355664 -0.00397203 -0.00582582
v -0.02354511 -0.00390532 -0.00555933
v -0.02362654 -0.00482261 -0.00634004
v -0.02343011 -0.00571021 -0.00446398
v -0.02311064 -0.00270487 -0.00142409
v -0.02306686 -0.00263817 -0.00100726
v -0.02347760 -0.00185452 -0.00515725
v -0.02328890 -0.00439907 -0.00762317
v -0.02264540 -0.00123555 -0.00744576
v -0.02348906 -0.00523920 -0.00502550
v -0.02258384 -0.00058080 -0.00800783
v -0.02362403 -0.00467281 -0.00632112
v -0.02312474 0.00196363 -0.00155747
v -0.02321915 0.00019662 -0.00597088
v -0.02299627 -0.01185282 -0.01155762
v -0.02432334 -0.00724168 -0.01306464
v -0.02390157 -0.00604323 -0.00932186
v -0.02390330 -0.00603951 -0.00902707
v -0.02380322 -0.00941113 -0.00996100
v -0.02417490 -0.00962508 -0.01182049
v -0.02405654 -0.00610428 -0.01048678
v -0.02255109 -0.01220298 -0.00900167
v -0.02388178 -0.00603951 -0.00876030
v -0.02386839 -0.00643966 -0.00862686
v -0.02235852 -0.01361102 -0.01047560
v -0.02386682 -0.00952092 -0.00868451
v -0.02371632 -0.01249060 -0.01318836
v -0.02413377 -0.00604057 -0.01116034
v -0.02383753 -0.00738379 -0.00833719
v -0.02218502 -0.01360408 -0.00888803
v -0.02236180 -0.01350912 -0.00733118
v -0.02221744 -0.01350910 -0.00849353
v -0.02343336 -0.01303952 -0.00446609
v -0.02328551 -0.00907078 -0.00308845
v -0.02312545 -0.00574148 -0.00156167
v -0.02381845 -0.00958789 -0.00819008
v -0.02381320 -0.00597254 -0.00814148
v -0.02316267 -0.00808211 -0.00191688
v -0.02351560 -0.01070967 -0.00568365
v -0.02336652 -0.00820703 -0.00385838
v -0.02342301 -0.00781651 -0.00439638
v -0.02330735 -0.00835790 -0.00329473
v -0.02345137 -0.00706720 -0.00466651
v -0.02351704 -0.00830707 -0.00529227
v -0.02351705 -0.00790691 -0.00529227
v -0.02353151 -0.00884842 -0.00543009
v -0.02379501 -0.00576121 -0.00796503
v -0.02340505 -0.00603951 -0.00422519
v -0.02342908 -0.00587486 -0.00445412
v -0.02362905 -0.00497241 -0.00635895
v -0.02385393 -0.00683982 -0.00849353
v -0.02382584 -0.00710659 -0.00822676
v -0.02300226 -0.00789904 -0.00039086
v -0.02385411 -0.00604073 -0.00848907
v -0.02390969 -0.00630628 -0.00902707
v -0.02334898 -0.00934536 -0.00369224
v -0.02368650 -0.00730325 -0.00691091
v -0.01289057 -0.00363857 -0.02161671
v -0.01232047 -0.00084672 -0.02167706
v -0.01562289 -0.00057620 -0.02132999
v -0.01755908 -0.00603951 -0.02112633
v -0.01700052 -0.00256314 -0.02118514
v -0.01475014 0.00164260 -0.02142182
v -0.01344285 0.00026745 -0.02155917
v -0.01364615 0.00218155 -0.02153788
v -0.01035625 -0.00577274 -0.02188412
v -0.00938087 -0.00562268 -0.02198647
v -0.01527073 0.00165908 -0.02136712
v -0.01149153 -0.00544100 -0.02175112
v -0.01207338 -0.00509724 -0.02151596
v -0.01588070 -0.00558735 -0.02126976
v -0.01481321 -0.00142416 -0.02141505
v -0.01682811 -0.00275693 -0.02120326
v -0.01653508 -0.00324488 -0.02123428
v -0.00928895 -0.00724073 -0.02196006
v -0.00979746 -0.00646860 -0.02194268
v -0.01078793 -0.00578716 -0.02183812
v -0.01513828 -0.00524563 -0.02138083
v -0.01297241 -0.00754272 -0.02043238
v -0.00945069 -0.00089374 -0.02197924
v -0.01136021 -0.00522385 -0.02177821
v -0.00928135 -0.00352707 -0.02199705
v -0.01154690 -0.00537124 -0.02175757
v -0.01379590 -0.01332794 -0.02015066
v -0.01075605 -0.01377886 -0.02105500
v -0.01731705 -0.01016210 -0.02038317
v -0.01350453 -0.01013725 -0.01953098
v -0.01539817 -0.00989563 -0.01949825
v -0.01290279 -0.00794230 -0.02007398
v -0.01385966 -0.00809732 -0.01985300
v -0.01022256 -0.01356665 -0.02124032
v -0.01042529 -0.01148981 -0.02033439
v -0.00945024 -0.01273883 -0.02143500
v -0.00992464 -0.00831380 -0.02111194
v -0.01135080 -0.00992818 -0.01984389
v -0.01682711 -0.01013815 -0.01992039
v -0.01660382 -0.01395996 -0.02072219
v -0.01543112 -0.01288903 -0.01985040
v -0.01262070 -0.01218053 -0.02007883
v -0.00955270 -0.01400723 -0.02194183
v -0.01540983 -0.00775905 -0.02006584
v -0.00096028 -0.00328744 -0.02199957
v -0.00172354 -0.00177969 -0.02081964
v -0.00480557 -0.00247050 -0.02128194
v -0.00162565 0.00187446 -0.02111744
v -0.00783931 -0.00091703 -0.02214086
v -0.00579469 0.00000442 -0.02113470
v -0.00463323 0.00068666 -0.02076046
v -0.00469770 0.00142534 -0.02095547
v -0.00719538 -0.00015896 -0.02162568
v -0.00603703 0.00177952 -0.02155301
v -0.00795438 0.00116827 -0.02213633
v -0.00510252 -0.00298497 -0.02157995
v -0.00654348 -0.00358823 -0.02225000
v -0.00956567 -0.00436273 -0.02196658
v -0.00509062 -0.00460294 -0.02243339
v -0.00489103 -0.00417596 -0.02211532
v -0.00539946 -0.00349944 -0.02187796
v -0.00327358 -0.00312979 -0.02122878
v -0.00429969 -0.00207315 -0.02107458
v -0.00352187 -0.00469852 -0.02228468
v -0.00611085 -0.01301599 -0.02233041
v -0.00708831 -0.01402597 -0.02222769
v -0.00918828 -0.01347875 -0.02194314
v -0.00565188 -0.01095338 -0.02237855
v -0.00551686 -0.01180190 -0.02239274
v -0.00173288 -0.00901833 -0.02279009
v -0.00821931 -0.01191428 -0.02210894
v -0.00928885 -0.00737513 -0.02192402
v -0.00359099 -0.01098658 -0.02259508
v -0.00567931 -0.01381235 -0.02237555
v -0.00078582 -0.01357580 -0.02288950
v -0.00075249 -0.00577274 -0.02289205
v -0.00168618 -0.00523920 -0.02279531
v -0.00114818 -0.01243144 -0.02285164
v -0.00134229 -0.00876141 -0.02283099
v -0.00362965 -0.01371544 -0.02259072
v -0.00358277 -0.00586444 -0.02259584
v -0.00322623 -0.00624949 -0.02263323
v -0.00463179 -0.00486483 -0.02248448
v -0.00457899 -0.01247537 -0.02249125
v -0.00108151 -0.00926234 -0.02285832
v -0.00280198 -0.01032036 -0.02267790
v -0.00140913 -0.00523606 -0.02282391
v -0.00169986 -0.00507482 -0.02272235
v -0.00165202 -0.00749595 -0.02279839
v -0.00045769 -0.00487635 -0.02292327
v -0.00175082 -0.01152225 -0.02278831
v -0.00758714 -0.00542957 -0.02217428
v -0.00817332 -0.01044062 -0.02207964
v -0.00869512 -0.00805470 -0.02205252
v -0.00928905 -0.00710633 -0.02199609
v -0.00657143 -0.00500577 -0.02228156
v -0.00069520 -0.00979098 -0.02289918
v -0.00822712 -0.00954199 -0.02210673
v -0.00303325 -0.01210915 -0.02265359
v -0.00381931 -0.00506476 -0.02254690
v -0.00342020 -0.01350910 -0.02261275
v -0.00361560 -0.00523710 -0.02259201
v -0.00281854 -0.00523540 -0.02267574
v -0.00342020 -0.00603951 -0.02261290
v -0.00306556 -0.00873301 -0.02265019
v -0.00265572 -0.01335904 -0.02269316
v -0.00315343 -0.00897399 -0.02264097
v -0.00050095 -0.01248308 -0.02291970
v -0.00850021 -0.01240885 -0.02206771
v -0.00902239 -0.00577274 -0.02202422
v -0.00542098 -0.01330903 -0.02240274
v -0.00642694 -0.00585233 -0.02229606
v -0.00560067 -0.00622552 -0.02238337
v -0.00555741 -0.00692154 -0.02238770
v -0.00578163 -0.00801675 -0.02236466
v -0.00458055 -0.01442457 -0.02249081
v -0.00124697 -0.00869010 -0.02284113
v -0.00075249 -0.00617289 -0.02289294
v -0.00778004 -0.01048741 -0.02215425
v -0.00239376 -0.01049647 -0.02272079
v -0.00338191 -0.01098312 -0.02261700
v -0.00288666 -0.01110817 -0.02266902
v -0.00261988 -0.01297556 -0.02269698
v -0.00273894 -0.01237220 -0.02268442
v -0.00270293 -0.01178334 -0.02268828
v -0.00282674 -0.00477303 -0.02233661
v -0.02484910 -0.01506275 -0.01852411
v -0.02407654 -0.01401909 -0.02014213
v -0.02444894 -0.01591690 -0.01984452
v -0.02475339 -0.01427607 -0.01756375
v -0.02479139 -0.01620089 -0.01796705
v -0.02453240 -0.01903620 -0.01536882
v -0.02462481 -0.01805721 -0.01621852
v -0.02464004 -0.01808223 -0.01638396
v -0.02407852 -0.01803943 -0.01846171
v -0.02476000 -0.01652466 -0.01822487
v -0.02138513 -0.01817571 -0.02051829
v -0.02425941 -0.01847675 -0.01273864
v -0.02469395 -0.01725096 -0.01701986
v -0.02336025 -0.01524120 -0.01298178
v -0.02303093 -0.01828984 -0.01934275
v -0.02277291 -0.01746208 -0.02039050
v -0.02444962 -0.01604911 -0.01453380
v -0.02448230 -0.01377588 -0.01462927
v -0.02451373 -0.01825914 -0.01730270
v -0.02396159 -0.01831119 -0.01836407
v -0.02390430 -0.01857776 -0.01809729
v -0.02381123 -0.01769353 -0.01261577
v -0.02463845 -0.01807599 -0.01682649
v -0.02347569 -0.01517525 -0.01328292
v -0.02435781 -0.01932082 -0.01345391
v -0.02288731 -0.02120480 -0.01651875
v -0.02452212 -0.01900565 -0.01583529
v -0.02236096 -0.02097870 -0.01729737
v -0.02252740 -0.02097817 -0.01713125
v -0.02209465 -0.02097870 -0.01756375
v -0.02189453 -0.02097819 -0.01776448
v -0.02305634 -0.01838517 -0.01923665
v -0.02429046 -0.01864251 -0.01273120
v -0.02339563 -0.02245265 -0.01293121
v -0.02126458 -0.02097675 -0.01839492
v -0.02407300 -0.02162672 -0.01463374
v -0.02127142 -0.02224259 -0.01623500
v -0.02264616 -0.02260013 -0.01453057
v -0.02138914 -0.01900719 -0.02011671
v -0.02391888 -0.01987775 -0.01683414
v -0.01973697 -0.02011971 -0.02045028
v -0.02015388 -0.01983479 -0.02042015
v -0.01969325 -0.02258292 -0.01729698
v -0.01951736 -0.02271389 -0.01677061
v -0.02022501 -0.02259829 -0.01670299
v -0.02020640 -0.02241820 -0.01720031
v -0.01988842 -0.02277962 -0.01573752
v -0.01848711 -0.02249312 -0.01881054
v -0.01970336 -0.02257933 -0.01729698
v -0.02027125 -0.01769533 -0.02084141
v -0.01957477 -0.01807402 -0.02090829
v -0.02008787 -0.01835535 -0.02083669
v -0.01611906 -0.01746222 -0.02127809
v -0.01821400 -0.01737325 -0.02105799
v -0.01602457 -0.01663221 -0.02128780
v -0.01789499 -0.02076156 -0.02094977
v -0.01818718 -0.01963579 -0.02097482
v -0.02068801 -0.01665366 -0.02079539
v -0.02076033 -0.01724390 -0.02078345
v -0.01782472 -0.01404368 -0.02109871
v -0.02102710 -0.01777744 -0.02070433
v -0.01674414 -0.01485697 -0.02120765
v -0.02121764 -0.01943661 -0.01997740
v -0.02081707 -0.02270145 -0.01519376
v -0.02076075 -0.01777807 -0.02076633
v -0.02019559 -0.02271108 -0.01619801
v -0.01581689 -0.02100484 -0.02127158
v -0.01712169 -0.02037249 -0.02113777
v -0.01858388 -0.02268690 -0.01770067
v -0.01822716 -0.02272332 -0.01809891
v -0.01772041 -0.02264859 -0.01880846
v -0.01813364 -0.01835163 -0.02106620
v -0.01689844 -0.02244063 -0.02063597
v -0.01513562 -0.02277446 -0.01680281
v -0.01839899 -0.02278224 -0.01278062
v -0.01895001 -0.02277532 -0.01669775
v -0.01843122 -0.01744398 -0.02103539
v -0.01930023 -0.01950186 -0.02085171
v -0.01882629 -0.01764406 -0.02099338
v -0.01900759 -0.02267453 -0.01754659
v -0.01905950 -0.02260053 -0.01788739
v -0.01855262 -0.02276756 -0.01728441
v -0.01603869 -0.02278887 -0.01328603
v -0.01512636 -0.01564815 -0.02137958
v -0.01569483 -0.01399635 -0.02048717
v -0.01667618 -0.02278185 -0.01528639
v -0.01609183 -0.02278879 -0.01276187
v -0.01940982 -0.02262828 -0.01741440
v -0.01894531 -0.02277525 -0.01673382
v -0.01979176 -0.02277737 -0.01588154
v -0.01750614 -0.02096444 -0.02092732
v -0.01649199 -0.02278879 -0.01302864
v -0.01669311 -0.02278934 -0.01301770
v -0.01774549 -0.02260305 -0.01890036
v -0.02028004 -0.02112567 -0.01904372
v -0.01582124 -0.01713347 -0.02130723
v -0.01465562 -0.01641324 -0.02143152
v -0.01517433 -0.02266935 -0.02070634
v -0.01515813 -0.01777744 -0.02137921
v -0.01490673 -0.02278032 -0.01508062
v -0.02243807 -0.01542541 -0.01113802
v -0.02389540 -0.02199735 -0.01268609
v -0.02432701 -0.01961057 -0.01216467
v -0.02375836 -0.02243883 -0.01182687
v -0.02301908 -0.02212624 -0.00769835
v -0.02337486 -0.02258513 -0.00757560
v -0.02280560 -0.01750338 -0.00751642
v -0.02272253 -0.01480275 -0.01135079
v -0.02274979 -0.02270751 -0.01222743
v -0.02224895 -0.01648627 -0.00914574
v -0.02376157 -0.01960939 -0.00887868
v -0.02270169 -0.01678407 -0.01087397
v -0.02225330 -0.01473822 -0.00777482
v -0.01939845 -0.02277771 -0.01276190
v -0.01728171 -0.02277993 -0.00786018
v -0.01524794 -0.02161048 -0.00933190
v -0.01648298 -0.02273293 -0.01115639
v -0.01569210 -0.02278890 -0.01249561
v -0.01723984 -0.02276253 -0.00884700
v -0.01523427 -0.02244052 -0.01186804
v -0.02278818 -0.01619589 -0.00609442
v -0.02236096 -0.01564327 -0.00729649
v -0.02250865 -0.01629662 -0.00713358
v -0.02350641 -0.01800640 -0.00575660
v -0.02347607 -0.01688364 -0.00495955
v -0.02309339 -0.02004500 -0.00142410
v -0.02310651 -0.02017838 -0.00155747
v -0.02303107 -0.02087337 -0.00081975
v -0.02362510 -0.01985100 -0.00644594
v -0.02344284 -0.01602618 -0.00454706
v -0.02368968 -0.01905761 -0.00690899
v -0.02364742 -0.01906116 -0.00734849
v -0.02325136 -0.01556036 -0.00282740
v -0.02314438 -0.01484296 -0.00182425
v -0.02307624 -0.01517643 -0.00122419
v -0.02299031 -0.01597954 -0.00038133
v -0.02317480 -0.01978096 -0.00218694
v -0.02342711 -0.01560276 -0.00450759
v -0.02316559 -0.01967813 -0.00210712
v -0.02325372 -0.01500135 -0.00284964
v -0.02344669 -0.01952844 -0.00474207
v -0.02313555 -0.01991161 -0.00182425
v -0.02256173 -0.01440062 -0.00644999
v -0.02326228 -0.01935193 -0.00300481
v -0.02356793 -0.01829056 -0.00588966
v -0.02365543 -0.01884453 -0.00675952
v -0.02319947 -0.02066209 -0.00243985
v -0.02347484 -0.01900184 -0.00498753
v -0.02336057 -0.02078278 -0.00404841
v -0.02234319 -0.01564327 -0.00742644
v -0.02316543 -0.01963613 -0.00209324
v -0.02322398 -0.01964484 -0.00262456
v -0.02318777 -0.01964484 -0.00235779
v -0.02259123 -0.01480516 -0.00605098
v -0.02336386 -0.01652807 -0.00502575
v -0.02306985 -0.01631020 -0.00112398
v -0.02352786 -0.01803145 -0.00551825
v -0.02336611 -0.02217657 -0.00717662
v -0.01670030 -0.02278005 -0.00600044
v -0.01702553 -0.02277931 -0.00715967
v -0.02321163 -0.02252194 -0.00404280
v -0.01543447 -0.02176876 -0.00712628
v -0.02333757 -0.02068066 -0.00383673
v -0.01527931 -0.02206027 -0.00580276
v -0.02290697 -0.02248072 -0.00195702
v -0.02250623 -0.02278285 -0.00434999
v -0.02250886 -0.02276336 -0.00725990
v -0.02203962 -0.02276500 -0.00123057
v -0.01515813 -0.02278202 -0.00422519
v -0.02298828 -0.02197443 -0.00126611
v -0.01387313 -0.01597059 -0.02148427
v -0.01227734 -0.01578394 -0.02166608
v -0.01357164 -0.01977680 -0.02153509
v -0.01124098 -0.01959307 -0.02179008
v -0.01396557 -0.01398254 -0.02031234
v -0.01062302 -0.01991161 -0.02184146
v -0.01034523 -0.01957278 -0.02188356
v -0.01096769 -0.01524238 -0.02181315
v -0.01307259 -0.01927353 -0.02159730
v -0.01494508 -0.01593091 -0.02139927
v -0.01018672 -0.01942767 -0.02190220
v -0.01013338 -0.01409978 -0.02161595
v -0.01214357 -0.01565040 -0.02167994
v -0.01460413 -0.02276897 -0.02048207
v -0.01365129 -0.02278157 -0.01443961
v -0.00971605 -0.02277797 -0.01522819
v -0.01071385 -0.01951037 -0.02184614
v -0.01438556 -0.02191619 -0.02141144
v -0.01383714 -0.02277969 -0.01503277
v -0.01206210 -0.02269923 -0.02143680
v -0.01462459 -0.02273674 -0.02076500
v -0.01514740 -0.02247738 -0.02106110
v -0.01489136 -0.02276812 -0.02049823
v -0.01468034 -0.02277230 -0.01857457
v -0.01475798 -0.02277584 -0.01642998
v -0.01515813 -0.02276487 -0.02049823
v -0.01462764 -0.02277300 -0.01808396
v -0.01516860 -0.02204871 -0.02132066
v -0.00924539 -0.02278235 -0.01451880
v -0.01020762 -0.02247445 -0.02183136
v -0.00830772 -0.02242771 -0.02180071
v -0.01522726 -0.02276577 -0.02027205
v -0.00038964 -0.02277015 -0.02011221
v -0.00092220 -0.02276772 -0.02208344
v -0.00021894 -0.02277137 -0.02209886
v -0.00702161 -0.02278377 -0.01436250
v -0.00678965 -0.02278282 -0.01466412
v -0.00688822 -0.02278469 -0.01409572
v -0.00814155 -0.02261386 -0.02184009
v -0.00175516 -0.02277142 -0.01933295
v -0.00722972 -0.02232280 -0.02213763
v -0.00613424 -0.01472881 -0.02232743
v -0.00609286 -0.01663637 -0.02233176
v -0.00675483 -0.01604343 -0.02226185
v -0.00839900 -0.01990556 -0.02208335
v -0.00513465 -0.01602535 -0.02243242
v -0.00555437 -0.02044516 -0.02237947
v -0.00611765 -0.01939401 -0.02232903
v -0.00239334 -0.02138888 -0.02270109
v -0.00074038 -0.02256420 -0.02255972
v -0.00069647 -0.01931138 -0.02289905
v -0.00048571 -0.01991161 -0.02292117
v -0.00076668 -0.02230984 -0.02277761
v -0.00024168 -0.02199559 -0.02290083
v -0.00062439 -0.01864810 -0.02290660
v -0.00114525 -0.02204626 -0.02280270
v -0.00075249 -0.01564327 -0.02289286
v -0.00072840 -0.01497010 -0.02289551
v -0.00105660 -0.02276955 -0.02183041
v -0.00126744 -0.02087706 -0.02283208
v -0.00026349 -0.02277746 -0.01739494
v -0.00076916 -0.01621017 -0.02289121
v -0.00061133 -0.02275465 -0.02220437
v -0.00156577 -0.02276809 -0.02043659
v -0.00317228 -0.02040441 -0.02263855
v -0.00075249 -0.01804422 -0.02289314
v -0.00126936 -0.01856109 -0.02283884
v -0.00055156 -0.01735072 -0.02291392
v -0.00320258 -0.01537921 -0.02263549
v -0.00751701 -0.02277650 -0.01675779
v -0.00435614 -0.01644155 -0.02251427
v -0.00224673 -0.02249040 -0.02242975
v -0.00480856 -0.02276446 -0.02180666
v -0.00204049 -0.02276651 -0.02109430
v -0.00059825 -0.02277925 -0.01731118
v -0.00217149 -0.02218122 -0.02266970
v -0.00218941 -0.02278181 -0.01473693
v -0.00235311 -0.01964484 -0.02272481
v -0.00235311 -0.01911130 -0.02272481
v -0.00415731 -0.02059224 -0.02253418
v -0.00125268 -0.01801087 -0.02284061
v -0.00486163 -0.02022235 -0.02246095
v -0.00815891 -0.02277167 -0.02054851
v -0.00505447 -0.02277569 -0.01717691
v -0.00294053 -0.02158806 -0.02263380
v -0.00307789 -0.02204690 -0.02260709
v -0.00169780 -0.02276161 -0.02208921
v -0.00103079 -0.01552444 -0.02286392
v -0.00762308 -0.01464610 -0.02217131
v -0.00768854 -0.01430942 -0.02216444
v -0.00766762 -0.02267413 -0.02185954
v -0.00711911 -0.02053988 -0.02221129
v -0.00725932 -0.01554391 -0.02220957
v -0.00741760 -0.02278721 -0.01405691
v -0.00724189 -0.02202507 -0.02217950
v -0.00532506 -0.02273763 -0.02182661
v -0.00555437 -0.02071193 -0.02236888
v -0.00522495 -0.02244411 -0.02224705
v -0.00500634 -0.02048702 -0.02244205
v -0.00608515 -0.01556645 -0.02233269
v -0.00614541 -0.02244706 -0.02222334
v -0.00835966 -0.02277097 -0.02130176
v -0.00671022 -0.02244765 -0.02210543
v -0.00822208 -0.01657697 -0.02210849
v -0.00511957 -0.02223198 -0.02233185
v -0.00530094 -0.01642118 -0.02241487
v -0.00475405 -0.01724390 -0.02247260
v -0.00454837 -0.01382486 -0.02249430
v 0.00041073 -0.01571457 -0.02301518
v -0.00103593 -0.01377900 -0.02286328
v -0.00369965 -0.02269854 -0.02224544
v -0.00922078 -0.01371517 -0.02200269
v -0.01469962 -0.02278385 -0.01408322
v -0.01321034 -0.02278297 -0.01380856
v -0.01345452 -0.02105679 -0.01053626
v -0.00985679 -0.02253907 -0.01323016
v -0.01276609 -0.02081290 -0.00827716
v -0.01504887 -0.02146743 -0.00861282
v -0.01497081 -0.02232748 -0.01189235
v -0.00982948 -0.02101346 -0.00866190
v -0.00991287 -0.02108867 -0.01004236
v -0.00928917 -0.02278810 -0.01329541
v -0.01228967 -0.02211492 -0.01311151
v -0.00973626 -0.02158439 -0.01137782
v -0.01167971 -0.02076249 -0.00804972
v -0.01413461 -0.02278980 -0.00058258
v -0.01405847 -0.02145031 -0.00559981
v -0.01281777 -0.02086033 -0.00807966
v -0.01131691 -0.02113840 -0.00547245
v -0.01083211 -0.02078792 -0.00819742
v -0.01491983 -0.02187288 -0.00580862
v -0.01270402 -0.02274936 -0.00275773
v -0.01530819 -0.02278839 -0.00272460
v -0.01171512 -0.02278921 -0.00139491
v -0.00981475 -0.02151207 -0.00555023
v -0.00958999 -0.02278788 -0.00330065
v -0.01476134 -0.02278743 -0.00384871
v -0.00963967 -0.02126050 -0.00655700
v -0.00710115 -0.02278831 -0.01139655
v -0.00656688 -0.02277540 -0.01006923
v -0.00465888 -0.02279125 -0.01284543
v -0.00884089 -0.02152470 -0.00935295
v -0.00132029 -0.02278879 -0.00935142
v -0.00107141 -0.02278879 -0.00956736
v -0.00223024 -0.02278885 -0.01194837
v -0.00134855 -0.02278879 -0.00803918
v -0.00062301 -0.02278887 -0.01080224
v -0.00208634 -0.02278879 -0.00822676
v -0.00235103 -0.02278879 -0.00852270
v -0.00212522 -0.02278879 -0.00778496
v -0.00875562 -0.02278878 -0.01329541
v -0.00767191 -0.02186747 -0.00982707
v -0.00316816 -0.02278879 -0.01067367
v -0.00589877 -0.02278760 -0.01313610
v -0.00437239 -0.02279047 -0.01216736
v -0.00467694 -0.02278877 -0.01020832
v -0.00873662 -0.02261682 -0.01259192
v -0.00848251 -0.02240518 -0.01205891
v -0.00662245 -0.02259173 -0.00773374
v -0.00805195 -0.02277777 -0.01239148
v -0.00468401 -0.02278879 -0.01060361
v -0.00288666 -0.02278879 -0.00822676
v -0.00637893 -0.02278846 -0.00971084
v -0.00331820 -0.02278879 -0.00888291
v -0.00661728 -0.02278876 -0.01062260
v -0.00059462 -0.02278837 -0.01207377
v -0.00680121 -0.02278879 -0.00159395
v -0.00698826 -0.02278879 -0.00099059
v -0.00685644 -0.02278248 -0.00600985
v -0.00075249 -0.02278879 -0.00302472
v -0.00075249 -0.02278879 -0.00342487
v -0.00028722 -0.02278879 -0.00455279
v -0.00075249 -0.02278879 -0.00749314
v -0.00101926 -0.02278879 -0.00755983
v -0.00123008 -0.02278879 -0.00463841
v -0.00062783 -0.02278879 -0.00680198
v -0.00452740 -0.02278879 -0.00640834
v -0.00466652 -0.02278879 -0.00314977
v -0.00748583 -0.02275586 -0.00509793
v -0.00280642 -0.02278879 -0.00100622
v -0.00163408 -0.02278879 -0.00268865
v -0.00234599 -0.02278879 -0.00278225
v -0.00989082 -0.02278847 -0.00317644
v -0.00833437 -0.02278878 -0.00153633
v -0.00751165 -0.02278879 -0.00197587
v -0.00761255 -0.02278864 -0.00478478
v -0.00415912 -0.02278879 -0.00176882
v -0.00183351 -0.02278879 -0.00430334
v -0.00215082 -0.02278879 -0.00557403
v -0.00635181 -0.02278781 -0.00741857
v -0.00821785 -0.02278843 -0.00395454
v -0.00715500 -0.02278879 -0.00369165
v -0.00742177 -0.02278879 -0.00369165
v -0.00847117 -0.02278877 -0.00368685
v -0.00768854 -0.02278879 -0.00369165
v -0.00742177 -0.02278879 -0.00155747
v -0.00768854 -0.02278879 -0.00155747
v -0.00920300 -0.02220609 -0.00484382
v -0.00528760 -0.02278879 -0.00715967
v -0.00633826 -0.02278750 -0.00814842
v -0.00542098 -0.02278879 -0.00769322
v -0.00492079 -0.02278879 -0.00722636
v -0.00787237 -0.02255411 -0.00482698
v -0.00795531 -0.02278879 -0.00182425
v -0.00739676 -0.02278879 -0.00070714
v -0.00898905 -0.02278879 -0.00185759
v -0.00860831 -0.02140264 -0.00774897
v -0.00302004 -0.02278879 -0.00062378
v -0.00315343 -0.02278879 -0.00395842
v -0.00270221 -0.02278878 -0.00355032
v -0.00808870 -0.02278884 -0.00369165
v -0.02197584 -0.00443449 0.00937461
v -0.02209906 -0.00335563 0.00819996
v -0.02249385 -0.00050401 0.00444488
v -0.02266108 -0.00474589 0.00285289
v -0.02253911 -0.00344891 0.00401835
v -0.02298456 0.00169686 -0.00022362
v -0.02231878 -0.00117443 0.00610525
v -0.02242340 -0.00126156 0.00511180
v -0.02265085 0.00122988 0.00295303
v -0.02265723 -0.00177542 0.00289255
v -0.02241228 -0.00288133 0.00522312
v -0.02286833 -0.00517250 0.00088427
v -0.02265970 -0.00506579 0.00286845
v -0.02217379 -0.00604784 0.00749191
v -0.02197494 -0.00390546 0.00937993
v -0.02208664 -0.00066338 0.00831489
v -0.02256308 -0.00116613 0.00378834
v -0.02256757 -0.00191289 0.00374460
v -0.02256418 -0.00123763 0.00377795
v -0.02256008 0.00081402 0.00381799
v -0.02200322 -0.00071501 0.00894041
v -0.02168550 0.00035893 0.00987222
v -0.02231714 -0.00268056 0.00612664
v -0.02209429 -0.00358323 0.00824743
v -0.02283208 -0.00274655 0.00122695
v -0.02199898 -0.00311925 0.00913424
v -0.02262100 -0.00324761 0.00323602
v -0.02193069 -0.00438797 0.00961882
v -0.02191117 -0.00442985 0.00976955
v -0.02237645 0.00193862 0.00556660
v -0.02227154 -0.00418878 0.00656238
v -0.02303384 -0.00085414 -0.00069047
v -0.02299496 -0.00303833 -0.00032366
v -0.02253652 -0.00293260 0.00404190
v -0.02286515 -0.00287716 0.00091215
v -0.02283946 -0.00487614 0.00115563
v -0.02275670 -0.00407207 0.00194390
v -0.02004198 0.00068689 0.01385805
v -0.01981690 -0.00354178 0.01520808
v -0.02114385 -0.00331796 0.01034386
v -0.02157768 0.00013545 0.00999115
v -0.02181852 -0.00525115 0.01044506
v -0.02087023 -0.00063175 0.01026325
v -0.02035011 -0.00279119 0.01186505
v -0.02003425 -0.00181817 0.01249329
v -0.02047156 -0.00402554 0.01186215
v -0.01997320 -0.00061129 0.01586177
v -0.02191917 0.00169787 0.00991352
v -0.02057372 0.00083385 0.01442978
v -0.02023859 -0.00305819 0.01677145
v -0.02098111 -0.00589291 0.01501032
v -0.02197375 -0.01350910 0.00938015
v -0.02187236 -0.01396363 0.00964238
v -0.02203797 -0.01006261 0.00878004
v -0.02287021 -0.01143116 0.00086678
v -0.02197298 -0.01387151 0.00938157
v -0.02239264 -0.00648174 0.00540754
v -0.02198981 -0.00834875 0.00923842
v -0.02237696 -0.01465162 0.00553666
v -0.02297421 -0.01417724 -0.00016893
v -0.02237186 -0.01348829 0.00560188
v -0.02281391 -0.00565238 0.00140099
v -0.02197413 -0.01475465 0.00937642
v -0.02283093 -0.00721065 0.00124038
v -0.02252582 -0.00872001 0.00413743
v -0.02203297 -0.00718577 0.00883082
v -0.02190958 -0.01343621 0.00964452
v -0.02121730 -0.00603951 0.01658297
v -0.02112848 -0.00613302 0.01453090
v -0.02168627 -0.01038856 0.01211486
v -0.02177896 -0.01057384 0.01124682
v -0.02176885 -0.01072107 0.01133541
v -0.02193372 -0.00938248 0.00977615
v -0.02185809 -0.01173871 0.01042158
v -0.02131768 -0.01055055 0.01541508
v -0.02098715 -0.01424229 0.01097553
v -0.02020594 -0.01253457 0.01322929
v -0.02063661 -0.01244202 0.01658297
v -0.02164275 -0.01030900 0.01254045
v -0.02163004 -0.01030469 0.01263726
v -0.02157764 -0.00846407 0.01316215
v -0.02175618 -0.01078777 0.01140211
v -0.02196476 -0.01110528 0.00947967
v -0.02187866 -0.00679671 0.01029515
v -0.02142178 -0.00682401 0.01426751
v -0.02026760 -0.01457619 0.01311494
v -0.02013255 -0.01423287 0.01423891
v -0.02191283 -0.00896977 0.00997177
v -0.02027917 -0.01443133 0.01303110
v -0.02027310 -0.01488238 0.01314110
v -0.02018920 -0.00326426 0.02503702
v -0.01946970 0.00127763 0.02506252
v -0.01996093 0.00163017 0.02498408
v -0.02000095 -0.00559997 0.02507945
v -0.02012030 -0.00638249 0.02490591
v -0.02024592 -0.00230168 0.01689915
v -0.02043987 -0.00568104 0.02371734
v -0.02054301 0.00194832 0.02268101
v -0.02060666 -0.00011296 0.02215554
v -0.02100697 0.00004459 0.01883636
v -0.01667057 0.00168296 0.02478846
v -0.01863416 -0.00451940 0.02499090
v -0.01483957 -0.00240318 0.02460077
v -0.01921572 -0.00600308 0.02505033
v -0.01538488 0.00065645 0.02465632
v -0.02072586 -0.00697824 0.02114203
v -0.02085442 -0.00026907 0.01858149
v -0.01525465 -0.00536911 0.02464799
v -0.02068399 -0.00424481 0.02222080
v -0.02057020 -0.00578699 0.02248832
v -0.02009843 -0.00170358 0.02505972
v -0.02100512 -0.00405460 0.01850302
v -0.02115834 -0.00593368 0.01668471
v -0.02049356 -0.00577274 0.02318940
v -0.01609891 -0.00357571 0.02473226
v -0.01569168 -0.00150440 0.02468781
v -0.01439754 0.00190626 0.02455349
v -0.01491420 -0.00318917 0.02461111
v -0.02029804 0.00173308 0.02461356
v -0.01689214 0.00183024 0.02481083
v -0.01561955 -0.00473053 0.02468429
v -0.02017314 0.00216372 0.02479195
v -0.02050540 -0.00622188 0.02313376
v -0.01705372 -0.00859593 0.02483326
v -0.02015386 -0.00685132 0.02481970
v -0.02016335 -0.01191795 0.02509222
v -0.01507121 -0.00697318 0.02462891
v -0.02114404 -0.01105292 0.01686340
v -0.02101156 -0.01438051 0.01846465
v -0.02021572 -0.00914984 0.02502678
v -0.01793956 -0.00687268 0.02491964
v -0.01913162 -0.00658464 0.02504074
v -0.02090090 -0.00818849 0.01946437
v -0.02099549 -0.00599420 0.01867034
v -0.02031047 -0.01194130 0.02476297
v -0.02104983 -0.01271824 0.01811325
v -0.02033768 -0.01471762 0.02372148
v -0.02060888 -0.01296648 0.01688384
v -0.01968577 -0.01445878 0.02474073
v -0.02060416 -0.00713959 0.02223437
v -0.01256154 -0.00525626 0.02436696
v -0.00655070 -0.00552440 0.02373557
v -0.00385684 0.00182523 0.02345197
v -0.00023242 -0.00169473 0.02307107
v -0.00915922 -0.00352226 0.02400899
v -0.01311861 -0.00173048 0.02442353
v -0.00733841 -0.00533923 0.02381766
v -0.01458527 -0.00221520 0.02457472
v -0.00763018 -0.00624375 0.02384852
v -0.00726741 -0.00550237 0.02381060
v -0.00840903 -0.00139305 0.02393047
v -0.00680342 0.00133302 0.02376151
v -0.00877321 -0.00413862 0.02396875
v -0.01328972 -0.00447951 0.02444472
v -0.01062302 0.00169686 0.02416359
v -0.01471115 0.00140140 0.02458594
v -0.01262502 -0.01335762 0.02437240
v -0.01061757 -0.01036808 0.02416249
v -0.00634998 -0.00887499 0.02371392
v -0.00617828 -0.01484094 0.02369760
v -0.00573777 -0.01415936 0.02364976
v -0.00674685 -0.01447224 0.02375604
v -0.01205557 -0.00786941 0.02431427
v -0.01187890 -0.01525562 0.02429465
v -0.01175676 -0.01444280 0.02428205
v -0.01207758 -0.01441675 0.02431498
v -0.00700726 -0.00974060 0.02378335
v -0.00009517 -0.01149653 0.02305667
v -0.00669330 -0.01619827 0.02374924
v -0.00231977 -0.00653971 0.02329060
v -0.00422350 -0.00822221 0.02349042
v -0.00455173 -0.00551986 0.02352515
v -0.00408817 -0.01276255 0.02347620
v -0.00429556 -0.01171272 0.02349797
v -0.00165438 -0.01202556 0.02322083
v -0.00197773 -0.01021198 0.02325451
v -0.00332653 -0.01203592 0.02339610
v -0.00218626 -0.01079554 0.02327640
v -0.00912832 -0.01273850 0.02400541
v -0.01435782 -0.00750675 0.02455520
v -0.01392432 -0.00765681 0.02450975
v -0.01435782 -0.00710659 0.02455550
v -0.01385486 -0.01396702 0.02450093
v -0.01385605 -0.01086939 0.02450110
v -0.01452166 -0.01235047 0.02456916
v -0.01402396 -0.00921349 0.02451960
v -0.01446642 -0.00680440 0.02456734
v -0.01070639 -0.00737754 0.02417210
v -0.00965187 -0.00654446 0.02406150
v -0.01239739 -0.00933455 0.02434926
v -0.01009171 -0.01215079 0.02410706
v -0.00668815 -0.00643966 0.02374954
v -0.00600064 -0.00814450 0.02367711
v -0.01170490 -0.01351327 0.02427618
v -0.01156750 -0.01185426 0.02426206
v -0.01209626 -0.01380922 0.02431740
v -0.01241934 -0.00769782 0.02435214
v -0.00765102 -0.01368001 0.02385076
v -0.00555940 -0.00957133 0.02363110
v -0.00621940 -0.01126283 0.02370042
v -0.00715500 -0.01457619 0.02379870
v -0.00712478 -0.01421355 0.02379558
v -0.00725503 -0.01502637 0.02380924
v -0.00758850 -0.01050793 0.02384420
v -0.00954016 -0.01366334 0.02404719
v -0.00955594 -0.01457619 0.02404813
v -0.00958066 -0.01495134 0.02405030
v -0.00872542 -0.00919968 0.02396369
v -0.00955594 -0.01430942 0.02404821
v -0.00515421 -0.00697321 0.02358844
v -0.00515421 -0.01390926 0.02358830
v -0.00542098 -0.01390926 0.02361640
v -0.00469170 -0.01350910 0.02353967
v -0.01377371 -0.00671269 0.02449473
v -0.01072262 -0.01400242 0.02417360
v -0.01275719 -0.01484296 0.02438692
v -0.00844579 -0.01457150 0.02393489
v -0.00735507 -0.01397595 0.02381966
v -0.00942399 -0.00573939 0.02403746
v -0.00956685 -0.00630628 0.02405257
v -0.01556292 -0.01322722 0.02467797
v -0.01276066 -0.01457526 0.02438748
v -0.01907432 -0.02277918 0.00539740
v -0.01917455 -0.02277966 0.00029560
v -0.02194010 -0.02276761 0.00122473
v -0.02267177 -0.01688257 0.00264415
v -0.02219170 -0.01800362 0.00719610
v -0.02237697 -0.02261059 0.00136058
v -0.02252017 -0.02258974 0.00000361
v -0.02248979 -0.02256598 0.00076204
v -0.01712766 -0.02278719 0.00722800
v -0.01720086 -0.02278876 0.00224345
v -0.02247296 -0.01869549 0.00443922
v -0.02252740 -0.01716519 0.00396274
v -0.02258895 -0.01704382 0.00337779
v -0.02238927 -0.02234072 0.00372938
v -0.02269468 -0.01617681 0.00244409
v -0.02270726 -0.01577375 0.00232778
v -0.02261812 -0.02192552 0.00290320
v -0.02243382 -0.02237654 0.00297473
v -0.02291776 -0.02203506 -0.00000343
v -0.02266159 -0.01617681 0.00271086
v -0.02289450 -0.02208528 0.00004315
v -0.02287420 -0.02202933 0.00038937
v -0.02233483 -0.01521273 0.00593804
v -0.02177446 -0.02261953 0.00699624
v -0.02235519 -0.02201152 0.00537113
v -0.02244213 -0.02035980 0.00477068
v -0.02288064 -0.01933352 0.00050270
v -0.02243226 -0.01810650 0.00477172
v -0.02233691 -0.01914890 0.00573106
v -0.02288925 -0.01852105 0.00050869
v -0.02261463 -0.02065889 0.00298494
v -0.02214639 -0.01800230 0.00759194
v -0.01520488 -0.02278856 0.00697281
v -0.02206023 -0.02276560 0.00068232
v -0.01645656 -0.02278462 0.00061337
v -0.01827290 -0.02278247 0.00534159
v -0.02237388 -0.02257933 0.00191055
v -0.02235662 -0.02255669 0.00240280
v -0.02256419 -0.02236755 0.00183208
v -0.02189865 -0.02272970 0.00510090
v -0.01943664 -0.02278154 0.00332764
v -0.02284630 -0.02231001 -0.00057949
v -0.02301300 -0.01536801 -0.00060110
v -0.02301584 -0.01767635 -0.00064705
v -0.02264804 -0.01944737 0.00286237
v -0.02210114 -0.01831099 0.00804629
v -0.02211956 -0.01785883 0.00779955
v -0.02166542 -0.01990370 0.01204440
v -0.02199380 -0.01990480 0.00898179
v -0.02205636 -0.01837534 0.00843649
v -0.02188467 -0.01700640 0.01005376
v -0.02059518 -0.01618347 0.01339858
v -0.02197225 -0.01899802 0.00922112
v -0.02060490 -0.01670160 0.01259837
v -0.02164335 -0.01875844 0.01233962
v -0.02212446 -0.01543720 0.00791770
v -0.02200811 -0.02064326 0.00879486
v -0.02213490 -0.01902747 0.00767113
v -0.02206183 -0.01967822 0.00833468
v -0.02100974 -0.02276906 0.01347795
v -0.02126293 -0.02257460 0.01434110
v -0.02088977 -0.02277303 0.00838482
v -0.02163234 -0.02265617 0.01135968
v -0.02171980 -0.02000982 0.01166600
v -0.01507097 -0.02279586 0.01113794
v -0.02179778 -0.02238436 0.00740124
v -0.01435782 -0.02278430 0.00964692
v -0.01790504 -0.02277963 0.01439253
v -0.01462459 -0.02277843 0.01391526
v -0.01469593 -0.02278838 0.01442807
v -0.01893844 -0.02277879 0.00838090
v -0.01944715 -0.02277783 0.00776721
v -0.01434628 -0.02266176 0.01423030
v -0.01444098 -0.02250623 0.01130056
v -0.01462820 -0.02272968 0.01363834
v -0.00393567 -0.02278879 -0.00098938
v -0.01302396 -0.02277165 0.00804629
v -0.00771685 -0.02278868 0.00692371
v -0.01054052 -0.02278879 0.00012702
v -0.00823101 -0.02258857 0.00691401
v -0.01295343 -0.02278879 -0.00054549
v -0.01052701 -0.02278879 0.00239370
v -0.01017476 -0.02275398 0.00666393
v -0.00730963 -0.02278832 0.00699735
v -0.00803001 -0.02274768 0.00688397
v -0.00732770 -0.02276674 0.00713547
v -0.01015159 -0.02190764 0.00803137
v -0.01208161 -0.02277714 0.00725976
v -0.01332323 -0.02278878 0.00128050
v -0.01435782 -0.02278879 0.00137701
v -0.00993065 -0.02278879 0.00429638
v -0.01370230 -0.02278870 0.00511608
v -0.00909330 -0.02278869 0.00642630
v -0.00146110 -0.02278879 -0.00044037
v -0.01123877 -0.02278879 -0.00018211
v -0.00844951 -0.02089453 0.01351679
v -0.01435249 -0.02238831 0.01303365
v -0.01366640 -0.02208066 0.01387076
v -0.01428912 -0.02231189 0.01160861
v -0.01358672 -0.02278409 0.00844918
v -0.01115889 -0.02116576 0.01415448
v -0.01038061 -0.02188610 0.00809311
v -0.01130573 -0.02137089 0.00918227
v -0.01036062 -0.02055379 0.01200019
v -0.01319617 -0.02149342 0.01101253
v -0.01275719 -0.02167366 0.01418203
v -0.00711117 -0.02225871 0.00792446
v -0.00668559 -0.02189833 0.00885343
v -0.00646592 -0.02102302 0.01134248
v -0.00061910 -0.02278879 0.00884660
v -0.00028564 -0.02278879 0.00881326
v -0.00079000 -0.02278879 0.01021798
v -0.00075249 -0.02278879 0.01151432
v -0.00061211 -0.02278887 0.01286334
v -0.00093710 -0.02278878 0.01089695
v -0.00041902 -0.02278879 0.01164770
v -0.00181957 -0.02278879 0.00964692
v -0.00203740 -0.02278879 0.01020878
v -0.00715585 -0.02200767 0.00831658
v -0.00571156 -0.02277757 0.00815367
v -0.00453060 -0.02278086 0.00930517
v -0.00409708 -0.02278867 0.01397521
v -0.00393534 -0.02274087 0.01299773
v -0.00800615 -0.02104716 0.01188547
v -0.00715896 -0.02201823 0.00829342
v -0.00681274 -0.02102318 0.01222282
v -0.00152957 -0.02278879 0.00818086
v -0.02141713 -0.01911130 0.01444880
v -0.02080479 -0.01792176 0.02003065
v -0.02083186 -0.02029438 0.01906165
v -0.02026399 -0.01615040 0.01491901
v -0.02013529 -0.01498227 0.01434257
v -0.02111308 -0.01745879 0.01771066
v -0.02084025 -0.01539202 0.01976860
v -0.02081153 -0.01490981 0.02008541
v -0.02105728 -0.01798582 0.01687765
v -0.02058734 -0.01472983 0.01680814
v -0.01403080 -0.02278919 0.01518137
v -0.01323853 -0.02277807 0.01826664
v -0.02061337 -0.02245077 0.01671073
v -0.02039085 -0.02221504 0.01850254
v -0.02076578 -0.02277431 0.01526683
v -0.01992522 -0.02258411 0.01820919
v -0.01716644 -0.02269907 0.01964220
v -0.01693695 -0.02277363 0.01816652
v -0.01757096 -0.02277513 0.01679149
v -0.01660226 -0.02277747 0.01612882
v -0.01702553 -0.02277886 0.01524911
v -0.01673224 -0.02278181 0.01448211
v -0.01607514 -0.02277809 0.01619199
v -0.01841657 -0.02276583 0.01848721
v -0.01749238 -0.02277836 0.01524911
v -0.02049356 -0.02017838 0.01990759
v -0.02049347 -0.02044100 0.01975888
v -0.02077024 -0.02130665 0.01858805
v -0.01417260 -0.02256412 0.01431595
v -0.01445786 -0.02277385 0.01945076
v -0.01411993 -0.02277342 0.01974061
v -0.01409105 -0.02277350 0.01978423
v -0.02115599 -0.02267765 0.01454285
v -0.01899161 -0.02273671 0.01863244
v -0.01821754 -0.02261668 0.01910738
v -0.01856123 -0.02277817 0.01479472
v -0.01722216 -0.02278034 0.01445785
v -0.01778533 -0.02274989 0.01898048
v -0.01809262 -0.02277773 0.01524911
v -0.01461714 -0.02278744 0.01422727
v -0.01875607 -0.02277801 0.01446103
v -0.01862616 -0.02277717 0.01524911
v -0.01835939 -0.02277745 0.01524911
v -0.01835939 -0.02277634 0.01578266
v -0.01984788 -0.02132582 0.01978886
v -0.02098596 -0.02068676 0.01808401
v -0.02110894 -0.02243887 0.01658220
v -0.01896312 -0.02277569 0.01580394
v -0.01987595 -0.01502719 0.02447249
v -0.01928103 -0.01829391 0.02288938
v -0.01794623 -0.01689237 0.02473218
v -0.02071014 -0.01500788 0.02102492
v -0.02028812 -0.01711767 0.02275678
v -0.01797089 -0.01540309 0.02488949
v -0.01864563 -0.01570368 0.02485283
v -0.01925908 -0.01562170 0.02466065
v -0.02034527 -0.01485793 0.02358593
v -0.01783124 -0.01840453 0.02377704
v -0.01842402 -0.01664025 0.02460355
v -0.01894503 -0.01792436 0.02346609
v -0.01984728 -0.01481860 0.02452358
v -0.01729956 -0.01616666 0.02477885
v -0.01525678 -0.01872504 0.02448855
v -0.01934055 -0.01562771 0.02461624
v -0.01392295 -0.02273376 0.02174413
v -0.02050311 -0.01890377 0.02065369
v -0.01682585 -0.02265840 0.02000706
v -0.01687830 -0.02090299 0.02274723
v -0.01302396 -0.02277250 0.02085131
v -0.02016265 -0.02072975 0.01994752
v -0.01924546 -0.02136373 0.02042537
v -0.01522978 -0.02277275 0.02018959
v -0.01532776 -0.02277351 0.02003362
v -0.01754093 -0.01896426 0.02340413
v -0.01368989 -0.02208445 0.02381602
v -0.01826217 -0.02228227 0.01997186
v -0.01333448 -0.02165365 0.02379273
v -0.02012583 -0.01982216 0.02076654
v -0.01302396 -0.02278756 0.01738328
v -0.01342412 -0.02278814 0.01724990
v -0.01317020 -0.02257328 0.01603458
v -0.01190454 -0.02274790 0.01728589
v -0.01062302 -0.02101541 0.01418203
v -0.00897879 -0.02256564 0.01761956
v -0.00789947 -0.02276308 0.01744351
v -0.00742177 -0.02136248 0.01471557
v -0.00715500 -0.02143552 0.01471557
v -0.00992059 -0.02106373 0.01492176
v -0.01283724 -0.02278105 0.01791826
v -0.00814340 -0.02277332 0.02064602
v -0.00755978 -0.02128782 0.01461248
v -0.01289058 -0.01524312 0.02440082
v -0.01329259 -0.01440019 0.02444402
v -0.01280175 -0.02065660 0.02432954
v -0.01306298 -0.02095502 0.02426710
v -0.01312249 -0.01976225 0.02439230
v -0.01254142 -0.02055231 0.02431985
v -0.00915578 -0.02277400 0.02031777
v -0.00863772 -0.02276646 0.02258382
v -0.00810535 -0.01535983 0.02389844
v -0.01113989 -0.01946144 0.02419551
v -0.01217598 -0.02274213 0.02272985
v -0.01273993 -0.02268104 0.02254145
v -0.01107626 -0.01718940 0.02420970
v -0.01022814 -0.02169633 0.02406792
v -0.01278221 -0.01572664 0.02438886
v -0.00737418 -0.02183062 0.02365940
v -0.00726697 -0.02264675 0.02289864
v -0.00861208 -0.01833571 0.02393461
v -0.00782192 -0.01557658 0.02386856
v -0.00754679 -0.01596007 0.02383944
v -0.00653835 -0.02277196 0.02128976
v -0.00959484 -0.02277367 0.02084921
v -0.00934958 -0.02277371 0.02065732
v -0.00888771 -0.02277125 0.02208881
v -0.01031459 -0.02256776 0.02326094
v -0.00778495 -0.02275328 0.02246687
v -0.00972430 -0.02236364 0.02369012
v -0.01100654 -0.01545570 0.02420285
v -0.01093294 -0.02224285 0.02352706
v -0.00795531 -0.02277386 0.02005100
v -0.00795531 -0.02277346 0.02045115
v -0.00929160 -0.01583593 0.02402059
v -0.00635468 -0.02173715 0.01471557
v -0.00717541 -0.02207302 0.01599853
v -0.00662622 -0.02152162 0.01444870
v -0.00627257 -0.02278954 0.01683675
v -0.00075249 -0.02276912 0.02005100
v -0.00016998 -0.02275925 0.02126691
v -0.00118182 -0.02277023 0.02000098
v -0.00476642 -0.02278748 0.01553838
v -0.00081918 -0.02277078 0.01965084
v -0.00695492 -0.02275079 0.01698313
v -0.00631751 -0.02279338 0.01709969
v -0.00448762 -0.02277919 0.01448727
v -0.00324919 -0.02277295 0.01967196
v -0.00260007 -0.02276643 0.02064929
v -0.00608791 -0.02175513 0.01444880
v -0.00608182 -0.02175657 0.01444588
v -0.00535429 -0.02278284 0.01591604
v -0.00608791 -0.02167117 0.01418203
v -0.00568612 -0.02278614 0.01631768
v -0.00399126 -0.02277131 0.01989885
v -0.00715500 -0.02277266 0.01711651
v -0.00742177 -0.02257933 0.01697391
v -0.00678163 -0.02144817 0.01443454
v -0.00522090 -0.02278926 0.01694978
v -0.00597679 -0.02277416 0.01651540
v -0.00508687 -0.02275818 0.01551662
v -0.00715498 -0.02257933 0.01684975
v -0.00399959 -0.02278480 0.01796268
v -0.00349191 -0.02277851 0.01888322
v -0.00574249 -0.02259486 0.01600985
v -0.00475405 -0.02278552 0.01765006
v -0.00315477 -0.02278882 0.01649327
v -0.00224630 -0.02277655 0.01908864
v -0.00238907 -0.01725321 0.02329529
v -0.00695956 -0.01510974 0.02377836
v -0.00571620 -0.02265174 0.02280991
v -0.00085466 -0.02276142 0.02120043
v -0.00348931 -0.02172398 0.02329265
v -0.00175456 -0.02228249 0.02282913
v -0.00099171 -0.01522823 0.02315047
v -0.00058569 -0.01769408 0.02309764
v -0.00335399 -0.02266213 0.02210543
v -0.00308615 -0.01616228 0.02336755
v -0.00451249 -0.02194347 0.02331745
v -0.00655328 -0.02202443 0.02347980
v -0.00069673 -0.02240569 0.02210427
v -0.00251981 -0.01707717 0.02330967
v -0.00308848 -0.02192272 0.02320070
v -0.00486474 -0.01915225 0.02353535
v -0.00698359 -0.01987647 0.02374527
v -0.00340206 -0.02275621 0.02180505
v -0.00533762 -0.02140035 0.02355279
v -0.00394534 -0.01798587 0.02345208
v -0.00382488 -0.02275722 0.02174028
v -0.00349082 -0.01587718 0.02341085
v -0.00680902 -0.02270772 0.02238704
v -0.00528760 -0.02177902 0.02346363
v -0.00628984 -0.01824934 0.02369259
v -0.00527514 -0.02169626 0.02348587
v -0.00261532 -0.02114317 0.02327939
v -0.00288311 -0.02256705 0.02247059
v -0.00323467 -0.01757529 0.02338118
v -0.00169105 -0.01931814 0.02320138
v -0.00412916 -0.02202336 0.02317887
v 0.00133385 -0.00083688 -0.02236101
v 0.00458294 -0.00283825 -0.02345349
v 0.00058137 -0.00603951 -0.02303330
v 0.00176244 -0.00618423 -0.02315737
v -0.00018625 -0.00623760 -0.02295168
v 0.00090924 -0.00384200 -0.02305871
v 0.00108558 -0.00396016 -0.02308407
v 0.00474786 -0.00599914 -0.02347078
v 0.00483340 -0.00601894 -0.02347723
v 0.00510770 -0.00316755 -0.02350866
v 0.00419606 -0.00664026 -0.02340833
v 0.00439445 -0.00432796 -0.02343367
v 0.00128323 -0.00237203 -0.02245624
v 0.00248489 0.00184944 -0.02323275
v 0.00432460 -0.00275152 -0.02342635
v 0.00190296 0.00047422 -0.02249572
v 0.00244703 -0.00166354 -0.02322873
v 0.00017418 -0.00384548 -0.02261282
v 0.00690442 0.00188027 -0.02369785
v 0.00609187 0.00178856 -0.02361241
v 0.00488306 -0.00263817 -0.02348507
v 0.00271877 -0.00052153 -0.02325721
v 0.00378263 0.00116332 -0.02336945
v 0.00351586 -0.00470566 -0.02334161
v 0.00435222 -0.00508375 -0.02342951
v 0.00027331 0.00051759 -0.02157258
v 0.00551664 -0.00563935 -0.02352374
v 0.00538325 -0.00550596 -0.02353759
v 0.00565003 -0.00523920 -0.02356578
v 0.00460097 -0.00501975 -0.02345551
v 0.00505655 -0.00417353 -0.02350328
v 0.00624545 -0.00334249 -0.02362836
v 0.00511648 0.00089655 -0.02350976
v 0.00324908 -0.00470566 -0.02331376
v 0.00298231 -0.00470566 -0.02328574
v 0.00344916 -0.00420546 -0.02333459
v 0.00298231 -0.00390534 -0.02328548
v 0.00354920 -0.00387199 -0.02334501
v 0.00733844 -0.00078953 -0.02374350
v 0.00784005 -0.00106264 -0.02379645
v 0.00671711 -0.00137101 -0.02367808
v 0.00622108 -0.00152107 -0.02362587
v 0.00565003 -0.00550596 -0.02356458
v 0.00895964 -0.00187955 -0.02391418
v 0.00979168 -0.00113055 -0.02400148
v 0.00831774 -0.00257148 -0.02384665
v 0.00888682 -0.00385438 -0.02390633
v 0.00832332 -0.00497262 -0.02384713
v 0.00817115 -0.00503437 -0.02362974
v 0.00915189 -0.00660092 -0.02314274
v 0.01040152 -0.00159127 -0.02406548
v 0.01018514 -0.00043731 -0.02404282
v 0.01031852 -0.00017054 -0.02405685
v 0.01018514 -0.00083747 -0.02404279
v 0.01092397 0.00085278 -0.02412050
v 0.01010177 0.00144676 -0.02403419
v 0.01049112 0.00028577 -0.02407500
v 0.01062248 -0.00543155 -0.02408827
v 0.01088562 -0.00597252 -0.02409949
v 0.01166501 -0.00620568 -0.02419791
v 0.01195633 0.00103260 -0.02422890
v 0.01245269 -0.00110424 -0.02428088
v 0.01211798 -0.00143895 -0.02424572
v 0.01202503 -0.00193790 -0.02423592
v 0.00993615 -0.00544508 -0.02399592
v 0.00892110 -0.00256627 -0.02390990
v 0.00953700 -0.00313733 -0.02397459
v 0.01125220 -0.00657270 -0.02397151
v 0.01153292 -0.00684864 -0.02400331
v 0.00730312 -0.00275311 -0.02373991
v 0.00805097 -0.00283825 -0.02381853
v 0.00856927 0.00022203 -0.02387314
v 0.00731734 -0.00377195 -0.02374165
v 0.01178578 -0.00657304 -0.02421062
v 0.00859703 -0.00255064 -0.02387590
v 0.01122839 -0.00617470 -0.02413637
v 0.01246101 -0.00471881 -0.02428163
v -0.00020525 -0.01152499 -0.02295052
v 0.00204858 -0.00737349 -0.02318727
v 0.00261142 -0.01002015 -0.02324802
v 0.00462813 -0.01008438 -0.02214389
v 0.00411620 -0.01370912 -0.02340462
v 0.00301645 -0.00848564 -0.02328747
v 0.00156197 -0.01337468 -0.02313654
v 0.00191523 -0.01350910 -0.02317366
v 0.00202698 -0.01368977 -0.02318542
v 0.00058137 -0.01350910 -0.02303347
v 0.00078145 -0.01387592 -0.02305452
v -0.00026361 -0.01064815 -0.02294447
v 0.00607219 -0.00888174 -0.02249999
v 0.00266616 -0.00897432 -0.02325193
v 0.00353559 -0.01305130 -0.02332162
v 0.00298330 -0.01135930 -0.02328446
v 0.00297650 -0.01078050 -0.02323422
v 0.00320950 -0.00659390 -0.02330918
v 0.00230876 -0.01261676 -0.02321410
v 0.00296280 -0.00941703 -0.02323723
v 0.00691936 -0.01109947 -0.02206029
v 0.00728532 -0.00823059 -0.02217386
v 0.00965928 -0.00686074 -0.02308692
v 0.00879467 -0.01083655 -0.02188394
v 0.01095399 -0.00834251 -0.02297091
v 0.00865281 -0.01377155 -0.02299403
v 0.01225135 -0.01290722 -0.02425835
v 0.01188813 -0.01220265 -0.02362325
v 0.00729508 -0.01351783 -0.02272486
v 0.01223036 -0.00982723 -0.02373938
v 0.01072552 -0.01391040 -0.02380217
v 0.01421154 -0.00366520 -0.02446590
v 0.01483807 -0.00360500 -0.02453228
v 0.01345307 -0.00543927 -0.02438625
v 0.01292796 -0.00554711 -0.02432982
v 0.01449269 -0.00152850 -0.02449517
v 0.01773957 -0.00422886 -0.02482076
v 0.01731864 -0.00227148 -0.02478084
v 0.01664941 -0.00352354 -0.02471407
v 0.01418670 -0.00497243 -0.02446363
v 0.01391993 -0.00497243 -0.02443552
v 0.01246060 -0.00730586 -0.02428445
v 0.01815675 0.00169904 -0.02484106
v 0.01401297 0.00200053 -0.02444493
v 0.01844732 -0.00601888 -0.02489132
v 0.01867673 -0.00251195 -0.02487946
v 0.01858250 -0.00404385 -0.02487924
v 0.01276325 -0.00559142 -0.02431334
v 0.02023343 -0.00321695 -0.02428868
v 0.02046159 0.00159813 -0.02359979
v 0.01986239 -0.00581322 -0.02427313
v 0.02077610 -0.00547217 -0.02124472
v 0.01920371 -0.00424132 -0.02483098
v 0.02058706 0.00209745 -0.02304115
v 0.02077935 0.00149676 -0.02124932
v 0.02089419 -0.00517864 -0.02019535
v 0.02105673 -0.00612777 -0.01869866
v 0.02084508 -0.00531216 -0.02063159
v 0.02085611 -0.00556972 -0.02050463
v 0.02120017 -0.00239693 -0.01762459
v 0.02076670 0.00079236 -0.02141106
v 0.02115851 0.00196363 -0.01802666
v 0.02112036 0.00169686 -0.01836407
v 0.02111044 0.00166351 -0.01844746
v 0.02082836 -0.00445985 -0.02067319
v 0.01888207 -0.00417151 -0.02487576
v 0.01938788 0.00186367 -0.02479245
v 0.02028566 -0.00043885 -0.02447117
v 0.02109494 -0.00502276 -0.01844445
v 0.02102519 0.00184205 -0.01914244
v 0.02117633 0.00039335 -0.01786897
v 0.01311962 -0.00870722 -0.02435130
v 0.01285267 -0.00865692 -0.02432484
v 0.01351978 -0.00870722 -0.02439343
v 0.01311986 -0.00897545 -0.02435130
v 0.01754485 -0.00744164 -0.02480135
v 0.01255096 -0.01220533 -0.02424812
v 0.01771136 -0.01055466 -0.02483239
v 0.01773736 -0.01330322 -0.02482635
v 0.01842668 -0.01387708 -0.02489148
v 0.01595912 -0.01312437 -0.02464432
v 0.01407336 -0.00869483 -0.02445147
v 0.01440982 -0.00619791 -0.02448690
v 0.01302957 -0.01051603 -0.02429216
v 0.01263135 -0.00904053 -0.02409981
v 0.01472025 -0.00577274 -0.02451947
v 0.01512040 -0.01070801 -0.02456129
v 0.01565392 -0.00884061 -0.02461689
v 0.01585402 -0.01094143 -0.02463778
v 0.01657398 -0.00835123 -0.02470820
v 0.01695629 -0.01224801 -0.02475182
v 0.01632088 -0.01084139 -0.02468592
v 0.01822783 -0.01251583 -0.02487110
v 0.01979634 -0.00956768 -0.02464849
v 0.02051925 -0.01035254 -0.02358000
v 0.02103340 -0.01350910 -0.01889761
v 0.02112361 -0.01450718 -0.01798946
v 0.01997486 -0.01339385 -0.02426176
v 0.02076385 -0.00613734 -0.02134617
v 0.02115028 -0.00706469 -0.01794993
v 0.02124856 -0.01301121 -0.01699728
v 0.02122514 -0.00660730 -0.01733698
v 0.02095440 -0.00644047 -0.01963511
v 0.02115702 -0.00813877 -0.01785463
v 0.02127645 -0.00637297 -0.01689688
v 0.01950082 -0.00632220 -0.02454551
v 0.02125874 -0.00790691 -0.01703021
v 0.02130475 -0.00830707 -0.01663008
v 0.02122859 -0.00764014 -0.01729698
v 0.02120014 -0.00741619 -0.01754817
v 0.02134787 -0.00870722 -0.01622990
v 0.02130214 -0.00815092 -0.01665565
v 0.02129056 -0.00764014 -0.01676344
v 0.02061882 -0.00646281 -0.02275923
v 0.02105322 -0.01319178 -0.01866407
v 0.02232566 -0.00390022 -0.00694233
v 0.02219307 0.00179449 -0.00783605
v 0.02149623 -0.00251313 -0.01484602
v 0.02150681 -0.00200460 -0.01474598
v 0.02152904 -0.00084108 -0.01454092
v 0.02151913 -0.00150440 -0.01462927
v 0.02144819 -0.00276322 -0.01530125
v 0.02124442 -0.00378069 -0.01722478
v 0.02175478 0.00153105 -0.01239631
v 0.02194826 -0.00094714 -0.00799818
v 0.02218939 0.00005339 -0.00802163
v 0.02139713 -0.00014637 -0.01579237
v 0.02223843 -0.00229035 -0.00783322
v 0.02159185 -0.00508914 -0.01394151
v 0.02162068 -0.00371346 -0.01366431
v 0.02101726 -0.00147242 -0.00687679
v 0.02137834 -0.00228596 -0.01596665
v 0.02137849 -0.00283825 -0.01596312
v 0.02139841 -0.00240972 -0.01577359
v 0.02138953 -0.00764014 -0.01583024
v 0.02182220 -0.01337129 -0.01174220
v 0.02165686 -0.01277522 -0.01330090
v 0.02158069 -0.01331562 -0.01403009
v 0.02149406 -0.00747549 -0.01484602
v 0.02138145 -0.01289967 -0.01591660
v 0.02174687 -0.01213200 -0.01245446
v 0.02126630 -0.00554231 -0.01700188
v 0.02135476 -0.00959090 -0.01617162
v 0.02212965 -0.00993820 -0.00883189
v 0.02177026 -0.01096071 -0.01223666
v 0.02235671 -0.01013721 -0.00667276
v 0.02219135 -0.00633102 -0.00824581
v 0.02190477 -0.01184620 -0.01096524
v 0.02166223 -0.00976461 -0.01325681
v 0.02161829 -0.01058087 -0.01366900
v 0.02174926 -0.00785858 -0.01244217
v 0.02166847 -0.01007443 -0.01319746
v 0.02148130 -0.00837369 -0.01496311
v 0.02139053 -0.01359575 -0.01582670
v 0.02139198 -0.01392408 -0.01582450
v 0.02184500 -0.00687038 -0.01154196
v 0.02170417 -0.00626898 -0.01287315
v 0.02234978 -0.00556990 -0.00671169
v 0.02168920 -0.00522982 -0.01301396
v 0.02151690 -0.00817368 -0.01462927
v 0.02151684 -0.00844045 -0.01462927
v 0.02147927 -0.00638965 -0.01498739
v 0.02221313 -0.01225184 -0.00803488
v 0.02179900 -0.01297556 -0.01196155
v 0.02218353 -0.01144262 -0.00831790
v 0.02227690 -0.01340907 -0.00742644
v 0.02222430 -0.01312562 -0.00792664
v 0.02145619 -0.01200344 -0.01519774
v 0.02147394 -0.00613072 -0.01504105
v 0.02139653 -0.00709738 -0.01576384
v 0.02135524 -0.00958516 -0.01615805
v 0.02177824 -0.00575724 -0.01216903
v 0.02192427 -0.00628420 -0.01078266
v 0.02219047 -0.00484432 -0.00824160
v 0.02203843 -0.00774050 -0.00969766
v 0.02217380 -0.01050839 -0.00841277
v 0.02192308 -0.00710659 -0.01079366
v 0.02191256 -0.00737337 -0.01089447
v 0.02196117 -0.00440553 -0.01043282
v 0.02199019 -0.01413201 -0.01014998
v 0.02190436 -0.00815701 -0.01097527
v 0.02133234 -0.00715661 -0.01637189
v 0.02211624 -0.00990769 -0.00896038
v 0.01993237 0.00190450 -0.00539370
v 0.01859053 -0.00111196 -0.00185577
v 0.02070411 -0.00300216 -0.00593720
v 0.01841429 0.00050054 -0.00116682
v 0.01862380 0.00111824 -0.00027159
v 0.01913837 -0.00309231 -0.00046356
v 0.01864755 -0.00191582 -0.00274500
v 0.01959765 -0.00199169 -0.00483517
v 0.01870559 0.00141788 -0.00220464
v 0.02041822 0.00190848 -0.00607699
v 0.01973009 -0.00429516 -0.00096590
v 0.01981371 -0.00415931 -0.00257340
v 0.01868958 0.00108326 -0.00262513
v 0.01947293 0.00034833 -0.00525243
v 0.02119077 -0.00420791 -0.00540128
v 0.01858853 -0.00106426 -0.00114703
v 0.02080987 -0.00152903 -0.00656410
v 0.02166344 -0.00614970 -0.00022584
v 0.02081517 -0.00562065 -0.00283438
v 0.02238458 -0.01395593 -0.00640230
v 0.02237536 -0.01284217 -0.00649274
v 0.02238316 -0.00739208 -0.00641932
v 0.02270885 -0.00682160 -0.00331240
v 0.02082805 -0.00439343 -0.00476987
v 0.02281040 -0.00722574 -0.00167347
v 0.02299706 -0.00842938 -0.00057961
v 0.02244563 -0.00549478 -0.00556958
v 0.02236023 -0.01206687 -0.00663864
v 0.01969246 -0.00418133 -0.00187276
v 0.02299253 -0.00952629 -0.00061572
v 0.02299402 -0.00917407 -0.00060249
v 0.02305781 -0.00977013 0.00000565
v 0.02021772 -0.00434460 -0.00355499
v 0.02300568 -0.01110817 -0.00049039
v 0.02232215 -0.00430549 -0.00662613
v 0.02244850 -0.01316313 -0.00579718
v 0.02298588 -0.00737323 -0.00067709
v 0.02258164 -0.01396071 -0.00452566
v 0.00141919 -0.01420105 -0.02312161
v -0.00016358 -0.02236999 -0.02256653
v 0.00133427 -0.02278809 -0.01407280
v 0.00188827 -0.02270054 -0.02303414
v 0.00330308 -0.02278025 -0.01521541
v 0.00431617 -0.02277403 -0.01596312
v 0.00590884 -0.02277827 -0.01489021
v 0.00406567 -0.02277575 -0.01522811
v 0.00290403 -0.02044028 -0.02327758
v 0.00475529 -0.02073446 -0.02347153
v 0.00445789 -0.02277364 -0.01653001
v 0.00154745 -0.01846507 -0.02313467
v 0.00249879 -0.01956148 -0.02323452
v 0.00055703 -0.02277235 -0.01880396
v 0.00591618 -0.02265149 -0.01449749
v 0.00544213 -0.02277402 -0.01640626
v 0.00283431 -0.02259084 -0.02315029
v 0.00006500 -0.02277003 -0.01910836
v 0.00585894 -0.02278539 -0.01465495
v 0.00599964 -0.02243572 -0.02342219
v 0.00511648 -0.02278464 -0.01462927
v 0.00616728 -0.01484342 -0.02357810
v 0.00502745 -0.01434170 -0.02348614
v 0.00444955 -0.01377588 -0.02339188
v 0.00115040 -0.02277458 -0.01747710
v 0.00016887 -0.02050886 -0.02298935
v 0.00678380 -0.02277365 -0.01717193
v 0.00773554 -0.01688804 -0.02378530
v 0.00671711 -0.01724390 -0.02367833
v 0.00634090 -0.02277005 -0.02291435
v 0.00681768 -0.01817761 -0.02368890
v 0.00835250 -0.01873692 -0.02384992
v 0.00653081 -0.02140947 -0.02365726
v 0.00660039 -0.02052853 -0.02366575
v 0.00618357 -0.02277954 -0.01489604
v 0.00812464 -0.02277459 -0.01543271
v 0.00618357 -0.02272237 -0.02316595
v 0.00677547 -0.02277321 -0.01777217
v 0.00675046 -0.02277248 -0.01882675
v 0.00717979 -0.02277297 -0.01837240
v 0.01074267 -0.01449440 -0.02410120
v 0.00842468 -0.01591916 -0.02385768
v 0.00938406 -0.01510977 -0.02395837
v 0.01022266 -0.01561410 -0.02404655
v 0.00940696 -0.02277453 -0.01834381
v 0.00779217 -0.02277205 -0.02075807
v 0.01021809 -0.02277344 -0.01943792
v 0.00783018 -0.02253953 -0.02364033
v 0.00885128 -0.01844437 -0.02390233
v 0.00809579 -0.01810413 -0.02382311
v 0.00873540 -0.01576421 -0.02389033
v 0.00734708 -0.01563692 -0.02374431
v 0.00928655 -0.02267459 -0.01539506
v 0.01155443 -0.02277405 -0.01996678
v 0.01045191 -0.01510974 -0.02407080
v 0.01029961 -0.01820053 -0.02405454
v 0.01165089 -0.02277777 -0.01606954
v 0.00988603 -0.02181351 -0.02398474
v 0.00984557 -0.02270382 -0.02321801
v 0.01018514 -0.02151224 -0.02402719
v 0.00925144 -0.01951146 -0.02394423
v 0.01082734 -0.01873560 -0.02410972
v 0.01148145 -0.02079919 -0.02417694
v 0.01029165 -0.02242758 -0.01470412
v 0.00752895 -0.01437934 -0.02336193
v 0.00604880 -0.02092469 -0.02360512
v 0.00591680 -0.02277260 -0.01836407
v 0.00931439 -0.02264867 -0.02333081
v 0.01161802 -0.02277453 -0.01938314
v 0.01198584 -0.02277495 -0.01896430
v 0.01153879 -0.01633236 -0.02418497
v 0.01215193 -0.02206253 -0.02398651
v 0.00923550 -0.01511420 -0.02393869
v 0.00675868 -0.02276649 -0.01518471
v 0.00730978 -0.02277265 -0.01878936
v 0.00939290 -0.01805673 -0.02395927
v 0.00855908 -0.01522911 -0.02376729
v 0.00983604 -0.02277429 -0.01891167
v 0.00956857 -0.02151224 -0.02396626
v 0.00938482 -0.01964484 -0.02395822
v 0.00962365 -0.02030421 -0.02398355
v 0.00786652 -0.02277328 -0.01836719
v 0.00660873 -0.02277449 -0.01584641
v 0.01197000 -0.01787748 -0.02422985
v 0.01101211 -0.02277573 -0.01722514
v 0.01151883 -0.02278890 -0.01489851
v 0.01125769 -0.02277368 -0.01866796
v 0.01182319 -0.02277356 -0.02259252
v 0.01238630 -0.01513604 -0.02427445
v 0.00811182 -0.02277419 -0.01691597
v 0.00801256 -0.02063483 -0.02381553
v 0.00991837 -0.02151224 -0.02400157
v 0.01063603 -0.02130078 -0.02408324
v 0.01178577 -0.02277484 -0.01969792
v 0.01304303 -0.02277524 -0.01861312
v 0.01050882 -0.02275519 -0.02315355
v 0.01209815 -0.02266581 -0.02322116
v 0.01178577 -0.02278227 -0.01462927
v 0.00698388 -0.01804422 -0.02370639
v 0.00929325 -0.01683840 -0.02394888
v 0.01200168 -0.01884453 -0.02423303
v 0.01140313 -0.02122974 -0.02416076
v 0.00965159 -0.02151224 -0.02397543
v 0.01332894 -0.01592329 -0.02437243
v 0.01270902 -0.01633991 -0.02430811
v 0.02012181 -0.01586432 -0.02363317
v 0.01979227 -0.01881303 -0.02198498
v 0.02005567 -0.01831099 -0.02216288
v 0.02024985 -0.01784151 -0.02240326
v 0.01979635 -0.01430942 -0.02449980
v 0.01969763 -0.01450030 -0.02455738
v 0.02005615 -0.01564331 -0.02396628
v 0.02005615 -0.01564327 -0.02396626
v 0.01984264 -0.01614039 -0.02395373
v 0.01994139 -0.01562885 -0.02409589
v 0.02022272 -0.01521789 -0.02381700
v 0.01886710 -0.01620665 -0.02460408
v 0.02025095 -0.01466589 -0.02399887
v 0.02034302 -0.01338415 -0.02394264
v 0.02068930 -0.01435904 -0.02202282
v 0.01777260 -0.01568036 -0.02477135
v 0.01443149 -0.01738153 -0.02449013
v 0.01928675 -0.01445235 -0.02476973
v 0.02054313 -0.01642989 -0.02289912
v 0.02042127 -0.01770564 -0.02221027
v 0.01879120 -0.01368746 -0.02489245
v 0.01885553 -0.01434367 -0.02487882
v 0.01888166 -0.01757708 -0.02376182
v 0.01491110 -0.01875317 -0.02451283
v 0.01952213 -0.01537651 -0.02450261
v 0.01638805 -0.01813653 -0.02447992
v 0.01964398 -0.01705010 -0.02363621
v 0.01557754 -0.01369446 -0.02460866
v 0.01374929 -0.01723537 -0.02441606
v 0.02029239 -0.01835760 -0.02184154
v 0.01423368 -0.01865035 -0.02446391
v 0.01449518 -0.01587045 -0.02449405
v 0.01217022 -0.02115869 -0.02423828
v 0.01571883 -0.01853697 -0.02444419
v 0.01983871 -0.01940972 -0.02140175
v 0.01814127 -0.02139066 -0.02117198
v 0.01333201 -0.02240386 -0.02348645
v 0.01831795 -0.02034008 -0.02192995
v 0.01717500 -0.01912547 -0.02370378
v 0.01741110 -0.01937883 -0.02338207
v 0.01703361 -0.01890569 -0.02392108
v 0.01626401 -0.01955269 -0.02392697
v 0.01685442 -0.01896110 -0.02396626
v 0.01738469 -0.01864204 -0.02391040
v 0.01794298 -0.02135636 -0.02137366
v 0.01230752 -0.02239234 -0.02364782
v 0.01265277 -0.01912517 -0.02430182
v 0.01256398 -0.01965504 -0.02429179
v 0.01610247 -0.02241817 -0.02194660
v 0.01316017 -0.02114544 -0.02417397
v 0.01628338 -0.02029669 -0.02344306
v 0.01910003 -0.01990926 -0.02172367
v 0.01630278 -0.02256752 -0.02160567
v 0.01684074 -0.02257946 -0.02090138
v 0.01659213 -0.02257933 -0.02129855
v 0.01692998 -0.02233282 -0.02125236
v 0.01885046 -0.01876698 -0.02285686
v 0.01464052 -0.01991196 -0.02436409
v 0.01605410 -0.02275104 -0.02129855
v 0.01808790 -0.02067766 -0.02185225
v 0.01817986 -0.01931037 -0.02290107
v 0.01766909 -0.02178416 -0.02117643
v 0.01754997 -0.02201986 -0.02101131
v 0.01434365 -0.02277819 -0.01630327
v 0.02087695 -0.01940795 -0.01980885
v 0.02094103 -0.01342669 -0.01969894
v 0.02052458 -0.02215021 -0.01776947
v 0.02050070 -0.02276905 -0.01555102
v 0.02123291 -0.01452238 -0.01710368
v 0.02127601 -0.02231650 -0.01462334
v 0.01907281 -0.02075350 -0.02089446
v 0.01659266 -0.02265846 -0.02094516
v 0.01248604 -0.02278484 -0.01522950
v 0.01335779 -0.02278975 -0.01332332
v 0.01283097 -0.02277483 -0.01725009
v 0.02143181 -0.01730751 -0.01541394
v 0.02112116 -0.01341288 -0.01816428
v 0.02130344 -0.02190065 -0.01614663
v 0.01833434 -0.02250104 -0.01981819
v 0.02113875 -0.01396134 -0.01787624
v 0.02065421 -0.01879547 -0.02070556
v 0.00166226 -0.02278643 -0.01429059
v 0.00306959 -0.02276876 -0.01108677
v 0.00456638 -0.02273101 -0.01372434
v 0.00221534 -0.02278876 -0.00859357
v 0.00484981 -0.02278740 -0.01410541
v 0.00308163 -0.02278777 -0.01442764
v 0.00737618 -0.02081838 -0.01110301
v 0.00581992 -0.02104279 -0.01121370
v 0.00719306 -0.02171823 -0.01371978
v 0.00396213 -0.02230620 -0.00854701
v 0.00817643 -0.02066692 -0.01134269
v 0.00860958 -0.02145338 -0.01365890
v 0.00826185 -0.02053694 -0.00941643
v 0.01222228 -0.02260213 -0.01411361
v 0.01350548 -0.02277659 -0.01297590
v 0.01114932 -0.02110286 -0.00849132
v 0.00789834 -0.02108893 -0.01267201
v 0.00937617 -0.02211858 -0.01448156
v 0.00831404 -0.02061693 -0.00862223
v 0.01342464 -0.02208076 -0.00963459
v 0.01115262 -0.02073276 -0.01133162
v 0.00760568 -0.02175817 -0.01392505
v 0.00743473 -0.02066368 -0.01061704
v -0.00069016 -0.02278879 -0.00714756
v -0.00021894 -0.02278878 -0.00075716
v -0.00019576 -0.02278879 -0.00034580
v 0.00635618 -0.02278878 -0.00260518
v 0.00338346 -0.02274918 -0.00827787
v 0.00542293 -0.02278879 0.00027622
v 0.00745184 -0.02166111 -0.00589369
v 0.00819165 -0.02278879 0.00024571
v -0.00013890 -0.02278879 -0.00133492
v 0.00155118 -0.02278879 -0.00734122
v 0.00431830 -0.02278830 -0.00607992
v 0.00458294 -0.02278829 -0.00582582
v 0.00391557 -0.02278749 -0.00675937
v 0.00523095 -0.02156486 -0.00827837
v 0.00506479 -0.02278867 -0.00532643
v -0.00048571 -0.02278879 -0.00102393
v 0.00001865 -0.02278879 -0.00263706
v 0.00375839 -0.02278877 -0.00613444
v 0.00325954 -0.02278876 -0.00800676
v 0.00753024 -0.02172500 -0.00577626
v 0.00789812 -0.02195507 -0.00533509
v 0.00752189 -0.02204579 -0.00529227
v 0.00750490 -0.02215648 -0.00513009
v 0.00751742 -0.02278731 -0.00422519
v 0.00778420 -0.02278677 -0.00422519
v 0.00800289 -0.02278594 -0.00422245
v 0.00725140 -0.02278858 -0.00422219
v 0.00567362 -0.02278855 -0.00502016
v 0.00771292 -0.02127522 -0.00658953
v 0.00781706 -0.02252684 -0.00458853
v 0.00484971 -0.02278815 -0.00555905
v 0.00521654 -0.02277616 -0.00546650
v 0.00530130 -0.02239572 -0.00568394
v 0.01338654 -0.02278846 -0.00609244
v 0.01353535 -0.02231969 -0.00808593
v 0.00831774 -0.02278879 -0.00049039
v 0.00889296 -0.02278879 -0.00013817
v 0.00801460 -0.02177194 -0.00556924
v 0.01163941 -0.02132867 -0.00802178
v 0.00909439 -0.02278561 -0.00419309
v 0.01143285 -0.02274971 -0.00489750
v 0.01197473 -0.02278899 -0.00504705
v 0.00795979 -0.02278879 -0.00132040
v 0.00953731 -0.02278879 -0.00052194
v 0.01086874 -0.02276262 -0.00459200
v 0.00828476 -0.02278878 -0.00077577
v 0.01368602 -0.02276589 -0.00696564
v 0.00991837 -0.02278879 -0.00049039
v 0.00953452 -0.02152241 -0.00581169
v 0.01238526 -0.02230977 -0.00603373
v 0.01091869 -0.02278864 -0.00437927
v 0.00872754 -0.02079378 -0.00786566
v 0.00991837 -0.02278879 -0.00009023
v 0.00965159 -0.02278879 -0.00049039
v 0.02076178 -0.02276886 -0.01413382
v 0.01967219 -0.02277350 -0.00934386
v 0.02036100 -0.02277273 -0.00764840
v 0.02005567 -0.02277368 -0.01276187
v 0.01950963 -0.02277411 -0.01311826
v 0.01447923 -0.02279252 -0.01097434
v 0.01966764 -0.02277035 -0.01135531
v 0.01777466 -0.02277592 -0.01344369
v 0.01801147 -0.02277855 -0.00734605
v 0.01764409 -0.02278036 -0.00849376
v 0.01653346 -0.02278553 -0.01179065
v 0.01621336 -0.02278814 -0.01127572
v 0.01392049 -0.02278203 -0.01225840
v 0.01405404 -0.02278823 -0.00755709
v 0.01378655 -0.02275637 -0.01229502
v 0.01843652 -0.02277639 -0.01128002
v 0.01920589 -0.02277477 -0.00740725
v 0.01765473 -0.02278017 -0.00849353
v 0.01805489 -0.02278065 -0.00849353
v 0.01898105 -0.02277430 -0.01082044
v 0.01622085 -0.02278295 -0.01460113
v 0.01451199 -0.02276251 -0.00955060
v 0.01871647 -0.02277930 -0.00842267
v 0.01849391 -0.02277321 -0.01333484
v 0.01622841 -0.02278620 -0.01063153
v 0.01433285 -0.02279043 -0.01133459
v 0.01925536 -0.02277426 -0.01356218
v 0.01978890 -0.02277315 -0.00956061
v 0.01592234 -0.02278626 -0.01419934
v 0.01881510 -0.02277717 -0.00962930
v 0.01631307 -0.02278641 -0.01202319
v 0.01709622 -0.02278182 -0.00811137
v 0.01901647 -0.02277416 -0.01429633
v 0.01525379 -0.02278879 -0.01222833
v 0.02121430 -0.02235749 -0.01421795
v 0.02180679 -0.01759760 -0.01188028
v 0.02218983 -0.02084532 -0.00795276
v 0.02218985 -0.02124547 -0.00793341
v 0.02218623 -0.02141220 -0.00795517
v 0.02165261 -0.01532791 -0.01334791
v 0.02160255 -0.01636394 -0.01384399
v 0.02189563 -0.01653819 -0.01103796
v 0.02190379 -0.02260335 -0.00949348
v 0.02185398 -0.01766282 -0.01142595
v 0.02164234 -0.02245730 -0.01253251
v 0.02233293 -0.02070543 -0.00665250
v 0.02223901 -0.01383840 -0.00778523
v 0.02222744 -0.01450950 -0.00789329
v 0.02234346 -0.01536192 -0.00679077
v 0.02199500 -0.02250061 -0.00739199
v 0.02219578 -0.01964484 -0.00795999
v 0.02214411 -0.01909042 -0.00846509
v 0.02160286 -0.01736937 -0.01382916
v 0.02160340 -0.01697713 -0.01382895
v 0.02160325 -0.01671036 -0.01382895
v 0.02231404 -0.01849746 -0.00696822
v 0.02153203 -0.01677705 -0.01449588
v 0.02241896 -0.01748879 -0.00607045
v 0.02001712 -0.02277306 -0.00712789
v 0.02006281 -0.02277235 -0.00673990
v 0.02269744 -0.01409649 -0.00342657
v 0.02243301 -0.02057869 -0.00571013
v 0.02242895 -0.01748879 -0.00597500
v 0.02283166 -0.01388425 -0.00214937
v 0.02280980 -0.01430942 -0.00235779
v 0.02233914 -0.01928774 -0.00666857
v 0.01925633 -0.02277568 -0.00352515
v 0.01760321 -0.02278139 -0.00645764
v 0.02299913 -0.01820546 -0.00050333
v 0.02298426 -0.01911130 -0.00049039
v 0.02297660 -0.01951146 -0.00049110
v 0.02298938 -0.01888874 -0.00048250
v 0.02299015 -0.01937807 -0.00040139
v 0.02221476 -0.01935087 -0.00782488
v 0.02222357 -0.02259685 -0.00547080
v 0.02279314 -0.01922108 -0.00243642
v 0.02242844 -0.02228077 -0.00545516
v 0.01378406 -0.02279379 -0.00665197
v 0.01666408 -0.02278730 -0.00164598
v 0.02003714 -0.02277377 -0.00608523
v 0.01860868 -0.02277666 -0.00737665
v 0.01831955 -0.02277795 -0.00690566
v 0.01736323 -0.02278226 -0.00081870
v 0.01583205 -0.02278817 -0.00031873
v 0.01658765 -0.02278281 -0.00742644
v 0.01392355 -0.02278958 -0.00715819
v 0.02216591 -0.02276505 -0.00263938
v 0.02303167 -0.01590783 -0.00022888
v 0.02285259 -0.02050928 -0.00169761
v 0.02173995 -0.02274146 -0.00607375
v 0.02218985 -0.02247247 -0.00635936
v 0.02307965 -0.01914631 0.00042831
v 0.02245662 -0.02276460 -0.00022362
v 0.02306115 -0.02044304 0.00030637
v 0.02264801 -0.02242195 -0.00220291
v 0.02246160 -0.01808590 -0.00561957
v 0.01966698 -0.02277693 -0.00486502
v 0.01952213 -0.02277537 -0.00555905
v 0.01664783 -0.02278194 -0.00694044
v 0.01378728 -0.02274034 -0.00735673
v 0.02164673 -0.02276831 -0.00670855
v 0.02222000 -0.01484296 -0.00796301
v 0.02220671 -0.02261758 -0.00538154
v 0.02233826 -0.02268405 -0.00289566
v 0.01993277 -0.00417252 0.00080401
v 0.01990029 -0.00437772 0.00003922
v 0.02025771 -0.00027127 0.00383552
v 0.01884572 -0.00060641 0.00152819
v 0.01954858 -0.00225271 0.00250580
v 0.01862214 -0.00072806 0.00004564
v 0.02202728 -0.00111462 0.00552464
v 0.02077958 0.00058794 0.00454218
v 0.02332128 -0.00346649 0.00546954
v 0.02111129 -0.00269236 0.00410720
v 0.01898859 -0.00257148 -0.00010180
v 0.01898859 -0.00261278 -0.00022362
v 0.02093178 -0.00401224 0.00299586
v 0.02077474 -0.00404366 0.00274031
v 0.02040860 -0.00433555 0.00172201
v 0.02362281 -0.00390556 0.00537875
v 0.01947004 0.00094421 0.00259773
v 0.01951451 -0.00375019 0.00002985
v 0.01947020 -0.00369592 -0.00005518
v 0.02233454 0.00167636 0.00547300
v 0.02142772 -0.00388188 0.00364993
v 0.02312104 -0.00200311 0.00573209
v 0.02004998 0.00132038 0.00332180
v 0.01974580 0.00192962 0.00273985
v 0.01952213 0.00169686 0.00239143
v 0.02138161 -0.00367700 0.00384298
v 0.02046367 -0.00041951 0.00397237
v 0.01911399 -0.00023684 0.00214426
v 0.01928745 0.00169686 0.00191055
v 0.02037835 -0.00442762 0.00151524
v 0.02304407 -0.00723998 0.00017654
v 0.02312584 -0.00736660 0.00065499
v 0.02322140 -0.01354036 0.00155498
v 0.02342923 -0.00918591 0.00353746
v 0.02313202 -0.01044123 0.00071008
v 0.02349535 -0.01177706 0.00416374
v 0.02366051 -0.01387592 0.00573563
v 0.02309020 -0.00844045 0.00030992
v 0.02311841 -0.00870722 0.00057670
v 0.02310105 -0.00917511 0.00041308
v 0.02314631 -0.00897399 0.00084347
v 0.02314185 -0.00710674 0.00090145
v 0.02311867 -0.01324233 0.00057670
v 0.02153613 -0.00464719 0.00307563
v 0.02321628 -0.00950753 0.00151039
v 0.02317419 -0.00924076 0.00111024
v 0.02337561 -0.01034274 0.00302599
v 0.02365820 -0.01085674 0.00571281
v 0.02307068 -0.01083514 0.00012745
v 0.02311777 -0.01154792 0.00057435
v 0.02318820 -0.00984100 0.00124362
v 0.02307593 -0.00964092 0.00017654
v 0.02324526 -0.01037519 0.00178691
v 0.02359601 -0.00672272 0.00512055
v 0.02172290 -0.00612411 0.00113561
v 0.02329798 -0.00794442 0.00229392
v 0.02327502 -0.00666095 0.00213540
v 0.02352134 -0.00495426 0.00458153
v 0.02361236 -0.00587278 0.00527854
v 0.02323168 -0.01339962 0.00165726
v 0.02311138 -0.01079554 0.00051417
v 0.02313815 -0.00697294 0.00124340
v 0.02360702 -0.00795750 0.00523092
v 0.02307639 -0.01303447 0.00017681
v 0.02341008 -0.01024161 0.00335281
v 0.02317078 -0.01374878 0.00107583
v 0.02318110 -0.00629077 0.00297702
v 0.02127226 -0.00598453 -0.00005477
v 0.02319509 -0.00877391 0.00131031
v 0.02318757 -0.01042508 0.00123895
v 0.02308988 -0.01110817 0.00030992
v 0.02364284 0.00105497 0.00634680
v 0.02372529 -0.00121719 0.00637925
v 0.02393284 0.00178908 0.00832239
v 0.02373111 0.00115909 0.00645433
v 0.02379638 -0.00540540 0.00702641
v 0.02370521 -0.00288620 0.00616657
v 0.02430593 0.00038758 0.01191703
v 0.02373578 -0.00183397 0.00644817
v 0.02362602 -0.00190556 0.00617932
v 0.02445250 -0.00300005 0.01329446
v 0.02460239 -0.00310755 0.01499153
v 0.02434791 -0.00281288 0.01230247
v 0.02379930 -0.00456165 0.00705373
v 0.02454943 0.00097261 0.01429738
v 0.02437626 -0.00413876 0.01256473
v 0.02398040 0.00171353 0.00877991
v 0.02373557 0.00141556 0.00645024
v 0.02311905 0.00011602 0.00611300
v 0.02272486 -0.00073626 0.00589400
v 0.02366441 -0.00309335 0.00590441
v 0.02381958 -0.00497243 0.00724598
v 0.02405886 -0.00526533 0.00952324
v 0.02387931 -0.00547262 0.00781286
v 0.02366610 0.00196363 0.00617889
v 0.02463653 -0.01031488 0.01520807
v 0.02453987 -0.01143754 0.01415787
v 0.02373016 -0.01243369 0.00640015
v 0.02455308 -0.00913957 0.01436099
v 0.02391328 -0.00683544 0.00814356
v 0.02376605 -0.01245963 0.00673970
v 0.02462415 -0.00937961 0.01523735
v 0.02402821 -0.01107140 0.00920942
v 0.02449144 -0.00607861 0.01375002
v 0.02381536 -0.01270150 0.00721227
v 0.02459243 -0.01084139 0.01471557
v 0.02458698 -0.01116294 0.01466953
v 0.02447891 -0.01317736 0.01356253
v 0.02467714 -0.01193047 0.01560195
v 0.02368266 -0.00679788 0.00594673
v 0.02434426 -0.01290496 0.01225736
v 0.02440130 -0.01434276 0.01281481
v 0.00651703 0.00129670 0.02236180
v 0.00811672 -0.00305582 0.02218439
v 0.00331336 0.00088925 0.02269858
v 0.00070499 -0.00699535 0.02297265
v 0.00562002 -0.00440553 0.02245552
v 0.00466632 -0.00712327 0.02255585
v 0.00623527 -0.00012663 0.02239172
v 0.00615226 -0.00483154 0.02236884
v 0.00333749 -0.00181337 0.02269615
v 0.00618357 0.00143009 0.02239698
v 0.00331884 -0.00029429 0.02269797
v 0.00563419 -0.00598695 0.02245382
v 0.00449124 -0.00248395 0.02257483
v 0.00552664 -0.00424297 0.02246530
v 0.00366591 -0.00303833 0.02266156
v 0.00562411 -0.00160610 0.02245561
v 0.00363257 -0.00234640 0.02266512
v 0.00645095 -0.00009328 0.02236845
v 0.00822919 -0.00501484 0.02095214
v 0.00675012 -0.00667951 0.02139876
v 0.00244538 -0.00532868 0.02278984
v 0.00511648 -0.00683982 0.02250793
v 0.01365316 -0.00097086 0.02161132
v 0.01332886 -0.00110424 0.02164556
v 0.01219722 -0.00202982 0.02176356
v 0.01396995 -0.00082080 0.02157788
v 0.01371986 -0.00237136 0.02158218
v 0.00805714 -0.00208671 0.02219319
v 0.00947536 -0.00051078 0.02205084
v 0.00993921 0.00077983 0.02200091
v 0.00913494 -0.00173783 0.02208661
v 0.00869089 0.00019627 0.02213239
v 0.00908471 0.00001286 0.02209083
v 0.01358863 -0.00605252 0.01965593
v 0.01025183 -0.00133766 0.02196804
v 0.01047570 0.00021697 0.02194471
v 0.01033937 -0.00064573 0.02195892
v 0.01135250 0.00211525 0.02185310
v 0.00995171 0.00026296 0.02199948
v 0.01067584 0.00164783 0.02192349
v 0.01056282 0.00189485 0.02193535
v 0.01080996 -0.00204255 0.02190899
v 0.01076457 -0.00681647 0.01933691
v 0.00981682 -0.00230912 0.02199577
v 0.00925654 -0.00231575 0.02207099
v 0.00911805 0.00036300 0.02208739
v 0.01194899 -0.00508470 0.01961327
v 0.01003860 -0.00230016 0.02198123
v 0.01153221 -0.00212009 0.02160652
v 0.01264567 -0.00707310 0.01928123
v 0.01296954 -0.00139602 0.02168288
v 0.00834340 -0.00564902 0.02046301
v 0.01348609 -0.00050869 0.02162924
v 0.00991837 -0.00097086 0.02200303
v 0.00968492 -0.00439267 0.02030234
v 0.00594390 -0.00969433 0.02172774
v 0.00461280 -0.01401980 0.02255720
v 0.00532368 -0.00818767 0.02248960
v 0.00852309 -0.01357392 0.02208838
v 0.00794513 -0.01227736 0.02154216
v 0.00792637 -0.01057157 0.02066777
v 0.00539445 -0.00685920 0.02247846
v 0.00592485 -0.01073184 0.02241160
v 0.00698032 -0.01232024 0.02230374
v 0.00749732 -0.00772527 0.02056746
v 0.01389940 -0.00940091 0.01983268
v 0.00841311 -0.00920881 0.02009752
v 0.00922097 -0.01377739 0.02202446
v 0.00998937 -0.01260631 0.02068717
v 0.01073207 -0.01081629 0.01974319
v 0.00914297 -0.00709867 0.01971005
v 0.01180619 -0.01377744 0.02139583
v 0.00882836 -0.01041162 0.01986556
v 0.01092485 -0.01124576 0.02024274
v 0.01324425 -0.01395299 0.02164254
v 0.01291144 -0.01077479 0.01937919
v 0.01160381 -0.00771529 0.01919651
v 0.01103116 -0.01319607 0.02098916
v 0.02037638 0.00046764 0.02090378
v 0.01701871 -0.00616315 0.02125934
v 0.01712119 -0.00657305 0.02122015
v 0.01430352 -0.00588939 0.01985892
v 0.01535049 0.00036295 0.02143209
v 0.01432844 0.00047971 0.02153986
v 0.01461187 0.00020460 0.02151012
v 0.01467725 -0.00313943 0.02149513
v 0.01405323 -0.00270478 0.02152488
v 0.02100613 0.00051397 0.02083614
v 0.01822392 0.00130973 0.02113150
v 0.01828729 0.00219289 0.02112366
v 0.01525883 -0.00423453 0.02097350
v 0.01643028 -0.00000608 0.02131954
v 0.01525205 -0.00363994 0.02139424
v 0.01565356 -0.00390123 0.02137692
v 0.01518708 0.00156347 0.02144904
v 0.01510375 0.00206367 0.02145843
v 0.01528416 0.00096411 0.02143907
v 0.02049578 -0.00518376 0.02088517
v 0.01869179 0.00089266 0.02108203
v 0.01898859 0.00143009 0.02105034
v 0.01592287 -0.00415904 0.02137178
v 0.01643761 -0.00477271 0.02125247
v 0.02488771 -0.00608022 0.01788222
v 0.02468293 -0.00538945 0.01593572
v 0.02480467 -0.00603967 0.01711813
v 0.02470998 -0.00610620 0.01618276
v 0.02462220 -0.00587098 0.01533869
v 0.02139211 -0.00533734 0.02078595
v 0.02467578 -0.00063373 0.01565080
v 0.02442254 -0.00642248 0.01998243
v 0.02468175 -0.00033084 0.02021991
v 0.02496811 -0.00281349 0.01969518
v 0.02185857 0.00122952 0.02073445
v 0.02321224 0.00221815 0.02057219
v 0.02095360 0.00172783 0.02083603
v 0.02463908 -0.00590691 0.01553902
v 0.02381936 -0.00451349 0.02046565
v 0.02218985 0.00143009 0.02069414
v 0.02479162 0.00165429 0.01949056
v 0.01999995 -0.01013920 0.02094378
v 0.01541136 -0.00969115 0.02000805
v 0.01728370 -0.00749008 0.02101681
v 0.01725469 -0.00683996 0.02119850
v 0.01414673 -0.00844615 0.01954114
v 0.01492033 -0.00677313 0.01988552
v 0.01652247 -0.01159989 0.02129869
v 0.01471837 -0.01325247 0.02149905
v 0.02496134 -0.01276029 0.01878528
v 0.02499265 -0.00870118 0.01920976
v 0.02469674 -0.00669244 0.01971910
v 0.02493425 -0.01029270 0.01929009
v 0.02473713 -0.00736552 0.01646586
v 0.02463543 -0.00777222 0.01546536
v 0.02406854 -0.00832020 0.02033065
v 0.02487436 -0.01421629 0.01806216
v 0.02215537 -0.01056167 0.02070398
v 0.02399637 -0.01382161 0.01991555
v 0.02025558 -0.01244515 0.02091385
v 0.02248563 -0.01322638 0.02066010
v 0.02435194 -0.01191987 0.02023737
v 0.02339652 -0.00687708 0.02048141
v 0.00631119 -0.02273668 0.01210788
v 0.00671711 -0.02278879 0.01311494
v 0.00671711 -0.02278879 0.01338171
v 0.00671711 -0.02278783 0.01364849
v 0.00630028 -0.02278862 0.00607885
v 0.00664572 -0.02276525 0.01240809
v 0.00751485 -0.02278857 0.00510834
v 0.00663374 -0.02278875 0.01394861
v 0.00498601 -0.02278879 0.01109938
v 0.00140253 -0.02278878 0.00903835
v 0.00831774 -0.02278879 0.00004315
v 0.00856481 -0.02155477 0.01238343
v 0.00833860 -0.02147924 0.00781304
v 0.00846128 -0.02278863 0.00384073
v -0.00018742 -0.02278879 0.00270018
v -0.00079208 -0.02278879 0.01194469
v 0.00611807 -0.02278445 0.00744174
v 0.00097651 -0.02278879 0.01211875
v 0.00011593 -0.02278883 0.01321475
v 0.00702696 -0.02278737 0.01314480
v 0.00565561 -0.02257320 0.00938105
v 0.00618348 -0.02273533 0.00777376
v 0.00831774 -0.02278879 -0.00035700
v 0.00720578 -0.02277033 0.00560612
v 0.00618761 -0.02278760 0.00697627
v 0.00404276 -0.02278879 0.00800380
v 0.00427302 -0.02278878 0.01113363
v 0.01167952 -0.02082036 0.00693253
v 0.00858451 -0.02277307 0.00444488
v 0.00964090 -0.02278562 0.00389071
v 0.01412021 -0.02277722 0.00397765
v 0.01392232 -0.02094616 0.00712636
v 0.01424755 -0.02089275 0.00767014
v 0.01043639 -0.02135512 0.00543797
v 0.01158128 -0.02248940 0.00344577
v 0.01060822 -0.02278879 -0.00004855
v 0.01403850 -0.02112735 0.00668568
v 0.01328739 -0.02278879 0.00015101
v 0.01034819 -0.02048468 0.01125304
v 0.00858451 -0.02177902 0.01290167
v 0.00854510 -0.02136049 0.01191869
v 0.00858451 -0.02189970 0.01311494
v 0.00837382 -0.02128552 0.00752807
v 0.01020444 -0.02054267 0.00910189
v 0.01415467 -0.02078998 0.01089262
v 0.01325192 -0.02154161 0.01353568
v 0.01418252 -0.02076061 0.00843896
v 0.01255052 -0.02069487 0.00720579
v 0.01106991 -0.02146543 0.01362735
v 0.00968267 -0.02085221 0.00730899
v 0.00911147 -0.02101025 0.00751109
v 0.01337135 -0.02059492 0.00788342
v 0.01103694 -0.02039145 0.00831940
v 0.01227834 -0.02042058 0.01159977
v 0.01095686 -0.02034529 0.00822864
v 0.01376610 -0.02054259 0.00941799
v -0.00033774 -0.02278883 0.01560446
v 0.00057497 -0.02278099 0.01822385
v 0.00398423 -0.02278118 0.01714979
v 0.00908667 -0.02277287 0.01911436
v 0.00058137 -0.02277530 0.01898391
v 0.00057544 -0.02276726 0.02011122
v 0.00071476 -0.02277254 0.01938407
v 0.00501585 -0.02278714 0.01663518
v 0.00184930 -0.02278451 0.01711648
v -0.00048571 -0.02277582 0.01871714
v 0.00670960 -0.02276292 0.02077051
v 0.00720583 -0.02278868 0.01499500
v 0.00308605 -0.02277487 0.01826086
v 0.00205325 -0.02270971 0.02143289
v 0.00056010 -0.01555991 0.02298670
v -0.00030750 -0.01610908 0.02307577
v -0.00016362 -0.02145341 0.02289514
v 0.00683434 -0.02112551 0.02227820
v 0.00696822 -0.01966568 0.02227955
v 0.00655139 -0.01750329 0.02233918
v 0.00611716 -0.01823860 0.02238040
v 0.00525083 -0.02145099 0.02242367
v 0.00698040 -0.02071821 0.02226852
v 0.00436562 -0.02116173 0.02254477
v 0.00743406 -0.01682707 0.02225270
v 0.00662125 -0.01422843 0.02234392
v 0.00057553 -0.01468414 0.02298604
v 0.00142762 -0.01903003 0.02287386
v 0.00442521 -0.01656937 0.02257562
v 0.00439537 -0.01500329 0.02257898
v 0.00374421 -0.01680777 0.02264638
v -0.00043810 -0.01440853 0.02309210
v 0.00193742 -0.01371114 0.02284176
v 0.00234262 -0.02151413 0.02269058
v 0.00174217 -0.01725558 0.02285950
v 0.00465737 -0.01791014 0.02254323
v 0.00335844 -0.01755508 0.02268628
v 0.00740506 -0.02217153 0.02182704
v 0.00793651 -0.01985951 0.02217951
v 0.00315102 -0.01783291 0.02270751
v 0.00389730 -0.02122432 0.02258747
v 0.00308798 -0.02227616 0.02242047
v 0.01189344 -0.02260267 0.01540131
v 0.00844895 -0.02276326 0.01431650
v 0.00872488 -0.02278391 0.01458947
v 0.00892934 -0.02279537 0.01504151
v 0.01061564 -0.02278208 0.01524978
v 0.01459897 -0.02278164 0.01596025
v 0.01044029 -0.02278514 0.01704846
v 0.01031852 -0.02278631 0.01564927
v 0.01120374 -0.02278276 0.01551392
v 0.01385280 -0.02220711 0.01420508
v 0.00955296 -0.02276692 0.01497412
v 0.01135963 -0.02278006 0.01717087
v 0.00772208 -0.02278807 0.01386321
v 0.01285285 -0.02277448 0.01898391
v 0.01356658 -0.01812764 0.02161140
v 0.01325300 -0.01937807 0.02163174
v 0.01422787 -0.01879477 0.02153622
v 0.01273769 -0.02136205 0.02166613
v 0.00905000 -0.02155200 0.02204815
v 0.01524243 -0.01839980 0.02143421
v 0.01200854 -0.02276919 0.02018122
v 0.01213289 -0.01470597 0.02181057
v 0.00772343 -0.02264404 0.02126726
v 0.00756562 -0.01568418 0.02224314
v 0.00778420 -0.01510974 0.02222307
v 0.00788069 -0.02190770 0.02197647
v 0.00970547 -0.01404692 0.02201070
v 0.01348798 -0.02253384 0.02110553
v 0.01437046 -0.02212665 0.02100829
v 0.01017969 -0.02264268 0.02126025
v 0.01243682 -0.01403653 0.02167009
v 0.00785092 -0.01470958 0.02221725
v 0.01067883 -0.02174321 0.02184857
v 0.02262173 -0.02265648 -0.00021312
v 0.01663684 -0.02279126 0.00621958
v 0.02317643 -0.02259331 0.00383556
v 0.02363151 -0.02267647 0.00604205
v 0.02368816 -0.01926786 0.00614908
v 0.02343966 -0.01928866 0.00374719
v 0.02376026 -0.01709188 0.00673250
v 0.01698564 -0.02275734 0.00670659
v 0.01672411 -0.02275440 0.00637587
v 0.02343893 -0.01893332 0.00370494
v 0.02330395 -0.01406766 0.00236037
v 0.02344282 -0.02261137 0.00672006
v 0.02309876 -0.02267845 0.00166430
v 0.01670132 -0.02278738 0.00599312
v 0.01492979 -0.02212396 0.00544210
v 0.02371752 -0.01884453 0.00644566
v 0.02378803 -0.01800069 0.00699334
v 0.01465795 -0.02278502 0.00426664
v 0.02337274 -0.02245010 0.00401428
v 0.01994209 -0.02277924 0.00381963
v 0.02303481 -0.02204579 0.00004315
v 0.01921115 -0.02278434 0.00935455
v 0.01990057 -0.02278093 0.00959485
v 0.01997812 -0.02278071 0.00935411
v 0.02058922 -0.02278042 0.01124755
v 0.01825488 -0.02278585 0.00871400
v 0.01766724 -0.02278788 0.00880371
v 0.01712119 -0.02278264 0.00697921
v 0.01687972 -0.02278948 0.01270895
v 0.01737335 -0.02279206 0.01173322
v 0.01722852 -0.02272087 0.01199478
v 0.01752126 -0.02273460 0.00831384
v 0.01729453 -0.02278305 0.00745314
v 0.01561899 -0.02117661 0.00890988
v 0.01555308 -0.02175288 0.01183149
v 0.01658739 -0.02176871 0.00940720
v 0.01518620 -0.02141651 0.00756759
v 0.02431587 -0.02177121 0.01242001
v 0.02357637 -0.02259456 0.01227327
v 0.02085599 -0.02277833 0.00724598
v 0.02340551 -0.02269119 0.00689079
v 0.02048875 -0.02277967 0.00676077
v 0.02059841 -0.02278027 0.01099568
v 0.02397402 -0.02262474 0.00971587
v 0.02435511 -0.01555528 0.01238020
v 0.02369097 -0.02275333 0.01096246
v 0.02422175 -0.02181679 0.01129027
v 0.02375106 -0.02230290 0.00699655
v 0.01946106 -0.01456439 0.02099519
v 0.02032245 -0.01911130 0.02087484
v 0.02038265 -0.01608512 0.02089156
v 0.01896821 -0.01603205 0.02104338
v 0.02004404 -0.01538198 0.02093058
v 0.01935941 -0.01587370 0.02100291
v 0.01944699 -0.01984916 0.02088656
v 0.01978054 -0.01393844 0.02096166
v 0.01759473 -0.01657128 0.02119011
v 0.01622125 -0.01711052 0.02133683
v 0.01883025 -0.02259321 0.01971192
v 0.01588311 -0.01635635 0.02137527
v 0.02085167 -0.02124990 0.01954751
v 0.02061720 -0.01865253 0.02085104
v 0.02090976 -0.01833568 0.02080624
v 0.01614089 -0.02084473 0.02131923
v 0.01839969 -0.02278643 0.01467402
v 0.01446588 -0.02278736 0.01498123
v 0.01479448 -0.02244318 0.01398941
v 0.01774283 -0.02277208 0.01901084
v 0.01516884 -0.02278089 0.01670687
v 0.01713744 -0.02226365 0.02084444
v 0.01955384 -0.02254752 0.01992564
v 0.02082104 -0.02252386 0.01717486
v 0.01907846 -0.02277746 0.01818549
v 0.01931132 -0.02155367 0.02066179
v 0.01559085 -0.02277392 0.01398418
v 0.01653571 -0.02267265 0.01278437
v 0.01631709 -0.01868527 0.02131153
v 0.01533902 -0.01779495 0.02142823
v 0.01578887 -0.01671036 0.02138502
v 0.01731293 -0.02278599 0.01600566
v 0.01855000 -0.02277843 0.01801781
v 0.01521494 -0.01449707 0.02144651
v 0.01659309 -0.02278403 0.01632078
v 0.01917071 -0.02198215 0.02029193
v 0.01458686 -0.02278343 0.01631620
v 0.01431114 -0.02267863 0.02025172
v 0.02058922 -0.02017838 0.02057592
v 0.02091634 -0.01998376 0.02042749
v 0.01857558 -0.01468619 0.02109437
v 0.01449282 -0.02183805 0.02133415
v 0.02490184 -0.01500692 0.01837608
v 0.02469667 -0.01837091 0.01687061
v 0.02449889 -0.01573957 0.01386915
v 0.02151979 -0.01853268 0.02052871
v 0.02250641 -0.01739612 0.02041933
v 0.02448737 -0.01429299 0.01925556
v 0.02464240 -0.01877495 0.01546312
v 0.02437892 -0.01869622 0.01292115
v 0.02318004 -0.01911507 0.01846923
v 0.02325693 -0.01884453 0.01857572
v 0.02362404 -0.01402067 0.02024002
v 0.02433188 -0.01913010 0.01244027
v 0.02449416 -0.01879722 0.01651788
v 0.02213628 -0.01554990 0.02069233
v 0.02486463 -0.01437548 0.01805496
v 0.02421841 -0.01911488 0.01661676
v 0.02416411 -0.02227767 0.01390629
v 0.02100325 -0.02169757 0.01876886
v 0.02132460 -0.02108555 0.01925896
v 0.02107353 -0.02263789 0.01659463
v 0.02175453 -0.01906047 0.02024338
v 0.02441347 -0.02025194 0.01571242
v 0.02262522 -0.02268676 0.01476986
v 0.02345301 -0.01977888 0.01759123
v 0.02141243 -0.02231054 0.01750545
v 0.02406334 -0.02218634 0.01279424
v 0.02138953 -0.01911130 0.02047265
v 0.02147224 -0.01883221 0.02054153
f 2 4 3
f 4 12 3
f 14 15 16
f 20 17 16
f 15 20 16
f 17 14 16
f 18 27 20
f 14 19 15
f 14 17 20
f 27 18 14
f 30 1 26
f 8 5 7
f 11 31 10
f 25 26 1
f 22 24 21
f 31 36 10
f 2 3 12
f 24 22 32
f 6 7 5
f 24 9 23
f 31 11 36
f 20 27 14
f 28 36 11
f 2 28 11
f 32 9 24
f 2 35 28
f 35 36 28
f 25 1 30
f 33 13 29
f 23 32 22
f 8 6 5
f 34 29 13
f 29 34 33
f 23 9 32
f 37 21 24
f 37 22 21
f 40 41 42
f 43 40 42
f 41 43 42
f 45 38 46
f 47 52 48
f 38 45 39
f 39 50 38
f 46 39 45
f 54 55 39
f 55 37 39
f 37 50 39
f 43 49 51
f 56 40 51
f 39 52 54
f 55 54 37
f 40 43 51
f 50 37 38
f 51 58 53
f 39 44 52
f 52 57 54
f 51 49 58
f 43 41 59
f 52 44 48
f 40 56 41
f 56 51 41
f 53 58 49
f 57 52 47
f 65 63 64
f 84 65 64
f 93 79 86
f 86 79 70
f 83 67 69
f 72 84 64
f 75 76 74
f 77 75 74
f 76 94 74
f 79 93 80
f 80 70 79
f 77 76 75
f 61 81 82
f 89 94 12
f 73 90 74
f 84 72 91
f 85 69 67
f 71 85 67
f 87 61 88
f 65 84 63
f 72 64 91
f 94 89 90
f 68 61 82
f 62 60 86
f 82 81 68
f 66 95 92
f 86 60 93
f 85 71 69
f 78 92 95
f 94 73 74
f 87 81 61
f 87 88 81
f 94 76 12
f 78 66 92
f 94 90 73
f 96 83 69
f 86 70 62
f 67 83 96
f 98 99 97
f 99 101 97
f 102 100 110
f 113 102 110
f 108 103 104
f 97 109 114
f 114 109 101
f 99 98 101
f 97 110 100
f 101 109 97
f 106 108 104
f 106 104 105
f 104 103 112
f 113 110 111
f 107 110 97
f 106 105 108
f 111 110 107
f 103 108 112
f 116 117 115
f 116 122 117
f 122 115 117
f 118 115 119
f 119 120 118
f 119 115 122
f 120 123 118
f 119 121 120
f 115 118 123
f 121 119 122
f 128 126 127
f 130 131 129
f 128 131 130
f 129 128 130
f 126 138 127
f 137 88 125
f 133 134 137
f 134 88 137
f 135 136 88
f 124 88 136
f 135 124 136
f 124 125 88
f 125 129 137
f 132 138 125
f 124 132 125
f 128 138 126
f 128 129 125
f 125 138 128
f 88 134 133
f 124 138 132
f 142 140 139
f 140 147 139
f 143 142 139
f 142 143 140
f 144 146 145
f 141 140 143
f 146 143 139
f 138 141 144
f 138 144 145
f 141 143 144
f 143 146 144
f 160 149 148
f 151 152 153
f 152 151 155
f 151 156 155
f 157 152 155
f 156 157 155
f 153 158 151
f 158 156 151
f 148 149 161
f 164 149 160
f 161 38 148
f 156 165 153
f 166 167 168
f 169 166 168
f 167 169 168
f 170 172 162
f 167 166 174
f 169 167 174
f 175 170 173
f 175 163 171
f 164 160 148
f 176 177 154
f 169 177 166
f 169 154 177
f 176 166 177
f 156 153 152
f 163 175 173
f 162 172 175
f 171 159 175
f 175 172 170
f 175 150 162
f 175 159 150
f 176 178 166
f 154 36 178
f 176 154 178
f 158 165 156
f 158 153 165
f 149 38 161
f 181 187 182
f 182 180 181
f 179 180 182
f 181 180 179
f 185 182 187
f 188 185 187
f 183 186 187
f 188 186 183
f 188 187 186
f 187 184 183
f 181 184 187
f 191 189 192
f 193 192 194
f 195 191 192
f 195 190 189
f 194 189 190
f 194 192 189
f 195 189 191
f 193 194 190
f 206 196 204
f 206 201 196
f 199 198 196
f 201 202 196
f 196 203 204
f 206 202 201
f 206 208 207
f 208 203 207
f 206 203 208
f 204 203 206
f 196 198 197
f 198 199 197
f 197 210 211
f 210 212 211
f 200 212 197
f 212 210 197
f 199 200 197
f 200 199 212
f 209 205 203
f 209 213 205
f 203 213 209
f 220 222 215
f 222 217 215
f 222 224 217
f 224 215 217
f 221 220 219
f 215 214 220
f 223 221 216
f 221 218 222
f 220 221 222
f 219 220 214
f 221 219 216
f 221 223 218
f 228 235 229
f 226 115 230
f 230 239 226
f 232 234 231
f 227 229 235
f 230 237 239
f 245 237 240
f 115 244 241
f 244 230 241
f 230 115 241
f 239 237 226
f 228 238 236
f 233 234 232
f 246 236 238
f 247 245 240
f 248 247 249
f 242 243 249
f 247 237 245
f 235 228 236
f 250 237 243
f 248 237 247
f 248 249 237
f 249 243 237
f 247 251 249
f 242 250 243
f 227 236 246
f 234 233 231
f 227 235 236
f 226 225 115
f 225 226 252
f 226 237 252
f 260 254 256
f 259 261 256
f 253 262 261
f 261 262 257
f 258 255 257
f 259 253 261
f 260 256 255
f 255 256 257
f 257 256 261
f 256 254 259
f 262 258 257
f 283 291 263
f 264 277 267
f 266 289 268
f 264 289 266
f 267 270 264
f 272 273 274
f 265 284 271
f 275 265 271
f 278 298 264
f 290 279 277
f 264 266 280
f 277 298 290
f 279 276 277
f 268 289 264
f 278 290 298
f 292 293 276
f 293 292 294
f 276 295 292
f 296 297 269
f 277 270 267
f 269 266 296
f 266 297 296
f 280 266 269
f 280 287 264
f 283 263 299
f 290 281 282
f 286 273 272
f 273 286 274
f 285 287 280
f 280 269 288
f 277 264 298
f 293 277 276
f 276 279 290
f 277 293 294
f 275 284 265
f 278 282 281
f 290 278 281
f 295 276 300
f 292 295 300
f 291 283 299
f 280 288 285
f 306 303 304
f 302 305 307
f 304 302 301
f 301 306 304
f 303 307 305
f 305 302 304
f 305 304 303
f 310 324 311
f 313 323 312
f 313 312 314
f 315 313 314
f 312 315 314
f 316 310 311
f 317 324 316
f 309 317 316
f 324 310 316
f 319 315 312
f 323 320 312
f 308 313 321
f 320 317 309
f 323 308 321
f 308 323 313
f 317 320 323
f 318 323 322
f 323 321 322
f 320 319 312
f 324 317 323
f 324 323 318
f 325 330 329
f 331 325 349
f 346 341 332
f 330 325 336
f 331 349 326
f 325 331 326
f 329 330 336
f 327 341 346
f 347 328 346
f 334 325 337
f 340 339 338
f 340 325 339
f 325 329 337
f 347 335 328
f 344 342 343
f 344 343 345
f 327 344 345
f 332 335 347
f 334 337 335
f 342 328 343
f 346 342 344
f 327 346 344
f 346 328 342
f 335 337 329
f 332 347 346
f 349 325 340
f 338 348 333
f 338 333 340
f 348 340 333
f 349 340 348
f 351 357 355
f 350 355 356
f 357 351 354
f 358 360 351
f 356 359 357
f 351 360 354
f 351 355 350
f 351 352 358
f 351 350 352
f 358 352 353
f 355 357 359
f 356 355 359
f 353 360 358
f 376 363 364
f 374 366 365
f 364 365 366
f 374 364 366
f 363 367 364
f 376 367 363
f 373 368 372
f 370 373 371
f 364 374 362
f 369 362 374
f 375 373 361
f 361 373 372
f 370 371 368
f 373 370 368
f 376 364 362
f 369 376 362
f 368 375 372
f 361 372 375
f 415 379 378
f 381 382 377
f 385 386 387
f 389 384 390
f 424 405 393
f 405 392 393
f 394 379 391
f 394 395 379
f 398 399 400
f 401 398 400
f 402 403 390
f 420 400 399
f 393 392 406
f 392 405 406
f 417 396 379
f 410 396 408
f 409 410 408
f 377 414 381
f 390 397 389
f 402 391 403
f 390 391 402
f 424 421 383
f 378 426 415
f 379 415 403
f 421 424 380
f 399 422 420
f 418 400 423
f 385 387 407
f 425 376 426
f 378 425 426
f 403 415 426
f 428 379 403
f 391 379 428
f 403 391 428
f 423 419 418
f 429 413 416
f 401 399 398
f 420 422 404
f 384 389 397
f 400 420 404
f 404 430 400
f 395 417 379
f 395 396 417
f 388 427 411
f 385 407 386
f 431 388 411
f 431 427 388
f 405 424 435
f 391 395 394
f 423 432 419
f 390 429 416
f 423 400 430
f 410 434 404
f 410 404 396
f 432 418 419
f 378 376 425
f 377 382 414
f 412 413 429
f 412 429 390
f 424 393 433
f 430 432 423
f 404 432 430
f 435 424 383
f 410 409 434
f 424 433 380
f 409 408 434
f 440 441 438
f 442 437 440
f 440 443 441
f 442 440 438
f 438 444 439
f 445 438 441
f 439 442 438
f 440 437 443
f 439 436 442
f 437 442 436
f 445 444 438
f 446 463 447
f 448 449 447
f 449 446 447
f 463 448 447
f 452 451 453
f 456 455 476
f 467 460 457
f 477 476 460
f 467 477 460
f 458 459 454
f 462 463 461
f 446 449 461
f 463 446 461
f 449 462 461
f 462 464 463
f 449 469 470
f 449 468 465
f 471 466 472
f 448 473 469
f 449 448 469
f 448 463 473
f 463 464 473
f 450 472 466
f 459 449 465
f 451 458 454
f 475 451 454
f 474 452 458
f 451 474 458
f 451 452 474
f 465 475 454
f 465 468 475
f 471 472 450
f 476 477 456
f 454 459 465
f 460 476 455
f 467 457 477
f 481 482 480
f 482 479 480
f 481 485 486
f 487 488 486
f 485 487 486
f 488 481 486
f 485 481 495
f 490 511 483
f 490 509 511
f 506 503 504
f 503 494 504
f 507 508 481
f 507 487 508
f 478 492 491
f 505 499 497
f 498 492 478
f 496 484 500
f 481 488 507
f 488 487 507
f 483 509 490
f 479 482 510
f 482 481 510
f 502 505 497
f 478 496 498
f 506 494 503
f 493 494 506
f 502 497 499
f 491 496 478
f 489 501 493
f 484 496 491
f 489 493 506
f 500 498 496
f 501 494 493
f 518 517 516
f 484 518 516
f 517 515 516
f 537 519 528
f 526 520 522
f 533 523 521
f 532 512 527
f 528 519 529
f 515 517 530
f 518 531 530
f 517 518 530
f 531 515 530
f 527 512 513
f 485 495 487
f 527 513 532
f 534 487 495
f 518 484 531
f 487 534 523
f 481 543 552
f 515 539 538
f 537 528 529
f 533 521 487
f 520 535 514
f 515 541 542
f 541 515 531
f 551 515 538
f 540 546 542
f 536 520 514
f 481 513 543
f 531 542 541
f 538 539 544
f 549 547 548
f 546 540 550
f 551 538 544
f 545 522 520
f 540 542 550
f 545 526 522
f 533 487 523
f 543 513 552
f 549 548 525
f 547 549 524
f 525 524 549
f 514 535 536
f 523 555 556
f 557 523 556
f 554 557 556
f 555 554 556
f 554 558 557
f 554 553 558
f 554 555 553
f 561 560 564
f 560 568 564
f 568 565 567
f 563 561 564
f 560 561 559
f 566 561 563
f 564 566 563
f 567 565 559
f 568 567 562
f 560 559 565
f 560 565 568
f 562 564 568
f 572 569 576
f 570 574 575
f 574 570 578
f 570 576 578
f 578 575 574
f 576 569 578
f 576 570 577
f 571 573 577
f 573 576 577
f 572 573 571
f 572 576 573
f 579 592 581
f 580 579 581
f 584 585 583
f 586 583 597
f 589 583 585
f 582 590 602
f 586 588 583
f 582 599 583
f 583 593 594
f 584 583 594
f 593 591 594
f 602 590 591
f 580 592 579
f 592 587 596
f 596 587 595
f 598 588 586
f 598 586 597
f 582 602 599
f 583 599 600
f 601 593 600
f 599 601 600
f 593 583 600
f 592 595 587
f 591 593 601
f 599 602 601
f 601 602 591
f 592 604 605
f 606 592 605
f 607 608 609
f 626 608 592
f 607 592 608
f 626 609 608
f 632 610 611
f 612 592 613
f 614 592 615
f 616 614 615
f 592 617 618
f 619 610 580
f 610 620 580
f 611 619 580
f 611 610 619
f 592 622 623
f 624 592 623
f 625 626 592
f 609 628 607
f 628 592 607
f 592 629 604
f 629 621 604
f 630 592 612
f 616 603 621
f 580 633 611
f 603 616 615
f 611 633 627
f 592 606 622
f 634 609 626
f 614 629 592
f 618 609 634
f 629 616 621
f 609 617 628
f 617 592 628
f 614 616 629
f 618 617 609
f 625 592 630
f 624 635 592
f 627 633 631
f 632 611 636
f 636 627 631
f 611 627 636
f 644 642 653
f 658 644 653
f 642 643 653
f 658 657 644
f 644 643 642
f 637 641 645
f 645 641 639
f 649 653 643
f 650 648 651
f 650 643 648
f 641 637 646
f 651 643 650
f 652 641 655
f 653 649 651
f 643 651 649
f 641 646 640
f 641 640 647
f 638 655 641
f 639 641 652
f 656 641 647
f 657 658 654
f 653 654 658
f 656 638 641
f 663 660 661
f 661 666 667
f 660 663 667
f 662 660 667
f 666 665 667
f 665 666 661
f 668 664 662
f 664 668 661
f 664 661 660
f 661 670 669
f 667 663 661
f 668 659 661
f 662 664 660
f 670 661 659
f 665 661 669
f 675 676 679
f 674 677 688
f 671 679 673
f 671 673 672
f 681 680 685
f 676 675 682
f 674 684 677
f 676 682 679
f 682 683 679
f 686 674 687
f 684 687 677
f 683 678 672
f 674 686 684
f 686 687 684
f 678 683 682
f 683 673 679
f 685 680 647
f 673 683 672
f 681 685 647
f 689 691 692
f 691 690 693
f 692 691 694
f 691 689 690
f 692 694 693
f 694 691 693
f 696 697 698
f 697 702 701
f 695 707 712
f 700 703 699
f 703 702 699
f 700 709 696
f 710 698 697
f 696 702 697
f 701 710 697
f 706 711 705
f 704 708 712
f 708 713 712
f 704 707 695
f 706 705 714
f 704 712 707
f 709 702 696
f 700 702 709
f 713 708 704
f 705 711 714
f 702 700 699
f 721 723 719
f 718 716 717
f 721 722 716
f 721 719 722
f 715 716 718
f 721 716 715
f 721 715 723
f 717 716 720
f 716 722 720
f 722 717 720
f 724 725 726
f 730 725 724
f 724 729 727
f 726 729 724
f 728 730 724
f 724 727 728
f 756 735 736
f 742 741 738
f 741 754 738
f 744 745 743
f 745 734 743
f 734 745 744
f 731 734 744
f 746 731 744
f 751 734 738
f 735 756 749
f 738 754 751
f 734 733 738
f 740 732 750
f 742 740 750
f 731 733 734
f 752 753 747
f 748 752 747
f 747 739 731
f 731 737 747
f 742 738 733
f 756 736 749
f 740 742 733
f 733 731 732
f 757 732 731
f 739 757 731
f 737 731 755
f 753 752 748
f 731 746 755
f 754 734 751
f 733 732 740
f 781 773 761
f 762 781 761
f 760 763 759
f 762 780 764
f 767 766 758
f 780 779 764
f 766 765 758
f 772 773 771
f 762 770 780
f 769 773 772
f 775 774 778
f 776 777 762
f 776 770 777
f 763 760 782
f 775 768 774
f 768 778 774
f 766 767 765
f 770 779 780
f 781 762 773
f 759 782 760
f 764 783 784
f 783 762 784
f 762 764 784
f 777 770 762
f 772 771 769
f 773 762 771
f 791 790 786
f 788 786 790
f 792 786 789
f 792 791 786
f 785 798 795
f 785 793 805
f 786 788 797
f 799 800 806
f 791 792 787
f 788 790 797
f 785 804 803
f 805 802 794
f 790 791 797
f 802 805 793
f 793 785 803
f 804 785 795
f 787 792 789
f 804 795 803
f 798 785 805
f 796 808 809
f 807 799 806
f 796 801 808
f 803 794 802
f 793 803 802
f 801 809 808
f 799 807 800
f 810 829 823
f 818 817 821
f 819 822 828
f 810 825 829
f 827 826 829
f 823 825 810
f 819 828 811
f 819 811 824
f 830 813 821
f 817 830 821
f 820 814 818
f 825 826 827
f 818 821 820
f 818 814 795
f 818 795 815
f 825 827 829
f 831 816 819
f 832 831 819
f 812 813 830
f 817 812 830
f 824 832 819
f 819 816 822
f 822 816 828
f 818 815 817
f 841 837 834
f 838 841 834
f 842 833 840
f 833 841 840
f 840 835 839
f 841 833 836
f 841 838 835
f 835 840 841
f 842 840 839
f 836 843 841
f 837 841 843
f 836 837 843
f 862 845 844
f 846 845 862
f 847 862 844
f 845 847 844
f 855 862 847
f 850 851 852
f 852 853 850
f 846 854 845
f 862 854 846
f 852 848 863
f 856 863 857
f 856 853 852
f 858 856 857
f 847 849 855
f 859 858 857
f 852 863 856
f 852 860 861
f 851 860 852
f 857 863 848
f 849 862 855
f 858 859 856
f 864 873 852
f 864 865 866
f 873 864 866
f 852 873 876
f 852 865 864
f 868 865 852
f 868 869 866
f 866 865 868
f 852 869 868
f 876 871 867
f 873 870 871
f 871 876 873
f 870 872 871
f 873 872 870
f 877 873 866
f 874 869 852
f 874 875 866
f 866 869 874
f 852 875 874
f 878 875 852
f 852 876 879
f 866 875 878
f 878 877 866
f 879 876 867
f 885 883 888
f 884 887 880
f 887 886 880
f 881 888 883
f 635 882 885
f 635 880 882
f 880 889 882
f 880 886 889
f 881 883 885
f 882 889 885
f 884 880 635
f 890 893 895
f 892 894 891
f 890 894 893
f 894 892 893
f 891 895 893
f 891 893 892
f 900 902 896
f 901 897 899
f 901 900 896
f 899 897 898
f 899 898 902
f 899 902 900
f 901 899 900
f 906 907 908
f 903 909 904
f 907 903 908
f 909 905 904
f 907 906 903
f 903 910 909
f 910 905 909
f 912 913 917
f 914 911 915
f 911 919 915
f 919 914 915
f 911 916 919
f 917 913 916
f 912 918 913
f 916 911 917
f 918 919 913
f 919 916 913
f 925 920 922
f 923 924 925
f 927 926 928
f 928 929 927
f 929 926 927
f 930 925 931
f 922 930 931
f 924 921 920
f 921 924 926
f 925 924 920
f 922 931 925
f 922 921 929
f 923 926 924
f 920 921 922
f 929 921 926
f 936 935 932
f 938 936 932
f 935 934 932
f 933 934 937
f 939 933 937
f 938 939 936
f 939 937 936
f 935 937 934
f 937 935 936
f 940 970 964
f 970 940 941
f 964 941 940
f 943 944 945
f 966 947 946
f 952 950 951
f 954 969 955
f 969 956 955
f 944 943 948
f 958 942 956
f 965 957 963
f 941 964 959
f 942 955 962
f 956 942 962
f 971 947 961
f 953 946 960
f 954 967 968
f 969 954 968
f 967 969 968
f 965 949 951
f 949 952 951
f 952 949 950
f 972 958 956
f 976 941 959
f 972 942 958
f 962 955 956
f 949 965 976
f 976 965 963
f 976 963 941
f 972 973 974
f 942 972 974
f 973 942 974
f 948 943 945
f 951 957 965
f 953 948 946
f 967 956 969
f 963 970 941
f 970 963 957
f 945 946 948
f 971 960 946
f 971 961 960
f 946 945 966
f 945 944 975
f 971 946 947
f 984 982 983
f 994 992 993
f 997 998 999
f 1000 1019 978
f 985 979 977
f 1002 981 997
f 1012 1003 1004
f 1005 990 1006
f 993 1005 1006
f 1007 1004 1003
f 1016 1007 1003
f 1012 1016 1003
f 978 979 982
f 988 1016 1012
f 995 980 1008
f 981 1002 995
f 989 982 984
f 989 984 1020
f 998 1011 1008
f 985 982 979
f 991 988 1010
f 1009 988 991
f 1004 1010 1012
f 1000 978 982
f 982 1014 983
f 1011 997 1008
f 997 981 1008
f 978 977 979
f 1008 981 995
f 992 990 993
f 990 1005 993
f 1015 986 1001
f 992 994 1013
f 990 992 1013
f 998 997 1011
f 986 1015 987
f 1012 1010 988
f 983 1014 1018
f 1009 1017 1016
f 982 1019 1000
f 984 983 996
f 1016 988 1009
f 982 1018 1014
f 1001 986 987
f 995 1002 980
f 1020 984 996
f 1009 991 1017
f 1023 1033 1024
f 1025 1037 1026
f 1038 1027 1028
f 1025 1022 1037
f 1021 1034 1035
f 1026 1030 1022
f 1025 1026 1022
f 1029 1035 1034
f 1024 1036 1023
f 1030 1026 1031
f 1030 1031 1022
f 1027 1039 1032
f 1027 1040 1039
f 1027 1032 1028
f 1040 1032 1039
f 1029 1034 1021
f 1023 1036 1033
f 1038 1028 1032
f 1047 1046 1044
f 1042 1048 1050
f 1042 1050 1041
f 1048 1046 1045
f 1044 1043 1047
f 1050 1048 1045
f 1045 1041 1050
f 1046 1047 1045
f 1045 1047 1049
f 1041 1045 1049
f 1047 1043 1049
f 1052 1093 1053
f 1056 1096 1057
f 1067 1059 1061
f 1089 1065 1087
f 1065 1064 1087
f 1087 1060 1089
f 1068 1069 1061
f 1059 1090 1061
f 1071 1064 1072
f 1075 1076 1054
f 1076 1077 1054
f 1055 1075 1054
f 1079 1082 1063
f 1080 1064 1071
f 1072 1080 1071
f 1079 1057 1081
f 1078 1079 1081
f 1057 1078 1081
f 1074 1051 1083
f 1086 1066 1084
f 1067 1070 1089
f 1086 1061 1066
f 1060 1051 1089
f 1064 1080 1087
f 1080 1060 1087
f 1078 1096 1082
f 1062 1082 1088
f 1061 1069 1067
f 1069 1068 1067
f 1084 1066 1061
f 1094 1075 1055
f 1054 1093 1052
f 1055 1054 1052
f 1092 1052 1091
f 1054 1053 1093
f 1052 1094 1055
f 1089 1051 1085
f 1062 1088 1063
f 1095 1073 1079
f 1090 1059 1067
f 1082 1062 1063
f 1065 1089 1070
f 1067 1065 1070
f 1078 1082 1079
f 1096 1058 1082
f 1077 1076 1075
f 1073 1095 1065
f 1051 1074 1085
f 1083 1060 1080
f 1067 1073 1065
f 1060 1083 1051
f 1092 1091 1097
f 1052 1092 1097
f 1058 1096 1056
f 1073 1067 1079
f 1078 1057 1096
f 1101 1098 1099
f 1102 1103 1100
f 1101 1111 1102
f 1116 1104 1105
f 1106 1116 1105
f 1104 1106 1105
f 1112 1102 1108
f 1103 1102 1109
f 1110 1103 1109
f 1102 1110 1109
f 1100 1103 1107
f 1112 1108 1114
f 1100 1115 1113
f 1100 1107 1116
f 1099 1117 1114
f 1118 1119 1099
f 1119 1117 1099
f 1098 1101 1118
f 1101 1102 1118
f 1099 1098 1118
f 1102 1119 1118
f 1106 1100 1116
f 1099 1111 1101
f 1100 1106 1115
f 1114 1117 1112
f 1117 1119 1112
f 1113 1102 1100
f 1119 1102 1112
f 1122 1121 1120
f 1123 1126 1122
f 1123 1124 1126
f 1132 1133 1134
f 1133 1128 1134
f 1123 1122 1120
f 1135 1129 1136
f 1134 1128 1125
f 1137 1138 1120
f 1121 1137 1120
f 1137 1130 1138
f 1131 1128 1126
f 1127 1122 1126
f 1121 1130 1137
f 1132 1134 1139
f 1129 1125 1128
f 1136 1140 1135
f 1132 1139 1133
f 1130 1128 1133
f 1122 1127 1121
f 1131 1126 1124
f 1127 1128 1130
f 1129 1128 1131
f 1129 1135 1140
f 1130 1121 1127
f 1126 1128 1127
f 1147 1145 1146
f 1146 1145 1143
f 1148 1154 1149
f 1142 1154 1148
f 1161 1143 1158
f 1150 1142 1156
f 1151 1152 1141
f 1156 1157 1150
f 1141 1152 1160
f 1142 1157 1156
f 1155 1143 1161
f 1158 1153 1161
f 1159 1144 1160
f 1153 1158 1145
f 1151 1144 1159
f 1153 1145 1147
f 1142 1149 1154
f 1151 1160 1152
f 1158 1143 1145
f 1161 1162 1155
f 1162 1143 1155
f 1151 1159 1160
f 1165 1164 1169
f 1164 1170 1169
f 1165 1174 1167
f 1173 1171 1172
f 1169 1170 1165
f 1166 1174 1165
f 1166 1168 1163
f 1171 1175 1172
f 1167 1163 1168
f 1166 1163 1174
f 1173 1175 1171
f 1174 1163 1167
f 1178 1181 1179
f 1184 1179 1181
f 1178 1180 1185
f 1179 1184 1180
f 1178 1182 1177
f 1180 1178 1179
f 1178 1177 1176
f 1186 1182 1178
f 1176 1181 1178
f 1180 1184 1183
f 1185 1186 1178
f 1183 1185 1180
f 1189 1232 1215
f 1197 1198 1190
f 1201 1188 1195
f 1218 1195 1188
f 1205 1225 1206
f 1225 1208 1206
f 1209 1195 1204
f 1210 1202 1206
f 1208 1210 1206
f 1211 1219 1193
f 1194 1192 1199
f 1192 1213 1199
f 1204 1195 1212
f 1217 1218 1231
f 1220 1213 1221
f 1215 1232 1191
f 1225 1196 1187
f 1194 1199 1213
f 1221 1224 1220
f 1224 1213 1220
f 1222 1233 1223
f 1209 1226 1227
f 1226 1204 1227
f 1195 1218 1217
f 1222 1207 1200
f 1189 1191 1232
f 1218 1188 1231
f 1216 1193 1219
f 1225 1224 1208
f 1216 1190 1198
f 1200 1233 1222
f 1228 1229 1230
f 1188 1201 1209
f 1230 1211 1228
f 1211 1229 1228
f 1196 1225 1205
f 1230 1219 1211
f 1190 1216 1197
f 1212 1214 1204
f 1209 1204 1226
f 1223 1207 1222
f 1203 1210 1208
f 1224 1225 1187
f 1201 1195 1209
f 1195 1214 1212
f 1202 1210 1203
f 1216 1219 1230
f 1234 1238 1237
f 1234 1242 1238
f 1240 1239 1234
f 1240 1235 1239
f 1234 1237 1243
f 1241 1235 1240
f 1235 1236 1239
f 1236 1242 1234
f 1239 1236 1234
f 1237 1241 1243
f 1241 1240 1243
f 1240 1234 1243
f 1246 1249 1247
f 1249 1246 1248
f 1247 523 1246
f 1249 1248 1244
f 1247 1249 523
f 1244 1245 1249
f 1245 523 1249
f 1254 1255 1256
f 1257 1254 1256
f 1252 1257 1256
f 1254 1257 1255
f 1260 1250 1259
f 1250 1258 1259
f 1260 1258 1253
f 1260 1259 1258
f 1252 1251 1253
f 1251 1252 1256
f 1257 1258 1250
f 1252 1258 1257
f 1252 1253 1258
f 1265 1261 1262
f 1261 1263 1262
f 1264 1265 1262
f 1263 1264 1262
f 1265 1272 1261
f 1272 1263 1261
f 1266 1265 1264
f 1263 1272 1273
f 1268 1273 1272
f 1266 1267 1265
f 1267 1274 1268
f 1269 1267 1266
f 1272 1265 1267
f 1268 1274 1273
f 1270 1267 1271
f 1267 1270 1274
f 1267 1268 1272
f 1271 1267 1269
f 1276 1275 1277
f 1279 1281 1280
f 1277 1275 1282
f 1283 1277 1282
f 1279 1282 1278
f 1279 1284 1282
f 1275 1278 1282
f 1282 1284 1283
f 1276 1278 1275
f 1281 1278 1276
f 1279 1280 1284
f 1281 1279 1278
f 1289 1286 1290
f 1286 1291 1290
f 1286 1292 1291
f 1286 1293 1292
f 1287 1286 1285
f 1287 1294 1286
f 1295 1288 1285
f 1288 1287 1285
f 1286 1294 1293
f 1295 1286 1289
f 1295 1285 1286
f 1287 1288 1294
f 1298 1299 1300
f 1298 1300 1297
f 1299 1298 1297
f 1304 1296 1303
f 1304 1306 1296
f 1303 1306 1304
f 1305 1306 1301
f 1301 1297 1305
f 1305 1300 1302
f 1297 1300 1305
f 1306 1305 1302
f 1313 1319 1314
f 1309 1319 1316
f 1316 1317 1309
f 1319 1320 1307
f 1322 1317 1316
f 1316 1318 1322
f 1318 1317 1322
f 1315 1321 1312
f 1312 1321 1332
f 1314 1316 1313
f 1316 1319 1313
f 1309 1328 1323
f 1308 1329 1324
f 1307 1309 1323
f 1307 1324 1329
f 1308 1307 1329
f 1309 1310 1311
f 1326 1327 1330
f 1330 1312 1332
f 1317 1310 1309
f 1309 1311 1331
f 1330 1327 1312
f 1139 1315 1312
f 1325 1139 1312
f 1320 1319 1309
f 1315 1333 1321
f 1309 1331 1328
f 1327 1325 1312
f 1307 1320 1309
f 1333 1334 1321
f 1315 1334 1333
f 1327 1326 1325
f 1336 1335 1345
f 1336 1351 1344
f 1344 1340 1336
f 1337 1338 1339
f 1352 1349 1346
f 1342 1346 1347
f 1350 1347 1346
f 1347 1348 1335
f 1348 1347 1337
f 1347 1350 1337
f 1335 1337 1339
f 1338 1335 1339
f 1340 1341 1336
f 1343 1342 1352
f 1341 1340 1344
f 1353 1345 1338
f 1353 1354 1351
f 1351 1354 1344
f 1343 1346 1342
f 1346 1343 1352
f 1349 1350 1346
f 1335 1338 1345
f 1353 1351 1345
f 1345 1351 1336
f 1348 1337 1335
f 1350 1349 1337
f 1387 1356 1357
f 1359 1379 1363
f 1365 1362 1382
f 1365 1364 1362
f 1368 1366 1367
f 1369 1366 1368
f 1387 1355 1356
f 1370 1371 1372
f 1360 1370 1372
f 1371 1361 1372
f 1361 1360 1372
f 1360 1375 1370
f 1375 1374 1370
f 1368 1367 1369
f 1364 1365 1382
f 1387 1380 1376
f 1379 1381 1366
f 1355 1387 1385
f 1373 1376 1377
f 1375 1360 1374
f 1388 1383 1358
f 1379 1378 1363
f 1385 1373 1377
f 1373 1387 1376
f 1388 1382 1384
f 1359 1381 1379
f 1382 1388 1358
f 1385 1387 1373
f 1378 1386 1363
f 1383 1388 1384
f 1379 1369 1386
f 1369 1379 1366
f 1378 1379 1386
f 1357 1380 1387
f 1398 1390 1389
f 1390 1399 1400
f 1399 1392 1400
f 1390 1392 1389
f 1392 1398 1389
f 1401 1394 1397
f 1401 1397 1396
f 1395 1391 1393
f 1393 1396 1397
f 1390 1400 1392
f 1397 1394 1395
f 1394 1391 1395
f 1393 1397 1395
f 1402 1405 1403
f 1407 1405 1402
f 1404 1406 1403
f 1412 1411 1404
f 1418 1409 1408
f 1413 1406 1404
f 1409 1413 1408
f 1407 1413 1409
f 1406 1402 1403
f 1402 1413 1407
f 1413 1402 1406
f 1414 1415 1409
f 1416 1414 1409
f 1411 1413 1404
f 1415 1407 1409
f 1414 1407 1415
f 1408 1413 1410
f 1413 1411 1417
f 1418 1408 1410
f 1417 1411 1412
f 1410 1413 1417
f 1420 1430 1431
f 1423 1425 1421
f 1424 1427 1429
f 1425 1427 1422
f 1428 1423 1421
f 1428 1425 1423
f 1427 1424 1422
f 1427 1425 1426
f 1430 1426 1431
f 1419 1430 1420
f 1431 1426 1432
f 1430 1429 1427
f 1419 1429 1430
f 1427 1426 1430
f 1426 1425 1432
f 1447 1438 1439
f 1437 1456 1440
f 1448 1440 1442
f 1433 1454 1435
f 1438 1444 1439
f 1444 1445 1439
f 1439 1445 1434
f 1436 1439 1434
f 1437 1448 1438
f 1450 1456 1437
f 1442 1438 1448
f 1446 1441 1449
f 1444 1434 1445
f 1436 1434 1447
f 1438 1451 1437
f 1456 1452 1453
f 1452 1440 1453
f 1440 1456 1453
f 1437 1440 1448
f 1439 1436 1447
f 1446 1449 1455
f 1437 1451 1450
f 1433 1435 1443
f 1433 1443 1454
f 1449 1441 1455
f 1456 1450 1451
f 1457 1458 1463
f 1460 1467 1465
f 1468 1469 1460
f 1473 1470 1459
f 1460 1461 1462
f 1471 1458 1457
f 1472 1464 1469
f 1470 1435 1459
f 1467 1464 1465
f 1468 1472 1469
f 1473 1459 1435
f 1461 1460 1466
f 1461 1466 1462
f 1457 1463 1471
f 1460 1469 1467
f 1469 1464 1467
f 1495 1491 1483
f 1475 1480 1481
f 1480 1475 1476
f 1486 1481 1498
f 1476 1490 1498
f 1479 1492 1491
f 1493 1494 1490
f 1486 1484 1488
f 1490 1489 1498
f 1483 1496 1495
f 1488 1482 1486
f 1491 1496 1483
f 1478 1491 1492
f 1498 1489 1488
f 1484 1486 1498
f 1479 1478 1492
f 1498 1481 1476
f 1497 1474 1491
f 1476 1494 1493
f 1490 1476 1493
f 1497 1491 1487
f 1477 1486 1485
f 1499 1500 1485
f 1485 1482 1499
f 1482 1500 1499
f 1486 1477 1481
f 1480 1476 1481
f 1498 1488 1484
f 1485 1486 1482
f 1487 1474 1497
f 1521 1527 1512
f 1501 1521 1512
f 1507 1503 1508
f 1504 1503 1523
f 1513 1516 1518
f 1524 1513 1517
f 1514 1516 1513
f 1524 1525 1513
f 1519 1510 1506
f 1504 1508 1503
f 1520 1526 1509
f 1515 1522 1507
f 1523 1522 1515
f 1503 1507 1523
f 1511 1526 1520
f 1506 1510 1509
f 1526 1528 1509
f 1522 1523 1507
f 1526 1511 1505
f 1527 1515 1512
f 1521 1515 1527
f 1512 1502 1501
f 1505 1528 1526
f 1516 1514 1518
f 1517 1525 1524
f 1521 1501 1502
f 1510 1519 1509
f 1528 1505 1511
f 1535 1533 1539
f 1532 1537 1535
f 1539 1536 1546
f 1539 1546 1541
f 1536 1539 1533
f 1537 1532 1547
f 1535 1544 1532
f 1534 1546 1531
f 1529 1545 1542
f 1547 1542 1545
f 1529 1544 1543
f 1538 1543 1544
f 1547 1532 1540
f 1535 1536 1533
f 1530 1534 1531
f 1542 1544 1529
f 1531 1536 1530
f 1536 1531 1546
f 1534 1541 1546
f 1544 1540 1532
f 1544 1535 1538
f 1547 1540 1542
f 1544 1542 1540
f 1551 1553 1552
f 1555 1548 1554
f 1548 1555 1557
f 1556 1558 1552
f 1554 1556 1549
f 1551 1549 1553
f 1549 1550 1554
f 1549 1556 1553
f 1548 1557 1556
f 1554 1548 1556
f 1550 1549 1551
f 1556 1552 1553
f 1557 1558 1556
f 1562 1571 1584
f 1563 1564 1565
f 1565 1566 1563
f 1566 1564 1563
f 1568 1584 1569
f 1562 1568 1569
f 1573 1575 1574
f 1584 1568 1562
f 1576 1559 1579
f 1573 1560 1575
f 1572 1577 1576
f 1559 1567 1578
f 1561 1576 1579
f 1579 1559 1578
f 1574 1560 1573
f 1581 1571 1570
f 1582 1576 1574
f 1567 1559 1580
f 1559 1577 1580
f 1559 1576 1577
f 1576 1583 1572
f 1574 1576 1560
f 1582 1583 1576
f 1576 1561 1560
f 1571 1581 1584
f 1562 1570 1571
f 1599 1590 1586
f 1586 1598 1589
f 1590 1598 1586
f 1586 1593 1592
f 1594 1595 1590
f 1593 1585 1589
f 1594 1590 1599
f 1597 1586 1596
f 1599 1586 1597
f 1589 1598 1588
f 1598 1590 1588
f 1591 1587 1596
f 1592 1591 1596
f 1593 1586 1585
f 1586 1592 1596
f 1596 1587 1597
f 1589 1585 1586
f 1595 1594 1599
f 1600 1604 1603
f 1605 1612 1606
f 1614 1604 1602
f 1602 1593 1611
f 1602 1609 1593
f 1601 1608 1613
f 1608 1607 1613
f 1611 1614 1602
f 1614 1603 1604
f 1610 1606 1612
f 1609 1602 1604
f 1604 1600 1609
f 1608 1601 1607
f 1605 1606 1610
f 1615 1616 1617
f 1615 1619 1616
f 1618 1654 1619
f 1621 1620 1642
f 1621 1641 1620
f 1624 1618 1619
f 1643 1622 1652
f 1620 1623 1642
f 1619 1625 1635
f 1628 1629 1630
f 1629 1631 1633
f 1632 1629 1633
f 1644 1633 1634
f 1632 1630 1629
f 1625 1627 1652
f 1618 1624 1654
f 1639 1637 1638
f 1619 1639 1638
f 1619 1615 1640
f 1615 1617 1640
f 1617 1619 1640
f 1622 1624 1652
f 1642 1641 1621
f 1632 1645 1630
f 1645 1633 1630
f 1632 1633 1645
f 1635 1624 1619
f 1635 1652 1624
f 1641 1647 1651
f 1633 1648 1634
f 1649 1650 1648
f 1650 1634 1648
f 1641 1642 1623
f 1633 1631 1648
f 1634 1650 1649
f 1619 1637 1639
f 1647 1641 1653
f 1651 1647 1653
f 1619 1617 1637
f 1630 1633 1644
f 1625 1652 1635
f 1652 1627 1643
f 1646 1626 1630
f 1630 1626 1655
f 1626 1636 1655
f 1636 1626 1646
f 1666 1657 1687
f 1658 1664 1630
f 1659 1660 1630
f 1663 1664 1680
f 1677 1663 1680
f 1660 1665 1661
f 1665 1662 1661
f 1685 1662 1667
f 1660 1659 1672
f 1665 1672 1662
f 1670 1673 1684
f 1665 1660 1672
f 1687 1657 1668
f 1671 1675 1674
f 1676 1630 1664
f 1671 1630 1676
f 1664 1671 1676
f 1630 1677 1658
f 1658 1677 1680
f 1660 1678 1679
f 1681 1682 1678
f 1661 1681 1678
f 1683 1661 1678
f 1660 1683 1678
f 1679 1630 1660
f 1681 1661 1682
f 1658 1680 1664
f 1674 1675 1628
f 1671 1674 1628
f 1661 1683 1660
f 1656 1673 1670
f 1685 1669 1662
f 1673 1656 1684
f 1666 1687 1686
f 1685 1667 1669
f 1687 1668 1686
f 1706 1689 1688
f 1706 1704 1689
f 1696 1697 1701
f 1698 1708 1699
f 1697 1700 1701
f 1709 1703 1702
f 1705 1706 1688
f 1689 1705 1688
f 1694 1707 1691
f 1617 1654 1700
f 1709 1712 1710
f 1712 1693 1710
f 1693 1709 1710
f 1713 1709 1714
f 1703 1713 1714
f 1703 1709 1713
f 1700 1654 1701
f 1712 1709 1702
f 1707 1690 1691
f 1712 1702 1703
f 1690 1694 1691
f 1697 1617 1700
f 1716 1696 1701
f 1715 1690 1695
f 1704 1711 1689
f 1695 1698 1692
f 1697 1696 1716
f 1695 1692 1715
f 1708 1698 1695
f 1706 1711 1704
f 1699 1708 1690
f 1708 1695 1690
f 1719 1726 1721
f 1718 1717 1724
f 1720 1727 1719
f 1723 1726 1719
f 1720 1719 1718
f 1722 1720 1718
f 1725 1724 1717
f 1726 1725 1717
f 1721 1726 1717
f 1718 1719 1717
f 1719 1728 1723
f 1727 1728 1719
f 1722 1727 1720
f 1722 1718 1724
f 1721 1717 1719
f 1730 1729 1731
f 1733 1742 1734
f 1731 1738 1730
f 1742 1735 1737
f 1737 1732 1742
f 1745 1744 1740
f 1733 1734 1741
f 1739 1734 1743
f 1734 1742 1743
f 1732 1737 1739
f 1745 1747 1744
f 1733 1741 1735
f 1735 1741 1746
f 1741 1747 1746
f 1747 1735 1746
f 1745 1740 1736
f 1743 1742 1739
f 1735 1742 1733
f 1742 1732 1739
f 1745 1736 1747
f 1731 1729 1738
f 1749 1757 1750
f 1750 1757 1751
f 1752 1757 1749
f 1748 1757 1761
f 1748 1751 1757
f 1761 1757 1760
f 1751 1749 1750
f 1761 1765 1748
f 1754 1756 1755
f 1760 1756 1754
f 1754 1753 1760
f 1760 1752 1756
f 1762 1748 1765
f 1760 1757 1752
f 1754 1762 1765
f 1759 1758 1756
f 1755 1758 1759
f 1755 1756 1758
f 1759 1764 1763
f 1759 1756 1764
f 1765 1753 1754
f 1760 1753 1761
f 1763 1764 1756
f 1753 1765 1761
f 1767 1768 1769
f 1770 1767 1769
f 1768 1770 1769
f 1779 1773 1770
f 1766 1780 1777
f 1779 1774 1773
f 1776 1771 1775
f 1778 1766 1777
f 1771 1777 1781
f 1770 1768 1779
f 1770 1773 1774
f 1771 1776 1778
f 1775 1771 1781
f 1771 1778 1777
f 1780 1781 1772
f 1781 1777 1772
f 1780 1772 1777
f 1792 1783 1782
f 1784 1790 1786
f 1788 1789 1783
f 1782 1783 1787
f 1788 1792 1789
f 1792 1782 1793
f 1790 1794 1793
f 1792 1793 1794
f 1793 1782 1785
f 1786 1785 1795
f 1794 1790 1784
f 1790 1793 1785
f 1783 1792 1788
f 1786 1790 1785
f 1791 1782 1787
f 1782 1795 1785
f 1791 1795 1782
f 1798 1797 1796
f 1801 1800 1802
f 1801 1803 1799
f 1803 1801 1802
f 1805 1802 1800
f 1799 1803 1797
f 1796 1797 1804
f 1803 1804 1797
f 1806 1791 1807
f 1810 1791 1755
f 1796 1804 1808
f 1802 1805 1803
f 1809 1791 1812
f 1810 1755 1808
f 1807 1791 1808
f 1791 1810 1808
f 1807 1809 1806
f 1809 1807 1813
f 1806 1812 1791
f 1806 1809 1812
f 1804 1803 1807
f 1798 1796 1808
f 1804 1807 1808
f 1809 1813 1811
f 1811 1813 1805
f 1803 1813 1807
f 1813 1803 1805
f 1815 1816 1836
f 1818 1836 1814
f 1834 1828 1819
f 1820 1821 1814
f 1827 1814 1836
f 1833 1822 1834
f 1826 1833 1827
f 1818 1821 1820
f 1829 1818 1820
f 1831 1830 1824
f 1831 1825 1830
f 1814 1821 1818
f 1835 1817 1834
f 1817 1832 1834
f 1817 1820 1814
f 1816 1824 1836
f 1815 1824 1816
f 1824 1827 1836
f 1834 1823 1828
f 1827 1824 1826
f 1825 1831 1824
f 1822 1823 1834
f 1826 1822 1833
f 1819 1835 1834
f 1832 1817 1814
f 1833 1834 1832
f 1833 1832 1827
f 1832 1814 1827
f 1838 1837 1847
f 1837 1838 1842
f 1841 1837 1839
f 1846 1847 1841
f 1844 1839 1843
f 1840 1839 1844
f 1839 1842 1843
f 1841 1839 1845
f 1846 1841 1845
f 1845 1839 1840
f 1841 1847 1837
f 1839 1837 1842
f 1849 1851 1850
f 1857 1858 1859
f 1858 1860 1859
f 1861 1864 1855
f 1852 1863 1856
f 1853 1866 1854
f 1851 1849 1848
f 1848 1864 1862
f 1856 1853 1854
f 1850 1848 1849
f 1850 1864 1848
f 1852 1856 1854
f 1856 1863 1853
f 1864 1861 1862
f 1860 1854 1866
f 1853 1860 1866
f 1865 1864 1850
f 1865 1855 1864
f 1858 1854 1860
f 1857 1854 1858
f 1871 1874 1872
f 1868 1867 1876
f 1870 1872 1875
f 1872 1874 1875
f 1868 1869 1867
f 1874 1871 1873
f 1875 1874 1873
f 1868 1876 1869
f 1870 1871 1872
f 1883 1880 1887
f 1878 1882 1885
f 1878 1880 1884
f 1886 1882 1878
f 1877 1881 1882
f 1879 1887 1885
f 1885 1882 1881
f 1877 1888 1881
f 1878 1885 1887
f 1884 1880 1883
f 1878 1887 1880
f 1879 1885 1881
f 1888 1879 1881
f 1855 1886 1878
f 1855 1882 1886
f 1893 1892 1904
f 1896 1895 1897
f 1895 1898 1897
f 1898 1896 1897
f 1904 1891 1890
f 1890 1895 1896
f 1902 1889 1890
f 1889 1903 1900
f 1893 1891 1892
f 1891 1904 1892
f 1890 1889 1895
f 1891 1894 1901
f 1901 1890 1891
f 1890 1896 1904
f 1901 1902 1890
f 1894 1899 1901
f 1900 1899 989
f 1894 1905 1899
f 1902 1903 1889
f 1903 1899 1900
f 1899 1903 1901
f 1902 1901 1903
f 1905 989 1899
f 1909 1910 1911
f 1916 1914 1922
f 1916 1922 1935
f 1908 1912 1907
f 1908 1911 1912
f 1921 1916 1934
f 1911 1913 1912
f 1929 1925 1923
f 1941 1921 1934
f 1931 1908 1917
f 1932 1931 1917
f 1907 1912 1913
f 1932 1911 1908
f 1936 1932 1937
f 1911 1932 1936
f 1937 1911 1936
f 1926 1925 1929
f 1927 1924 1923
f 1913 1910 1909
f 1910 1913 1911
f 1924 1908 1907
f 1930 1942 1946
f 1906 1919 1920
f 1941 1934 1916
f 1943 1928 1919
f 1946 1945 1930
f 1939 1920 1933
f 1938 1948 1942
f 1950 1933 1920
f 1927 1923 1944
f 1942 1948 1946
f 1919 1928 1920
f 1935 1922 1914
f 1923 1926 1929
f 1935 1928 1943
f 1945 1948 1938
f 1948 1945 1946
f 1921 1947 1917
f 1915 1940 1944
f 1906 1920 1939
f 1944 1940 1935
f 1928 1935 1940
f 1944 1924 1927
f 1918 1940 1915
f 1918 1920 1940
f 1907 1949 1924
f 1950 1920 1918
f 1941 1917 1947
f 1921 1941 1947
f 1907 1913 1949
f 1940 1920 1928
f 1931 1932 1908
f 1951 1956 1953
f 1956 1954 1953
f 1952 1951 1953
f 1951 1952 1955
f 1952 1954 1955
f 1952 1953 1954
f 1958 1957 1962
f 1968 1980 1960
f 1957 1958 1963
f 1958 1962 1963
f 1975 1966 1967
f 1965 1971 1972
f 1961 1965 1972
f 1971 1961 1972
f 1960 1967 1966
f 1959 1970 1969
f 1965 1960 1966
f 1960 1977 1978
f 1966 1975 1965
f 1980 1968 1979
f 1961 1960 1965
f 1973 1979 1969
f 1974 1975 1967
f 1959 1976 1960
f 1974 1967 1978
f 1975 1974 1978
f 1979 1968 1969
f 1960 1980 1977
f 1962 1965 1964
f 1976 1968 1960
f 1959 1969 1976
f 1969 1968 1976
f 1977 1980 1978
f 1964 1975 1962
f 1975 1964 1965
f 1969 1970 1973
f 1989 1991 1982
f 1982 1983 1989
f 1987 1985 1990
f 1987 1990 1981
f 1987 1992 1986
f 1991 1989 1984
f 1989 1983 1988
f 1987 1986 1985
f 1988 1984 1989
f 1981 1992 1987
f 1997 1998 1994
f 2002 1994 1998
f 1993 1999 2001
f 2000 2002 1998
f 1994 1995 1997
f 2000 2003 1993
f 1993 2003 1999
f 1996 1994 2002
f 1994 1996 1995
f 1993 1996 2002
f 2000 1993 2002
f 1995 1993 2001
f 1995 1996 1993
f 2004 2005 2025
f 2008 2009 2032
f 2025 2035 2014
f 1963 2013 2016
f 2036 2015 2013
f 2022 2015 2012
f 2028 2021 2020
f 2008 2028 2020
f 2019 2027 2029
f 2008 2019 2029
f 2033 2027 2019
f 2030 2031 2033
f 2025 2005 2011
f 2034 2026 2018
f 2008 2029 2010
f 2029 2031 2010
f 2034 2018 2011
f 2017 2035 2025
f 1963 2036 2013
f 2005 2006 2011
f 2018 2017 2011
f 2011 2007 2026
f 2032 2024 2008
f 2007 2011 2037
f 2025 2014 2004
f 2013 2015 2022
f 2037 2011 2006
f 2026 2034 2011
f 2017 2025 2011
f 2009 2024 2032
f 2015 2036 2023
f 2015 2023 2012
f 2028 2008 2021
f 2010 2031 2030
f 2031 2029 2027
f 2031 2027 2033
f 2013 2022 2016
f 2040 2039 2055
f 2047 2046 2042
f 2045 2060 2055
f 2051 2055 2039
f 2052 2051 2039
f 2056 2048 2065
f 2060 2045 2061
f 2039 2040 2062
f 2040 2055 2062
f 2044 2067 2063
f 2054 2057 2050
f 2056 2044 2045
f 2038 2053 2054
f 2043 2038 2041
f 2056 2067 2044
f 2044 2063 2045
f 2059 2045 2055
f 2057 2042 2050
f 2059 2048 2056
f 1893 2067 2056
f 2055 2066 2059
f 2068 2056 2064
f 2056 2045 2059
f 2055 2060 2061
f 2066 2048 2059
f 2042 2049 2069
f 2042 2057 2047
f 2046 2047 2049
f 2065 2058 2056
f 2066 2065 2048
f 2038 2050 2042
f 2041 2038 2042
f 2041 2042 2069
f 2038 2043 2053
f 1893 2056 2068
f 2038 2054 2050
f 2056 2058 2064
f 2055 2051 2052
f 2046 2049 2042
f 2075 2072 2073
f 2070 2074 2071
f 2075 2078 2079
f 2072 2075 2079
f 2075 2080 2078
f 2080 2079 2078
f 2076 2074 2070
f 2075 2073 2071
f 2074 2076 2072
f 2073 2076 2070
f 2077 2072 2079
f 2077 2074 2072
f 2076 2073 2072
f 2071 2073 2070
f 2083 2084 2088
f 2085 2084 2083
f 2083 2082 2085
f 2087 2086 2089
f 2088 2085 2081
f 2088 2084 2085
f 2090 2086 2087
f 2090 2081 2086
f 2089 2085 2082
f 2085 2086 2081
f 2085 2089 2086
f 2101 2099 2096
f 2095 2100 2098
f 2104 2092 2102
f 2102 2105 2103
f 2105 2111 2103
f 2094 2106 2107
f 2098 2100 2092
f 2111 2102 2092
f 2099 2108 2109
f 2108 2110 2109
f 2098 2096 2093
f 2107 2106 2093
f 2106 2094 2093
f 2098 2097 2091
f 2101 2098 2092
f 2110 2099 2101
f 2110 2108 2099
f 2096 2098 2101
f 2097 2098 2093
f 2100 2111 2092
f 2098 2091 2095
f 2101 2092 2104
f 2102 2111 2105
f 2101 2104 2110
f 2119 2115 2120
f 2112 2121 2113
f 2116 2118 2115
f 2112 2117 2121
f 2120 2114 2119
f 2114 2120 2122
f 2117 2112 2113
f 2118 2120 2115
f 2118 2122 2120
f 2116 2122 2118
f 2131 2126 2127
f 2129 2127 2128
f 2128 2124 2129
f 2129 2131 2127
f 2132 2123 2125
f 2129 2124 2125
f 2125 2123 2131
f 2125 2131 2129
f 2128 2127 2130
f 2125 2124 2132
f 2130 2127 2126
f 2145 2133 2134
f 2135 2152 2137
f 2133 2135 2134
f 2140 2142 2141
f 2158 2139 2144
f 2139 2158 2151
f 2137 2145 2135
f 2149 2140 2141
f 2149 2150 2140
f 2151 2158 2143
f 2152 2135 2153
f 2144 2143 2158
f 2147 2154 2146
f 2148 2154 2147
f 2134 2135 2145
f 2141 2150 2149
f 2152 2153 2155
f 2153 2135 2155
f 2139 2157 2144
f 2156 2137 2152
f 2148 2146 2154
f 2141 2142 2138
f 2151 2136 2139
f 2140 2138 2142
f 2139 2136 2157
f 2145 2137 2156
f 2162 2167 2161
f 2163 2170 2160
f 2168 2167 2162
f 2161 2168 2162
f 2163 2169 2166
f 2160 2171 2164
f 2171 2169 2159
f 2161 2172 2165
f 2164 2171 2159
f 2161 2165 2173
f 2173 2165 2172
f 2163 2160 2164
f 2163 2159 2169
f 2163 2164 2159
f 2170 2163 2166
f 2175 2176 2174
f 2183 2175 2177
f 2176 2180 2174
f 2198 2201 2181
f 2176 2175 2180
f 2184 2185 2200
f 2186 2184 2200
f 2188 2189 2190
f 2184 2186 2185
f 2193 2178 2192
f 2178 2179 2192
f 2179 2193 2192
f 2198 2168 2201
f 2168 2195 2201
f 2195 2196 2201
f 2201 2191 2181
f 2197 2179 2182
f 2175 2183 2180
f 2191 2198 2181
f 2183 2200 2190
f 2190 2200 2188
f 2200 2189 2188
f 2200 2185 2189
f 2182 2178 2197
f 2199 2173 2168
f 2182 2179 2178
f 2195 2168 2173
f 2196 2173 2201
f 2183 2190 2180
f 2187 2201 2186
f 2187 2194 2201
f 2186 2194 2187
f 2177 2200 2183
f 2195 2173 2196
f 2202 2214 2222
f 2223 2205 2215
f 2206 2217 2218
f 2216 2209 2208
f 2210 2211 2220
f 2213 2210 2220
f 2214 2213 2220
f 2213 2211 2210
f 2202 2213 2214
f 2222 2214 2215
f 2214 2220 2219
f 2216 2212 2207
f 2209 2203 2208
f 2204 2217 2206
f 2216 2208 2203
f 2207 2209 2216
f 2207 2212 2209
f 2214 2223 2215
f 2218 2217 2204
f 2225 2221 2227
f 2215 2205 2222
f 2214 2219 2223
f 2226 2221 2225
f 2224 2226 2225
f 2224 2225 2227
f 2232 2231 2228
f 2240 2242 2230
f 2244 2229 2235
f 2240 2232 2242
f 2235 2229 2237
f 2228 2242 2232
f 2233 2239 2243
f 2232 2234 2231
f 2236 2237 2229
f 2235 2237 2244
f 2241 2230 2242
f 2232 2240 2230
f 2232 2245 2234
f 2242 2228 2241
f 2243 2239 2236
f 2236 2229 2243
f 2238 2239 2233
f 2236 2238 2237
f 2239 2238 2236
f 2245 2232 2230
f 2247 2249 2246
f 2258 2254 2251
f 2247 2246 2263
f 2248 2253 2252
f 2259 2250 2258
f 2263 2262 2248
f 2261 2260 2258
f 2262 2263 2265
f 2258 2257 2261
f 2251 2254 2255
f 2258 2250 2254
f 2248 2252 2263
f 2257 2258 2264
f 2258 2251 2264
f 2259 2256 2250
f 2247 2263 2252
f 2252 2249 2247
f 2252 2253 2249
f 2258 2260 2259
f 2255 2254 2256
f 2254 2250 2256
f 2263 2246 2265
f 2268 2310 2269
f 2271 2274 2272
f 2291 2277 2278
f 2291 2278 2289
f 2277 2319 2278
f 2282 2283 2272
f 2298 2286 2318
f 2273 2295 2299
f 2267 2266 2275
f 2266 2270 2275
f 2274 2271 2300
f 2300 2302 2281
f 2281 2274 2300
f 2305 2283 2282
f 2298 2287 2286
f 2296 2293 2297
f 2302 2300 2307
f 2281 2302 2307
f 2306 2308 2272
f 2299 2310 2268
f 2312 2275 2270
f 2276 2279 2309
f 2274 2285 2272
f 2295 2313 2299
f 2303 2315 2314
f 2303 2316 2315
f 2312 2317 2275
f 2319 2277 2291
f 2305 2304 2283
f 2313 2295 2273
f 2299 2320 2294
f 2320 2310 2294
f 2272 2269 2310
f 2305 2282 2304
f 2317 2312 2270
f 2316 2314 2315
f 2266 2267 2270
f 2285 2274 2281
f 2303 2284 2301
f 2311 2293 2296
f 2297 2293 2311
f 2299 2294 2310
f 2279 2292 2309
f 2279 2276 2292
f 2288 2280 2290
f 2288 2290 2272
f 2301 2304 2303
f 2271 2272 2308
f 2306 2271 2308
f 2321 2326 2300
f 2300 2322 2287
f 2287 2323 2300
f 2323 2321 2300
f 2284 2304 2301
f 2320 2272 2310
f 2292 2324 2325
f 2324 2307 2325
f 2326 2325 2300
f 2290 2280 2272
f 2321 2323 2287
f 2326 2292 2325
f 2291 2289 2327
f 2292 2307 2324
f 2318 2286 2287
f 2321 2292 2326
f 2327 2289 2278
f 2328 2329 2330
f 2333 2334 2335
f 2331 2344 2345
f 2334 2332 2340
f 2331 2332 2344
f 2330 2337 2328
f 2350 2334 2340
f 2344 2341 2351
f 2330 2343 2336
f 2339 2344 2334
f 2344 2332 2334
f 2334 2350 2335
f 2351 2345 2344
f 2342 2336 2343
f 2347 2336 2342
f 2347 2348 2336
f 2346 2330 2336
f 2342 2348 2347
f 2344 2339 2349
f 2338 2343 2329
f 2350 2333 2335
f 2337 2330 2346
f 2338 2342 2343
f 2340 2332 2350
f 2343 2330 2329
f 2349 2341 2344
f 2351 2341 2345
f 2355 2356 2357
f 2353 2355 2357
f 2356 2358 2357
f 2358 2353 2357
f 2361 2360 2352
f 2362 2364 2363
f 2363 2358 2362
f 2356 2355 2353
f 2362 2356 2367
f 2367 2356 2353
f 2362 2358 2356
f 2360 2354 2352
f 2367 2363 2354
f 2354 2363 2361
f 2353 2363 2367
f 2352 2354 2361
f 2367 2366 2362
f 2361 2365 2364
f 2363 2365 2361
f 2353 2358 2363
f 2365 2363 2364
f 2367 2359 2366
f 2359 2367 2354
f 2370 2371 2372
f 2375 2376 2373
f 2377 2378 2379
f 2376 2370 2373
f 2381 2377 2382
f 2399 2381 2382
f 2382 2384 2399
f 2385 2386 2388
f 2386 2377 2388
f 2393 2391 2372
f 2422 2400 2373
f 2385 2377 2386
f 2368 2390 2369
f 2379 2388 2392
f 2377 2379 2392
f 2390 2388 2369
f 2379 2399 2384
f 2368 2369 2405
f 2369 2379 2405
f 2400 2421 2375
f 2379 2404 2399
f 2379 2406 2404
f 2407 2408 2409
f 2377 2404 2406
f 2392 2388 2377
f 2427 2410 2413
f 2380 2411 2423
f 2416 2371 2415
f 2371 2370 2415
f 2373 2400 2375
f 2372 2371 2416
f 2408 2415 2375
f 2406 2378 2377
f 2406 2379 2378
f 2370 2375 2415
f 2408 2407 2415
f 2372 2417 2393
f 2380 2389 2411
f 2419 2420 2410
f 2401 2396 2397
f 2414 2420 2419
f 2410 2414 2419
f 2383 2395 2394
f 2397 2398 2401
f 2374 2391 2417
f 2391 2393 2417
f 2388 2379 2369
f 2381 2399 2404
f 2387 2389 2380
f 2381 2404 2377
f 2402 2374 2417
f 2375 2370 2376
f 2380 2423 2424
f 2425 2400 2418
f 2400 2425 2421
f 2411 2389 2412
f 2395 2426 2394
f 2395 2383 2426
f 2423 2411 2424
f 2412 2389 2387
f 2391 2374 2402
f 2415 2409 2416
f 2415 2407 2409
f 2396 2398 2397
f 2413 2403 2427
f 2410 2403 2413
f 2418 2400 2422
f 2405 2379 2384
f 2384 2368 2405
f 2431 2436 2432
f 2433 2432 2438
f 2438 2434 2437
f 2437 2440 2435
f 2435 2430 2428
f 2432 2434 2438
f 2435 2428 2437
f 2437 2430 2438
f 2433 2438 2430
f 2430 2429 2431
f 2435 2360 2430
f 2437 2439 2430
f 2431 2432 2433
f 2439 2428 2430
f 2430 2431 2433
f 2428 2439 2437
f 2436 2431 2429
f 2434 2440 2437
f 2430 2360 2429
f 2445 2444 2420
f 2446 2442 2441
f 2446 2420 2444
f 2441 2420 2446
f 2443 2442 2446
f 2443 2444 2447
f 2444 2445 2447
f 2443 2446 2444
f 2449 2450 2470
f 2450 2448 2470
f 2453 2454 2455
f 2177 2461 2462
f 2461 2463 2462
f 2457 2470 2481
f 2468 2475 2456
f 2453 2466 2469
f 2454 2453 2469
f 2466 2454 2469
f 2455 2466 2464
f 2470 2457 2465
f 2458 2456 2473
f 2449 2477 2450
f 2470 2477 2449
f 2464 2465 2457
f 2452 2464 2457
f 2471 2479 2452
f 2479 2480 2452
f 2480 2479 2464
f 2464 2466 2478
f 2451 2472 2482
f 2452 2457 2448
f 2459 2458 2473
f 2471 2474 2479
f 2451 2434 2472
f 2464 2452 2480
f 2458 2459 2456
f 2471 2484 2474
f 2483 2460 2465
f 2482 2434 2451
f 2460 2483 2467
f 2463 2461 2177
f 2460 2467 2465
f 2476 2475 2468
f 2456 2476 2468
f 2484 2471 2452
f 2448 2457 2481
f 2470 2448 2481
f 2466 2455 2454
f 2490 2485 2488
f 2488 2494 2493
f 2495 2492 2493
f 2486 2496 2493
f 2492 2497 2488
f 2497 2490 2488
f 2486 2494 2487
f 2486 2493 2494
f 2486 2489 2491
f 2496 2486 2491
f 2497 2492 2495
f 2495 2493 2496
f 2487 2489 2486
f 2488 2485 2494
f 2493 2492 2488
f 2508 2503 2504
f 2503 2501 2504
f 2501 2508 2504
f 2499 2506 2500
f 2498 2499 2500
f 2500 2507 2498
f 2508 2505 2509
f 2508 2501 2505
f 2501 2506 2499
f 2498 2507 2502
f 2502 2499 2498
f 2506 2501 2500
f 2510 2509 2505
f 2505 2501 2510
f 2522 2517 2513
f 2517 2518 2519
f 2511 2520 2519
f 2518 2511 2519
f 2522 2521 2524
f 2516 2512 2522
f 2523 2520 2511
f 2529 2523 2511
f 2511 2517 2521
f 2523 2519 2520
f 2519 2525 2517
f 2525 2515 2517
f 2517 2524 2521
f 2528 2526 2513
f 2513 2526 2512
f 2515 2500 2517
f 2512 2516 2513
f 2514 2528 2527
f 2511 2518 2517
f 2516 2522 2513
f 2522 2524 2517
f 2515 2525 2500
f 2528 2517 2527
f 2500 2527 2517
f 2528 2513 2517
f 2514 2527 2500
f 2535 2533 2534
f 2539 2540 2541
f 2540 2543 2603
f 2589 2544 2592
f 2550 2553 2551
f 2560 2532 2531
f 2560 2547 2532
f 2555 2554 2585
f 2554 2559 2585
f 2559 2545 2585
f 2548 2549 2562
f 2562 2563 2564
f 2563 2552 2564
f 2565 2562 2578
f 2607 2555 2585
f 2545 2589 2542
f 2556 2531 2530
f 2560 2531 2547
f 2548 2552 2549
f 2557 2553 2573
f 2572 2558 2574
f 2575 2564 2552
f 2562 2575 2552
f 2575 2562 2564
f 2576 2578 2546
f 2576 2577 2578
f 2581 2567 2580
f 2545 2559 2565
f 2605 2597 2539
f 2545 2579 2589
f 2540 2597 2543
f 2540 2539 2597
f 2577 2582 2583
f 2577 2546 2582
f 2553 2550 2573
f 2530 2561 2571
f 2556 2530 2584
f 2558 2572 2537
f 2586 2587 2267
f 2539 2590 2586
f 2534 2533 2591
f 2563 2562 2565
f 2536 2588 2593
f 2598 2538 2594
f 2544 2579 2592
f 2595 2598 2594
f 2596 2595 2594
f 2579 2596 2594
f 2589 2579 2544
f 2597 2605 2543
f 2538 2598 2593
f 2588 2600 2593
f 2599 2581 2580
f 2590 2601 2586
f 2590 2539 2601
f 2546 2583 2582
f 2570 2602 2608
f 2598 2595 2593
f 2603 2543 2568
f 2568 2604 2603
f 2605 2568 2543
f 2533 2535 2591
f 2541 2540 2508
f 2539 2541 2508
f 2604 2568 2566
f 2602 2569 2608
f 2596 2579 2595
f 2566 2568 2605
f 2559 2554 2555
f 2606 2559 2555
f 2571 2561 2537
f 2561 2530 2537
f 2542 2607 2585
f 2531 2556 2584
f 2565 2552 2563
f 2552 2548 2562
f 2551 2553 2557
f 2565 2579 2545
f 2572 2574 2581
f 2581 2574 2567
f 2545 2542 2585
f 2592 2542 2589
f 2588 2536 2600
f 2537 2581 2599
f 2267 2587 2609
f 2587 2586 2609
f 2537 2572 2581
f 2608 2569 2570
f 2576 2546 2577
f 2610 2611 2620
f 2621 2618 2613
f 2616 2610 2620
f 2615 2616 2612
f 2618 2621 2617
f 2622 2614 2612
f 2621 2613 2619
f 2620 2612 2616
f 2620 2617 2612
f 2613 2620 2619
f 2613 2618 2620
f 2614 2615 2612
f 2618 2617 2620
f 2617 2622 2612
f 2620 2611 2619
f 2624 2629 2628
f 2634 2628 2629
f 2629 2631 2623
f 2628 2625 2624
f 2633 2631 2629
f 2630 2634 2629
f 2623 2630 2629
f 2626 2629 2624
f 2626 2624 2625
f 2626 2633 2629
f 2627 2635 2626
f 2635 2632 2626
f 2627 2626 2625
f 2633 2626 2632
f 2643 2640 2641
f 2643 2641 2644
f 2640 2644 2641
f 2652 2638 2642
f 2643 2645 2646
f 2643 2647 2645
f 2647 2646 2645
f 2650 2651 2652
f 2638 2652 2651
f 2649 2656 2639
f 2650 2653 2658
f 2658 2636 2650
f 2636 2654 2657
f 2649 2637 2656
f 2636 2658 2653
f 2636 2657 2648
f 2655 2637 2649
f 2648 2657 2654
f 2659 2660 2646
f 2660 2661 2646
f 2663 2650 2642
f 2662 2661 2660
f 2650 2652 2642
f 2649 2639 2655
f 2647 2660 2659
f 2646 2647 2659
f 2646 2661 2662
f 2638 2663 2642
f 2668 2685 2669
f 2670 2673 2671
f 2670 2671 2643
f 2668 2667 2685
f 2673 2643 2671
f 2673 2686 2674
f 2686 2672 2674
f 2668 2669 2667
f 2679 2707 2678
f 2681 2703 2680
f 2684 2683 2677
f 2688 2689 2690
f 2691 2692 2690
f 2689 2691 2690
f 2692 2688 2690
f 2664 2665 2693
f 2665 2694 2693
f 2694 2664 2693
f 2696 2674 2697
f 2698 2699 2697
f 2699 2696 2697
f 2682 2701 2680
f 2683 2700 2704
f 2680 2702 2681
f 2698 2673 2699
f 2674 2696 2699
f 2676 2666 2675
f 2687 2666 2676
f 2699 2673 2674
f 2675 2666 2687
f 2683 2695 2700
f 2681 2702 2703
f 2704 2700 2695
f 2673 2672 2686
f 2667 2678 2685
f 2678 2667 2677
f 2705 2684 2677
f 2706 2707 2679
f 2683 2684 2705
f 2685 2707 2706
f 2688 2692 2708
f 2692 2691 2708
f 2694 2680 2701
f 2682 2694 2701
f 2678 2677 2679
f 2685 2678 2707
f 2716 2711 2719
f 2732 2722 2709
f 2740 2714 1197
f 2716 2719 2715
f 2715 2711 2716
f 2719 2725 2726
f 2726 2727 2728
f 2718 2735 2717
f 2714 2717 1197
f 2731 2732 2710
f 2740 2717 2714
f 2727 2726 2725
f 2732 2736 2737
f 2712 2721 2713
f 2713 2722 2719
f 2719 2731 2715
f 2731 2710 2715
f 2721 2744 2720
f 2709 2736 2732
f 2740 2718 2717
f 2736 2709 2737
f 2729 2738 2724
f 2733 2718 2740
f 2710 2734 2715
f 2719 2732 2731
f 2722 2739 2719
f 2713 2742 2726
f 2742 2719 2726
f 2723 2729 2734
f 2739 2732 2719
f 2729 2724 2734
f 2725 2728 2727
f 2719 2711 2728
f 2725 2719 2728
f 2730 2729 2723
f 2738 2715 2724
f 2741 2150 2720
f 2734 2724 2715
f 2743 2720 2744
f 2710 2732 2737
f 2734 2710 2723
f 2732 2739 2722
f 2743 2741 2720
f 2730 2738 2729
f 2718 2733 2735
f 2721 2743 2744
f 2712 2713 2745
f 2741 2743 2150
f 2713 2719 2742
f 2745 2721 2712
f 2753 2757 2746
f 2757 2756 2751
f 2751 2753 2746
f 2752 2750 2754
f 2756 2749 2751
f 2746 2757 2751
f 2747 2754 2759
f 2759 2758 2747
f 2755 2747 2758
f 2750 2759 2754
f 2749 2748 2751
f 2752 2754 2747
f 2747 2755 2752
f 2748 2753 2751
f 2769 2764 2760
f 2764 2761 2760
f 2766 2762 2760
f 2771 2764 2769
f 2763 2773 2772
f 2769 2762 2773
f 2767 2769 2763
f 2760 2762 2769
f 2764 2771 2761
f 2763 2772 2768
f 2765 2770 2773
f 2770 2772 2773
f 2765 2762 2774
f 2766 2774 2762
f 2773 2763 2769
f 2769 2767 2771
f 2773 2762 2765
f 2763 2768 2767
f 2775 2782 2791
f 2780 2778 2779
f 2792 2781 2796
f 2777 2789 2793
f 2780 2796 2781
f 2785 2790 2782
f 2785 2783 2778
f 2787 2778 2788
f 2789 2777 2792
f 2776 2777 2793
f 2796 2787 2792
f 2788 2789 2787
f 2785 2782 2775
f 2794 2795 2797
f 2790 2785 2778
f 2785 2795 2786
f 2797 2795 2785
f 2776 2793 2788
f 2782 2790 2791
f 2796 2778 2787
f 2784 2785 2775
f 2796 2779 2778
f 2797 2785 2784
f 2787 2789 2792
f 2780 2779 2796
f 2798 2795 2794
f 2797 2798 2794
f 2793 2789 2788
f 2786 2783 2785
f 2817 2819 2806
f 1541 2808 2807
f 1539 1541 2807
f 2810 2813 2819
f 2800 2809 2828
f 2802 2812 2811
f 2815 2808 1541
f 2810 2819 2799
f 2805 2803 2817
f 2807 2806 1539
f 2814 2818 2820
f 2814 2820 2821
f 2831 2822 2818
f 2817 2806 2807
f 2824 2813 2810
f 2811 2824 2810
f 2810 2802 2811
f 2812 2826 2823
f 2819 2813 2825
f 2812 2829 2826
f 2811 2813 2824
f 2827 2806 2819
f 2817 2808 2815
f 2810 2799 2802
f 2802 2803 2812
f 2801 2819 2800
f 2825 2809 2800
f 2819 2825 2800
f 2825 2828 2809
f 2805 2817 2820
f 2818 2805 2820
f 2802 2799 2817
f 2820 2815 2804
f 2819 2830 2827
f 2817 2803 2802
f 2819 2801 2830
f 2817 2815 2820
f 2804 2815 1541
f 2817 2799 2819
f 2822 2831 2805
f 2811 2823 2826
f 2829 2816 2826
f 2807 2808 2817
f 2829 2812 2816
f 2823 2811 2812
f 2818 2822 2805
f 2820 2804 2821
f 2840 2832 2839
f 2844 2845 2843
f 2838 2848 2841
f 2847 2832 2834
f 2844 2841 2836
f 2833 2838 2840
f 2844 2837 2845
f 2836 2841 2842
f 2840 2839 2835
f 2838 2834 2832
f 2847 2834 2845
f 2839 2832 2835
f 2845 2834 2843
f 2841 2844 2838
f 2844 2843 2838
f 2840 2838 2832
f 2837 2844 2846
f 2838 2843 2834
f 2833 2848 2838
f 2848 2842 2841
f 2844 2836 2846
f 2849 2861 2862
f 2862 2861 2854
f 2851 2859 2852
f 2855 2858 2850
f 2857 2850 2858
f 2855 2857 2858
f 2851 2860 2859
f 2861 2850 2859
f 2853 2859 2854
f 2854 2856 2862
f 2850 2861 2855
f 2864 2856 2854
f 2860 2863 2859
f 2855 2861 2849
f 2863 2864 2854
f 2861 2859 2853
f 2852 2859 2850
f 2853 2854 2861
f 2859 2863 2854
f 2868 2869 2870
f 2869 2882 2870
f 2872 2873 2874
f 2916 2875 2867
f 2888 2889 2922
f 2889 2905 2922
f 2890 2888 2922
f 2893 2891 2892
f 2895 2890 2922
f 2896 2866 2897
f 2916 2897 2899
f 2916 2867 2900
f 2891 2902 2865
f 2902 2904 2874
f 2885 2881 2877
f 2882 2881 2885
f 2884 2883 2876
f 2882 2886 2878
f 2883 2877 2876
f 2878 2906 2882
f 2870 2882 2906
f 2909 2910 2911
f 2867 2875 2912
f 2875 2916 2912
f 2907 2901 2908
f 2916 2887 2925
f 2914 2915 2925
f 2887 2917 2925
f 2917 2914 2925
f 2913 2917 2887
f 2918 2880 2901
f 2907 2879 2901
f 2879 2918 2901
f 2919 2920 2869
f 2882 2869 2881
f 2881 2869 2920
f 2920 2921 2881
f 2905 2871 2922
f 2897 2871 2896
f 2902 2873 2923
f 2871 2866 2896
f 2871 2898 2866
f 2900 2897 2916
f 2924 2930 2891
f 2887 2899 2913
f 2894 2898 2871
f 2891 2865 2903
f 2898 2894 2866
f 2889 2871 2905
f 2921 2919 2877
f 2921 2920 2919
f 2879 2880 2918
f 2887 2916 2899
f 2909 2870 2910
f 2903 2865 2902
f 2904 2902 2891
f 2872 2923 2873
f 2873 2902 2874
f 2890 2895 2888
f 2910 2870 2926
f 2911 2870 2909
f 2899 2915 2913
f 2915 2917 2913
f 2881 2921 2877
f 2927 2897 2928
f 2900 2927 2928
f 2897 2900 2928
f 2892 2929 2893
f 2893 2929 2891
f 2877 2886 2885
f 2874 2891 2930
f 2874 2904 2891
f 2874 2930 2924
f 2925 2912 2916
f 2910 2926 2906
f 2926 2870 2906
f 2879 2907 2908
f 2914 2917 2915
f 2883 2884 2877
f 2886 2882 2885
f 2931 2970 2944
f 2959 2958 2934
f 2969 2938 2936
f 2937 2936 2938
f 2963 2939 2940
f 2943 2958 2942
f 2934 2945 2946
f 2950 2946 2945
f 2934 2950 2945
f 2951 2952 2949
f 2942 2934 2943
f 2943 2934 2958
f 2935 2958 2959
f 2935 2946 2942
f 2946 2950 2942
f 2950 2934 2942
f 2962 2935 2959
f 2965 2963 2940
f 2975 2973 2974
f 2960 2975 2974
f 2956 2954 2941
f 2944 2954 2956
f 2967 2936 2968
f 2969 2967 2968
f 2495 2964 2937
f 2967 2969 2936
f 2964 2933 2937
f 2948 2955 2947
f 2954 2970 2931
f 2971 2932 2940
f 2973 2975 2946
f 2958 2935 2942
f 2951 2949 2972
f 2952 2951 2972
f 2934 2975 2959
f 2964 2495 2933
f 2975 2961 2959
f 2944 2956 2941
f 2954 2944 2970
f 2939 2966 2940
f 2935 2953 2946
f 2940 2932 2965
f 2971 2940 2966
f 2947 2949 2948
f 2938 2969 2937
f 2947 2957 2949
f 2960 2974 2961
f 2957 2947 2955
f 2946 2975 2934
f 2935 2962 2953
f 2961 2975 2960
f 2988 2976 2977
f 2981 2984 2982
f 2976 2980 2977
f 2988 2987 2989
f 2981 2977 2983
f 2981 2986 2977
f 2983 2978 2981
f 2987 2979 2989
f 2976 2988 2980
f 2982 2984 2985
f 2771 2981 2982
f 2983 2989 2979
f 2985 2981 2978
f 2980 2989 2983
f 2985 2978 2982
f 2986 2981 2771
f 2980 2988 2989
f 2983 2977 2980
f 2984 2981 2985
f 3001 2992 3002
f 2993 2996 2992
f 3005 3000 2995
f 3005 2999 3000
f 2994 2996 2993
f 3000 2998 2995
f 2992 3001 2997
f 2997 3001 3002
f 2993 2991 2994
f 3000 2999 3003
f 2995 3004 3005
f 2995 2997 3004
f 2999 3005 3003
f 2993 2990 2991
f 2997 2995 2993
f 2993 2995 2998
f 2990 2993 2998
f 2992 2997 2993
f 2991 2990 2998
f 3008 3014 3015
f 3017 3013 3010
f 3017 3018 3013
f 3013 3016 3010
f 3008 3009 3006
f 3016 3013 3022
f 3020 3011 3019
f 3007 3022 3018
f 3025 3006 3009
f 3010 3016 3017
f 3008 3015 3023
f 3024 3014 3008
f 3008 3006 3024
f 3009 3008 3012
f 3012 3008 3023
f 3009 3012 3025
f 3021 3019 3011
f 3019 3021 3020
f 3013 3018 3022
f 3018 3017 3007
f 3029 3030 3035
f 3035 3036 3028
f 3033 3034 3035
f 3027 3029 3035
f 3027 3035 3028
f 3032 3026 3034
f 3032 3034 3033
f 3035 3031 3036
f 3030 3032 3035
f 3034 3026 3031
f 3032 3033 3035
f 3034 3031 3035
f 3040 3041 3042
f 3043 3044 3045
f 3044 3051 3045
f 3040 3042 3057
f 3040 3057 3041
f 3044 3043 3046
f 3043 3045 3046
f 3048 3057 3047
f 3047 3042 3048
f 3054 3049 3039
f 3039 3038 3051
f 3037 3050 3051
f 3044 3052 3053
f 3045 3051 3050
f 3042 3047 3057
f 3039 3056 3054
f 3037 3055 3049
f 3051 3053 3039
f 3052 3039 3053
f 3049 3038 3039
f 3055 3038 3049
f 3051 3055 3037
f 3056 3052 3054
f 3056 3039 3052
f 3051 3044 3053
f 3051 3038 3055
f 3063 3060 3059
f 3064 3059 3065
f 3062 3061 3067
f 3064 3065 3067
f 3061 3062 3058
f 3066 3063 3067
f 3059 3064 3067
f 3063 3059 3067
f 3060 3063 3066
f 3061 3058 3066
f 3066 3067 3061
f 3058 3060 3066
f 3069 3068 3086
f 3072 3091 3073
f 3071 3085 3073
f 3075 3076 3077
f 3078 3094 3079
f 3097 3095 3081
f 3072 3082 3078
f 3082 3094 3078
f 3083 3084 3102
f 3089 3087 3088
f 3088 3069 3089
f 3087 3069 3088
f 3079 3094 2998
f 3091 3072 3092
f 2998 3094 3093
f 3094 3082 3093
f 3072 3096 3082
f 3096 3093 3082
f 3074 3081 3095
f 3087 3097 3068
f 3098 2998 3093
f 3099 3098 3093
f 3100 3099 3093
f 3076 3075 3105
f 3072 3101 3105
f 3101 3076 3105
f 3072 3098 3099
f 3100 3072 3099
f 3084 3083 3085
f 3071 3102 3085
f 3102 3084 3085
f 3072 3080 3077
f 3095 3097 3074
f 3104 3090 3070
f 3103 3104 3070
f 3068 3097 3086
f 3087 3068 3069
f 3076 3101 3077
f 3101 3072 3077
f 3072 3100 3096
f 3100 3093 3096
f 3102 3071 3092
f 3072 3105 3075
f 3071 3091 3092
f 3071 3073 3091
f 3103 3090 3104
f 3059 3107 3110
f 3116 3112 3113
f 3118 3106 3121
f 3106 3114 3110
f 3112 3116 3111
f 3114 3109 3110
f 3106 3118 3114
f 3116 3108 3119
f 3107 3117 3110
f 3116 3115 3108
f 3110 3117 3121
f 3113 3112 3111
f 3120 3119 3108
f 3108 3115 3120
f 3121 3106 3110
f 3110 3109 3059
f 3126 3122 3129
f 3127 3128 3135
f 3124 3130 3129
f 3127 3135 3123
f 3125 3124 3132
f 3134 3132 3122
f 3123 3135 3131
f 3125 3133 3124
f 3130 3126 3129
f 3134 3131 3132
f 3128 3133 3125
f 3125 3131 3135
f 3132 3124 3122
f 3122 3124 3129
f 3127 3133 3128
f 3135 3128 3125
f 3132 3131 3125
f 3136 3137 3138
f 3146 3136 3138
f 3136 3146 3137
f 3143 3144 3142
f 3148 3143 3142
f 3141 3148 3142
f 3144 3143 3148
f 3139 3146 3138
f 3148 3145 3140
f 3148 3141 3145
f 3145 3139 3140
f 3139 3147 3146
f 3141 3147 3139
f 3140 3139 3138
f 3141 3142 3147
f 3145 3141 3139
f 3163 3149 3150
f 3152 3151 3153
f 3154 3153 3151
f 3155 3169 3171
f 3172 3174 3156
f 3164 3175 3165
f 2911 3167 3168
f 3175 3177 3165
f 3171 3170 3155
f 3172 3170 3174
f 3156 3170 3172
f 3154 3151 3152
f 3149 2924 3150
f 3178 3179 3155
f 3168 3167 3157
f 3161 3153 3154
f 3159 3160 3156
f 3159 3156 3173
f 3171 3169 3170
f 3161 3180 3176
f 3180 3161 3154
f 3162 3166 3158
f 3163 2924 3149
f 3175 3162 3177
f 3169 3179 3178
f 3179 3169 3155
f 3164 3166 3162
f 2911 3157 3167
f 3161 3176 3153
f 3173 3160 3159
f 3162 3158 3177
f 3164 3162 3175
f 3205 3182 3210
f 3181 3210 3183
f 3184 3191 3190
f 3185 3186 3187
f 3189 3185 3187
f 3185 3189 3186
f 3194 3193 3213
f 3181 3195 3196
f 3197 3210 3196
f 3210 3181 3196
f 3196 3195 3198
f 3195 3203 3198
f 3197 3196 3198
f 3183 3203 3195
f 3181 3183 3195
f 3200 3193 3194
f 3207 3201 3202
f 3182 3207 3202
f 3205 3210 3197
f 3184 3199 3204
f 3182 3205 3207
f 3208 3184 3204
f 3199 3208 3204
f 3209 3191 3184
f 3208 3211 3184
f 3212 3206 3188
f 3207 3205 3201
f 3203 3210 3182
f 3211 3208 3209
f 3184 3211 3209
f 3206 3192 3188
f 3191 3209 3190
f 3210 3203 3183
f 3192 3212 3188
f 3213 3193 3200
f 3226 3217 3186
f 3218 3219 3226
f 3186 3217 3187
f 3221 3243 3240
f 3218 3228 3219
f 3187 3217 3226
f 3227 3214 3220
f 2868 3215 2877
f 3230 3229 3238
f 3226 3231 3234
f 3244 3232 3224
f 3223 3235 2877
f 2877 3235 3220
f 3226 3219 3231
f 3237 3239 3232
f 3230 3238 2877
f 3229 2877 3238
f 3237 3224 3239
f 3243 3233 3240
f 3236 3216 3225
f 3215 2911 2877
f 3215 2868 2911
f 3236 3222 3216
f 3232 3239 3224
f 3218 3241 3228
f 3227 3242 3214
f 3221 3233 3243
f 3222 3225 3216
f 3241 3234 3231
f 3227 3220 3242
f 3224 3237 3244
f 3219 3241 3231
f 3220 3235 3223
f 3219 3228 3241
f 3265 3246 3259
f 3247 3248 3249
f 2291 3247 3249
f 3253 3255 3252
f 3274 3256 3254
f 3262 3245 3257
f 3251 2291 3250
f 2291 3248 3247
f 3258 3260 3270
f 3251 3250 3259
f 3262 3257 3261
f 3263 3261 3264
f 3267 677 3266
f 3258 3267 3266
f 3259 3256 3280
f 3258 677 3267
f 2291 3268 3269
f 3266 3270 3260
f 3271 3272 3273
f 3272 3252 3273
f 3274 3275 3276
f 3274 3254 3275
f 3254 3276 3275
f 3272 3271 3252
f 3271 3253 3252
f 3277 3261 3245
f 3245 3264 3277
f 3264 3261 3277
f 3245 3261 3257
f 3253 3271 3255
f 3246 3265 3254
f 3259 3246 3254
f 3256 3259 3254
f 2291 3251 3259
f 3278 3279 3282
f 3281 3259 3282
f 2291 3281 3282
f 3258 3266 3260
f 3268 2291 3278
f 2291 3279 3278
f 3256 3274 3280
f 2291 3282 3279
f 2291 3259 3281
f 3283 3284 3285
f 3284 3286 3285
f 3286 3283 3285
f 3288 3252 3314
f 3290 3252 3288
f 3296 3297 3298
f 3301 3299 3297
f 3297 3300 3301
f 3300 3299 3301
f 3321 3318 3304
f 3286 3316 3283
f 3305 811 3306
f 3304 3303 3321
f 3308 3307 3306
f 3316 3284 3283
f 3291 3319 3311
f 3313 3294 3312
f 3320 3313 3312
f 3312 3294 3320
f 3310 3295 3307
f 3284 3316 3314
f 3319 3315 3290
f 3315 3252 3290
f 3302 3321 3303
f 3316 3296 3298
f 3316 3297 3296
f 3317 3309 3293
f 3287 3317 3293
f 3292 3319 3291
f 3287 3293 3294
f 3303 3292 3302
f 3291 3311 3292
f 3310 3289 3295
f 3288 3314 3316
f 3289 3306 3295
f 3320 3294 3293
f 3293 3309 3320
f 3310 3307 3308
f 3284 3314 3252
f 3319 3252 3315
f 3302 3292 3321
f 3295 3306 3307
f 3289 811 3305
f 3306 3289 3305
f 3318 3303 3304
f 3334 3326 3325
f 3328 3329 3330
f 3331 3332 2309
f 2309 3322 3324
f 3324 3322 3333
f 3328 2309 3324
f 3328 3331 2309
f 3328 3332 3331
f 3335 3341 3324
f 3330 3329 3337
f 3333 3323 3324
f 3326 3336 3325
f 3329 3328 3337
f 3328 3324 3337
f 3323 3335 3324
f 3326 3340 3336
f 3325 3336 3338
f 3339 3334 3325
f 3327 3339 3325
f 3325 3338 3327
f 3335 3323 3341
f 3337 3324 3341
f 3340 3338 3336
f 3349 3352 3347
f 3348 3349 3351
f 3349 3347 3345
f 3343 3344 3345
f 3351 3349 3346
f 3350 3342 3345
f 3342 3343 3345
f 3344 3351 3346
f 3349 3345 3346
f 3345 3344 3346
f 3350 3345 3347
f 3348 3352 3349
f 3355 3356 3354
f 3367 3361 3354
f 3361 3362 3354
f 3367 3363 3361
f 3363 3362 3361
f 3365 3357 3369
f 3359 3354 3353
f 3354 3359 3367
f 3366 3360 3358
f 3369 3356 3355
f 3369 3353 3356
f 3359 3353 3357
f 3362 3355 3354
f 3365 3364 3357
f 3353 3354 3356
f 3366 3358 3368
f 3364 3367 3359
f 3368 3358 3360
f 3369 3357 3353
f 3364 3359 3357
f 3372 3370 3373
f 3376 3382 3375
f 3378 3377 3386
f 3379 3377 3380
f 3383 3384 3385
f 3379 3380 3373
f 3377 3379 3373
f 3386 3377 3373
f 3384 3392 3385
f 3392 3382 3385
f 3374 3372 3387
f 813 3382 3376
f 3386 3389 3382
f 3391 813 3385
f 3382 3389 3375
f 3370 3389 3386
f 3384 3383 3392
f 3382 3392 3386
f 3382 3391 3385
f 3390 3386 3381
f 3391 3382 813
f 3387 3389 3370
f 3374 3370 3372
f 3389 3387 3388
f 3370 3374 3387
f 3390 3378 3386
f 3386 3373 3370
f 3375 3389 3371
f 3388 3371 3389
f 3386 3392 3381
f 3393 3394 3395
f 3396 3393 3395
f 3400 3401 3402
f 3412 3414 3402
f 3411 3403 3394
f 3404 3397 3363
f 3400 3414 3401
f 3399 3411 3397
f 3403 3409 3396
f 3411 3409 3403
f 3414 3400 3402
f 3399 3413 3411
f 3403 3396 3395
f 3394 3403 3395
f 3406 3405 3398
f 3408 3412 3402
f 3408 3414 3412
f 3411 3410 3409
f 3409 3398 3405
f 3397 3411 3394
f 3406 3409 3405
f 3363 3407 3404
f 3407 3397 3404
f 3413 3399 3410
f 3411 3413 3410
f 3417 3418 3419
f 3436 3417 3419
f 3420 3435 3373
f 3423 3421 3424
f 3424 3420 3373
f 3416 3425 3422
f 3415 3419 3401
f 3401 3427 3415
f 3422 3425 3421
f 3422 3436 3416
f 3435 3420 3424
f 3416 3435 3424
f 3425 3424 3421
f 3421 3428 3429
f 3430 3421 3431
f 3430 3428 3421
f 3429 3432 3421
f 3425 3416 3424
f 3431 3433 3430
f 3433 3428 3430
f 3419 3416 3436
f 3421 3433 3431
f 3416 3415 3427
f 3426 3421 3423
f 3424 3426 3423
f 3417 3436 3418
f 3421 3434 3433
f 3415 3416 3419
f 3427 3435 3416
f 3440 3451 3439
f 3441 3440 3439
f 3442 3451 3440
f 3443 3451 3444
f 3441 3442 3440
f 3441 3451 3442
f 3448 3441 3455
f 3450 3444 3451
f 3437 3450 3451
f 3441 3449 3451
f 3445 3447 3449
f 3446 3438 3452
f 3449 3447 3446
f 3449 3441 3448
f 3447 3445 3438
f 3446 3447 3438
f 3454 3444 3453
f 3443 3444 3454
f 3453 3443 3454
f 3455 3453 3448
f 3449 3437 3451
f 3446 3437 3449
f 3443 3453 3455
f 3445 3449 3448
f 3446 3452 3437
f 3455 3441 3443
f 3439 3451 3443
f 3441 3439 3443
f 3503 3456 3433
f 3457 3459 3458
f 3483 3481 3460
f 3461 3462 3458
f 3489 3492 3471
f 3477 3472 3483
f 3470 3477 3473
f 3492 3474 3471
f 3475 3476 3461
f 3478 3463 3480
f 3482 3481 3470
f 3481 3482 3474
f 3485 3501 3457
f 3470 3481 3483
f 3462 3485 3457
f 3478 3477 3463
f 3461 3458 3459
f 3487 3488 3484
f 3462 3457 3458
f 3490 3483 3460
f 3463 3460 3491
f 3466 3469 3462
f 3469 3501 3462
f 3492 3489 3464
f 3471 3461 3489
f 3470 3473 3474
f 3472 3477 3470
f 3464 3474 3492
f 3501 3485 3462
f 3493 3477 3480
f 3491 3503 3463
f 3477 3478 3480
f 3497 3504 3467
f 3494 3493 3480
f 3482 3470 3474
f 3483 3472 3470
f 3494 3477 3493
f 3483 3490 3477
f 3469 3466 3484
f 3496 3498 3494
f 3498 3499 3494
f 3500 3494 3480
f 3488 3487 3501
f 3500 3496 3494
f 3499 3498 3496
f 3502 3499 3496
f 3468 3465 3495
f 3461 3459 3475
f 3459 3476 3475
f 3456 3460 3433
f 3499 3502 3494
f 3502 3477 3494
f 3465 3468 3479
f 3504 3497 3486
f 3486 3497 3467
f 3468 3495 3479
f 3456 3503 3460
f 3503 3491 3460
f 3489 3461 3464
f 3469 3484 3501
f 3484 3488 3501
f 3513 3509 3508
f 3518 3521 3514
f 3505 3517 3518
f 3515 3516 3511
f 3518 3517 3511
f 3511 3510 3515
f 3514 3505 3518
f 3512 3518 3511
f 3511 3516 3519
f 3508 3520 3513
f 3510 3511 3506
f 3506 3511 3517
f 3507 3512 3511
f 3507 3521 3518
f 3518 3512 3507
f 3507 3511 3519
f 3519 3521 3507
f 3508 3509 3520
f 3540 3524 3525
f 3526 3531 3527
f 3529 3523 3522
f 3532 3525 3524
f 3532 3540 3525
f 3532 3527 3540
f 3534 3535 3536
f 3523 3528 3537
f 3529 3530 3534
f 3528 3523 3539
f 3529 3534 3527
f 3534 3538 3527
f 3540 3527 3542
f 3529 3527 3523
f 3530 3529 3541
f 3533 3522 3523
f 3539 3523 3531
f 3542 3527 3538
f 3530 3535 3534
f 3533 3523 3537
f 3523 3527 3531
f 3531 3526 3539
f 3535 3530 3536
f 3532 3526 3527
f 3541 3529 3522
f 3554 3568 3543
f 3548 3549 3550
f 3563 3550 3561
f 3553 3549 3548
f 3550 3553 3548
f 3560 3544 3546
f 3546 3544 3555
f 3545 3556 3567
f 3561 3549 3557
f 3567 3556 3558
f 3546 3559 3560
f 3563 3561 3557
f 3565 3564 3554
f 3552 3562 3559
f 3562 3560 3559
f 3565 3566 3564
f 3564 3551 3554
f 3561 3550 3549
f 3547 3567 3558
f 3545 3567 3547
f 3566 3565 3554
f 3546 3555 3552
f 3568 3554 3551
f 3559 3546 3552
f 3554 3543 3566
f 3570 3552 3571
f 3570 3573 3552
f 3574 3575 3576
f 3552 3592 3574
f 3580 3578 3569
f 3580 3581 3582
f 3586 3584 3593
f 3587 3588 3589
f 3588 3572 3589
f 3591 3575 3574
f 3619 3615 3594
f 3585 3597 3586
f 3597 3583 3586
f 3575 3633 3635
f 3585 3583 3597
f 3595 3578 3599
f 3635 3602 3575
f 3627 3589 3599
f 3604 3605 3644
f 3600 3602 3635
f 3607 3619 3594
f 3578 3616 3625
f 3576 3575 3608
f 3581 3580 3569
f 3609 3581 3569
f 3577 3625 3616
f 3592 3552 3642
f 3632 3578 3624
f 3587 3620 3599
f 3598 3583 3604
f 3579 3600 3590
f 3621 3600 3575
f 3598 3622 3603
f 3623 3603 3622
f 3598 3623 3622
f 3617 3572 3588
f 3599 3628 3606
f 3641 3552 3573
f 3570 3641 3573
f 3595 3606 3577
f 3592 3642 3574
f 3634 3575 3602
f 3600 3634 3602
f 3619 3607 3583
f 3620 3589 3627
f 3599 3620 3627
f 3614 3610 3590
f 3612 3636 3637
f 3636 3596 3637
f 3638 3601 3639
f 3581 3624 3582
f 3580 3624 3578
f 3577 3616 3595
f 3580 3582 3624
f 3575 3591 3618
f 3591 3574 3618
f 3593 3584 3585
f 3587 3589 3620
f 3633 3575 3603
f 3598 3604 3623
f 3595 3599 3606
f 3629 3596 3611
f 3644 3605 3643
f 3605 3626 3643
f 3617 3588 3587
f 3616 3578 3595
f 3579 3590 3610
f 3593 3585 3586
f 3604 3583 3613
f 3632 3624 3599
f 3645 3575 3634
f 3600 3645 3634
f 3615 3619 3583
f 3644 3623 3604
f 3633 3603 3635
f 3632 3599 3578
f 3638 3630 3601
f 3604 3613 3631
f 3626 3604 3631
f 3628 3599 3640
f 3629 3611 3612
f 3596 3636 3612
f 3611 3596 3612
f 3613 3583 3631
f 3605 3604 3626
f 3590 3600 3614
f 3638 3639 3630
f 3606 3628 3640
f 3645 3621 3575
f 3621 3645 3600
f 3677 3649 3650
f 3649 3651 3650
f 3651 3677 3650
f 3653 3652 3660
f 3654 3655 3656
f 3665 3653 3660
f 3657 3655 3654
f 3656 3657 3654
f 3658 3665 3660
f 3663 3669 3665
f 3667 3666 3662
f 3656 3673 3659
f 3648 3674 3670
f 3652 3661 3660
f 3667 3674 3666
f 3672 3659 3673
f 3664 3671 3678
f 3679 3664 3678
f 3658 3660 3661
f 3663 3668 3669
f 3671 3664 3679
f 3674 3667 3670
f 3668 3665 3669
f 3676 3647 3646
f 3646 3647 3675
f 3652 3653 3665
f 3659 3657 3656
f 3657 3659 3672
f 3648 3666 3674
f 3675 3676 3646
f 3666 3648 3662
f 3697 3680 3705
f 3708 3685 3707
f 3689 3690 3691
f 3704 3682 3699
f 3695 3680 3694
f 3700 3702 3701
f 3702 3703 3701
f 3689 3697 3705
f 3698 3696 3684
f 3695 3694 3681
f 3688 3686 3700
f 3705 3681 3689
f 3707 3702 3700
f 3691 3690 3681
f 3690 3689 3681
f 3683 3699 3682
f 3707 3703 3702
f 3688 3708 3686
f 3686 3708 3687
f 3700 3686 3687
f 3698 3684 3693
f 3710 3709 3692
f 3707 3685 3692
f 3693 3684 3706
f 3680 3681 3705
f 3680 3695 3681
f 3692 3703 3707
f 3709 3710 3703
f 3692 3709 3703
f 3696 3706 3684
f 3704 3699 3683
f 3708 3700 3687
f 3708 3707 3700
f 3599 3720 3721
f 3722 3717 3599
f 3599 3717 3720
f 3727 3724 3716
f 3725 3418 3716
f 3418 3727 3716
f 3717 3722 3711
f 3725 3712 3418
f 3723 3717 3725
f 3727 3418 3724
f 3715 3711 3719
f 3726 3725 3715
f 3714 3726 3712
f 3715 3725 3717
f 3726 3719 3718
f 3712 3728 3713
f 3418 3712 3713
f 3719 3726 3715
f 3721 3720 3717
f 3722 3719 3711
f 3715 3717 3711
f 3712 3718 3728
f 3712 3726 3718
f 3716 3723 3725
f 3725 3726 3714
f 3712 3725 3714
f 3729 3730 3732
f 3734 3733 3731
f 3733 3737 3731
f 3738 3736 3735
f 3735 3736 3737
f 3731 3736 3730
f 3730 3734 3731
f 3736 3738 3730
f 3737 3736 3731
f 3732 3730 3738
f 3730 3729 3734
f 3739 3751 3745
f 3745 3740 3749
f 3748 3749 3743
f 3749 3742 3743
f 3640 3743 3742
f 3746 3640 3742
f 3747 3741 3744
f 3741 3749 3744
f 3742 3749 3746
f 3748 3744 3749
f 3740 3750 3746
f 3751 3739 3749
f 3745 3749 3739
f 3741 3751 3749
f 3747 3751 3741
f 3749 3740 3746
f 3745 3750 3740
f 3753 3760 3754
f 3768 3761 3755
f 3764 3763 3762
f 3763 3766 3762
f 3753 3767 3760
f 3754 3767 3753
f 3752 3756 3761
f 3768 3752 3761
f 3771 3772 3773
f 3774 3771 3773
f 3772 3774 3773
f 3762 3769 3764
f 3770 3756 3764
f 3765 3784 3764
f 3766 3755 3769
f 3762 3766 3769
f 3769 3761 3770
f 3784 3776 3775
f 3777 3778 3775
f 3778 3784 3775
f 3776 3777 3775
f 3784 3778 3779
f 3774 3758 3771
f 3781 3776 3784
f 3758 3784 3780
f 3759 3755 3783
f 3774 3781 3784
f 3766 3782 3783
f 3783 3755 3766
f 3757 3755 3759
f 3784 3758 3774
f 3784 3779 3764
f 3783 3763 3764
f 3763 3782 3766
f 3783 3782 3763
f 3761 3756 3770
f 3761 3769 3755
f 3780 3784 3765
f 3769 3770 3764
f 3768 3755 3757
f 3787 3797 3788
f 3795 3796 3802
f 3794 3788 3797
f 3798 3785 3801
f 3801 3786 3798
f 3799 3802 3793
f 3801 3803 3790
f 3800 3803 3801
f 3791 3800 3792
f 3801 3790 3786
f 3792 3801 3785
f 3794 3797 3787
f 3791 3789 3800
f 3805 3799 3804
f 3795 3805 3804
f 3795 3802 3799
f 3805 3795 3799
f 3802 3796 3793
f 3792 3800 3801
f 3789 3803 3800
f 3807 3833 3808
f 3809 3810 3806
f 3811 3807 3808
f 3806 3812 3809
f 3812 3810 3809
f 3816 3821 3825
f 3721 3817 3818
f 3822 3823 3824
f 3823 3815 3824
f 3814 3815 3822
f 3815 3823 3822
f 3811 3824 3815
f 3828 3808 3822
f 3834 3836 3721
f 3830 3811 3817
f 3832 3838 3810
f 3721 3818 3820
f 3821 3816 3813
f 3837 3819 3827
f 3817 3820 3818
f 3811 3828 3824
f 3828 3822 3824
f 3813 3825 3821
f 3826 3834 3721
f 3817 3721 3839
f 3721 3836 3839
f 3836 3817 3839
f 3808 3828 3811
f 3832 3810 3829
f 3838 3832 3829
f 3807 3811 3833
f 3819 3831 3827
f 3836 3834 3826
f 3830 3835 3811
f 3835 3830 3817
f 3831 3837 3827
f 3840 3848 3812
f 3842 3843 3844
f 3848 3842 3844
f 3847 3846 3845
f 3844 3843 3851
f 3852 3853 3845
f 3852 3854 3853
f 3846 3847 3841
f 3858 3846 3859
f 3846 3860 3859
f 3860 3841 3859
f 3841 3858 3859
f 3860 3846 3841
f 3848 3850 3857
f 3858 3862 3846
f 3850 3849 3857
f 3848 3855 3812
f 3850 3848 3840
f 3861 3857 3849
f 3847 3845 3863
f 3857 3861 3856
f 3849 3850 3858
f 3850 3840 3858
f 3842 3857 3856
f 3848 3844 3855
f 3843 3842 3851
f 3853 3854 3845
f 3842 3848 3857
f 3847 3863 3841
f 3885 3864 3865
f 3906 3865 3864
f 3869 3870 3866
f 3874 3875 3876
f 3881 3874 3876
f 3875 3877 3876
f 3877 3878 3876
f 3906 3885 3865
f 3896 3867 3882
f 3885 3873 3887
f 3873 3886 3887
f 3885 3883 3873
f 3890 3891 3905
f 3866 3893 3881
f 3885 3887 3886
f 3877 3874 3897
f 3890 3883 3891
f 3901 3867 3871
f 3881 3876 3899
f 3894 3881 3899
f 3871 3867 3879
f 3879 3901 3871
f 3902 3883 3903
f 3885 3902 3903
f 3883 3885 3903
f 3885 3886 3864
f 3873 3904 3890
f 3883 3904 3873
f 3883 3884 3889
f 3891 3883 3905
f 3892 3898 3872
f 3888 3884 3883
f 3895 3892 3872
f 3874 3881 3893
f 3874 3877 3875
f 3907 3881 3868
f 3883 3895 3872
f 3881 3894 3868
f 3893 3870 3869
f 3895 3908 3892
f 3908 3909 3892
f 3909 3898 3892
f 3866 3870 3893
f 3872 3898 3883
f 3904 3883 3890
f 3884 3888 3889
f 3878 3899 3876
f 3866 3881 3907
f 3880 3896 3882
f 3882 3900 3880
f 3867 3900 3882
f 3877 3899 3878
f 3924 3910 3914
f 3928 3915 3914
f 3920 3921 3915
f 3922 3924 3923
f 3914 3937 3926
f 3927 3928 3910
f 3928 3914 3910
f 3911 3928 3927
f 3914 3926 3912
f 3929 3931 3916
f 3917 3916 3936
f 3937 3938 3926
f 3932 3917 3936
f 3933 3934 3938
f 3926 3934 3933
f 3937 3914 3913
f 3926 3938 3934
f 3911 3927 3910
f 3914 3922 3923
f 3924 3914 3923
f 3918 3916 3931
f 3917 3932 3929
f 3919 3922 3914
f 3916 3918 3936
f 3918 3931 3925
f 3937 3913 3915
f 3918 3930 3935
f 3913 3914 3915
f 3912 3919 3914
f 3928 3920 3915
f 3920 3928 3921
f 3925 3930 3918
f 3935 3930 3936
f 3918 3935 3936
f 3917 3929 3916
f 3937 3915 3938
f 3536 3979 3944
f 3970 3536 3944
f 3979 3970 3944
f 3947 3541 3948
f 3979 3949 3948
f 3949 3947 3948
f 3541 3950 3948
f 3950 3979 3948
f 3975 3952 3942
f 3954 3955 3541
f 3956 3954 3541
f 3538 3958 3959
f 3979 3955 3960
f 3955 3954 3960
f 3954 3956 3960
f 3536 3961 3979
f 3969 3942 3962
f 3967 3972 3976
f 3979 3950 3955
f 3950 3541 3955
f 3961 3949 3979
f 3972 3971 3966
f 3969 3945 3946
f 3536 3949 3961
f 3541 3947 3949
f 3965 3972 3943
f 3942 3952 3973
f 3965 3943 3974
f 3941 3940 3951
f 3973 3952 3975
f 3977 3939 3964
f 3945 3962 3957
f 3941 3978 3940
f 3946 3945 3957
f 3964 3966 3971
f 3976 3966 3964
f 3974 3943 3972
f 3972 3963 3968
f 3967 3976 3953
f 3951 3978 3941
f 3963 3967 3968
f 3976 3939 3953
f 3962 3945 3969
f 3969 3946 3942
f 3972 3966 3976
f 3964 3939 3976
f 3960 3956 3979
f 3972 3967 3963
f 3980 3970 3959
f 3980 3958 3970
f 3958 3980 3959
f 3977 3964 3971
f 1944 3982 3997
f 3982 1944 3987
f 3989 3982 3992
f 3990 3995 3994
f 1944 3996 3983
f 4004 3984 3981
f 3992 3982 3987
f 3991 3995 3990
f 3996 1944 3984
f 3993 4001 3985
f 4002 3986 3988
f 4001 4003 3985
f 3993 4003 4001
f 3988 3986 4000
f 3991 3990 3994
f 3982 3989 3999
f 4004 3981 3998
f 3997 3982 3999
f 3981 3984 3998
f 4000 3986 4002
f 3983 3996 3984
f 1944 3992 3987
f 4011 4005 4008
f 4015 4016 4006
f 4005 4006 4008
f 4018 4017 4006
f 4005 4015 4006
f 4006 4016 4018
f 4014 4012 4020
f 4005 4018 4015
f 4018 4016 4015
f 4007 4009 4012
f 4010 4012 4014
f 4009 4008 4012
f 4007 4010 4014
f 4002 4009 4019
f 4007 4019 4009
f 4021 4017 4018
f 4017 4012 4006
f 4020 4017 4021
f 4002 4013 4008
f 4008 4013 4011
f 4009 4002 4008
f 4007 4012 4010
f 4020 4012 4017
f 4008 4006 4012
f 4022 4028 4039
f 4030 4028 4032
f 4022 4031 4032
f 4028 4022 4032
f 1811 4032 4031
f 4022 1811 4031
f 4034 4036 4035
f 4034 4037 4036
f 4037 4038 4036
f 4029 4023 4037
f 4023 4029 4040
f 4033 4043 4041
f 4043 4027 4041
f 4037 4035 4029
f 4027 4043 4033
f 4029 4033 4041
f 4035 4037 4034
f 4042 4024 4025
f 4039 4028 4030
f 4029 4041 4040
f 4035 4033 4029
f 4042 4025 4026
f 4024 4042 4026
f 4044 4045 4046
f 4047 4074 4045
f 4044 4047 4045
f 4049 4052 4050
f 4047 4046 4048
f 4057 4058 4056
f 4063 4057 4056
f 4051 4060 4057
f 4056 4065 4063
f 4061 4051 4059
f 4051 4054 4050
f 4060 4051 4050
f 4065 4050 4052
f 4051 4067 4054
f 4065 4052 4049
f 4048 4046 4070
f 4045 4074 4072
f 4046 4045 4072
f 4076 4066 4073
f 4047 4044 4046
f 4048 4070 4068
f 4071 4055 4068
f 4055 4048 4068
f 4076 4068 4070
f 4076 4064 4068
f 4075 4056 4058
f 4062 4051 4061
f 4046 4057 4063
f 4067 4053 4054
f 4051 4053 4067
f 4063 4065 4046
f 4062 4061 4059
f 4069 4076 4070
f 4050 4075 4058
f 4060 4050 4057
f 4050 4058 4057
f 4075 4050 4056
f 4050 4065 4056
f 4069 4066 4076
f 4069 4070 4046
f 4064 4071 4068
f 4073 4064 4076
f 4084 4079 4078
f 4081 4080 4082
f 4077 4086 4083
f 4077 4082 4086
f 4085 4078 4080
f 4084 4085 4077
f 4084 4078 4085
f 4077 4079 4084
f 4085 4081 4077
f 4083 4078 4079
f 4081 4085 4080
f 4081 4082 4077
f 4083 4079 4077
f 4097 4098 4091
f 4094 4095 4092
f 4094 4092 4088
f 4087 4097 4096
f 4090 4094 4089
f 4094 4088 4089
f 4090 4089 4095
f 4087 4098 4097
f 4097 4093 4096
f 4095 4094 4090
f 4091 4099 4097
f 4099 4093 4097
f 4108 4106 4105
f 4107 4113 4108
f 4108 4113 4104
f 4112 4114 4103
f 4104 4116 4117
f 4118 4116 4104
f 4107 4108 4115
f 4105 4104 4117
f 4121 4111 4110
f 4104 4113 4118
f 4101 4102 4119
f 4115 4120 4107
f 4100 4120 4115
f 4101 4119 4123
f 4100 4109 4120
f 4107 4111 4113
f 4123 4109 4122
f 4109 4100 4115
f 4119 4109 4123
f 4107 4110 4111
f 4123 4103 4101
f 4102 4101 4103
f 4112 4103 4123
f 4108 4104 4106
f 4106 4104 4105
f 4111 4117 4116
f 4118 4111 4116
f 4112 4122 4114
f 4123 4122 4112
f 4120 4109 4121
f 4107 4120 4110
f 4120 4121 4110
f 4113 4111 4118
f 4133 4124 4125
f 4128 4125 4137
f 4126 4124 4127
f 4125 4126 4127
f 4137 4127 4128
f 4136 4134 4135
f 4139 4109 4135
f 4135 4132 4140
f 4137 4125 4127
f 4138 4131 4133
f 4133 4132 4138
f 4109 4134 4136
f 4109 4129 4132
f 4132 4133 4130
f 4130 4133 4125
f 4134 4139 4135
f 4109 4139 4134
f 4129 4138 4132
f 4131 4138 4129
f 4132 4135 4109
f 4124 4133 4131
f 4132 4130 4140
f 4124 4126 4125
f 4142 4145 4148
f 4146 4145 4143
f 4143 4141 4144
f 4147 4143 4142
f 4141 4147 4148
f 4141 4143 4147
f 4147 4142 4148
f 4142 4143 4145
f 4143 4144 4146
f 4157 4162 4159
f 4150 4018 4154
f 4151 4155 4150
f 4150 4154 4153
f 4150 4161 4152
f 4157 4159 4160
f 4150 4155 4161
f 4152 4161 4149
f 4149 4150 4152
f 4150 4149 4018
f 4161 4156 4149
f 4153 4151 4150
f 4161 4158 4156
f 4160 4161 4157
f 4155 4157 4161
f 4161 4160 4158
f 4157 4155 4162
f 4149 4156 4018
f 4162 4155 4151
f 4163 4164 4165
f 4164 4182 4165
f 4166 4163 4165
f 4182 4166 4165
f 4163 4182 4164
f 4170 4163 4166
f 4168 4182 4163
f 4167 4169 4186
f 4188 4177 4187
f 4173 4185 3788
f 3759 4173 3788
f 4172 4177 4188
f 4181 4178 4180
f 4176 4179 4187
f 4186 4184 4167
f 4186 4183 4184
f 4180 4189 4181
f 4174 4182 4168
f 4163 4174 4168
f 4183 4175 4174
f 3759 4185 4173
f 4163 4183 4174
f 4183 4163 4171
f 4169 4175 4186
f 4163 4170 4171
f 4184 4183 4171
f 4188 4187 4179
f 4180 4178 4189
f 4186 4175 4183
f 4187 3757 4176
f 4172 4188 4179
f 4177 3757 4187
f 4194 4199 4195
f 4190 4194 4195
f 4191 4196 4190
f 4196 4191 4192
f 4197 4199 4190
f 4200 4193 4197
f 4199 4194 4190
f 4197 4192 4200
f 4192 4191 4198
f 4190 4196 4197
f 4198 4200 4192
f 4197 4193 4199
f 4196 4192 4197
f 4204 4202 4211
f 4202 4203 4211
f 4203 4201 4211
f 4204 4203 4202
f 4217 4212 4210
f 4213 4212 4215
f 4213 4205 4212
f 4215 4212 4217
f 4215 4214 4209
f 4207 4216 4218
f 4209 4214 4210
f 4211 4201 4216
f 4207 4208 4216
f 4215 4205 4213
f 4206 4201 4203
f 4211 4216 4208
f 4217 4214 4215
f 4217 4210 4214
f 4216 4206 4218
f 4201 4206 4216
f 4220 4227 4231
f 4223 4224 4220
f 4229 4223 4220
f 4223 4225 4224
f 4225 4229 4224
f 4224 4228 4220
f 4231 4229 4220
f 4229 4225 4223
f 4226 4221 4219
f 4221 4226 4222
f 4231 4227 4229
f 4222 4226 4230
f 4219 4230 4226
f 4233 4245 4234
f 4250 4234 4245
f 4242 4259 4236
f 4237 4242 4236
f 4241 4237 4236
f 4239 4243 4238
f 4244 4239 4238
f 4253 4233 4234
f 4235 4260 4252
f 4248 4249 4247
f 4235 4232 4260
f 4246 4253 4234
f 4245 4233 4253
f 4251 4245 4253
f 4239 4242 4237
f 4244 4254 4239
f 4255 4254 4247
f 4247 4249 4255
f 4248 4255 4249
f 4242 4239 4254
f 4254 4244 4247
f 4232 4256 4260
f 4257 4241 4236
f 4237 4241 4257
f 4256 4240 4260
f 4244 4238 4243
f 4247 4244 4248
f 4250 4245 4251
f 4259 4242 4254
f 4253 4246 4258
f 4259 4254 4255
f 4252 4260 4240
f 4251 4253 4258
f 4265 4261 4266
f 4264 4262 4267
f 4268 4271 4265
f 4274 4272 4269
f 4263 4271 4268
f 4270 4266 4261
f 4273 4264 4267
f 4267 4269 4272
f 4265 4271 4261
f 4273 4262 4264
f 4271 4263 4261
f 4267 4272 4274
f 4261 4263 4270
f 4275 4276 4277
f 4278 4277 4276
f 4289 4278 4288
f 4287 4284 4282
f 4279 4282 4284
f 4277 4280 4275
f 4293 4288 4278
f 4285 4292 4284
f 4287 4282 4291
f 4275 4278 4276
f 4291 4282 4275
f 4283 4281 4290
f 4290 4281 4288
f 4278 4280 4277
f 4279 4290 4293
f 4275 4293 4278
f 4290 4279 4286
f 4286 4279 4284
f 4285 4284 4287
f 4292 4285 4287
f 4283 4290 4286
f 4279 4293 4282
f 4288 4293 4290
f 4282 4293 4275
f 4281 4289 4288
f 4302 4295 4301
f 4309 4298 4310
f 4297 4312 4298
f 4309 4305 4298
f 4308 4302 4301
f 4298 4305 4297
f 4309 4310 4305
f 4313 4295 4307
f 4312 4297 4305
f 4306 4296 4294
f 4304 4303 4299
f 3899 4296 4306
f 4311 4307 4308
f 4307 4311 4313
f 4300 4299 4303
f 4295 4308 4307
f 3899 4306 4314
f 4306 4294 4314
f 4304 4300 4303
f 4302 4308 4295
f 4316 4318 4315
f 4326 4317 4325
f 4317 4326 4321
f 4324 4322 4328
f 4315 4318 4319
f 4323 4324 4320
f 4322 4324 4323
f 4321 4326 4325
f 4324 4327 4329
f 4327 4328 4330
f 4320 4324 4329
f 4324 4328 4327
f 4316 4315 4319
f 4329 4327 4330
f 4329 4330 4320
f 4333 4334 4336
f 4335 4334 4333
f 4336 4335 4333
f 4337 4341 4340
f 4340 4339 4337
f 4339 4336 4334
f 4339 4332 4336
f 4340 4332 4339
f 4341 4338 4340
f 4334 4337 4339
f 4340 4331 4332
f 4340 4338 4331
f 4334 4341 4337
f 4345 4344 4347
f 4344 4346 4347
f 4355 4356 4344
f 4354 4364 4365
f 4356 4355 4343
f 4358 4368 4369
f 4352 4363 4379
f 4364 4366 4365
f 4353 4375 4372
f 4350 4371 4370
f 4357 4350 4370
f 4376 4374 4359
f 4353 4351 4375
f 4358 4360 4368
f 4373 4374 4376
f 4367 4348 4363
f 4346 4349 4342
f 4344 4343 4355
f 4354 4377 4364
f 4362 4361 4378
f 4379 4363 4383
f 4362 4378 4266
f 4366 4364 4377
f 4370 4371 4357
f 4348 4380 4381
f 4381 4380 4367
f 4346 4382 4345
f 4347 4346 4345
f 4352 4367 4363
f 4382 4342 4349
f 4346 4342 4382
f 4362 4266 4361
f 4373 4376 4359
f 4372 4351 4353
f 4368 4360 4369
f 4348 4367 4380
f 4363 4348 4383
f 4387 4388 4397
f 4390 4391 4386
f 4385 4390 4386
f 4392 4393 4387
f 4395 4391 4390
f 4388 4384 4389
f 4393 4396 4387
f 4397 4388 4394
f 4392 4396 4393
f 4389 4384 4398
f 4385 4386 4384
f 4388 4387 4385
f 4398 4384 4386
f 4394 4388 4389
f 4385 4396 4390
f 4396 4385 4387
f 4385 4384 4388
f 4391 4395 4386
f 4401 4402 4381
f 4400 4399 4405
f 4408 4400 4402
f 4400 4409 4399
f 4405 4399 4407
f 4407 4402 4400
f 4408 4401 4403
f 4402 4404 4381
f 4409 4406 4403
f 4404 4410 4381
f 4406 4408 4403
f 4406 4400 4408
f 4402 4407 4404
f 4404 4407 4399
f 4409 4400 4406
f 4405 4407 4400
f 4408 4402 4401
f 4411 4410 4404
f 4381 4410 4411

