# https://github.com/mikedh/trimesh
v 0.01981447 -0.04233643 0.02735277
v 0.01968060 -0.04289868 0.02711748
v 0.02083054 -0.04289868 0.02643017
v 0.02097454 -0.04233643 0.02665941
v 0.01232405 -0.04233643 0.03040092
v 0.01225563 -0.04289868 0.03013898
v 0.01354401 -0.04289868 0.02977197
v 0.01362378 -0.04233643 0.03003067
v 0.01471489 -0.04327351 0.02906793
v 0.01595428 -0.04327351 0.02859452
v 0.01606670 -0.04289868 0.02887086
v 0.01481515 -0.04289868 0.02934891
v 0.01505279 -0.04049975 0.03001495
v 0.01625823 -0.04154928 0.02934166
v 0.01633318 -0.04049975 0.02952589
v 0.01387816 -0.04361086 0.02865367
v 0.01315982 -0.04364834 0.02852601
v 0.01437698 -0.04364834 0.02812091
v 0.01449395 -0.04361086 0.02844873
v 0.01570654 -0.04361086 0.02798555
v 0.01583353 -0.04349841 0.02829772
v 0.01460720 -0.04349841 0.02876613
v 0.02140599 -0.04361086 0.02490682
v 0.02032209 -0.04361086 0.02562083
v 0.02067255 -0.04364834 0.02497327
v 0.01920795 -0.04361086 0.02628675
v 0.01903583 -0.04364834 0.02598423
v 0.02013694 -0.04364834 0.02532610
v 0.02159754 -0.04349841 0.02518410
v 0.02050137 -0.04349841 0.02590621
v 0.00761423 -0.04327351 0.03066840
v 0.00831119 -0.04289868 0.03089644
v 0.00697846 -0.04289868 0.03103372
v 0.00958672 -0.04327351 0.03040730
v 0.00963667 -0.04289868 0.03070143
v 0.00700034 -0.04233643 0.03130354
v 0.00834483 -0.04233643 0.03116505
v 0.01088960 -0.04327351 0.03015720
v 0.01095233 -0.04289868 0.03044887
v 0.00696640 -0.04308610 0.03088504
v 0.00564103 -0.04289868 0.03111304
v 0.00562990 -0.04327351 0.03081492
v 0.00429973 -0.04233643 0.03140491
v 0.00565112 -0.04233643 0.03138356
v 0.00565998 -0.04154928 0.03162095
v 0.00429823 -0.04154928 0.03164247
v 0.00947665 -0.04361086 0.02975914
v 0.00941838 -0.04364834 0.02941599
v 0.01067818 -0.04364834 0.02917416
v 0.01075137 -0.04361086 0.02951444
v 0.00695434 -0.04327351 0.03073637
v 0.00692843 -0.04349841 0.03041699
v 0.00823431 -0.04349841 0.03028248
v 0.00827412 -0.04327351 0.03060043
v 0.00160077 -0.04233643 0.03127076
v 0.00157857 -0.04154928 0.03150728
v 0.00022585 -0.04154928 0.03135017
v 0.00025835 -0.04233643 0.03111484
v -0.00377352 -0.04154928 0.03052720
v -0.00245270 -0.04154928 0.03085944
v -0.00249698 -0.04049975 0.03105333
v -0.00632433 -0.04194286 0.02958109
v -0.00763197 -0.04154928 0.02919130
v -0.00753967 -0.04233643 0.02897240
v -0.00608499 -0.04327351 0.02893624
v -0.00618880 -0.04289868 0.02921593
v -0.00743449 -0.04289868 0.02872295
v -0.00731857 -0.04327351 0.02844805
v -0.00628300 -0.04233643 0.02946973
v -0.00877331 -0.04233643 0.02842056
v -0.00355983 -0.04327351 0.02974943
v -0.00363887 -0.04289868 0.03003710
v -0.00492277 -0.04289868 0.02965421
v -0.00483126 -0.04327351 0.02937026
v -0.00643487 -0.04049975 0.02987890
v -0.00636567 -0.04154928 0.02969244
v -0.00507868 -0.04154928 0.03013797
v -0.00513968 -0.04049975 0.03032727
v -0.00591486 -0.04355464 0.02847786
v -0.00719408 -0.04349841 0.02815278
v -0.00706314 -0.04361086 0.02784225
v 0.00171540 -0.04361086 0.03004961
v 0.00042613 -0.04361086 0.02989986
v 0.00047374 -0.04364834 0.02955507
v 0.00174793 -0.04364834 0.02970306
v 0.00165395 -0.04327351 0.03070419
v 0.00033619 -0.04327351 0.03055113
v 0.00103196 -0.04349841 0.03030943
v -0.00097366 -0.04327351 0.03034054
v -0.00091602 -0.04349841 0.03002533
v 0.00038002 -0.04349841 0.03023370
v 0.00169965 -0.04355464 0.03021738
v -0.01116196 -0.04233643 0.02715694
v -0.01128204 -0.04154928 0.02736192
v -0.01244165 -0.04154928 0.02664768
v -0.01231275 -0.04233643 0.02644813
v -0.01102513 -0.04289868 0.02692335
v -0.00985493 -0.04289868 0.02757558
v -0.00998145 -0.04233643 0.02781491
v -0.01556565 -0.04233643 0.02403174
v -0.01571950 -0.04154928 0.02421275
v -0.01673803 -0.04154928 0.02330873
v -0.01657643 -0.04233643 0.02313460
v -0.01639228 -0.04289868 0.02293617
v -0.01539033 -0.04289868 0.02382547
v -0.01745062 -0.04261756 0.02209901
v -0.01451670 -0.04233643 0.02488404
v -0.01466251 -0.04154928 0.02507159
v -0.01477134 -0.04361086 0.02309720
v -0.01574210 -0.04361086 0.02223559
v -0.01550534 -0.04364834 0.02198046
v -0.01454593 -0.04364834 0.02283200
v -0.01714202 -0.04327351 0.02179428
v -0.01691400 -0.04349841 0.02156913
v -0.01597136 -0.04349841 0.02248261
v -0.01618933 -0.04327351 0.02271749
v -0.01310237 -0.04327351 0.02522595
v -0.01291692 -0.04349841 0.02496465
v -0.01183011 -0.04349841 0.02570101
v -0.01200398 -0.04327351 0.02597016
v -0.01054202 -0.04361086 0.02609866
v -0.01071236 -0.04349841 0.02638945
v -0.01164724 -0.04361086 0.02541793
v -0.01272188 -0.04361086 0.02468981
v -0.01252045 -0.04364834 0.02440597
v -0.01145838 -0.04364834 0.02512557
v -0.02134958 -0.04049975 0.01828304
v -0.02038769 -0.04154928 0.01927350
v -0.02054624 -0.04049975 0.01939358
v -0.01754694 -0.04233643 0.02219411
v -0.01847507 -0.04233643 0.02121178
v -0.01827433 -0.04289868 0.02103015
v -0.01735431 -0.04289868 0.02200390
v -0.01892113 -0.04327351 0.01982672
v -0.01805310 -0.04327351 0.02082999
v -0.01915088 -0.04289868 0.02001703
v -0.02052230 -0.04327351 0.01771154
v -0.02076776 -0.04289868 0.01788110
v -0.02150517 -0.04289868 0.01676251
v -0.02193398 -0.04327351 0.01546546
v -0.02125255 -0.04327351 0.01660382
v -0.02219328 -0.04289868 0.01561299
v -0.02280793 -0.04049975 0.01596268
v -0.02263506 -0.04154928 0.01586433
v -0.02193556 -0.04154928 0.01703288
v -0.02210397 -0.04049975 0.01713868
v -0.02136255 -0.04361086 0.01514035
v -0.02106003 -0.04364834 0.01496823
v -0.02040113 -0.04364834 0.01606895
v -0.02069585 -0.04361086 0.01625409
v -0.01881771 -0.04361086 0.01889846
v -0.01894312 -0.04364834 0.01817949
v -0.01814681 -0.04364834 0.01918527
v -0.02314463 -0.04327351 0.01310518
v -0.02341581 -0.04289868 0.01322955
v -0.02394730 -0.04289868 0.01199987
v -0.02367096 -0.04327351 0.01188744
v -0.02414350 -0.04327351 0.01064778
v -0.02442449 -0.04289868 0.01074804
v -0.02638059 -0.04233643 0.00293309
v -0.02624167 -0.04233643 0.00427738
v -0.02647739 -0.04154928 0.00430690
v -0.02661738 -0.04154928 0.00295230
v -0.02647432 -0.04049975 0.00568742
v -0.02627824 -0.04154928 0.00565412
v -0.02602059 -0.04154928 0.00699145
v -0.02621503 -0.04049975 0.00703327
v -0.02483485 -0.04361086 0.00540902
v -0.02449171 -0.04364834 0.00535076
v -0.02424901 -0.04364834 0.00661045
v -0.02458929 -0.04361086 0.00668363
v -0.02492468 -0.04327351 0.00811253
v -0.02523202 -0.04327351 0.00682186
v -0.02491876 -0.04349841 0.00675448
v -0.02461465 -0.04349841 0.00803156
v -0.02352430 -0.04361086 0.01042683
v -0.02306197 -0.04361086 0.01163969
v -0.02337414 -0.04349841 0.01176669
v -0.02384171 -0.04349841 0.01054009
v -0.02634505 -0.04233643 -0.00246647
v -0.02644213 -0.04233643 -0.00111836
v -0.02667940 -0.04154928 -0.00113023
v -0.02577850 -0.04327351 -0.00241328
v -0.02587381 -0.04327351 -0.00108994
v -0.02617177 -0.04289868 -0.00110484
v -0.02607553 -0.04289868 -0.00244116
v -0.02648058 -0.04233643 0.00023265
v -0.02620988 -0.04289868 0.00023436
v -0.02581339 -0.04327351 0.00288708
v -0.02611076 -0.04289868 0.00291121
v -0.02618962 -0.04289868 0.00157389
v -0.02589149 -0.04327351 0.00156276
v -0.02537514 -0.04233643 -0.00777831
v -0.02570437 -0.04233643 -0.00646759
v -0.02593597 -0.04154928 -0.00652047
v -0.02560422 -0.04154928 -0.00784125
v -0.02541616 -0.04327351 -0.00504129
v -0.02510095 -0.04349841 -0.00498365
v -0.02530846 -0.04349841 -0.00368741
v -0.02562588 -0.04327351 -0.00373124
v -0.02519629 -0.04361086 0.00218608
v -0.02488667 -0.04364834 0.00152526
v -0.02481116 -0.04364834 0.00280579
v -0.02591155 -0.04327351 0.00023625
v -0.02557245 -0.04349841 -0.00041784
v -0.02298080 -0.04327351 -0.01259634
v -0.02352296 -0.04327351 -0.01138541
v -0.02379785 -0.04289868 -0.01150132
v -0.02325037 -0.04289868 -0.01272413
v -0.02401201 -0.04327351 -0.01015210
v -0.02473081 -0.04289868 -0.00899023
v -0.02429170 -0.04289868 -0.01025591
v -0.02260906 -0.04049975 -0.01545019
v -0.02189110 -0.04049975 -0.01661762
v -0.02172403 -0.04154928 -0.01650970
v -0.02243745 -0.04154928 -0.01534965
v -0.02388937 -0.04049975 -0.01302704
v -0.02309970 -0.04154928 -0.01415959
v -0.02370965 -0.04154928 -0.01294185
v -0.02013041 -0.04361086 -0.01625264
v -0.02077733 -0.04349841 -0.01589812
v -0.02004142 -0.04349841 -0.01698507
v -0.01944016 -0.04049975 -0.01991546
v -0.01838386 -0.04154928 -0.02080462
v -0.01928861 -0.04154928 -0.01978665
v -0.01686900 -0.04327351 -0.02120842
v -0.01610507 -0.04289868 -0.02234115
v -0.01590491 -0.04327351 -0.02211992
v -0.01490218 -0.04327351 -0.02298868
v -0.01509249 -0.04289868 -0.02321842
v -0.01526519 -0.04233643 -0.02342690
v -0.01628669 -0.04233643 -0.02254188
v -0.01644607 -0.04154928 -0.02271805
v -0.01541674 -0.04154928 -0.02360984
v -0.01479997 -0.04338596 -0.02286529
v -0.01568994 -0.04349841 -0.02188231
v -0.01448278 -0.04361086 -0.02248238
v -0.01546384 -0.04361086 -0.02163241
v -0.01469777 -0.04349841 -0.02274191
v -0.01640708 -0.04361086 -0.02074061
v -0.01664386 -0.04349841 -0.02098041
v -0.01366914 -0.04349841 -0.02355744
v -0.01346568 -0.04361086 -0.02328878
v -0.01386260 -0.04327351 -0.02381289
v -0.01830145 -0.04355464 -0.01894763
v -0.01755776 -0.04349841 -0.02003797
v -0.01731074 -0.04361086 -0.01980873
v -0.00859945 -0.04049975 -0.02812470
v -0.00851654 -0.04154928 -0.02794393
v -0.00974190 -0.04154928 -0.02734943
v -0.00983262 -0.04049975 -0.02752642
v -0.01054137 -0.04327351 -0.02600121
v -0.01168014 -0.04327351 -0.02532058
v -0.01126387 -0.04289868 -0.02591686
v -0.00606111 -0.04049975 -0.02915799
v -0.00470210 -0.04154928 -0.02940073
v -0.00599427 -0.04154928 -0.02897066
v -0.00318855 -0.04327351 -0.02899337
v -0.00455233 -0.04289868 -0.02891502
v -0.00326394 -0.04289868 -0.02928203
v -0.00779726 -0.04233643 -0.02799632
v -0.00707501 -0.04289868 -0.02801390
v -0.00830466 -0.04289868 -0.02748193
v -0.00550226 -0.04361086 -0.02759176
v -0.00538529 -0.04364834 -0.02726395
v -0.00658370 -0.04364834 -0.02680620
v -0.00671486 -0.04361086 -0.02712859
v -0.01038292 -0.04349841 -0.02572270
v -0.01150968 -0.04349841 -0.02504924
v -0.00790622 -0.04361086 -0.02661318
v -0.00907411 -0.04361086 -0.02604657
v -0.00922783 -0.04349841 -0.02634647
v -0.00804671 -0.04349841 -0.02691951
v 0.00469195 -0.04233643 -0.03054795
v 0.00334056 -0.04233643 -0.03052661
v 0.00333170 -0.04154928 -0.03076400
v 0.00469346 -0.04154928 -0.03078551
v 0.00727629 -0.04361086 -0.02919265
v 0.00596429 -0.04364834 -0.02893782
v 0.00598167 -0.04361086 -0.02928545
v 0.00209050 -0.04361086 -0.02922413
v 0.00338630 -0.04361086 -0.02930099
v 0.00339929 -0.04364834 -0.02895318
v 0.00211865 -0.04364834 -0.02887722
v 0.00203735 -0.04327351 -0.02987941
v 0.00336179 -0.04327351 -0.02995796
v 0.00337374 -0.04349841 -0.02963776
v 0.00206325 -0.04349841 -0.02956003
v 0.00599850 -0.04349841 -0.02962204
v 0.00730779 -0.04349841 -0.02952820
v -0.00048496 -0.04361086 -0.02890218
v -0.00054138 -0.04349841 -0.02923443
v 0.00075738 -0.04349841 -0.02942552
v 0.00079926 -0.04361086 -0.02909113
v 0.00743171 -0.04049975 -0.03084836
v 0.00876583 -0.04154928 -0.03049322
v 0.00741312 -0.04154928 -0.03065033
v 0.01014620 -0.04049975 -0.03047268
v 0.01011043 -0.04154928 -0.03027704
v 0.00879304 -0.04049975 -0.03069024
v 0.00996534 -0.04327351 -0.02948358
v 0.00865549 -0.04327351 -0.02969418
v 0.00935765 -0.04289868 -0.02988338
v 0.01691576 -0.04327351 -0.02732025
v 0.01642618 -0.04289868 -0.02786600
v 0.01764904 -0.04289868 -0.02731899
v 0.01545137 -0.04361086 -0.02722412
v 0.01591960 -0.04364834 -0.02666458
v 0.01472680 -0.04364834 -0.02713663
v 0.02267598 -0.04049975 -0.02518899
v 0.02256087 -0.04154928 -0.02502679
v 0.02143334 -0.04154928 -0.02579073
v 0.01776500 -0.04233643 -0.02756362
v 0.01897314 -0.04233643 -0.02695797
v 0.01884662 -0.04289868 -0.02671864
v 0.01986602 -0.04327351 -0.02580899
v 0.01870719 -0.04327351 -0.02645488
v 0.02001682 -0.04289868 -0.02606641
v 0.02455734 -0.04233643 -0.02317480
v 0.02438202 -0.04289868 -0.02296853
v 0.02334224 -0.04289868 -0.02381338
v 0.02613371 -0.04327351 -0.02093734
v 0.02590570 -0.04349841 -0.02071219
v 0.02496305 -0.04349841 -0.02162567
v 0.02518103 -0.04327351 -0.02186055
v 0.02387216 -0.04355464 -0.02236866
v 0.02473380 -0.04361086 -0.02137864
v 0.01752125 -0.04327351 -0.02704941
v 0.01855743 -0.04349841 -0.02617159
v 0.01738399 -0.04349841 -0.02675985
v 0.02670768 -0.04154928 -0.02150409
v 0.02764293 -0.04154928 -0.02051422
v 0.02746677 -0.04233643 -0.02035484
v 0.02998218 -0.04233643 -0.01717802
v 0.02975945 -0.04289868 -0.01702416
v 0.02897421 -0.04289868 -0.01810970
v 0.02919001 -0.04233643 -0.01827314
v 0.03034127 -0.04049975 -0.01742609
v 0.03109567 -0.04049975 -0.01628174
v 0.03092725 -0.04154928 -0.01617594
v 0.03017764 -0.04154928 -0.01731305
v 0.03153872 -0.04361086 -0.01197416
v 0.03122234 -0.04364834 -0.01182906
v 0.03066203 -0.04364834 -0.01298297
v 0.03097178 -0.04361086 -0.01314173
v 0.02933032 -0.04361086 -0.01593904
v 0.02939283 -0.04364834 -0.01521201
v 0.02868673 -0.04364834 -0.01628310
v 0.03488923 -0.04049975 -0.00750967
v 0.03469680 -0.04154928 -0.00745942
v 0.03432411 -0.04154928 -0.00876939
v 0.03451417 -0.04049975 -0.00882800
v 0.03391638 -0.04327351 -0.00725559
v 0.03383841 -0.04289868 -0.00861962
v 0.03420503 -0.04289868 -0.00733098
v 0.03367116 -0.04233643 -0.00998208
v 0.03341619 -0.04289868 -0.00989110
v 0.03293901 -0.04289868 -0.01114292
v 0.03537229 -0.04233643 -0.00207615
v 0.03523337 -0.04233643 -0.00342044
v 0.03546910 -0.04154928 -0.00344995
v 0.03560909 -0.04154928 -0.00209536
v 0.03447472 -0.04327351 -0.00466214
v 0.03476885 -0.04289868 -0.00471208
v 0.03496475 -0.04289868 -0.00338680
v 0.03466872 -0.04327351 -0.00334973
v 0.03546603 -0.04049975 -0.00483047
v 0.03526995 -0.04154928 -0.00479718
v 0.03501229 -0.04154928 -0.00613450
v 0.03520674 -0.04049975 -0.00617632
v 0.03503574 -0.04233643 -0.00475741
v 0.03435077 -0.04349841 -0.00330992
v 0.03415881 -0.04349841 -0.00460850
v 0.03251600 -0.04361086 -0.00956989
v 0.03205368 -0.04361086 -0.01078274
v 0.03236584 -0.04349841 -0.01090974
v 0.03328029 -0.04361086 -0.00708945
v 0.03292508 -0.04361086 -0.00833799
v 0.03324712 -0.04349841 -0.00843729
v 0.03360635 -0.04349841 -0.00717461
v 0.03334427 -0.04327351 -0.00916128
v 0.03283341 -0.04349841 -0.00968315
v 0.03584767 -0.04049975 -0.00142738
v 0.03568925 -0.04154928 -0.00073591
v 0.03590873 -0.04049975 0.00062706
v 0.03586974 -0.04049975 0.00199710
v 0.03567110 -0.04154928 0.00198717
v 0.03477021 -0.04327351 0.00327023
v 0.03486551 -0.04327351 0.00194689
v 0.03516347 -0.04289868 0.00196179
v 0.03506723 -0.04289868 0.00329811
v 0.03490325 -0.04327351 0.00062070
v 0.03520158 -0.04289868 0.00062259
v 0.03547229 -0.04233643 0.00062430
v 0.03543384 -0.04233643 0.00197531
v 0.03508447 -0.04194286 0.00602197
v 0.03492768 -0.04154928 0.00737742
v 0.03469608 -0.04233643 0.00732453
v 0.03533676 -0.04233643 0.00332341
v 0.03557327 -0.04154928 0.00334561
v 0.03541660 -0.04154928 0.00469853
v 0.03518127 -0.04233643 0.00466603
v 0.03424582 -0.04361086 0.00061654
v 0.03458282 -0.04349841 0.00061867
v 0.03437719 -0.04355464 0.00192248
v 0.03386128 -0.04364834 0.00189668
v 0.03389778 -0.04364834 0.00061434
v 0.02551878 -0.04364834 0.01534797
v 0.02565131 -0.04364834 0.01596319
v 0.02569844 -0.04364834 0.01445207
v 0.02449890 -0.04364834 0.01597928
v 0.01914816 -0.04364834 0.02163849
v 0.01906228 -0.04364834 0.02226193
v 0.01962341 -0.04364834 0.02085806
v 0.01797387 -0.04364834 0.02188291
v 0.01101027 -0.04364834 0.02537076
v 0.01071634 -0.04364834 0.02592723
v 0.01172378 -0.04364834 0.02479994
v 0.00982320 -0.04364834 0.02519881
v 0.00208664 -0.04364834 0.02609461
v 0.00162011 -0.04364834 0.02651700
v 0.00295235 -0.04364834 0.02580226
v 0.00102997 -0.04364834 0.02552703
v -0.00654640 -0.04364834 0.02372276
v -0.00712926 -0.04364834 0.02396011
v -0.00563291 -0.04364834 0.02374412
v -0.00734522 -0.04364834 0.02282801
v -0.01384758 -0.04364834 0.01854127
v -0.01447646 -0.04364834 0.01856496
v -0.01299648 -0.04364834 0.01887378
v -0.01429220 -0.04364834 0.01742726
v -0.01893628 -0.04364834 0.01117511
v -0.01953533 -0.04364834 0.01098228
v -0.01825023 -0.04364834 0.01177866
v -0.01897307 -0.04364834 0.00997622
v -0.02119871 -0.04364834 0.00251275
v -0.02169569 -0.04364834 0.00212666
v -0.02076047 -0.04364834 0.00331454
v -0.02082324 -0.04364834 0.00137358
v -0.02036200 -0.04364834 -0.00640100
v -0.02069696 -0.04364834 -0.00693379
v -0.02022442 -0.04364834 -0.00549768
v -0.01961956 -0.04364834 -0.00734306
v -0.01652708 -0.04364834 -0.01449102
v -0.01665961 -0.04364834 -0.01510624
v -0.01670674 -0.04364834 -0.01359511
v -0.01550720 -0.04364834 -0.01512233
v -0.01015647 -0.04364834 -0.02078153
v -0.01007059 -0.04364834 -0.02140497
v -0.01063172 -0.04364834 -0.02000110
v -0.00898218 -0.04364834 -0.02102595
v -0.00201858 -0.04364834 -0.02451380
v -0.00172465 -0.04364834 -0.02507027
v -0.00273209 -0.04364834 -0.02394298
v -0.00083151 -0.04364834 -0.02434185
v 0.00846277 -0.04364834 -0.02518434
v 0.00826410 -0.04364834 -0.02577229
v 0.00698844 -0.04364834 -0.02472013
v 0.00989657 -0.04364834 -0.02445635
v 0.02792798 -0.04364834 -0.01031817
v 0.02852704 -0.04364834 -0.01012534
v 0.02724193 -0.04364834 -0.01092172
v 0.02796477 -0.04364834 -0.00911928
v 0.03019042 -0.04364834 -0.00165581
v 0.03068739 -0.04364834 -0.00126971
v 0.02975217 -0.04364834 -0.00245760
v 0.02981495 -0.04364834 -0.00051663
v 0.02321193 -0.04364834 0.01371086
v 0.02337318 -0.04364834 0.01428972
v 0.02333971 -0.04364834 0.01289159
v 0.02226568 -0.04364834 0.01424312
v 0.01754036 -0.04364834 0.01931111
v 0.01749390 -0.04364834 0.01991021
v 0.01794064 -0.04364834 0.01858496
v 0.01646913 -0.04364834 0.01948764
v 0.01029544 -0.04364834 0.02263384
v 0.01004688 -0.04364834 0.02318092
v 0.01091993 -0.04364834 0.02208838
v 0.00922843 -0.04364834 0.02243334
v 0.00235100 -0.04364834 0.02327827
v 0.00193032 -0.04364834 0.02370734
v 0.00312439 -0.04364834 0.02297929
v 0.00141692 -0.04364834 0.02272492
v -0.00533473 -0.04364834 0.02116668
v -0.00587680 -0.04364834 0.02142599
v -0.00450573 -0.04364834 0.02115025
v -0.00602323 -0.04364834 0.02032723
v -0.01183476 -0.04364834 0.01655375
v -0.01243282 -0.04364834 0.01661203
v -0.01105012 -0.04364834 0.01682185
v -0.01219462 -0.04364834 0.01552945
v -0.01636507 -0.04364834 0.00999588
v -0.01694700 -0.04364834 0.00984610
v -0.01571945 -0.04364834 0.01051617
v -0.01635290 -0.04364834 0.00891027
v -0.01837924 -0.04364834 0.00228404
v -0.01887485 -0.04364834 0.00194426
v -0.01795051 -0.04364834 0.00299377
v -0.01799651 -0.04364834 0.00126806
v -0.01763435 -0.04364834 -0.00565160
v -0.01798385 -0.04364834 -0.00614040
v -0.01747421 -0.04364834 -0.00483804
v -0.01692721 -0.04364834 -0.00647541
v -0.01422023 -0.04364834 -0.01285390
v -0.01438147 -0.04364834 -0.01343276
v -0.01434800 -0.04364834 -0.01203464
v -0.01327397 -0.04364834 -0.01338617
v -0.00854867 -0.04364834 -0.01845415
v -0.00850221 -0.04364834 -0.01905325
v -0.00894894 -0.04364834 -0.01772800
v -0.00747744 -0.04364834 -0.01863069
v -0.00130375 -0.04364834 -0.02177688
v -0.00105519 -0.04364834 -0.02232396
v -0.00192824 -0.04364834 -0.02123142
v -0.00023674 -0.04364834 -0.02157638
v 0.00664069 -0.04364834 -0.02242131
v 0.00706137 -0.04364834 -0.02285039
v 0.00586729 -0.04364834 -0.02212234
v 0.00757477 -0.04364834 -0.02186797
v 0.01562169 -0.04364834 -0.01980558
v 0.01566542 -0.04364834 -0.02041548
v 0.01421486 -0.04364834 -0.01980364
v 0.01657338 -0.04364834 -0.01871630
v 0.02535677 -0.04364834 -0.00913894
v 0.02593870 -0.04364834 -0.00898915
v 0.02471115 -0.04364834 -0.00965923
v 0.02534460 -0.04364834 -0.00805332
v 0.02737095 -0.04364834 -0.00142710
v 0.02786656 -0.04364834 -0.00108731
v 0.02694222 -0.04364834 -0.00213682
v 0.02698821 -0.04364834 -0.00041112
v 0.02090508 -0.04364834 0.01207374
v 0.02109505 -0.04364834 0.01261624
v 0.02098097 -0.04364834 0.01133111
v 0.02003245 -0.04364834 0.01250697
v 0.01593256 -0.04364834 0.01698373
v 0.01592552 -0.04364834 0.01755850
v 0.01625786 -0.04364834 0.01631185
v 0.01496438 -0.04364834 0.01709238
v 0.00958061 -0.04364834 0.01989692
v 0.00937741 -0.04364834 0.02043461
v 0.01011609 -0.04364834 0.01937681
v 0.00863366 -0.04364834 0.01966787
v 0.00261537 -0.04364834 0.02046192
v 0.00224052 -0.04364834 0.02089769
v 0.00329644 -0.04364834 0.02015632
v 0.00180386 -0.04364834 0.01992281
v -0.00412307 -0.04364834 0.01861059
v -0.00462434 -0.04364834 0.01889188
v -0.00337855 -0.04364834 0.01855637
v -0.00470124 -0.04364834 0.01782645
v -0.00982193 -0.04364834 0.01456623
v -0.01038918 -0.04364834 0.01465910
v -0.00910376 -0.04364834 0.01476992
v -0.01009704 -0.04364834 0.01363163
v -0.01379386 -0.04364834 0.00881665
v -0.01435866 -0.04364834 0.00870991
v -0.01318867 -0.04364834 0.00925368
v -0.01373273 -0.04364834 0.00784432
v -0.01555978 -0.04364834 0.00205534
v -0.01605402 -0.04364834 0.00176186
v -0.01514056 -0.04364834 0.00267300
v -0.01516978 -0.04364834 0.00116255
v -0.01490670 -0.04364834 -0.00490220
v -0.01527075 -0.04364834 -0.00534702
v -0.01472401 -0.04364834 -0.00417841
v -0.01423486 -0.04364834 -0.00560776
v -0.01191338 -0.04364834 -0.01121679
v -0.01210334 -0.04364834 -0.01175929
v -0.01198926 -0.04364834 -0.01047416
v -0.01104075 -0.04364834 -0.01165001
v -0.00694087 -0.04364834 -0.01612678
v -0.00693383 -0.04364834 -0.01670154
v -0.00726617 -0.04364834 -0.01545489
v -0.00597269 -0.04364834 -0.01623542
v -0.00058892 -0.04364834 -0.01903996
v -0.00038572 -0.04364834 -0.01957765
v -0.00112440 -0.04364834 -0.01851986
v 0.00035803 -0.04364834 -0.01881092
v 0.00637633 -0.04364834 -0.01960497
v 0.00675117 -0.04364834 -0.02004073
v 0.00569525 -0.04364834 -0.01929937
v 0.00718783 -0.04364834 -0.01906586
v 0.01425975 -0.04364834 -0.01732822
v 0.01433279 -0.04364834 -0.01792758
v 0.01299028 -0.04364834 -0.01725631
v 0.01506478 -0.04364834 -0.01632415
v 0.02278556 -0.04364834 -0.00795971
v 0.02335037 -0.04364834 -0.00785297
v 0.02218037 -0.04364834 -0.00839674
v 0.02272443 -0.04364834 -0.00698737
v 0.02455148 -0.04364834 -0.00119839
v 0.02504572 -0.04364834 -0.00090491
v 0.02413226 -0.04364834 -0.00181605
v 0.02416148 -0.04364834 -0.00030560
v 0.01859824 -0.04364834 0.01043662
v 0.01881691 -0.04364834 0.01094277
v 0.01862223 -0.04364834 0.00977063
v 0.01779922 -0.04364834 0.01077081
v 0.01432476 -0.04364834 0.01465636
v 0.01435714 -0.04364834 0.01520678
v 0.01457509 -0.04364834 0.01403874
v 0.01345964 -0.04364834 0.01469711
v 0.00886578 -0.04364834 0.01716000
v 0.00870795 -0.04364834 0.01768830
v 0.00931225 -0.04364834 0.01666525
v 0.00803889 -0.04364834 0.01690241
v 0.00287973 -0.04364834 0.01764557
v 0.00255073 -0.04364834 0.01808803
v 0.00346848 -0.04364834 0.01733336
v 0.00219081 -0.04364834 0.01712070
v -0.00291140 -0.04364834 0.01605451
v -0.00337189 -0.04364834 0.01635776
v -0.00225136 -0.04364834 0.01596249
v -0.00337925 -0.04364834 0.01532567
v -0.00780910 -0.04364834 0.01257871
v -0.00834554 -0.04364834 0.01270618
v -0.00715740 -0.04364834 0.01271799
v -0.00799946 -0.04364834 0.01173381
v -0.01122264 -0.04364834 0.00763742
v -0.01177033 -0.04364834 0.00757373
v -0.01065788 -0.04364834 0.00799119
v -0.01111255 -0.04364834 0.00677837
v -0.01274031 -0.04364834 0.00182663
v -0.01323318 -0.04364834 0.00157946
v -0.01233060 -0.04364834 0.00235223
v -0.01234304 -0.04364834 0.00105703
v -0.01217904 -0.04364834 -0.00415280
v -0.01255764 -0.04364834 -0.00455364
v -0.01197381 -0.04364834 -0.00351878
v -0.01154251 -0.04364834 -0.00474011
v -0.00960653 -0.04364834 -0.00957967
v -0.00982521 -0.04364834 -0.01008582
v -0.00963053 -0.04364834 -0.00891368
v -0.00880752 -0.04364834 -0.00991385
v -0.00533307 -0.04364834 -0.01379940
v -0.00536544 -0.04364834 -0.01434982
v -0.00558339 -0.04364834 -0.01318179
v -0.00446794 -0.04364834 -0.01384016
v 0.00012591 -0.04364834 -0.01630304
v 0.00028374 -0.04364834 -0.01683134
v -0.00032056 -0.04364834 -0.01580829
v 0.00095280 -0.04364834 -0.01604545
v 0.00611196 -0.04364834 -0.01678862
v 0.00644097 -0.04364834 -0.01723108
v 0.00552321 -0.04364834 -0.01647640
v 0.00680088 -0.04364834 -0.01626375
v 0.01289782 -0.04364834 -0.01485087
v 0.01300017 -0.04364834 -0.01543968
v 0.01176569 -0.04364834 -0.01470898
v 0.01355618 -0.04364834 -0.01393199
v 0.02173202 -0.04364834 -0.00096968
v 0.02222488 -0.04364834 -0.00072251
v 0.02132231 -0.04364834 -0.00149528
v 0.02133475 -0.04364834 -0.00020009
v 0.01629139 -0.04364834 0.00879950
v 0.01653878 -0.04364834 0.00926930
v 0.01626349 -0.04364834 0.00821016
v 0.01556600 -0.04364834 0.00903464
v 0.01271696 -0.04364834 0.01232898
v 0.01278876 -0.04364834 0.01285506
v 0.01289232 -0.04364834 0.01176564
v 0.01195489 -0.04364834 0.01230185
v 0.00815096 -0.04364834 0.01442308
v 0.00803849 -0.04364834 0.01494199
v 0.00850841 -0.04364834 0.01395369
v 0.00744413 -0.04364834 0.01413694
v 0.00314409 -0.04364834 0.01482922
v 0.00286093 -0.04364834 0.01527838
v 0.00364053 -0.04364834 0.01451039
v 0.00257775 -0.04364834 0.01431859
v -0.00169973 -0.04364834 0.01349842
v -0.00211943 -0.04364834 0.01382364
v -0.00112418 -0.04364834 0.01336862
v -0.00205726 -0.04364834 0.01282489
v -0.00579627 -0.04364834 0.01059119
v -0.00630189 -0.04364834 0.01075325
v -0.00521104 -0.04364834 0.01066606
v -0.00590188 -0.04364834 0.00983599
v -0.00865143 -0.04364834 0.00645819
v -0.00918199 -0.04364834 0.00643754
v -0.00812710 -0.04364834 0.00672870
v -0.00849238 -0.04364834 0.00571241
v -0.00992084 -0.04364834 0.00159792
v -0.01041234 -0.04364834 0.00139706
v -0.00952065 -0.04364834 0.00203145
v -0.00951631 -0.04364834 0.00095152
v -0.00945138 -0.04364834 -0.00340340
v -0.00984454 -0.04364834 -0.00376026
v -0.00922360 -0.04364834 -0.00285915
v -0.00885017 -0.04364834 -0.00387247
v -0.00729968 -0.04364834 -0.00794255
v -0.00754708 -0.04364834 -0.00841235
v -0.00727179 -0.04364834 -0.00735321
v -0.00657429 -0.04364834 -0.00817769
v -0.00372526 -0.04364834 -0.01147202
v -0.00379706 -0.04364834 -0.01199810
v -0.00390062 -0.04364834 -0.01090868
v -0.00296320 -0.04364834 -0.01144489
v 0.00084074 -0.04364834 -0.01356612
v 0.00095321 -0.04364834 -0.01408503
v 0.00048329 -0.04364834 -0.01309673
v 0.00154757 -0.04364834 -0.01327999
v 0.00584760 -0.04364834 -0.01397227
v 0.00613076 -0.04364834 -0.01442142
v 0.00535116 -0.04364834 -0.01365344
v 0.00641394 -0.04364834 -0.01346164
v 0.01069143 -0.04364834 -0.01264147
v 0.01111113 -0.04364834 -0.01296669
v 0.01011588 -0.04364834 -0.01251166
v 0.01104896 -0.04364834 -0.01196793
v 0.01548985 -0.04364834 -0.00919363
v 0.01500705 -0.04364834 -0.00975055
v 0.01531685 -0.04364834 -0.00833440
v 0.01623734 -0.04364834 -0.00846370
v 0.01891255 -0.04364834 -0.00074097
v 0.01940405 -0.04364834 -0.00054011
v 0.01851236 -0.04364834 -0.00117450
v 0.01850802 -0.04364834 -0.00009457
v 0.01398454 -0.04364834 0.00716238
v 0.01426065 -0.04364834 0.00759583
v 0.01390475 -0.04364834 0.00664968
v 0.01333277 -0.04364834 0.00729849
v 0.01110916 -0.04364834 0.01000160
v 0.01122037 -0.04364834 0.01050335
v 0.01120954 -0.04364834 0.00949253
v 0.01045015 -0.04364834 0.00990658
v 0.00743613 -0.04364834 0.01168616
v 0.00736903 -0.04364834 0.01219568
v 0.00770457 -0.04364834 0.01124212
v 0.00684936 -0.04364834 0.01137148
v 0.00340845 -0.04364834 0.01201287
v 0.00317114 -0.04364834 0.01246872
v 0.00381257 -0.04364834 0.01168743
v 0.00296470 -0.04364834 0.01151648
v -0.00048806 -0.04364834 0.01094234
v -0.00086698 -0.04364834 0.01128953
v 0.00000300 -0.04364834 0.01077474
v -0.00073528 -0.04364834 0.01032411
v -0.00378344 -0.04364834 0.00860368
v -0.00425825 -0.04364834 0.00880033
v -0.00326468 -0.04364834 0.00861413
v -0.00380430 -0.04364834 0.00793818
v -0.00608022 -0.04364834 0.00527896
v -0.00659366 -0.04364834 0.00530136
v -0.00559632 -0.04364834 0.00546622
v -0.00587221 -0.04364834 0.00464646
v -0.00710137 -0.04364834 0.00136921
v -0.00759150 -0.04364834 0.00121465
v -0.00671070 -0.04364834 0.00171068
v -0.00668958 -0.04364834 0.00084600
v -0.00672373 -0.04364834 -0.00265401
v -0.00713144 -0.04364834 -0.00296688
v -0.00647340 -0.04364834 -0.00219951
v -0.00615782 -0.04364834 -0.00300482
v -0.00499283 -0.04364834 -0.00630543
v -0.00526895 -0.04364834 -0.00673888
v -0.00491305 -0.04364834 -0.00579273
v -0.00434107 -0.04364834 -0.00644154
v -0.00211746 -0.04364834 -0.00914465
v -0.00222868 -0.04364834 -0.00964639
v -0.00221785 -0.04364834 -0.00863558
v -0.00145845 -0.04364834 -0.00904963
v 0.00155557 -0.04364834 -0.01082920
v 0.00162267 -0.04364834 -0.01133873
v 0.00128713 -0.04364834 -0.01038517
v 0.00214234 -0.04364834 -0.01051452
v 0.00558324 -0.04364834 -0.01115592
v 0.00582056 -0.04364834 -0.01161176
v 0.00517912 -0.04364834 -0.01083047
v 0.00602700 -0.04364834 -0.01065953
v 0.00947976 -0.04364834 -0.01008538
v 0.00985868 -0.04364834 -0.01043257
v 0.00898870 -0.04364834 -0.00991778
v 0.00972698 -0.04364834 -0.00946715
v 0.01336275 -0.04364834 -0.00733149
v 0.01298229 -0.04364834 -0.00778355
v 0.01312041 -0.04364834 -0.00655496
v 0.01398241 -0.04364834 -0.00675597
v 0.01609308 -0.04364834 -0.00051227
v 0.01658321 -0.04364834 -0.00035771
v 0.01570240 -0.04364834 -0.00085373
v 0.01568128 -0.04364834 0.00001095
v 0.01167769 -0.04364834 0.00552526
v 0.01198252 -0.04364834 0.00592235
v 0.01154602 -0.04364834 0.00508920
v 0.01109954 -0.04364834 0.00556233
v 0.00950136 -0.04364834 0.00767422
v 0.00965199 -0.04364834 0.00815163
v 0.00952677 -0.04364834 0.00721943
v 0.00894540 -0.04364834 0.00751132
v 0.00672130 -0.04364834 0.00894924
v 0.00669956 -0.04364834 0.00944937
v 0.00690072 -0.04364834 0.00853056
v 0.00625459 -0.04364834 0.00860601
v 0.00367282 -0.04364834 0.00919653
v 0.00348134 -0.04364834 0.00965906
v 0.00398462 -0.04364834 0.00886446
v 0.00335165 -0.04364834 0.00871437
v 0.00072361 -0.04364834 0.00838625
v 0.00038548 -0.04364834 0.00875541
v 0.00113018 -0.04364834 0.00818086
v 0.00058671 -0.04364834 0.00782333
v -0.00177061 -0.04364834 0.00661616
v -0.00221461 -0.04364834 0.00684740
v -0.00131831 -0.04364834 0.00656221
v -0.00170672 -0.04364834 0.00604036
v -0.00350901 -0.04364834 0.00409973
v -0.00400532 -0.04364834 0.00416518
v -0.00306554 -0.04364834 0.00420373
v -0.00325204 -0.04364834 0.00358051
v -0.00428190 -0.04364834 0.00114050
v -0.00477067 -0.04364834 0.00103225
v -0.00390074 -0.04364834 0.00138991
v -0.00386285 -0.04364834 0.00074049
v -0.00399607 -0.04364834 -0.00190461
v -0.00441833 -0.04364834 -0.00217349
v -0.00372320 -0.04364834 -0.00153988
v -0.00346547 -0.04364834 -0.00213717
v -0.00268598 -0.04364834 -0.00466831
v -0.00299082 -0.04364834 -0.00506540
v -0.00255431 -0.04364834 -0.00423225
v -0.00210784 -0.04364834 -0.00470538
v -0.00050966 -0.04364834 -0.00681727
v -0.00066030 -0.04364834 -0.00729467
v -0.00053507 -0.04364834 -0.00636247
v 0.00004629 -0.04364834 -0.00665436
v 0.00227040 -0.04364834 -0.00809228
v 0.00229213 -0.04364834 -0.00859242
v 0.00209097 -0.04364834 -0.00767360
v 0.00273711 -0.04364834 -0.00774905
v 0.00531888 -0.04364834 -0.00833957
v 0.00551036 -0.04364834 -0.00880211
v 0.00500708 -0.04364834 -0.00800751
v 0.00564005 -0.04364834 -0.00785741
v 0.00826809 -0.04364834 -0.00752930
v 0.00860622 -0.04364834 -0.00789845
v 0.00786152 -0.04364834 -0.00732390
v 0.00840499 -0.04364834 -0.00696637
v 0.01123564 -0.04364834 -0.00546935
v 0.01095752 -0.04364834 -0.00581655
v 0.01092397 -0.04364834 -0.00477551
v 0.01172747 -0.04364834 -0.00504824
v 0.00886316 -0.04364834 0.00333178
v 0.00903714 -0.04364834 0.00368000
v 0.00863691 -0.04364834 0.00264192
v 0.00795778 -0.04364834 0.00266489
v 0.00789356 -0.04364834 0.00534685
v 0.00808361 -0.04364834 0.00579991
v 0.00784399 -0.04364834 0.00494632
v 0.00744066 -0.04364834 0.00511605
v 0.00600647 -0.04364834 0.00621232
v 0.00603010 -0.04364834 0.00670306
v 0.00609688 -0.04364834 0.00581900
v 0.00565982 -0.04364834 0.00584054
v 0.00393718 -0.04364834 0.00638018
v 0.00379154 -0.04364834 0.00684941
v 0.00415666 -0.04364834 0.00604150
v 0.00373859 -0.04364834 0.00591226
v 0.00193528 -0.04364834 0.00583017
v 0.00163794 -0.04364834 0.00622129
v 0.00225736 -0.04364834 0.00558698
v 0.00190870 -0.04364834 0.00532255
v 0.00024221 -0.04364834 0.00462864
v -0.00017097 -0.04364834 0.00489448
v 0.00062805 -0.04364834 0.00451028
v 0.00039086 -0.04364834 0.00414254
v -0.00093780 -0.04364834 0.00292050
v -0.00141699 -0.04364834 0.00302899
v -0.00053475 -0.04364834 0.00294124
v -0.00063187 -0.04364834 0.00251456
v -0.00146244 -0.04364834 0.00091180
v -0.00194983 -0.04364834 0.00084985
v -0.00109079 -0.04364834 0.00106913
v -0.00103611 -0.04364834 0.00063497
v -0.00126841 -0.04364834 -0.00115521
v -0.00170523 -0.04364834 -0.00138011
v -0.00097299 -0.04364834 -0.00088025
v -0.00077312 -0.04364834 -0.00126953
v -0.00037914 -0.04364834 -0.00303119
v -0.00071268 -0.04364834 -0.00339193
v -0.00019557 -0.04364834 -0.00267177
v 0.00012539 -0.04364834 -0.00296922
v 0.00109814 -0.04364834 -0.00448989
v 0.00090809 -0.04364834 -0.00494296
v 0.00114770 -0.04364834 -0.00408937
v 0.00155104 -0.04364834 -0.00425910
v 0.00298523 -0.04364834 -0.00535537
v 0.00296160 -0.04364834 -0.00584611
v 0.00289482 -0.04364834 -0.00496204
v 0.00333188 -0.04364834 -0.00498359
v 0.00505452 -0.04364834 -0.00552322
v 0.00520015 -0.04364834 -0.00599245
v 0.00483503 -0.04364834 -0.00518454
v 0.00525311 -0.04364834 -0.00505530
v 0.00705643 -0.04364834 -0.00497321
v 0.00735377 -0.04364834 -0.00536434
v 0.00673434 -0.04364834 -0.00473003
v 0.00708300 -0.04364834 -0.00446559
v 0.00874950 -0.04364834 -0.00377168
v 0.00916268 -0.04364834 -0.00403752
v 0.00836366 -0.04364834 -0.00365332
v 0.00860085 -0.04364834 -0.00328559
v 0.01021064 -0.04364834 -0.00178620
v 0.01012835 -0.04364834 -0.00207404
v 0.00964359 -0.04364834 -0.00134223
v 0.01046148 -0.04364834 -0.00141109
v 0.00628763 -0.04364834 0.00302219
v 0.00651523 -0.04364834 0.00344820
v 0.00616951 -0.04364834 0.00268498
v 0.00594454 -0.04364834 0.00273376
v 0.00529247 -0.04364834 0.00347860
v 0.00536064 -0.04364834 0.00395676
v 0.00529681 -0.04364834 0.00312132
v 0.00506872 -0.04364834 0.00309022
v 0.00420123 -0.04364834 0.00356711
v 0.00410175 -0.04364834 0.00403975
v 0.00432750 -0.04364834 0.00323287
v 0.00412380 -0.04364834 0.00312563
v 0.00314553 -0.04364834 0.00327707
v 0.00289039 -0.04364834 0.00368718
v 0.00337850 -0.04364834 0.00300617
v 0.00322377 -0.04364834 0.00283573
v 0.00225269 -0.04364834 0.00264344
v 0.00187268 -0.04364834 0.00294155
v 0.00256427 -0.04364834 0.00246856
v 0.00247716 -0.04364834 0.00225547
v 0.00163041 -0.04364834 0.00174265
v 0.00117135 -0.04364834 0.00189281
v 0.00198301 -0.04364834 0.00168488
v 0.00197403 -0.04364834 0.00145485
v 0.00658871 -0.04364834 0.00120283
v 0.00663598 -0.04364834 0.00129890
v 0.00633005 -0.04364834 0.00105980
v 0.00677779 -0.04364834 0.00116268
v -0.02936132 -0.02160294 0.00228605
v -0.02592949 -0.01795121 0.00208775
v -0.02594240 -0.02279095 0.00222184
v -0.02715479 -0.02594886 0.00121347
v -0.03070508 -0.02503346 0.00166604
v -0.03064009 -0.02403948 0.00200013
v -0.02964050 -0.02070701 0.00216052
v -0.02713354 -0.01881857 0.00216821
v -0.02998331 -0.01907776 0.00152459
v -0.02636429 -0.01476727 0.00012028
v -0.02879475 -0.01776533 0.00116433
v -0.03010380 -0.01750307 0.00014410
v -0.03252716 -0.01897736 0.00066469
v -0.03073143 -0.01897091 0.00110021
v -0.03395167 -0.02080758 0.00161255
v -0.03236333 -0.02173163 0.00202902
v -0.03196494 -0.02310688 0.00212143
v -0.03840825 -0.02507756 0.00127858
v -0.03774635 -0.02572788 0.00113390
v -0.03449679 -0.02608544 0.00101089
v -0.04158623 -0.02430168 0.00102077
v -0.04220859 -0.02572931 -0.00013761
v -0.04048004 -0.02645555 -0.00029343
v -0.04531310 -0.02493658 -0.00134910
v -0.04429406 -0.02553065 -0.00129074
v -0.04890173 -0.02274133 -0.00205367
v -0.05200836 -0.02018441 -0.00198132
v -0.05298840 -0.01842511 -0.00146608
v -0.05029849 -0.02009104 -0.00045649
v -0.04614551 -0.02379114 -0.00060877
v -0.04688016 -0.02217664 0.00010126
v -0.04707080 -0.02143903 0.00046220
v -0.04794876 -0.02186438 -0.00025936
v -0.05470558 -0.01631252 -0.00122932
v -0.05614120 -0.01445041 -0.00145260
v -0.04961108 -0.01847383 0.00065071
v -0.05484120 -0.01227449 0.00044341
v -0.04752391 -0.01867388 0.00116657
v -0.03610629 -0.02495060 0.00155038
v -0.03828008 -0.02378904 0.00169849
v -0.03344631 -0.02430427 0.00189491
v -0.03560613 -0.02181157 0.00182152
v -0.03680219 -0.02269118 0.00184860
v -0.03742157 -0.02165253 0.00171033
v -0.04509658 -0.01773473 0.00129961
v -0.04459745 -0.01711650 0.00113776
v -0.04368747 -0.02124155 0.00138141
v -0.04529308 -0.02153194 0.00102871
v -0.04926552 -0.01524219 0.00118623
v -0.04380458 -0.01918888 0.00146577
v -0.05095396 -0.01277247 0.00109542
v -0.05172879 -0.01473540 0.00088715
v -0.05112049 -0.01176163 0.00103577
v -0.05228204 -0.00859527 0.00087225
v -0.05244296 -0.01273952 0.00100770
v -0.05365013 -0.01506180 0.00015370
v -0.05800145 -0.01274426 -0.00260595
v -0.05433271 -0.01778795 -0.00281980
v -0.05991698 -0.00888453 -0.00250596
v -0.05632574 -0.01301148 -0.00084419
v -0.05767214 -0.01186155 -0.00150451
v -0.05975023 -0.01001487 -0.00371705
v -0.06041126 -0.00614427 -0.00152827
v -0.05824852 -0.00852920 -0.00046100
v -0.05818165 -0.00905805 -0.00054159
v -0.05734180 -0.01120606 -0.00079245
v -0.05576601 -0.00856346 0.00074418
v -0.05789658 -0.00340841 0.00074434
v -0.05629607 -0.00278969 0.00096579
v -0.05471255 -0.00396868 0.00087696
v -0.05496970 -0.00589671 0.00097590
v -0.05556138 -0.00098021 0.00088613
v -0.05839315 -0.00273914 0.00060811
v -0.05932799 -0.00279644 0.00023230
v -0.06146366 -0.00342545 -0.00194812
v -0.06225450 -0.00268115 -0.00305963
v -0.06314426 0.00141781 -0.00343052
v -0.06331257 0.01122077 -0.00381386
v -0.06288608 -0.00046432 -0.00411023
v -0.06342947 0.00879049 -0.00406619
v -0.06281839 0.01319351 -0.00392091
v -0.06053872 0.02049297 -0.00332650
v -0.06081893 0.01769124 -0.00143048
v -0.06011641 0.02020467 -0.00167448
v -0.06207360 0.01436310 -0.00210570
v -0.06262269 0.01052503 -0.00195560
v -0.06285780 0.00387310 -0.00218760
v -0.06334830 0.00652861 -0.00327790
v -0.06162378 -0.00101870 -0.00137533
v -0.06160177 0.00094565 -0.00086371
v -0.06041192 -0.00240855 -0.00049276
v -0.06078096 0.00286766 -0.00003964
v -0.05773277 -0.00080662 0.00089238
v -0.05865929 0.00065314 0.00075216
v -0.05636076 0.00440218 0.00095429
v -0.05570055 0.01205570 0.00117836
v -0.05764138 0.00921135 0.00115405
v -0.06030293 0.00559225 0.00036158
v -0.05895011 0.00431221 0.00090192
v -0.06190921 0.00569448 -0.00085113
v -0.06236211 0.00876195 -0.00142200
v -0.06220688 0.00722885 -0.00116639
v -0.05908627 0.00724106 0.00090090
v -0.05901982 0.01146318 0.00091108
v -0.06127415 0.01485391 -0.00108567
v -0.06090071 0.01334741 -0.00031499
v -0.05827290 0.01531715 0.00101624
v -0.05760125 0.01048309 0.00119428
v -0.05726283 0.00482967 0.00103649
v -0.05559317 0.01507416 0.00134768
v -0.05169576 0.02150751 0.00162869
v -0.05575957 0.01714861 0.00147784
v -0.05791112 0.01859378 0.00080493
v -0.05739998 0.02105042 0.00067234
v -0.05934526 0.01960957 -0.00052474
v -0.05603820 0.01958262 0.00141747
v -0.05630210 0.01837733 0.00137817
v -0.05659047 0.02303731 0.00055506
v -0.05724879 0.02356186 -0.00010130
v -0.05821292 0.02494062 -0.00279824
v -0.05725252 0.02647579 -0.00269469
v -0.05816440 0.02446677 -0.00186830
v -0.05529619 0.02821211 -0.00104445
v -0.05356711 0.03031145 -0.00088974
v -0.05581191 0.02825776 -0.00223148
v -0.05507724 0.02719570 -0.00010089
v -0.05371894 0.02629516 0.00120242
v -0.05529189 0.02401902 0.00110809
v -0.05265812 0.02964839 0.00051023
v -0.04782518 0.03546353 -0.00034089
v -0.04857817 0.03495270 -0.00084180
v -0.04833947 0.03392538 0.00069085
v -0.04932228 0.03350685 0.00025389
v -0.05039989 0.03084557 0.00122343
v -0.05419771 0.02415299 0.00144902
v -0.05332771 0.02486212 0.00162133
v -0.05199732 0.02499075 0.00191038
v -0.04773529 0.03107344 0.00215438
v -0.05001515 0.02639095 0.00208773
v -0.05175155 0.02427011 0.00193535
v -0.03653322 0.03225389 0.00251525
v -0.05245946 0.02209922 0.00178595
v -0.04709023 0.02881535 0.00233282
v -0.05065774 0.02758101 0.00199538
v -0.04757320 0.03252978 0.00179028
v -0.05113513 0.02835260 0.00175304
v -0.04733573 0.03335453 0.00151529
v -0.04364285 0.03666657 0.00134852
v -0.04409012 0.03243136 0.00263470
v -0.04259730 0.03363295 0.00273523
v -0.04315670 0.03555706 0.00218255
v -0.03920089 0.03858149 0.00174317
v -0.04140436 0.03857387 0.00063904
v -0.03895068 0.03687304 0.00266623
v -0.03239005 0.03859267 0.00285799
v -0.03318096 0.04005801 0.00174590
v -0.02703006 0.04153332 0.00175088
v -0.02963384 0.04001281 0.00239617
v -0.02964435 0.03589822 0.00370677
v -0.02819248 0.03318345 0.00366550
v -0.02626336 0.03854595 0.00326614
v -0.02866421 0.02959735 0.00161203
v -0.02619272 0.02853457 0.00227900
v -0.02877692 0.02908484 0.00103879
v -0.02969640 0.03251416 0.00317480
v -0.03112680 0.03114084 0.00188136
v -0.03857923 0.03308003 0.00288164
v -0.04036764 0.03551784 0.00278961
v -0.03809380 0.03769216 0.00254005
v -0.03394478 0.03575416 0.00344580
v -0.03299074 0.03647124 0.00345163
v -0.03438837 0.03754896 0.00308911
v -0.02872120 0.03806688 0.00336896
v -0.03164659 0.03695772 0.00346750
v -0.03053323 0.03513690 0.00364613
v -0.03610220 0.03563061 0.00331586
v -0.03211645 0.03400898 0.00331105
v -0.03596001 0.03415120 0.00316196
v -0.03108147 0.03436382 0.00351258
v -0.03196044 0.03256106 0.00276777
v -0.02873350 0.03105769 0.00280047
v -0.02585032 -0.01564107 0.00126544
v -0.02690081 -0.01410556 -0.00147069
v -0.02559301 -0.01288664 -0.00140699
v -0.02658658 -0.01354763 -0.00238592
v -0.02784141 -0.01513631 -0.00110139
v -0.02653203 -0.01355216 -0.00451797
v -0.02949322 -0.01627689 -0.00133886
v -0.02980795 -0.01603353 -0.00346182
v -0.03073516 -0.01658659 -0.00269099
v -0.02938583 -0.01592785 -0.00471831
v -0.02872758 -0.01644321 -0.00728717
v -0.02926630 -0.01637376 -0.00652173
v -0.03214598 -0.01693509 -0.00450360
v -0.03256356 -0.01794573 -0.00064377
v -0.02924500 -0.01630497 -0.00078744
v -0.03519350 -0.01873769 0.00010400
v -0.03630429 -0.01804358 -0.00078470
v -0.03535987 -0.01756329 -0.00181164
v -0.03727250 -0.01792684 -0.00041854
v -0.03492078 -0.01697613 -0.00413859
v -0.03268852 -0.01709652 -0.00305268
v -0.03253214 -0.01726267 -0.00605964
v -0.03556646 -0.01767317 -0.00731437
v -0.03633914 -0.01697743 -0.00618306
v -0.03634453 -0.01671368 -0.00509580
v -0.03176139 -0.01785556 -0.00745677
v -0.03147754 -0.01837288 -0.00842650
v -0.03551084 -0.01830867 -0.00849839
v -0.03812753 -0.01701559 -0.00801064
v -0.04023000 -0.01464806 -0.00425189
v -0.04039668 -0.01518073 -0.00225564
v -0.04063979 -0.01539961 -0.00156709
v -0.04017478 -0.01490912 -0.00639857
v -0.04187361 -0.01394734 -0.00714579
v -0.04270989 -0.01296686 -0.00648287
v -0.04190079 -0.01339969 -0.00471196
v -0.04167020 -0.01365559 -0.00576418
v -0.04309697 -0.01261298 -0.00347065
v -0.04354926 -0.01196267 -0.00464120
v -0.04333883 -0.01218823 -0.00564972
v -0.02587445 -0.01275714 -0.00304999
v -0.02600105 -0.01290936 -0.00281587
v -0.02557261 -0.01259435 -0.00449567
v -0.02639376 -0.01343007 -0.00450830
v -0.02525955 -0.01244647 -0.00487021
v -0.02536331 -0.01229403 -0.00379263
v -0.02502236 -0.01391511 -0.00733365
v -0.02581563 -0.01735307 -0.00923611
v -0.02781069 -0.01655533 -0.00807591
v -0.02840614 -0.01932859 -0.00966245
v -0.03322814 -0.01986136 -0.00953907
v -0.03261234 -0.01934296 -0.00912717
v -0.03219800 -0.01772019 -0.00821583
v -0.02943885 -0.01792098 -0.00853783
v -0.02766815 -0.01555062 -0.00694258
v -0.02797123 -0.01827807 -0.00924598
v -0.02481117 -0.01782139 -0.00952706
v -0.02480142 -0.02164942 -0.00962833
v -0.02531336 -0.02634250 -0.00841199
v -0.03245911 -0.02650414 -0.00913607
v -0.02932087 -0.02571063 -0.00931170
v -0.03019732 -0.02364572 -0.01018454
v -0.02968366 -0.02151980 -0.01020762
v -0.03154154 -0.02155155 -0.01024819
v -0.03685747 -0.01899474 -0.00930500
v -0.03593409 -0.02213282 -0.01054894
v -0.03345439 -0.01995805 -0.00962228
v -0.03745142 -0.01964727 -0.00989869
v -0.04304899 -0.01382211 -0.00823200
v -0.04187946 -0.01421537 -0.00763747
v -0.04439311 -0.01178033 -0.00745847
v -0.04525807 -0.01067609 -0.00718560
v -0.04212904 -0.01663049 -0.00999358
v -0.04127903 -0.01858053 -0.01054871
v -0.03798199 -0.02230875 -0.01074098
v -0.04300586 -0.01848753 -0.01090478
v -0.04177465 -0.02129711 -0.01092934
v -0.03622140 -0.02370652 -0.01056930
v -0.03373634 -0.02320146 -0.01047605
v -0.03432236 -0.02470551 -0.01035506
v -0.03158752 -0.02482520 -0.00999966
v -0.03781342 -0.02523986 -0.01007432
v -0.03705691 -0.02460097 -0.01040887
v -0.04521495 -0.02079416 -0.01080851
v -0.04225968 -0.02287464 -0.01060149
v -0.04171692 -0.02257654 -0.01078852
v -0.04796823 -0.01846156 -0.01099539
v -0.04539063 -0.01704864 -0.01107656
v -0.04492031 -0.01493386 -0.01038635
v -0.04206285 -0.01506295 -0.00881533
v -0.04330321 -0.01438283 -0.00921248
v -0.04691114 -0.01035201 -0.00902144
v -0.04974197 -0.00904207 -0.01052706
v -0.04699923 -0.01452592 -0.01096439
v -0.04633349 -0.01421654 -0.01068646
v -0.04690731 -0.01149504 -0.00982042
v -0.04734297 -0.00872241 -0.00817125
v -0.04971635 -0.00429212 -0.00781412
v -0.04690872 -0.00845774 -0.00709317
v -0.05026369 -0.00579309 -0.00966156
v -0.05019981 -0.00343411 -0.00833573
v -0.05288305 -0.00302337 -0.01070449
v -0.05067535 -0.00972488 -0.01108227
v -0.05016501 -0.01257204 -0.01132483
v -0.04591534 -0.01863926 -0.01115921
v -0.04854539 -0.01298916 -0.01111133
v -0.05088227 -0.01505004 -0.01120348
v -0.05353456 -0.01146233 -0.01130806
v -0.05082345 -0.01481131 -0.01127698
v -0.05646929 -0.00456819 -0.01141683
v -0.05077848 -0.01325018 -0.01139172
v -0.05457677 -0.00709498 -0.01151469
v -0.02539391 -0.02736149 -0.00764027
v -0.02673238 -0.02711851 -0.00799054
v -0.03062777 -0.02728987 -0.00823105
v -0.03645018 -0.02651103 -0.00951783
v -0.02789024 -0.02670763 -0.00845444
v -0.03469608 -0.02642687 -0.00938485
v -0.03748170 -0.02565115 -0.00990170
v -0.03804199 -0.02698614 -0.00882521
v -0.04273392 -0.02554281 -0.00901807
v -0.04555217 -0.02333047 -0.00938688
v -0.04061730 -0.02551018 -0.00974963
v -0.04099815 -0.02429251 -0.01026179
v -0.04037405 -0.02417867 -0.01034123
v -0.04391567 -0.02263206 -0.01049594
v -0.04739307 -0.01923864 -0.01088929
v -0.03473609 -0.02719020 -0.00873422
v -0.03557662 -0.02718133 -0.00878211
v -0.02585672 -0.02795824 -0.00702059
v -0.02678540 -0.02814229 -0.00688949
v -0.02530446 -0.02918915 -0.00440376
v -0.02582633 -0.02920713 -0.00429742
v -0.02566343 -0.02817528 -0.00067563
v -0.02942965 -0.02743523 -0.00000095
v -0.02849779 -0.02901273 -0.00539616
v -0.02689341 -0.02872226 -0.00587656
v -0.02973898 -0.02793905 -0.00735954
v -0.03559992 -0.02861665 -0.00653214
v -0.02979099 -0.02733479 -0.00808619
v -0.03717628 -0.02778036 -0.00819179
v -0.03972032 -0.02813674 -0.00690592
v -0.04162502 -0.02730578 -0.00738418
v -0.04189582 -0.02778784 -0.00562541
v -0.03860456 -0.02871956 -0.00535648
v -0.03664150 -0.02893378 -0.00515098
v -0.02950538 -0.02907105 -0.00428367
v -0.03541111 -0.02901695 -0.00448262
v -0.03177863 -0.02873940 -0.00238316
v -0.03876300 -0.02882214 -0.00365580
v -0.03836936 -0.02817716 -0.00155210
v -0.03725558 -0.02774165 -0.00057382
v -0.03548409 -0.02835195 -0.00147660
v -0.02899832 -0.02876478 -0.00201931
v -0.02916790 -0.02788736 -0.00054002
v -0.04142605 -0.02629399 -0.00086674
v -0.04229076 -0.02731226 -0.00234402
v -0.04096750 -0.02815266 -0.00336858
v -0.04281885 -0.02741438 -0.00479848
v -0.04484416 -0.02641571 -0.00450358
v -0.04502494 -0.02625645 -0.00508880
v -0.04538460 -0.02528019 -0.00757303
v -0.04844297 -0.02390223 -0.00625795
v -0.04550051 -0.02588331 -0.00599781
v -0.04729930 -0.02470587 -0.00318861
v -0.04785530 -0.02418573 -0.00305817
v -0.04150732 -0.02713185 -0.00142377
v -0.05082952 -0.02184027 -0.00376641
v -0.02791431 -0.02689508 0.00055027
v -0.03216849 -0.02674236 0.00061085
v -0.02777788 -0.02744089 0.00006092
v -0.03667547 -0.02694985 0.00027733
v -0.03779091 -0.02710810 -0.00007270
v -0.03487207 -0.02633495 0.00089794
v -0.03381536 -0.02621898 0.00096035
v -0.02581237 -0.02653711 0.00087134
v -0.03734382 -0.02075133 0.00144001
v -0.03676077 -0.02013865 0.00120143
v -0.03992684 -0.02054864 0.00151645
v -0.04172594 -0.01879362 0.00120998
v -0.03856479 -0.01914996 0.00076018
v -0.03355272 -0.01923711 0.00069197
v -0.03646600 -0.02004109 0.00112703
v -0.03988280 -0.01950042 0.00121724
v -0.04472851 -0.01702674 0.00113057
v -0.04326951 -0.01692196 0.00083030
v -0.04144355 -0.01724290 0.00048667
v -0.03899545 -0.01743831 -0.00028197
v -0.04098348 -0.01633131 -0.00036216
v -0.03658550 -0.01907421 0.00037774
v -0.03850318 -0.01722849 -0.00070292
v -0.03240785 -0.01858152 0.00030666
v -0.03520795 -0.01927700 -0.00922708
v -0.03543116 -0.02358260 -0.01053753
v -0.03389035 -0.02717615 -0.00868563
v -0.03678257 -0.02641471 0.00069211
v -0.03813123 -0.01999683 0.00121447
v -0.03693858 -0.01650991 -0.00377269
v -0.03455075 -0.01838179 -0.00813606
v -0.03784375 -0.01745087 -0.00837389
v -0.04066173 -0.01989061 -0.01078876
v -0.04188677 -0.02620198 -0.00861471
v -0.03854348 -0.02687964 -0.00864981
v -0.04163470 -0.02182053 0.00160314
v -0.04096777 -0.01630754 -0.00038150
v -0.04609927 -0.01389810 0.00039209
v -0.04253294 -0.01682189 0.00058563
v -0.04289324 -0.01543987 -0.00007113
v -0.04294570 -0.01377054 -0.00160166
v -0.04489788 -0.01261483 -0.00103475
v -0.04463539 -0.01097593 -0.00358157
v -0.04707899 -0.01395581 0.00073934
v -0.04649352 -0.01473390 0.00085792
v -0.04964493 -0.01209768 0.00089683
v -0.05289187 -0.00746261 0.00087272
v -0.05224263 -0.00571326 0.00038280
v -0.05361298 0.00006834 0.00007062
v -0.05427493 -0.00302039 0.00066995
v -0.05479592 0.00168629 0.00058452
v -0.05506515 -0.00289432 0.00087690
v -0.05482927 0.00679683 0.00050767
v -0.05616052 0.00215049 0.00091628
v -0.05399961 0.00905985 0.00021078
v -0.05636550 0.00730786 0.00102128
v -0.05611207 0.01004015 0.00110253
v -0.05517484 0.00964180 0.00080065
v -0.05488262 0.01452961 0.00125882
v -0.05205318 0.01795328 0.00094385
v -0.04967538 0.02231048 0.00131354
v -0.05206950 0.02080445 0.00156857
v -0.04882597 0.02478119 0.00178634
v -0.04582552 0.02694071 0.00178805
v -0.04345234 0.02807116 0.00162300
v -0.04668388 0.02513177 0.00129750
v -0.04434186 0.02678239 0.00120847
v -0.04868122 0.02142591 0.00042458
v -0.05066979 0.02009062 0.00097459
v -0.05095174 0.01801316 0.00036460
v -0.05177651 0.01652454 0.00042597
v -0.05267563 0.01348576 0.00010265
v -0.05308681 0.00794449 -0.00057228
v -0.05403025 0.00559901 0.00006498
v -0.05290496 0.00302545 -0.00077159
v -0.05248910 -0.00075646 -0.00056291
v -0.05123427 -0.00278189 -0.00113698
v -0.05051084 -0.00609009 -0.00055748
v -0.04999608 -0.00833275 -0.00000754
v -0.05009765 -0.01063414 0.00070171
v -0.04880209 -0.01140963 0.00049888
v -0.05064164 -0.00867917 0.00040625
v -0.04537724 -0.01029397 -0.00369597
v -0.04544623 -0.01055743 -0.00288352
v -0.04796410 -0.00693810 -0.00319982
v -0.04824779 -0.00571196 -0.00537385
v -0.04990120 -0.00199575 -0.00594523
v -0.04821559 -0.00595912 -0.00516935
v -0.05075346 0.00087888 -0.00627289
v -0.05122435 0.00397042 -0.00590645
v -0.05122383 0.00439318 -0.00622474
v -0.05116421 0.00827499 -0.00613057
v -0.05001097 0.01377600 -0.00552027
v -0.05094879 0.00983899 -0.00497640
v -0.04996541 0.01388616 -0.00457541
v -0.04785134 0.01839723 -0.00449751
v -0.04907432 0.01618994 -0.00438369
v -0.04730453 0.01960749 -0.00345604
v -0.04809830 0.01883457 -0.00240820
v -0.04921568 0.01622714 -0.00334805
v -0.05091509 0.01529014 -0.00084515
v -0.05058525 0.01481051 -0.00159743
v -0.05191173 0.01520187 0.00008952
v -0.05243125 0.01180269 -0.00051027
v -0.04826841 0.01957858 -0.00109048
v -0.04979064 0.01792004 -0.00062102
v -0.04735849 0.02168796 -0.00045838
v -0.04907849 0.01799401 -0.00148881
v -0.04705283 0.02091854 -0.00160999
v -0.04360054 0.02445726 -0.00182568
v -0.04570097 0.02310249 -0.00081923
v -0.04354495 0.02525859 -0.00054769
v -0.04550024 0.02466894 0.00039437
v -0.04174675 0.02807642 0.00095321
v -0.04705035 -0.00821603 -0.00700288
v -0.04946803 -0.00351461 -0.00667794
v -0.04887864 -0.00495211 -0.00639040
v -0.04651162 -0.00854428 -0.00568029
v -0.04353396 -0.01198112 -0.00532013
v -0.04411853 -0.01153468 -0.00385503
v -0.04493325 -0.01048784 -0.00520580
v -0.04367075 -0.01203834 -0.00363221
v -0.04327403 -0.01241019 -0.00361275
v -0.04345426 -0.01238392 -0.00322326
v -0.04476527 -0.01084116 -0.00395233
v -0.04540370 -0.01005587 -0.00418333
v -0.04799807 -0.00619446 -0.00536736
v -0.05051001 -0.00025569 -0.00644654
v -0.04961295 -0.00275857 -0.00587526
v -0.04924009 -0.02086982 -0.00968090
v -0.04604732 -0.02382204 -0.00888047
v -0.04801985 -0.02016103 -0.01044741
v -0.05021264 -0.02186213 -0.00729025
v -0.04928809 -0.02184103 -0.00874754
v -0.05266405 -0.01806306 -0.00932736
v -0.05382191 -0.01635541 -0.00979482
v -0.04887504 -0.01972884 -0.01040707
v -0.05398608 -0.01211515 -0.01113741
v -0.05779525 -0.00376014 -0.01128640
v -0.05186252 -0.01383606 -0.01112368
v -0.05689850 -0.00772768 -0.01103805
v -0.05081682 -0.01657256 -0.01091109
v -0.05386787 -0.01418216 -0.01062282
v -0.05596528 -0.01142586 -0.01054056
v -0.05759192 -0.01256267 -0.00860830
v -0.05583719 -0.01527076 -0.00849555
v -0.05641922 -0.01487877 -0.00799821
v -0.05533037 -0.01497470 -0.00922483
v -0.05277458 -0.01877207 -0.00855511
v -0.05426461 -0.01853413 -0.00621907
v -0.05345780 -0.01890344 -0.00756922
v -0.05672720 -0.01554145 -0.00564324
v -0.05741198 -0.01473473 -0.00604013
v -0.05933874 -0.01129669 -0.00511658
v -0.05798767 -0.01368580 -0.00528030
v -0.06210607 -0.00268130 -0.00453954
v -0.06059713 -0.00868680 -0.00596937
v -0.06195941 -0.00510897 -0.00536886
v -0.06363956 0.00787578 -0.00467611
v -0.06325737 0.01029705 -0.00401909
v -0.06165243 0.01781661 -0.00413246
v -0.05858990 0.02451069 -0.00450639
v -0.05644366 0.02799643 -0.00512559
v -0.05801301 0.02546068 -0.00628706
v -0.05977295 0.02121741 -0.00740261
v -0.05967377 0.01978891 -0.00856390
v -0.06061589 0.01865119 -0.00788947
v -0.05955769 0.01151540 -0.01079434
v -0.05811885 0.00300861 -0.01136669
v -0.05890036 0.00503983 -0.01126629
v -0.05692988 -0.00355068 -0.01143454
v -0.05775381 -0.00679277 -0.01083244
v -0.05844815 -0.00900226 -0.00978201
v -0.05789511 -0.01321398 -0.00734384
v -0.06133860 -0.00501749 -0.00800966
v -0.06003993 -0.00662635 -0.00909497
v -0.05950195 -0.00594231 -0.00989933
v -0.05942459 -0.00372961 -0.01055521
v -0.06074846 -0.00087062 -0.01009750
v -0.05924667 -0.00227454 -0.01082588
v -0.06109332 -0.00380843 -0.00900095
v -0.06243293 0.00170543 -0.00863467
v -0.06257645 -0.00124133 -0.00737762
v -0.06311615 0.00501648 -0.00777262
v -0.06044463 0.00533858 -0.01067357
v -0.05954444 0.00144551 -0.01100769
v -0.06136503 0.00364829 -0.01001738
v -0.06208746 0.00739228 -0.00934429
v -0.06167482 0.00968656 -0.00946783
v -0.06269256 0.00948666 -0.00815102
v -0.06281002 0.01005848 -0.00774801
v -0.06280507 0.00546547 -0.00829546
v -0.06224712 -0.00377520 -0.00622937
v -0.06166481 -0.00505347 -0.00739131
v -0.05986225 -0.00959645 -0.00742453
v -0.04511228 -0.02286776 -0.00999257
v -0.04701120 -0.02042343 -0.01060104
v -0.05036191 -0.02210875 -0.00682938
v -0.04666857 -0.02419883 -0.00785882
v -0.05057915 -0.02237801 -0.00464636
v -0.05140578 -0.02141868 -0.00621878
v -0.04942630 -0.02259662 -0.00239940
v -0.04463659 -0.02533760 -0.00131051
v -0.04537695 -0.02506328 -0.00158081
v -0.04469755 -0.02546601 -0.00154205
v -0.05193826 -0.02068152 -0.00299416
v -0.05701869 -0.01483127 -0.00370144
v -0.05305604 -0.01973189 -0.00397987
v -0.05460837 -0.01816798 -0.00362651
v -0.05442897 -0.01821351 -0.00345352
v -0.04624413 -0.01246080 -0.00024683
v -0.04797466 -0.00949965 -0.00076695
v -0.04684671 -0.00989922 -0.00162093
v -0.04944450 -0.00610385 -0.00153515
v -0.05115129 0.00022962 -0.00258637
v -0.05079805 -0.00169503 -0.00224251
v -0.04927660 -0.00450337 -0.00311061
v -0.04891770 -0.00453238 -0.00449037
v -0.05019081 -0.00241747 -0.00293003
v -0.05032210 -0.00158274 -0.00340886
v -0.05089300 0.00045659 -0.00333839
v -0.05027433 -0.00079828 -0.00475524
v -0.05089318 0.00173996 -0.00446280
v -0.05149457 0.00324908 -0.00283059
v -0.05189972 0.00717688 -0.00220956
v -0.05155663 0.00588023 -0.00312564
v -0.05203162 0.00958608 -0.00163441
v -0.05110076 0.01084357 -0.00300154
v -0.05140456 0.00799975 -0.00343365
v -0.05122288 0.00746173 -0.00437379
v -0.05228246 0.00490894 -0.00156321
v -0.04312472 -0.01284105 -0.00701019
v -0.04314647 -0.01238787 -0.00577523
v -0.04402519 -0.01174290 -0.00657240
v -0.04604617 -0.00954859 -0.00682085
v -0.05162806 -0.02108333 -0.00663048
v -0.05138395 -0.02140207 -0.00635205
v -0.05197569 -0.02084741 -0.00638107
v -0.05272767 -0.02015580 -0.00621547
v -0.05353944 -0.01945338 -0.00455641
v -0.05596066 -0.01688283 -0.00498521
v -0.05724527 -0.01462733 -0.00403920
v -0.05932596 -0.01092876 -0.00370820
v -0.05847811 -0.01303732 -0.00490620
v -0.05686289 -0.01507646 -0.00547187
v -0.06075059 -0.00825620 -0.00398401
v -0.06174366 -0.00506317 -0.00413595
v -0.05372269 -0.01913884 -0.00619473
v -0.05483133 -0.01793995 -0.00597367
v -0.05434285 -0.01852901 -0.00432286
v -0.05380201 -0.01913252 -0.00429857
v -0.05166310 -0.01972032 -0.00135188
v -0.04704359 -0.00874180 -0.00259725
v -0.05292081 -0.00596220 -0.01120084
v -0.05379099 -0.00270231 -0.01111573
v -0.05274400 -0.00806704 -0.01138292
v -0.05523665 -0.00212819 -0.01143870
v -0.05530468 -0.00699325 -0.01150480
v -0.05168526 -0.00461807 -0.01036515
v -0.05153506 -0.00049849 -0.00888315
v -0.05089797 0.00081083 -0.00686322
v -0.05098197 0.00243077 -0.00631908
v -0.05131635 0.00976966 -0.00717229
v -0.05125112 0.00657376 -0.00617614
v -0.04972803 0.01486438 -0.00614014
v -0.05064248 0.01285704 -0.00684841
v -0.05162104 0.00662606 -0.00729606
v -0.05107599 0.00000146 -0.00792358
v -0.05229853 0.00383524 -0.00884867
v -0.05158273 0.00326527 -0.00771884
v -0.05275289 0.00258539 -0.00959929
v -0.05345594 0.00565342 -0.00997177
v -0.05203404 -0.00181777 -0.00983747
v -0.05346046 0.00279980 -0.01020406
v -0.05473158 0.00081085 -0.01109171
v -0.05574598 0.00124793 -0.01135676
v -0.05685489 0.00294384 -0.01146780
v -0.05831975 0.00347901 -0.01137001
v -0.05837742 0.00808433 -0.01126738
v -0.05668894 0.00893751 -0.01131425
v -0.05745172 0.00205820 -0.01148864
v -0.05530371 0.00569486 -0.01105438
v -0.05448316 0.00513812 -0.01069200
v -0.05240905 0.00738700 -0.00887284
v -0.05197841 0.00973497 -0.00848334
v -0.05255887 0.00930043 -0.00917824
v -0.05484445 0.00966730 -0.01086396
v -0.05569439 0.00808709 -0.01112485
v -0.05500661 0.01060502 -0.01099325
v -0.05423016 0.01010648 -0.01055897
v -0.05321073 0.01016338 -0.00990500
v -0.05157817 0.01292620 -0.00868779
v -0.05002619 0.01542872 -0.00733417
v -0.05253266 0.01414423 -0.00989096
v -0.05393751 0.01492524 -0.01073093
v -0.05666742 0.01637662 -0.01095419
v -0.05739780 0.00922887 -0.01135648
v -0.05250401 0.02504472 -0.01040653
v -0.05355264 0.01932191 -0.01082155
v -0.05567681 0.01744770 -0.01100371
v -0.05312021 0.01495337 -0.01036809
v -0.05110279 0.01495470 -0.00879047
v -0.04994243 0.01709869 -0.00831437
v -0.05104295 0.01806676 -0.00972374
v -0.05063674 0.01760418 -0.00916904
v -0.05309035 0.01682179 -0.01057725
v -0.05213304 0.01695159 -0.01013558
v -0.05149420 0.02089433 -0.01048021
v -0.04814709 0.02090288 -0.00842748
v -0.04862962 0.01913542 -0.00782222
v -0.04719847 0.02092430 -0.00727787
v -0.04962317 0.02100792 -0.00964830
v -0.04771035 0.02298687 -0.00921441
v -0.04491302 0.02759103 -0.00954793
v -0.04439226 0.02421296 -0.00696722
v -0.04450432 0.02524195 -0.00810985
v -0.04238229 0.02624022 -0.00701950
v -0.04254268 0.02730033 -0.00823142
v -0.04453246 0.02352532 -0.00633993
v -0.04018069 0.02768547 -0.00669362
v -0.04715980 0.02508308 -0.00965401
v -0.04984408 0.02206445 -0.01003623
v -0.04998308 0.02330542 -0.01029891
v -0.04836908 0.02724310 -0.01028265
v -0.05108081 0.02336731 -0.01055158
v -0.04742942 0.02652330 -0.01006388
v -0.04886269 0.02779535 -0.01029974
v -0.05359805 0.02053217 -0.01081261
v -0.04540206 0.03280709 -0.00962573
v -0.05111127 0.02653324 -0.01039174
v -0.04618060 0.02828689 -0.01001874
v -0.04340239 0.02758418 -0.00886169
v -0.04087236 0.02847923 -0.00807262
v -0.03864025 0.03176595 -0.00891690
v -0.04139772 0.02948617 -0.00891221
v -0.03644986 0.03102407 -0.00783287
v -0.03630218 0.03033995 -0.00721601
v -0.03113789 0.03385263 -0.00870411
v -0.03355009 0.03342976 -0.00867107
v -0.03601401 0.03391175 -0.00910460
v -0.04124853 0.03312160 -0.00965560
v -0.03967931 0.03303239 -0.00947844
v -0.04359716 0.03315459 -0.00971493
v -0.04291504 0.03410664 -0.00953876
v -0.03805076 0.03501092 -0.00937537
v -0.03989623 0.03483811 -0.00946667
v -0.03777840 0.03653249 -0.00914836
v -0.03391426 0.03426662 -0.00893816
v -0.03403084 0.03564695 -0.00910723
v -0.03401555 0.03720646 -0.00887971
v -0.03512089 0.03834736 -0.00841382
v -0.03461823 0.03796893 -0.00865377
v -0.02686869 0.03970315 -0.00754636
v -0.02505524 0.03767631 -0.00809421
v -0.02911590 0.03648066 -0.00870722
v -0.02797872 0.03512034 -0.00868134
v -0.02634814 0.03193897 -0.00812717
v -0.02801404 0.03348183 -0.00852358
v -0.03285062 0.03203470 -0.00784328
v -0.03125134 0.03523315 -0.00889358
v -0.03244277 0.03731496 -0.00883549
v -0.03044651 0.03754790 -0.00860738
v -0.02904724 0.03594019 -0.00874532
v -0.05132613 -0.00595050 -0.00002421
v -0.04903863 -0.00459956 -0.00680299
v -0.04955609 -0.00332769 -0.00667983
v -0.05004568 -0.00190127 -0.00655113
v -0.06116952 -0.00689597 -0.00400582
v -0.06176551 -0.00517872 -0.00400822
v -0.06200070 -0.00440571 -0.00400695
v -0.05682390 -0.00902789 0.00029055
v -0.05233928 0.00063479 -0.00096540
v -0.06312385 -0.00037155 -0.00566866
v -0.06337204 0.00332167 -0.00690558
v -0.06356370 0.00818104 -0.00613085
v -0.06307688 0.01073756 -0.00696169
v -0.06225782 0.01533136 -0.00677677
v -0.06150597 0.01325218 -0.00902606
v -0.06124317 0.01468598 -0.00886479
v -0.06157384 0.01782394 -0.00640583
v -0.06321167 0.01207529 -0.00489347
v -0.06067635 0.02051429 -0.00546112
v -0.06128430 0.01935251 -0.00472816
v -0.05226973 0.00338102 -0.00155168
v -0.05119364 0.00467592 -0.00453576
v -0.06354807 0.00297590 -0.00533185
v -0.05275696 0.00935939 -0.00071032
v -0.05102461 0.00917190 -0.00466827
v -0.05085802 0.01246736 -0.00254916
v -0.05002729 0.01495459 -0.00245329
v -0.05828496 0.00932174 -0.01123216
v -0.05811790 0.01072990 -0.01118770
v -0.05892901 0.01675347 -0.01029018
v -0.05957025 0.01425947 -0.01039439
v -0.05702817 0.01575773 -0.01095931
v -0.05683821 0.01867526 -0.01070691
v -0.05446959 0.02441689 -0.01023178
v -0.05887300 0.01930929 -0.00947298
v -0.05966820 0.01693961 -0.00962611
v -0.05565344 0.02497923 -0.00947146
v -0.05811285 0.02214553 -0.00889271
v -0.05626887 0.02546785 -0.00886883
v -0.05814820 0.02462956 -0.00696767
v -0.05317398 0.02719320 -0.00970443
v -0.05416202 0.02282356 -0.01055797
v -0.04972957 0.03123448 -0.00928808
v -0.05186517 0.02943086 -0.00923677
v -0.05245119 0.03076946 -0.00810623
v -0.05112273 0.03236827 -0.00768434
v -0.04987168 0.03277533 -0.00816846
v -0.04913881 0.03460249 -0.00670523
v -0.05062462 0.03380680 -0.00607694
v -0.05417143 0.03045912 -0.00609554
v -0.05129625 0.03332379 -0.00587572
v -0.05069726 0.03386280 -0.00582084
v -0.05403790 0.03071088 -0.00536287
v -0.06125132 0.00664141 -0.00015938
v -0.05384947 0.01522166 0.00105405
v -0.05378354 0.01666460 0.00122966
v -0.04882975 0.01701048 -0.00560699
v -0.04953568 0.01493484 -0.00545792
v -0.04577444 0.02193332 -0.00570072
v -0.04554098 0.02189864 -0.00414890
v -0.04682969 0.02013385 -0.00412963
v -0.04467427 0.02304950 -0.00280666
v -0.04371037 0.02398339 -0.00300538
v -0.04411046 0.02376135 -0.00554831
v -0.04321355 0.02444750 -0.00499250
v -0.04319059 0.02436192 -0.00438702
v -0.04201022 0.02590951 -0.00603913
v -0.04975036 0.01487281 -0.00614153
v -0.04803592 0.01860987 -0.00612904
v -0.06131948 0.01878996 -0.00381292
v -0.06208194 0.01634197 -0.00379582
v -0.05963941 0.02259193 -0.00325256
v -0.06006350 0.02188281 -0.00419564
v -0.05626544 0.02865030 -0.00418991
v -0.05702374 0.02719108 -0.00460577
v -0.05337622 0.03147390 -0.00526544
v -0.05214899 0.03291337 -0.00453705
v -0.05378805 0.03110653 -0.00300005
v -0.05508742 0.02986041 -0.00356410
v -0.05589595 0.02849594 -0.00281246
v -0.05862122 0.02425321 -0.00297336
v -0.06002573 0.01372156 0.00027522
v -0.05271564 0.02329817 -0.01066837
v -0.04756788 0.02212049 0.00007229
v -0.04583812 0.02155310 -0.00354933
v -0.04457967 0.02347288 -0.00632900
v -0.04497304 0.03394621 -0.00940644
v -0.04779257 0.03178927 -0.00956602
v -0.05003958 0.02914177 -0.00994674
v -0.04844413 0.03016685 -0.00992244
v -0.04257049 0.03496613 -0.00928323
v -0.04584359 0.03436522 -0.00890509
v -0.04413800 0.03718256 -0.00727440
v -0.04139627 0.03761143 -0.00817216
v -0.04416132 0.03695636 -0.00767456
v -0.03696677 0.03961082 -0.00729566
v -0.02848447 0.04080235 -0.00684884
v -0.03716034 0.03902068 -0.00792737
v -0.03471589 0.03921087 -0.00791164
v -0.04020283 0.03737019 -0.00859599
v -0.03934231 0.03685283 -0.00890959
v -0.03613285 0.03816011 -0.00847021
v -0.05542287 0.02932220 -0.00492033
v -0.05400745 0.03039840 -0.00203918
v -0.05323897 0.03159147 -0.00236399
v -0.05381949 0.03098275 -0.00280650
v -0.05037010 0.03399941 -0.00153415
v -0.04985749 0.03425262 -0.00123388
v -0.05062350 0.03401081 -0.00218298
v -0.04429950 0.02825292 0.00191623
v -0.04419981 0.02801317 0.00180574
v -0.04693280 0.02690709 0.00201286
v -0.04102347 0.03086546 0.00240728
v -0.03385214 0.03178492 0.00204444
v -0.03394474 0.03216910 0.00237009
v -0.03683026 0.03062685 0.00135535
v -0.03761200 0.02993506 0.00093443
v -0.04189587 0.02826705 0.00113846
v -0.03819775 0.03086955 0.00189490
v -0.04078309 0.02682296 -0.00137192
v -0.04332970 0.02435708 -0.00355616
v -0.04188594 0.02629237 -0.00092852
v -0.03626451 0.02978796 -0.00001477
v -0.04090823 0.02622444 -0.00413693
v -0.04191355 0.02538536 -0.00369519
v -0.04017720 0.02759262 -0.00651785
v -0.04044916 0.02676214 -0.00525036
v -0.03878124 0.02758580 -0.00306620
v -0.03785133 0.02833190 -0.00172466
v -0.04032458 0.02689972 -0.00186807
v -0.03638851 0.02927597 -0.00074503
v -0.03554280 0.03059172 0.00116340
v -0.03187563 0.03096983 0.00136093
v -0.03167559 0.03095064 0.00156012
v -0.03070785 0.02968401 -0.00008141
v -0.03648797 0.02868816 -0.00287609
v -0.03778507 0.02928493 -0.00680153
v -0.03457851 0.03078618 -0.00703463
v -0.03777234 0.02852667 -0.00551199
v -0.03602357 0.02956895 -0.00592389
v -0.03377773 0.02943730 -0.00281418
v -0.03563932 0.02903100 -0.00374739
v -0.03584830 0.02912036 -0.00159370
v -0.03098971 0.02944064 -0.00162989
v -0.03267973 0.02953525 -0.00309274
v -0.03215234 0.02963508 -0.00359799
v -0.03047498 0.02946302 -0.00415358
v -0.03438393 0.02988782 -0.00536142
v -0.03220957 0.03039159 -0.00599575
v -0.03452357 0.03048900 -0.00656508
v -0.03166383 0.03123504 -0.00708380
v -0.02882823 0.02920604 -0.00555904
v -0.04775628 0.03446469 -0.00806625
v -0.04792827 0.03201637 -0.00930929
v -0.04679039 0.03554584 -0.00755733
v -0.05109947 0.03369691 -0.00427101
v -0.04777519 0.03665319 -0.00462676
v -0.04769523 0.03567301 -0.00663995
v -0.04681643 0.03727036 -0.00357452
v -0.04933729 0.03555864 -0.00367083
v -0.04600688 0.03743097 -0.00155571
v -0.04511158 0.03818205 -0.00220915
v -0.04373387 0.03765132 -0.00707287
v -0.04246972 0.03940016 -0.00517243
v -0.04095647 0.03874619 -0.00717932
v -0.03667603 0.03970825 -0.00717479
v -0.02877858 0.04205085 -0.00549336
v -0.03565942 0.04087846 -0.00586976
v -0.03697575 0.04009045 -0.00681748
v -0.04116199 0.03976987 -0.00589535
v -0.04454706 0.03864564 -0.00399453
v -0.04128757 0.04018399 -0.00337805
v -0.04042473 0.04022963 -0.00119295
v -0.03832399 0.04109382 -0.00387671
v -0.02992701 0.04230353 -0.00464810
v -0.03737065 0.04132256 -0.00260405
v -0.03050635 0.04255110 -0.00147049
v -0.03584697 0.04121005 -0.00063425
v -0.03045551 0.04200522 0.00015325
v -0.03011088 0.04270872 -0.00314553
v -0.03391848 0.04154969 -0.00492589
v -0.02790995 0.04179938 -0.00596672
v -0.02549358 0.04357816 -0.00397233
v -0.02571751 0.04391991 -0.00186669
v -0.03975029 0.03986579 0.00016261
v -0.03683141 0.03980986 0.00116452
v -0.03173517 0.04085577 0.00126481
v -0.02593669 0.04318611 0.00019434
v -0.03975136 0.02945201 0.00132196
v -0.04141641 0.02726861 -0.00000285
v -0.03938516 0.02873202 0.00041193
v -0.03831686 0.02943203 0.00066536
v -0.04012587 0.02807216 0.00006738
v -0.04155142 0.02619945 -0.00587827
v -0.04453235 0.03209173 -0.00989681
v -0.03910073 0.03678884 -0.00894619
v -0.04497318 0.03702884 -0.00706354
v -0.04516291 0.03703001 -0.00054378
v -0.03991554 0.03397321 0.00298023
v -0.04210801 0.03101039 0.00251340
v -0.04751348 0.02738917 0.00215219
v -0.03289962 0.03131596 0.00180825
v -0.03908980 0.02880038 0.00032472
v -0.03509819 0.03092305 -0.00732032
v -0.03449665 0.03105926 -0.00727729
v -0.03445218 0.03088218 -0.00707629
v -0.03219169 0.03202295 -0.00779271
v -0.02998630 0.03169415 -0.00755679
v -0.02621994 0.02954843 -0.00719986
v -0.02509047 0.03025865 -0.00776294
v -0.02748895 0.03183407 -0.00805197
v -0.02991567 0.03246149 -0.00809755
v -0.04273381 0.03791400 -0.00732335
v -0.04203292 0.03826320 -0.00726588
v -0.04036435 0.03887023 0.00090405
v -0.03965799 0.03929439 0.00075255
v -0.04041597 0.03903507 0.00069446
v -0.02910917 0.02861102 -0.00066914
v -0.02924724 0.02875029 -0.00420480
v -0.02796754 0.02770099 -0.00070985
v -0.02734773 0.02717636 -0.00347453
v -0.03340083 0.02981698 -0.00083339
v -0.03679956 0.03963436 0.00137503
v -0.03762366 0.03956253 0.00120711
v -0.03480063 0.03988692 0.00159600
v -0.03058601 0.04085060 0.00154310
v -0.02916848 0.04134722 0.00139782
v -0.02800707 0.04156879 0.00148362
v -0.02838894 0.04160385 0.00134851
v -0.02760284 0.04197754 0.00118580
v -0.03034429 0.04123480 0.00120505
v -0.03102814 0.04061393 0.00167402
v -0.03388765 0.03979880 0.00184928
v -0.03471936 0.03978961 0.00170066
v -0.03594421 0.03959797 0.00161482
v -0.02762052 0.02757001 -0.00011973
v -0.02713102 0.02689445 -0.00051354
v -0.02626817 0.02580295 -0.00202641
v -0.02575036 0.02531805 -0.00155778
v -0.02696419 0.02671612 -0.00307582
v -0.02589103 0.02574803 -0.00023495
v -0.02564348 0.02618090 -0.00451363
v -0.02633056 0.02897471 -0.00684420
v -0.02760997 0.02981952 -0.00690207
v -0.02792988 0.02884435 -0.00572449
v -0.02714742 0.02728231 -0.00422488
v -0.02749080 0.02863515 -0.00595362
v -0.02657392 0.04099286 -0.00675875
v -0.02691158 0.04205120 -0.00583901
v -0.02513327 0.03996436 -0.00736044
v -0.02777670 0.04000217 -0.00740476
v -0.02838631 0.04237330 0.00042170
v -0.02684689 0.04191105 0.00146294
v -0.02727858 0.03800009 -0.00255409
v -0.02712144 0.03665713 -0.00385852
v -0.02726880 0.03660443 -0.00255317
v -0.02702836 0.04063621 -0.00475706
v -0.02678665 0.03978230 -0.00604373
v -0.02684958 0.04087927 -0.00579188
v -0.02744269 0.04063621 -0.00034304
v -0.02739682 0.04162601 -0.00150002
v -0.02739075 0.04050795 -0.00143907
v -0.02744862 0.04169629 -0.00048055
v -0.02739451 0.03176440 0.00017924
v -0.02738933 0.03375922 0.00150553
v -0.02740027 0.03358351 0.00015879
v -0.02738055 0.03188740 0.00153914
v -0.02731757 -0.01486122 -0.00255776
v -0.02739682 -0.01377421 -0.00150002
v -0.02739936 -0.01486122 -0.00152674
v -0.02690675 -0.00741787 -0.00520838
v -0.02710142 -0.00562629 -0.00390290
v -0.02689329 -0.00573171 -0.00524223
v 0.00452790 -0.03759654 0.00219312
v 0.00391492 -0.03759654 0.00209489
v 0.00416674 -0.03759654 0.00069207
v 0.00325024 -0.03759654 0.00221496
v 0.00351479 -0.03759654 0.00140919
v 0.00244039 -0.03759654 0.00227667
v 0.00286072 -0.03759654 0.00142925
v 0.00323853 -0.03759654 0.00101450
v 0.00311392 -0.03759654 0.00054912
v 0.00239504 -0.03759654 0.00035247
v 0.00315600 -0.03759654 0.00006920
v 0.00242721 -0.03759654 -0.00080595
v 0.00335968 -0.03759654 -0.00036739
v 0.00293539 -0.03759654 -0.00098012
v 0.00370040 -0.03759654 -0.00070798
v 0.00370466 -0.03759654 -0.00184685
v 0.00413707 -0.03759654 -0.00091151
v 0.00420590 -0.03759654 -0.00165362
v 0.00461700 -0.03759654 -0.00095341
v 0.00535231 -0.03759654 -0.00182310
v 0.00508233 -0.03759654 -0.00082863
v 0.00618192 -0.03759654 -0.00207446
v 0.00592544 -0.03759654 -0.00108572
v 0.00547692 -0.03759654 -0.00055223
v 0.00669426 -0.03759654 -0.00154086
v 0.00575318 -0.03759654 -0.00015755
v 0.00704586 -0.03759654 -0.00006961
v 0.00587778 -0.03759654 0.00030782
v 0.00575024 -0.03759654 0.00061917
v 0.00648781 -0.03759654 0.00072995
v 0.00563203 -0.03759654 0.00122434
v 0.00690205 -0.03759654 0.00266325
v 0.00785673 -0.03759654 0.00199313
v 0.00855832 -0.03759654 0.00363651
v 0.00782549 -0.03759654 0.00404971
v 0.00562735 -0.03759654 0.00197245
v 0.00525685 -0.03759654 0.00154425
v 0.00616096 -0.03759654 0.00237232
v 0.00852820 -0.03759654 0.00557072
v 0.00575845 -0.03759654 0.00547349
v 0.00632102 -0.03759654 0.00419320
v 0.00539763 -0.03759654 0.00285989
v 0.00486005 -0.03759654 0.00172827
v 0.00484761 -0.03759654 0.00368074
v 0.00437197 -0.03759654 0.00179059
v 0.00377698 -0.03759654 0.00433551
v 0.00451230 -0.03759654 0.00546279
v 0.00293447 -0.03759654 0.00586289
v 0.00363003 -0.03759654 0.00350852
v 0.00392775 -0.03759654 0.00167817
v 0.00246011 -0.03759654 0.00486395
v 0.00295629 -0.03759654 0.00383008
v 0.00116245 -0.03759654 0.00281936
v 0.00141103 -0.03759654 0.00332179
v 0.00096492 -0.03759654 0.00567476
v 0.00168081 -0.03759654 0.00538108
v 0.00071091 -0.03759654 0.00205088
v -0.00038877 -0.03759654 0.00390080
v -0.00198241 -0.03759654 0.00221346
v 0.00177533 -0.03759654 0.00077769
v -0.00122011 -0.03759654 0.00302069
v -0.00232213 -0.03759654 -0.00080501
v 0.00082353 -0.03759654 -0.00010267
v -0.00037841 -0.03759654 0.00075135
v -0.00050319 -0.03759654 0.00017853
v 0.00039187 -0.03759654 -0.00110093
v -0.00161416 -0.03759654 -0.00236829
v -0.00090661 -0.03759654 -0.00119107
v 0.00006584 -0.03759654 -0.00489894
v 0.00202410 -0.03759654 -0.00233892
v 0.00055440 -0.03759654 -0.00245730
v 0.00082702 -0.03759654 -0.00297631
v 0.00233510 -0.03759654 -0.00338110
v 0.00161304 -0.03759654 -0.00564141
v 0.00139834 -0.03759654 -0.00428480
v 0.00452666 -0.03759654 -0.00650012
v 0.00438123 -0.03759654 -0.00328029
v 0.00333147 -0.03759654 -0.00431567
v 0.00387392 -0.03759654 -0.00453802
v 0.00528937 -0.03759654 -0.00387874
v 0.00665336 -0.03759654 -0.00395420
v 0.00515266 -0.03759654 -0.00517314
v 0.00897307 -0.03759654 -0.00485933
v 0.00721183 -0.03759654 -0.00377585
v 0.00787235 -0.03759654 -0.00236097
v 0.00915703 -0.03759654 -0.00227299
v 0.00693287 -0.03759654 -0.00083015
v 0.00859810 -0.03759654 -0.00081908
v 0.00859965 -0.03759654 -0.00344043
v 0.01132454 -0.03759654 -0.00074432
v 0.00918296 -0.03759654 -0.00138685
v 0.00860744 -0.03759654 0.00019844
v 0.00784897 -0.03759654 0.00107081
v 0.00587725 -0.03759654 0.00078321
v 0.00976906 -0.03759654 0.00167511
v 0.01012643 -0.03759654 0.00010259
v 0.01061222 -0.03759654 0.00322823
v 0.01120425 -0.03759654 0.00492613
v 0.01268403 -0.03759654 0.00348807
v 0.01103947 -0.03759654 -0.00240706
v 0.01176352 -0.03759654 -0.00320823
v 0.00685528 -0.03759654 -0.00589855
v 0.00191981 -0.03759654 -0.00729019
v -0.00243897 -0.03759654 -0.00382851
v -0.00355287 -0.03759654 0.00162505
v -0.00096127 -0.03759654 0.00532033
v 0.00268532 -0.03759654 0.00850851
v 0.00399118 -0.03759654 0.00767191
v 0.00599438 -0.03759654 0.00739612
v 0.00872225 -0.03759654 0.00799217
v 0.01048292 -0.03759654 0.00757145
v 0.00711615 -0.03759654 0.00726629
v 0.01061462 -0.03759654 0.00880831
v 0.01053884 -0.03759654 0.00701063
v 0.01399507 -0.03759654 0.00669930
v 0.01506080 -0.03759654 0.00250032
v 0.01294220 -0.03759654 0.00132637
v 0.01221743 -0.03759654 0.00030612
v 0.01403647 -0.03759654 -0.00067304
v 0.01278495 -0.03759654 -0.00240925
v 0.01285639 -0.03759654 -0.00474785
v 0.01212497 -0.03759654 -0.00394291
v 0.01033228 -0.03759654 -0.00462859
v 0.01113767 -0.03759654 -0.00849425
v 0.01153397 -0.03759654 -0.00666078
v 0.00757312 -0.03759654 -0.00891087
v 0.00753022 -0.03759654 -0.00782410
v 0.00571619 -0.03759654 -0.00719704
v 0.00384836 -0.03759654 -0.01067601
v 0.00533047 -0.03759654 -0.00952622
v 0.00084996 -0.03759654 -0.00870391
v -0.00001913 -0.03759654 -0.00624534
v -0.00313798 -0.03759654 -0.00766185
v -0.00126355 -0.03759654 -0.00773375
v -0.00416725 -0.03759654 -0.00422380
v -0.00325268 -0.03759654 -0.00178179
v -0.00655237 -0.03759654 -0.00086215
v -0.00516268 -0.03759654 -0.00212208
v -0.00513089 -0.03759654 0.00243316
v -0.00286060 -0.03759654 0.00371597
v -0.00454248 -0.03759654 0.00468302
v -0.00183603 -0.03759654 0.00775941
v -0.00145451 -0.03759654 0.00717495
v 0.00002615 -0.03759654 0.00687042
v 0.00030686 -0.03759654 0.00949738
v 0.00498763 -0.03759654 0.01147868
v 0.00453903 -0.03759654 0.00878205
v 0.00569027 -0.03759654 0.00812071
v 0.00723590 -0.03759654 0.00999537
v 0.00922077 -0.03759654 0.01046649
v 0.00816330 -0.03759654 0.01146755
v 0.00533924 -0.03759654 0.01282785
v 0.00841872 -0.03759654 0.01295697
v 0.01210719 -0.03759654 0.00981434
v 0.01416479 -0.03759654 0.01158612
v 0.01532592 -0.03759654 0.00924103
v 0.01786087 -0.03759654 -0.00072261
v 0.01579879 -0.03759654 -0.00150601
v 0.01532836 -0.03759654 -0.00653238
v 0.01437331 -0.03759654 -0.00863155
v 0.01229433 -0.03759654 -0.00981753
v 0.00831968 -0.03759654 -0.01186685
v 0.00847201 -0.03759654 -0.01032739
v 0.00623875 -0.03759654 -0.01286101
v 0.00388383 -0.03759654 -0.01243318
v -0.00047821 -0.03759654 -0.01144820
v 0.00062803 -0.03759654 -0.01036682
v -0.00271133 -0.03759654 -0.01087218
v -0.00424030 -0.03759654 -0.00903072
v -0.00694868 -0.03759654 -0.00547233
v -0.00540616 -0.03759654 -0.00535501
v -0.00828909 -0.03759654 -0.00359564
v -0.00827669 -0.03759654 -0.00120220
v -0.00806413 -0.03759654 0.00326460
v -0.00680708 -0.03759654 0.00236295
v -0.00788463 -0.03759654 0.00556382
v -0.00608936 -0.03759654 0.00648924
v -0.00190610 -0.03759654 0.01269289
v -0.00291924 -0.03759654 0.00917576
v -0.00362035 -0.03759654 0.01031623
v 0.00235179 -0.03759654 0.01299696
v 0.00254176 -0.03759654 0.01650847
v 0.00587056 -0.03759654 0.01455347
v 0.01100179 -0.03759654 0.01339311
v 0.01106922 -0.03759654 0.01527539
v 0.01729265 -0.03759654 0.01080962
v 0.01632327 -0.03759654 0.00672058
v 0.01718084 -0.03759654 0.00305037
v 0.01839123 -0.03759654 0.00747206
v 0.02048368 -0.03759654 0.00405223
v 0.01919694 -0.03759654 0.00193956
v 0.02102384 -0.03759654 0.00158423
v 0.01873608 -0.03759654 -0.00234328
v 0.01948495 -0.03759654 -0.00578892
v 0.01763271 -0.03759654 -0.00789631
v 0.01692055 -0.03759654 -0.00673924
v 0.01645453 -0.03759654 -0.01054054
v 0.01362285 -0.03759654 -0.01084825
v 0.01350336 -0.03759654 -0.01312587
v 0.01019587 -0.03759654 -0.01351682
v 0.00954882 -0.03759654 -0.01269414
v 0.00768445 -0.03759654 -0.01608395
v 0.00423900 -0.03759654 -0.01407672
v 0.00268344 -0.03759654 -0.01574468
v -0.00010154 -0.03759654 -0.01391814
v -0.00006840 -0.03759654 -0.01287202
v -0.00367553 -0.03759654 -0.01427037
v -0.00502467 -0.03759654 -0.01051805
v -0.00728844 -0.03759654 -0.01079588
v -0.00824778 -0.03759654 -0.00760652
v -0.00754996 -0.03759654 -0.00682645
v -0.01121202 -0.03759654 -0.00557904
v -0.00983358 -0.03759654 -0.00183738
v -0.01174631 -0.03759654 -0.00059509
v -0.01043113 -0.03759654 0.00246476
v -0.00939515 -0.03759654 0.00261378
v -0.01139863 -0.03759654 0.00592328
v -0.00793759 -0.03759654 0.00790351
v -0.00860430 -0.03759654 0.01008464
v -0.00401812 -0.03759654 0.01250570
v -0.00158810 -0.03759654 0.01555699
v 0.00134274 -0.03759654 0.01555060
v 0.00853071 -0.03759654 0.01587707
v 0.00864760 -0.03759654 0.01836733
v 0.01290110 -0.03759654 0.01977910
v 0.01518701 -0.03759654 0.01626999
v 0.01793575 -0.03759654 0.01173111
v 0.01596369 -0.03759654 0.01509448
v 0.02128229 -0.03759654 0.00940753
v 0.02270085 -0.03759654 0.00349041
v 0.02248538 -0.03759654 -0.00374126
v 0.02073220 -0.03759654 -0.00254077
v 0.01965443 -0.03759654 -0.00955503
v 0.01820139 -0.03759654 -0.01388387
v 0.01217523 -0.03759654 -0.01629074
v 0.00579510 -0.03759654 -0.01934517
v -0.00036830 -0.03759654 -0.01731540
v -0.00721912 -0.03759654 -0.01555416
v -0.01063585 -0.03759654 -0.01003750
v -0.01475178 -0.03759654 -0.00428470
v -0.01382310 -0.03759654 0.00213754
v -0.01327826 -0.03759654 0.00919011
v -0.00918112 -0.03759654 0.01367937
v -0.00628900 -0.03759654 0.01298875
v 0.00086498 -0.03759654 0.01841084
v -0.00378264 -0.03759654 0.01669933
v 0.00343178 -0.03759654 0.01957836
v 0.00960982 -0.03759654 0.02050343
v 0.00507447 -0.03759654 0.02134683
v 0.00939951 -0.03759654 0.02270155
v 0.01834027 -0.03759654 0.01646853
v 0.01699695 -0.03759654 0.01674663
v 0.02527100 -0.03759654 0.01201085
v 0.02285385 -0.03759654 0.01182280
v 0.02631794 -0.03759654 0.00680212
v 0.02438690 -0.03759654 0.00306412
v 0.02452075 -0.03759654 -0.00327076
v 0.02364938 -0.03759654 -0.00687118
v 0.02474704 -0.03759654 -0.00188526
v 0.02295098 -0.03759654 -0.01046086
v 0.01832162 -0.03759654 -0.01527978
v 0.01668472 -0.03759654 -0.01519751
v 0.01369900 -0.03759654 -0.01746075
v 0.01012011 -0.03759654 -0.01960431
v 0.00563280 -0.03759654 -0.02228415
v 0.00277571 -0.03759654 -0.02003098
v 0.00004690 -0.03759654 -0.01919114
v -0.00407254 -0.03759654 -0.01853274
v -0.00923259 -0.03759654 -0.01770122
v -0.00997294 -0.03759654 -0.01413869
v -0.01152349 -0.03759654 -0.01174129
v -0.01425595 -0.03759654 -0.00858900
v -0.01767429 -0.03759654 -0.00463521
v -0.01595148 -0.03759654 -0.00143027
v -0.01559825 -0.03759654 0.00140292
v -0.01566518 -0.03759654 0.00557411
v -0.01574233 -0.03759654 0.01080016
v -0.01236248 -0.03759654 0.01214788
v -0.00944594 -0.03759654 0.02013475
v -0.00858543 -0.03759654 0.01621485
v -0.00474513 -0.03759654 0.01953916
v -0.00360505 -0.03759654 0.01867621
v -0.00189208 -0.03759654 0.02103064
v -0.00344052 -0.03759654 0.02328938
v 0.00705283 -0.03759654 0.02407063
v 0.01211971 -0.03759654 0.02413760
v 0.01309997 -0.03759654 0.02198120
v 0.01721027 -0.03759654 0.02196554
v 0.01812340 -0.03759654 0.02054691
v 0.02204076 -0.03759654 0.01711777
v 0.02867987 -0.03759654 0.00650294
v 0.02888064 -0.03759654 0.00432496
v 0.02661143 -0.03759654 0.00547845
v 0.02646899 -0.03759654 0.00332532
v 0.02727255 -0.03759654 -0.00448666
v 0.02671155 -0.03759654 -0.00923281
v 0.02306398 -0.03759654 -0.01396245
v 0.01805823 -0.03759654 -0.02049824
v 0.01919245 -0.03759654 -0.01685995
v 0.01098481 -0.03759654 -0.02171230
v 0.01198099 -0.03759654 -0.02218697
v 0.00265377 -0.03759654 -0.02392612
v 0.00364984 -0.03759654 -0.02223989
v -0.00476513 -0.03759654 -0.02070336
v -0.00430713 -0.03759654 -0.02170731
v -0.01257009 -0.03759654 -0.01704416
v -0.01072317 -0.03759654 -0.01639269
v -0.01618175 -0.03759654 -0.00980661
v -0.01647623 -0.03759654 -0.01087008
v -0.01980861 -0.03759654 -0.00198656
v -0.01797503 -0.03759654 -0.00267468
v -0.01792310 -0.03759654 0.00587925
v -0.01883227 -0.03759654 0.00525387
v -0.01899466 -0.03759654 0.00896265
v -0.01474292 -0.03759654 0.01507410
v -0.01471252 -0.03759654 0.01249532
v -0.01077916 -0.03759654 0.01793426
v 0.00138167 -0.03759654 0.02387827
v 0.00430998 -0.03759654 0.02549384
v 0.00591158 -0.03759654 0.02683545
v -0.00383091 -0.03759654 0.02508975
v 0.00100836 -0.03759654 0.02674461
v -0.00378003 -0.03759654 0.02563777
v -0.00984249 -0.03759654 0.02262585
v -0.01626111 -0.03759654 0.01578290
v -0.01697257 -0.03759654 0.01565481
v -0.02094560 -0.03759654 0.00774591
v -0.02086742 -0.03759654 0.00139832
v -0.01898459 -0.03759654 -0.00813338
v -0.02173721 -0.03759654 -0.00170711
v -0.01969699 -0.03759654 -0.01031949
v -0.01555695 -0.03759654 -0.01513177
v -0.00798776 -0.03759654 -0.02122322
v -0.01422712 -0.03759654 -0.01806977
v -0.00712828 -0.03759654 -0.02335580
v -0.00086355 -0.03759654 -0.02438106
v 0.00885029 -0.03759654 -0.02418200
v 0.00204366 -0.03759654 -0.02577689
v 0.01087949 -0.03759654 -0.02526319
v 0.01883418 -0.03759654 -0.02176891
v 0.02257750 -0.03759654 -0.01729217
v 0.02556143 -0.03759654 -0.01552624
v 0.02979214 -0.03759654 -0.00149485
v 0.02903003 -0.03759654 -0.00970935
v 0.02708824 -0.03759654 -0.01100172
v 0.03046567 -0.03759654 -0.00500906
v 0.03034755 -0.03759654 0.00508993
v 0.02788507 -0.03759654 0.01295616
v 0.02751435 -0.03759654 0.01184837
v 0.02331655 -0.03759654 0.01773555
v 0.02554255 -0.03759654 0.01660679
v 0.01967330 -0.03759654 0.02195317
v 0.01314711 -0.03759654 0.02553641
v 0.01106576 -0.03759654 0.02544230
v 0.00452885 -0.03759654 0.00083529
v 0.00406419 -0.03759654 0.00049385
v 0.00268167 -0.03759654 0.00095336
v 0.00406911 -0.03759654 0.00034253
v 0.00267005 -0.03759654 -0.00008223
v 0.00412316 -0.03759654 0.00020109
v 0.00422419 -0.03759654 0.00008833
v 0.00342548 -0.03759654 -0.00113635
v 0.00435651 -0.03759654 0.00001473
v 0.00456308 -0.03759654 0.00041333
v 0.00465506 -0.03759654 0.00002196
v 0.00468174 -0.03759654 -0.00145827
v 0.00532138 -0.03759654 -0.00110913
v 0.00543630 -0.03759654 -0.00049379
v 0.00538961 -0.03759654 0.00000598
v 0.00631891 -0.03759654 0.00007460
v 0.00532426 -0.03759654 0.00039620
v 0.00478053 -0.03759654 0.00084056
v 0.00563930 -0.03759654 0.00096583
v 0.00806906 -0.04364834 0.00131829
v 0.00646616 -0.04364834 0.00116120
v 0.00594069 -0.04364834 0.00164139
v 0.00522219 -0.04364834 0.00119242
v 0.00560955 -0.04364834 0.00079415
v 0.00493376 -0.04364834 -0.00000260
v 0.00523944 -0.04364834 0.00178566
v 0.00476370 -0.04364834 0.00179546
v 0.00511440 -0.04364834 0.00290641
v 0.00408240 -0.04364834 0.00213322
v 0.00416917 -0.04364834 0.00140632
v 0.00229227 -0.04364834 0.00256843
v 0.00257999 -0.04364834 0.00146700
v 0.00328954 -0.04364834 0.00121144
v 0.00360850 -0.04364834 0.00092108
v 0.00367000 -0.04364834 0.00038273
v 0.00310679 -0.04364834 0.00023558
v 0.00243131 -0.04364834 0.00081125
v 0.00297839 -0.04364834 -0.00014915
v 0.00306635 -0.04364834 -0.00066422
v 0.00334756 -0.04364834 -0.00139386
v 0.00358499 -0.04364834 -0.00078741
v 0.00401011 -0.04364834 -0.00139132
v 0.00463454 -0.04364834 -0.00095250
v 0.00469146 -0.04364834 -0.00190264
v 0.00502317 -0.04364834 -0.00077150
v 0.00547554 -0.04364834 -0.00101608
v 0.00588681 -0.04364834 -0.00093648
v 0.00622152 -0.04364834 -0.00025184
v 0.00533437 -0.04364834 0.00005738
v 0.00938290 -0.04364834 0.00051289
v 0.00943609 -0.04364834 0.00217246
v 0.00881376 -0.04364834 0.00232731
v 0.00698311 -0.04364834 0.00220089
v 0.00832167 -0.04364834 0.00392179
v 0.00749830 -0.04364834 0.00356306
v 0.00788693 -0.04364834 0.00542622
v 0.00628844 -0.04364834 0.00311743
v 0.00608345 -0.04364834 0.00389672
v 0.00517917 -0.04364834 0.00531576
v 0.00538021 -0.04364834 0.00390721
v 0.00489116 -0.04364834 0.00317179
v 0.00418334 -0.04364834 0.00348421
v 0.00420689 -0.04364834 0.00293423
v 0.00261276 -0.04364834 0.00420316
v 0.00315707 -0.04364834 0.00319304
v 0.00337222 -0.04364834 0.00188317
v 0.00143357 -0.04364834 0.00403890
v 0.00231774 -0.04364834 0.00214249
v 0.00143447 -0.04364834 0.00176839
v 0.00111716 -0.04364834 0.00070948
v 0.00010628 -0.04364834 0.00132824
v -0.00007599 -0.04364834 -0.00028290
v -0.00131983 -0.04364834 -0.00115868
v 0.00071010 -0.04364834 -0.00171302
v 0.00172950 -0.04364834 -0.00077470
v -0.00042626 -0.04364834 -0.00305204
v 0.00203896 -0.04364834 -0.00192992
v 0.00182466 -0.04364834 -0.00147663
v 0.00110383 -0.04364834 -0.00466215
v 0.00309483 -0.04364834 -0.00296043
v 0.00289266 -0.04364834 -0.00229556
v 0.00377474 -0.04364834 -0.00405920
v 0.00409396 -0.04364834 -0.00201566
v 0.00367418 -0.04364834 -0.00274793
v 0.00516960 -0.04364834 -0.00565152
v 0.00515095 -0.04364834 -0.00335178
v 0.00501871 -0.04364834 -0.00268877
v 0.00669706 -0.04364834 -0.00330127
v 0.00605334 -0.04364834 -0.00232195
v 0.00590817 -0.04364834 -0.00253295
v 0.00892012 -0.04364834 -0.00379599
v 0.00641309 -0.04364834 -0.00118781
v 0.00683587 -0.04364834 -0.00187131
v 0.00804779 -0.04364834 -0.00186702
v 0.00732710 -0.04364834 -0.00079653
v 0.00781555 -0.04364834 -0.00025302
v 0.00774121 -0.04364834 0.00023793
v 0.01053994 -0.04364834 -0.00045834
v 0.01236361 -0.04364834 0.00061809
v 0.01127749 -0.04364834 0.00230957
v 0.01140956 -0.04364834 0.00363672
v 0.00871796 -0.04364834 0.00335600
v 0.00853230 -0.04364834 0.00634544
v 0.00725768 -0.04364834 0.00638709
v 0.00610537 -0.04364834 0.00619263
v 0.00613482 -0.04364834 0.00699602
v 0.00393827 -0.04364834 0.00651970
v 0.00334790 -0.04364834 0.00564487
v 0.00321997 -0.04364834 0.00774448
v 0.00266593 -0.04364834 0.00631419
v 0.00188858 -0.04364834 0.00596165
v 0.00085944 -0.04364834 0.00613433
v -0.00047269 -0.04364834 0.00686657
v 0.00015337 -0.04364834 0.00473622
v -0.00121494 -0.04364834 0.00296794
v -0.00105988 -0.04364834 0.00327606
v -0.00207173 -0.04364834 0.00314624
v -0.00016881 -0.04364834 0.00251658
v -0.00260421 -0.04364834 0.00167852
v -0.00160877 -0.04364834 0.00082074
v -0.00033529 -0.04364834 0.00007329
v -0.00345430 -0.04364834 -0.00098505
v -0.00039915 -0.04364834 -0.00164128
v -0.00148762 -0.04364834 -0.00354446
v 0.00117864 -0.04364834 -0.00312548
v 0.00029835 -0.04364834 -0.00635218
v 0.00175805 -0.04364834 -0.00493045
v 0.00296253 -0.04364834 -0.00540163
v 0.00148064 -0.04364834 -0.00706449
v 0.00395832 -0.04364834 -0.00660235
v 0.00648780 -0.04364834 -0.00739706
v 0.00706878 -0.04364834 -0.00502325
v 0.00640104 -0.04364834 -0.00593474
v 0.00792490 -0.04364834 -0.00522612
v 0.00941452 -0.04364834 -0.00398942
v 0.01155131 -0.04364834 -0.00491482
v 0.01012692 -0.04364834 -0.00169249
v 0.01235340 -0.04364834 -0.00146176
v 0.01488723 -0.04364834 -0.00134524
v 0.01269227 -0.04364834 -0.00270202
v 0.01076627 -0.04364834 -0.00338200
v 0.01477777 -0.04364834 0.00153386
v 0.01223183 -0.04364834 0.00325346
v 0.01272433 -0.04364834 0.00629031
v 0.01017761 -0.04364834 0.00518092
v 0.01170577 -0.04364834 0.00551191
v 0.00917006 -0.04364834 0.00735851
v 0.01105605 -0.04364834 0.00741554
v 0.01004795 -0.04364834 0.00793316
v 0.00950968 -0.04364834 0.00840954
v 0.00816399 -0.04364834 0.00822453
v 0.00692924 -0.04364834 0.00916682
v 0.00718672 -0.04364834 0.01055074
v 0.00590632 -0.04364834 0.00843070
v 0.00368179 -0.04364834 0.00933457
v 0.00529166 -0.04364834 0.01106430
v 0.00167832 -0.04364834 0.00968133
v 0.00068483 -0.04364834 0.00851905
v -0.00086893 -0.04364834 0.00933544
v -0.00185247 -0.04364834 0.00672768
v -0.00236687 -0.04364834 0.00815793
v -0.00151416 -0.04364834 0.00488199
v -0.00306928 -0.04364834 0.00528798
v -0.00386026 -0.04364834 0.00428405
v -0.00483024 -0.04364834 0.00339576
v -0.00335229 -0.04364834 0.00326608
v -0.00441630 -0.04364834 0.00117331
v -0.00338359 -0.04364834 0.00036919
v -0.00413358 -0.04364834 -0.00191974
v -0.00551672 -0.04364834 -0.00221233
v -0.00318810 -0.04364834 -0.00303767
v -0.00281002 -0.04364834 -0.00472956
v -0.00126757 -0.04364834 -0.00537148
v -0.00063257 -0.04364834 -0.00673668
v -0.00211880 -0.04364834 -0.00811298
v -0.00087178 -0.04364834 -0.00752566
v 0.00126516 -0.04364834 -0.00889888
v 0.00221475 -0.04364834 -0.00821894
v 0.00360153 -0.04364834 -0.00864507
v 0.00539694 -0.04364834 -0.00808179
v 0.00592430 -0.04364834 -0.00983337
v 0.00522287 -0.04364834 -0.00887344
v 0.00676625 -0.04364834 -0.00826617
v 0.00830687 -0.04364834 -0.00766209
v 0.00857834 -0.04364834 -0.00918160
v 0.00942318 -0.04364834 -0.00642883
v 0.01060583 -0.04364834 -0.00504190
v 0.01171101 -0.04364834 -0.00716294
v 0.01106620 -0.04364834 -0.00619029
v 0.01274079 -0.04364834 -0.00500962
v 0.01440476 -0.04364834 -0.00484825
v 0.01346703 -0.04364834 -0.00773401
v 0.01636701 -0.04364834 -0.00642031
v 0.01675889 -0.04364834 -0.00377934
v 0.01833689 -0.04364834 -0.00188472
v 0.01552197 -0.04364834 -0.00034735
v 0.01658111 -0.04364834 -0.00094822
v 0.01834048 -0.04364834 0.00051600
v 0.01638797 -0.04364834 -0.00001543
v 0.01686193 -0.04364834 0.00145846
v 0.01565746 -0.04364834 0.00295120
v 0.01670800 -0.04364834 0.00260769
v 0.01422133 -0.04364834 0.00388592
v 0.01371158 -0.04364834 0.00703404
v 0.01446906 -0.04364834 0.00792725
v 0.01828069 -0.04364834 0.00608606
v 0.01437311 -0.04364834 0.00759253
v 0.01168992 -0.04364834 0.01099798
v 0.01106195 -0.04364834 0.01010364
v 0.00931765 -0.04364834 0.00959797
v 0.00762335 -0.04364834 0.01163848
v 0.00750376 -0.04364834 0.01248150
v 0.00443103 -0.04364834 0.01309811
v 0.00342531 -0.04364834 0.01214944
v 0.00086313 -0.04364834 0.01238063
v -0.00050024 -0.04364834 0.01065835
v -0.00053761 -0.04364834 0.01149452
v -0.00217978 -0.04364834 0.01088793
v -0.00385831 -0.04364834 0.00871913
v -0.00423979 -0.04364834 0.01026953
v -0.00466512 -0.04364834 0.00737230
v -0.00618460 -0.04364834 0.00794624
v -0.00590701 -0.04364834 0.00505358
v -0.00609450 -0.04364834 0.00585654
v -0.00685173 -0.04364834 0.00548368
v -0.00751398 -0.04364834 0.00423525
v -0.00646886 -0.04364834 0.00403461
v -0.00723294 -0.04364834 0.00140953
v -0.00642661 -0.04364834 0.00077858
v -0.00722780 -0.04364834 -0.00107179
v -0.00686115 -0.04364834 -0.00266112
v -0.00824008 -0.04364834 -0.00293857
v -0.00548944 -0.04364834 -0.00396565
v -0.00511953 -0.04364834 -0.00635911
v -0.00375107 -0.04364834 -0.00628393
v -0.00227709 -0.04364834 -0.00903580
v -0.00384399 -0.04364834 -0.01034620
v -0.00245304 -0.04364834 -0.00986889
v -0.00010492 -0.04364834 -0.00964779
v 0.00149302 -0.04364834 -0.01095177
v 0.00034107 -0.04364834 -0.01205734
v 0.00306281 -0.04364834 -0.01097707
v 0.00332550 -0.04364834 -0.01257994
v 0.00539100 -0.04364834 -0.01117515
v 0.00579171 -0.04364834 -0.01192643
v 0.00689389 -0.04364834 -0.01181088
v 0.00886961 -0.04364834 -0.01266993
v 0.00951063 -0.04364834 -0.01021948
v 0.01113203 -0.04364834 -0.00892152
v 0.01289387 -0.04364834 -0.00683827
v 0.01343555 -0.04364834 -0.00888281
v 0.01568380 -0.04364834 -0.00888763
v 0.01963086 -0.04364834 -0.00549760
v 0.02182059 -0.04364834 -0.00021822
v 0.01894346 -0.04364834 -0.00062940
v 0.01883648 -0.04364834 0.00180378
v 0.02144219 -0.04364834 0.00796343
v 0.01866106 -0.04364834 0.00773509
v 0.01917239 -0.04364834 0.00433285
v 0.01471435 -0.04364834 0.01071102
v 0.01632479 -0.04364834 0.00877101
v 0.01149600 -0.04364834 0.01441263
v 0.01264946 -0.04364834 0.01244235
v 0.01059242 -0.04364834 0.01267130
v 0.00984616 -0.04364834 0.01358012
v 0.00844722 -0.04364834 0.01461267
v 0.00784131 -0.04364834 0.01606588
v 0.00690017 -0.04364834 0.01398214
v 0.00316883 -0.04364834 0.01496431
v 0.00568740 -0.04364834 0.01668513
v 0.00004793 -0.04364834 0.01507992
v -0.00173891 -0.04364834 0.01319938
v -0.00170645 -0.04364834 0.01406828
v -0.00369939 -0.04364834 0.01326473
v -0.00586415 -0.04364834 0.01071058
v -0.00611271 -0.04364834 0.01238112
v -0.00850200 -0.04364834 0.00956233
v -0.00848923 -0.04364834 0.00620393
v -0.00861180 -0.04364834 0.00714678
v -0.00943395 -0.04364834 0.00663402
v -0.01019771 -0.04364834 0.00507474
v -0.00915455 -0.04364834 0.00491926
v -0.01004958 -0.04364834 0.00164575
v -0.00923996 -0.04364834 0.00087771
v -0.01003260 -0.04364834 -0.00143188
v -0.00958871 -0.04364834 -0.00340250
v -0.01096345 -0.04364834 -0.00366481
v -0.00701177 -0.04364834 -0.00497129
v -0.00742904 -0.04364834 -0.00798866
v -0.00593152 -0.04364834 -0.00805496
v -0.00392160 -0.04364834 -0.01133493
v -0.00556919 -0.04364834 -0.01257943
v -0.00403431 -0.04364834 -0.01221212
v -0.00183770 -0.04364834 -0.01185492
v 0.00077129 -0.04364834 -0.01368460
v -0.00055116 -0.04364834 -0.01473513
v 0.00308462 -0.04364834 -0.01539492
v 0.00598670 -0.04364834 -0.01370466
v 0.00523145 -0.04364834 -0.01428224
v 0.00804003 -0.04364834 -0.01536444
v 0.00608659 -0.04364834 -0.01473786
v 0.01071438 -0.04364834 -0.01277687
v 0.01370444 -0.04364834 -0.01298489
v 0.01250510 -0.04364834 -0.01104880
v 0.01471865 -0.04364834 -0.00892773
v 0.01878547 -0.04364834 -0.00685361
v 0.01672773 -0.04364834 -0.01004085
v 0.02199355 -0.04364834 -0.00440240
v 0.01727401 -0.04364834 -0.01163653
v 0.01308391 -0.04364834 -0.01517664
v 0.01824204 -0.04364834 -0.01323487
v 0.02224837 -0.04364834 -0.00085494
v 0.02087733 -0.04364834 0.00103826
v 0.02287922 -0.04364834 0.00114657
v 0.02304870 -0.04364834 0.00438476
v 0.02033764 -0.04364834 0.01239375
v 0.01550925 -0.04364834 0.01170249
v 0.01748941 -0.04364834 0.01292503
v 0.01863430 -0.04364834 0.01040057
v 0.01423697 -0.04364834 0.01478106
v 0.01478227 -0.04364834 0.01571742
v 0.01262635 -0.04364834 0.01558295
v 0.00900702 -0.04364834 0.01752565
v 0.00846443 -0.04364834 0.01838683
v 0.00291236 -0.04364834 0.01777918
v 0.00441281 -0.04364834 0.01874276
v -0.00076726 -0.04364834 0.01777921
v -0.00292643 -0.04364834 0.01619122
v -0.00601433 -0.04364834 0.01680880
v -0.00522337 -0.04364834 0.01469043
v -0.00786999 -0.04364834 0.01270204
v -0.00798563 -0.04364834 0.01449272
v -0.01065141 -0.04364834 0.01384334
v -0.00992211 -0.04364834 0.00948595
v -0.01107144 -0.04364834 0.00735427
v -0.01112911 -0.04364834 0.00843702
v -0.01201617 -0.04364834 0.00778437
v -0.01288145 -0.04364834 0.00591424
v -0.01184024 -0.04364834 0.00580391
v -0.01286622 -0.04364834 0.00188196
v -0.01427820 -0.04364834 0.00272204
v -0.01198809 -0.04364834 0.00060840
v -0.01573053 -0.04364834 0.00096838
v -0.01231628 -0.04364834 -0.00414387
v -0.01442991 -0.04364834 -0.00333939
v -0.00956533 -0.04364834 -0.00618072
v -0.00973855 -0.04364834 -0.00961822
v -0.00811198 -0.04364834 -0.00982599
v -0.00556612 -0.04364834 -0.01363405
v -0.00729439 -0.04364834 -0.01481265
v -0.00561557 -0.04364834 -0.01455535
v -0.00313627 -0.04364834 -0.01435934
v 0.00004955 -0.04364834 -0.01641743
v -0.00144340 -0.04364834 -0.01741292
v 0.00279114 -0.04364834 -0.01829698
v 0.00386083 -0.04364834 -0.01658659
v 0.00585212 -0.04364834 -0.01707005
v 0.00621026 -0.04364834 -0.01840358
v 0.01270925 -0.04364834 -0.01429832
v 0.01077455 -0.04364834 -0.01699297
v 0.01755693 -0.04364834 -0.01437636
v 0.02032052 -0.04364834 -0.01074788
v 0.02251301 -0.04364834 -0.00771879
v 0.02298041 -0.04364834 -0.01165662
v 0.02356666 -0.04364834 -0.00769912
v 0.02232010 -0.04364834 -0.00621101
v 0.02520346 -0.04364834 -0.00474733
v 0.02583164 -0.04364834 0.00324431
v 0.02444960 -0.04364834 -0.00115959
v 0.02474198 -0.04364834 0.00659324
v 0.02432076 -0.04364834 0.00841163
v 0.02025086 -0.04364834 0.01433194
v 0.01667804 -0.04364834 0.01804516
v 0.01269423 -0.04364834 0.01939479
v 0.01598387 -0.04364834 0.01695599
v 0.01276973 -0.04364834 0.01743629
v 0.00901933 -0.04364834 0.02157173
v 0.00972875 -0.04364834 0.02025849
v 0.00787697 -0.04364834 0.01974955
v 0.00265588 -0.04364834 0.02059405
v 0.00440370 -0.04364834 0.02156508
v -0.00158246 -0.04364834 0.02047851
v -0.00413019 -0.04364834 0.01874861
v -0.00752589 -0.04364834 0.01801132
v -0.00987583 -0.04364834 0.01469349
v -0.01231732 -0.04364834 0.01099064
v -0.01365366 -0.04364834 0.00850461
v -0.01364642 -0.04364834 0.00972727
v -0.01505995 -0.04364834 0.01070419
v -0.01459838 -0.04364834 0.00893471
v -0.01483603 -0.04364834 0.00587229
v -0.01568287 -0.04364834 0.00211818
v -0.01504385 -0.04364834 -0.00488525
v -0.01352531 -0.04364834 -0.00865224
v -0.01211889 -0.04364834 -0.00739015
v -0.01372714 -0.04364834 -0.01142278
v -0.01204806 -0.04364834 -0.01124777
v -0.01029244 -0.04364834 -0.01159702
v -0.00720373 -0.04364834 -0.01641587
v -0.00478585 -0.04364834 -0.01989004
v -0.00244336 -0.04364834 -0.01956683
v -0.00443484 -0.04364834 -0.01686376
v -0.00067218 -0.04364834 -0.01915027
v 0.00636079 -0.04364834 -0.01999540
v 0.00727939 -0.04364834 -0.02060072
v 0.00627912 -0.04364834 -0.02159437
v 0.01377306 -0.04364834 -0.01722703
v 0.01094060 -0.04364834 -0.01937290
v 0.01712317 -0.04364834 -0.01646110
v 0.01890806 -0.04364834 -0.01801159
v 0.02279579 -0.04364834 -0.01722516
v 0.02802567 -0.04364834 -0.00978645
v 0.02622909 -0.04364834 -0.00946463
v 0.02687941 -0.04364834 -0.00532777
v 0.02552326 -0.04364834 -0.00928916
v 0.02867218 -0.04364834 -0.00501325
v 0.02749121 -0.04364834 -0.00149744
v 0.02833962 -0.04364834 0.00247129
v 0.02647379 -0.04364834 -0.00005345
v 0.02875704 -0.04364834 0.00709402
v 0.02627393 -0.04364834 0.01030061
v 0.02736928 -0.04364834 0.01056940
v 0.02364210 -0.04364834 0.01496219
v 0.02115118 -0.04364834 0.01784236
v 0.02311302 -0.04364834 0.01385751
v 0.01764899 -0.04364834 0.01947091
v 0.01508520 -0.04364834 0.02122224
v 0.01417166 -0.04364834 0.02253380
v 0.01045048 -0.04364834 0.02299132
v 0.00749078 -0.04364834 0.02399618
v 0.00239940 -0.04364834 0.02340892
v 0.00261730 -0.04364834 0.02442996
v -0.00115188 -0.04364834 0.02263007
v -0.00533394 -0.04364834 0.02130600
v -0.00754049 -0.04364834 0.01985495
v -0.01023297 -0.04364834 0.01871808
v -0.01203711 -0.04364834 0.01635368
v -0.01365076 -0.04364834 0.01320326
v -0.01645402 -0.04364834 0.01010312
v -0.01952478 -0.04364834 0.00395082
v -0.01678526 -0.04364834 0.00640425
v -0.01840565 -0.04364834 0.00200071
v -0.01835219 -0.04364834 -0.00227429
v -0.01761522 -0.04364834 -0.00095183
v -0.01777142 -0.04364834 -0.00562663
v -0.01750150 -0.04364834 -0.00883954
v -0.01611488 -0.04364834 -0.00683210
v -0.01435757 -0.04364834 -0.01287732
v -0.01012778 -0.04364834 -0.01613500
v -0.00866972 -0.04364834 -0.01852313
v -0.00139391 -0.04364834 -0.02188310
v 0.00311779 -0.04364834 -0.02471971
v 0.00238375 -0.04364834 -0.02152195
v 0.01030086 -0.04364834 -0.02226553
v 0.00683374 -0.04364834 -0.02245169
v 0.01520096 -0.04364834 -0.01982237
v 0.01550007 -0.04364834 -0.02195225
v 0.02223229 -0.04364834 -0.01906792
v 0.01513237 -0.04364834 -0.02402808
v 0.00852319 -0.04364834 -0.02553307
v 0.02991802 -0.04364834 -0.01055776
v 0.02889147 -0.04364834 -0.01040933
v 0.03025352 -0.04364834 -0.00144772
v 0.03106448 -0.04364834 -0.00203404
v 0.03198931 -0.04364834 -0.00172704
v 0.03127470 -0.04364834 0.00597249
v 0.02924006 -0.04364834 0.00441895
v 0.02983403 -0.04364834 0.00915379
v 0.02550064 -0.04364834 0.01558681
v 0.02768411 -0.04364834 0.01471652
v 0.01927431 -0.04364834 0.02170127
v 0.02287656 -0.04364834 0.02168266
v 0.01562961 -0.04364834 0.02384891
v 0.01062478 -0.04364834 0.02499570
v 0.00934412 -0.04364834 0.02720980
v 0.01077857 -0.04364834 0.02590932
v 0.00192062 -0.04364834 0.02632337
v 0.00016057 -0.04364834 0.02778522
v -0.00321779 -0.04364834 0.02648256
v -0.00347206 -0.04364834 0.02364046
v -0.01036337 -0.04364834 0.02265180
v -0.00678065 -0.04364834 0.02388093
v -0.01640974 -0.04364834 0.01859829
v -0.01816038 -0.04364834 0.01542883
v -0.01385676 -0.04364834 0.01850214
v -0.01395599 -0.04364834 0.01696791
v -0.02165644 -0.04364834 0.00792824
v -0.01921739 -0.04364834 0.01114571
v -0.01833968 -0.04364834 0.00988769
v -0.02360939 -0.04364834 0.00211262
v -0.02156222 -0.04364834 -0.00092110
v -0.02230390 -0.04364834 -0.00486319
v -0.02118059 -0.04364834 0.00247688
v -0.02033271 -0.04364834 -0.00642852
v -0.02188472 -0.04364834 -0.00885081
v -0.01982295 -0.04364834 -0.01169221
v -0.01261306 -0.04364834 -0.02117403
v -0.01664217 -0.04364834 -0.01474918
v -0.01574561 -0.04364834 -0.01406328
v -0.01017633 -0.04364834 -0.02106348
v -0.00956843 -0.04364834 -0.02011230
v -0.00171154 -0.04364834 -0.02475249
v -0.00470431 -0.04364834 -0.02556456
v -0.00193442 -0.04364834 -0.02533824
v 0.00343221 -0.04364834 -0.02686280
v -0.00323491 -0.04364834 -0.02348357
v 0.00879335 -0.04364834 -0.02455438
v 0.00795146 -0.04364834 -0.02721289
v 0.01513152 -0.04364834 -0.02684862
v 0.01458382 -0.04364834 -0.02652388
v 0.02244059 -0.04364834 -0.02265546
v 0.02206480 -0.04364834 -0.02146098
v 0.02787865 -0.04364834 -0.01623378
v 0.03193497 -0.04364834 -0.00919781
v 0.02828822 -0.04364834 -0.01678650
v 0.03368899 -0.04364834 0.00196364
v 0.03324152 -0.04364834 0.00108656
v 0.03049723 -0.04364834 0.01390536
v 0.02892930 -0.04364834 0.01471067
v 0.02623550 -0.04364834 0.02005974
v 0.02209238 -0.04364834 0.02392827
v 0.02274395 -0.04364834 0.01976741
v 0.01303353 -0.04364834 0.02840210
v 0.01077774 -0.04364834 0.02840671
v 0.00542847 -0.04364834 0.02971521
v -0.00208534 -0.04364834 0.02891152
v -0.01143022 -0.04364834 0.02494288
v -0.00809827 -0.04364834 0.02561040
v -0.01885418 -0.04364834 0.01801745
v -0.02346178 -0.04364834 0.00897052
v -0.02133843 -0.04364834 0.01162361
v -0.02469728 -0.04364834 -0.00110670
v -0.02241166 -0.04364834 -0.01099875
v -0.01688060 -0.04364834 -0.01951252
v -0.01702815 -0.04364834 -0.01700435
v -0.00877122 -0.04364834 -0.02562111
v 0.00093836 -0.04364834 -0.02858773
v 0.00118932 -0.04364834 -0.02807253
v 0.00915122 -0.04364834 -0.02859630
v 0.00601135 -0.04364834 0.00055182
v 0.00221282 -0.04364834 0.00017152
v -0.00398787 -0.03759654 0.00845165
v -0.00022340 -0.03759654 0.01180073
v 0.01589457 -0.03759654 -0.00414919
v 0.01608512 -0.03759654 0.00015277
v 0.01578048 -0.03759654 0.00389802
v 0.01263466 -0.03759654 0.01248902
v 0.00581199 -0.03759654 0.01703048
v 0.01894039 -0.03759654 0.01795044
v -0.00556632 -0.03759654 0.02094238
v -0.01864357 -0.03759654 0.00230549
v -0.01443649 -0.03759654 -0.01300738
v -0.00137076 -0.03759654 -0.02203347
v 0.01581000 -0.03759654 -0.02004654
v 0.02520607 -0.03759654 -0.00917662
v 0.02615954 -0.03759654 0.00034273
v 0.02167001 -0.03742094 0.02116100
v 0.02232427 -0.03759654 0.02013375
v 0.02144798 -0.03759654 0.02089296
v 0.02255779 -0.03742094 0.02039184
v 0.02278389 -0.03689415 0.02064174
v 0.02188499 -0.03689415 0.02142053
v 0.02698759 -0.03584058 0.01639036
v 0.02614329 -0.03636737 0.01725767
v 0.02672627 -0.03689415 0.01620490
v 0.02341135 -0.03742094 0.01958483
v 0.02435260 -0.03715755 0.01885617
v 0.02364813 -0.03689415 0.01982463
v 0.01813425 -0.03584058 0.02439960
v 0.01899663 -0.03689415 0.02351094
v 0.01797579 -0.03689415 0.02412109
v 0.01916709 -0.03584058 0.02378228
v 0.01979819 -0.03742094 0.02257944
v 0.01863220 -0.03759654 0.02293084
v 0.01881735 -0.03742094 0.02322557
v 0.01960036 -0.03759654 0.02229307
v 0.01863148 -0.02284646 0.02527355
v 0.01744337 -0.02776315 0.02568917
v 0.01853313 -0.02776315 0.02510068
v 0.01376428 -0.03584058 0.02640379
v 0.01500080 -0.03408461 0.02625076
v 0.01488838 -0.03584058 0.02597442
v 0.01386454 -0.03408461 0.02668477
v 0.00900308 -0.03742094 0.02697041
v 0.01022746 -0.03689415 0.02707846
v 0.01015660 -0.03742094 0.02674898
v 0.00905950 -0.03689415 0.02730266
v 0.01129927 -0.03742094 0.02647729
v 0.01012000 -0.03750874 0.02657884
v 0.01121131 -0.03759654 0.02614052
v 0.00911315 -0.03584058 0.02761857
v 0.00795972 -0.03408461 0.02808975
v 0.00792265 -0.03584058 0.02779373
v -0.00703627 -0.03742094 0.02475618
v -0.00635804 -0.03759654 0.02467836
v -0.00596412 -0.03742094 0.02523577
v -0.00774860 -0.02284646 0.02625888
v -0.00653295 -0.02776315 0.02658483
v -0.00661022 -0.02284646 0.02676809
v -0.01108484 -0.03742094 0.02238307
v -0.01223465 -0.03689415 0.02194867
v -0.01202781 -0.03742094 0.02168262
v -0.00911223 -0.03742094 0.02365797
v -0.00816501 -0.03715755 0.02437878
v -0.00928258 -0.03689415 0.02394876
v -0.01797738 -0.03742094 0.01523978
v -0.01858601 -0.03689415 0.01492868
v -0.01793139 -0.03689415 0.01592169
v -0.01623652 -0.03742094 0.01760282
v -0.01668819 -0.03759654 0.01647176
v -0.01696565 -0.03742094 0.01668189
v -0.01596848 -0.03759654 0.01738079
v -0.01819503 -0.03584058 0.01610381
v -0.01772757 -0.03408461 0.01725892
v -0.01844048 -0.03408461 0.01627337
v -0.01947539 -0.03584058 0.01406667
v -0.02031334 -0.03408461 0.01314439
v -0.02004785 -0.03584058 0.01300831
v -0.02155178 -0.03742094 0.00723160
v -0.02148362 -0.03759654 0.00601571
v -0.02182390 -0.03742094 0.00608889
v -0.02121503 -0.03759654 0.00714365
v -0.02204611 -0.03742094 0.00493548
v -0.02170297 -0.03759654 0.00487721
v -0.02218788 -0.03584058 0.00739773
v -0.02171512 -0.03689415 0.00788875
v -0.02185860 -0.03584058 0.00855515
v -0.02312185 -0.03276764 0.00511814
v -0.02316626 -0.03408461 0.00389228
v -0.02343488 -0.03145067 0.00392592
v -0.02198693 -0.03742094 -0.00441422
v -0.02250643 -0.03689415 -0.00330046
v -0.02217260 -0.03742094 -0.00325435
v -0.02233861 -0.03742094 0.00260522
v -0.02274454 -0.03689415 0.00144530
v -0.02267453 -0.03689415 0.00263247
v -0.02240776 -0.03742094 0.00143273
v -0.02205994 -0.03759654 0.00141974
v -0.02207747 -0.03759654 0.00026048
v -0.02396336 -0.02284646 -0.00224290
v -0.02385431 -0.02776315 -0.00098897
v -0.02405295 -0.02284646 -0.00099891
v -0.02356112 -0.03145067 0.00270439
v -0.02336288 -0.03408461 0.00146838
v -0.02363341 -0.03145067 0.00147848
v -0.02329129 -0.03408461 0.00268250
v -0.01873352 -0.03742094 -0.01317981
v -0.01945366 -0.03715755 -0.01223215
v -0.01902431 -0.03689415 -0.01335016
v -0.02074375 -0.03742094 -0.00893910
v -0.01999006 -0.03759654 -0.00989579
v -0.02031077 -0.03742094 -0.01003102
v -0.02041744 -0.03759654 -0.00881799
v -0.02093902 -0.03145067 -0.01162847
v -0.02165979 -0.02776315 -0.01059982
v -0.02144089 -0.03145067 -0.01050752
v -0.02115368 -0.02776315 -0.01173023
v -0.01441965 -0.03742094 -0.01872788
v -0.01379219 -0.03689415 -0.01978479
v -0.01465643 -0.03689415 -0.01896768
v -0.01651867 -0.03584058 -0.01743239
v -0.01751362 -0.03408461 -0.01668216
v -0.01674599 -0.03408461 -0.01762560
v -0.01488157 -0.03584058 -0.01919568
v -0.01420732 -0.03408461 -0.02024362
v -0.01509118 -0.03408461 -0.01940796
v -0.01373914 -0.02284646 -0.02158467
v -0.01264182 -0.02776315 -0.02220091
v -0.01361227 -0.02776315 -0.02143150
v -0.00672705 -0.03742094 -0.02404209
v -0.00558337 -0.03750874 -0.02434730
v -0.00658196 -0.03759654 -0.02372572
v -0.00935703 -0.03276764 -0.02391959
v -0.00821985 -0.03408461 -0.02437989
v -0.00834333 -0.03145067 -0.02462080
v -0.00914256 -0.03584058 -0.02354264
v -0.01033410 -0.03408461 -0.02317795
v -0.01017540 -0.03584058 -0.02292532
v -0.00929009 -0.03408461 -0.02380194
v 0.00231920 -0.03742094 -0.02640479
v 0.00350478 -0.03759654 -0.02612653
v 0.00349180 -0.03742094 -0.02647434
v 0.00234734 -0.03759654 -0.02605788
v 0.00701193 -0.03742094 -0.02637630
v 0.00585723 -0.03689415 -0.02679687
v 0.00584040 -0.03742094 -0.02646028
v 0.00704343 -0.03689415 -0.02671185
v 0.00466628 -0.03742094 -0.02649289
v 0.00582302 -0.03759654 -0.02611265
v 0.00466408 -0.03759654 -0.02614484
v -0.00173624 -0.03742094 -0.02575617
v -0.00123577 -0.03689415 -0.02622150
v -0.00239275 -0.03689415 -0.02594640
v 0.00119397 -0.03759654 -0.02593908
v 0.00115072 -0.03742094 -0.02628443
v 0.00467404 -0.03145067 -0.02771936
v 0.00345615 -0.03408461 -0.02742944
v 0.00467233 -0.03408461 -0.02744865
v 0.00344606 -0.03145067 -0.02769995
v 0.00591352 -0.02776315 -0.02792252
v 0.00467555 -0.02776315 -0.02795692
v 0.00590166 -0.03145067 -0.02768525
v 0.01602796 -0.03742094 -0.02389923
v 0.01508675 -0.03689415 -0.02468936
v 0.01495581 -0.03742094 -0.02437882
v 0.01617232 -0.03689415 -0.02420376
v 0.00933830 -0.03742094 -0.02605435
v 0.00813101 -0.03759654 -0.02589601
v 0.00927569 -0.03759654 -0.02571196
v 0.00817862 -0.03742094 -0.02624080
v 0.00951022 -0.03408461 -0.02699454
v 0.01070157 -0.03408461 -0.02674933
v 0.01076183 -0.03145067 -0.02701325
v 0.01429042 -0.03145067 -0.02596089
v 0.01532716 -0.03408461 -0.02525952
v 0.01543234 -0.03145067 -0.02550898
v 0.01419623 -0.03408461 -0.02570709
v 0.01304682 -0.03408461 -0.02610500
v 0.01312986 -0.03145067 -0.02636265
v 0.01320273 -0.02776315 -0.02658876
v 0.01437309 -0.02776315 -0.02618361
v 0.01552464 -0.02776315 -0.02572788
v 0.02007653 -0.03742094 -0.02152612
v 0.02122634 -0.03689415 -0.02109172
v 0.02027157 -0.03689415 -0.02180095
v 0.02101950 -0.03742094 -0.02082567
v 0.02045701 -0.03584058 -0.02206226
v 0.02142301 -0.03584058 -0.02134470
v 0.01810392 -0.03742094 -0.02280102
v 0.01723545 -0.03689415 -0.02367081
v 0.01707795 -0.03742094 -0.02337286
v 0.01827427 -0.03689415 -0.02309181
v 0.02235690 -0.03584058 -0.02058588
v 0.02345976 -0.03408461 -0.02000582
v 0.02255011 -0.03408461 -0.02081320
v 0.02325682 -0.03584058 -0.01978714
v 0.02452581 -0.03145067 -0.01934965
v 0.02433317 -0.03408461 -0.01915944
v 0.02364392 -0.03145067 -0.02020426
v 0.02573450 -0.03584058 -0.01716528
v 0.02470960 -0.03689415 -0.01786024
v 0.02548774 -0.03689415 -0.01696086
v 0.02494721 -0.03584058 -0.01807523
v 0.02664582 -0.03742094 -0.01487320
v 0.02622600 -0.03689415 -0.01602841
v 0.02595735 -0.03742094 -0.01582495
v 0.02692309 -0.03689415 -0.01506474
v 0.02718673 -0.03584058 -0.01524687
v 0.02648144 -0.03584058 -0.01622186
v 0.02601967 -0.03759654 -0.01514509
v 0.03103782 -0.03742094 -0.00407853
v 0.03154399 -0.03689415 -0.00295846
v 0.03137007 -0.03689415 -0.00413495
v 0.03120958 -0.03742094 -0.00291658
v 0.03047108 -0.03584058 -0.00884020
v 0.03054410 -0.03689415 -0.00760379
v 0.03085030 -0.03584058 -0.00769821
v 0.03016928 -0.03689415 -0.00873251
v 0.02896751 -0.03742094 -0.01079493
v 0.02911110 -0.03759654 -0.00958563
v 0.02865114 -0.03759654 -0.01064983
v 0.03047911 -0.02284646 -0.01148819
v 0.03078965 -0.02776315 -0.01026850
v 0.03097388 -0.02284646 -0.01034346
v 0.03029831 -0.02776315 -0.01140527
v 0.03097863 -0.03742094 0.00527116
v 0.03081952 -0.03759654 0.00406369
v 0.03063625 -0.03759654 0.00520856
v 0.03116431 -0.03742094 0.00411130
v 0.03195399 -0.03584058 0.00300588
v 0.03149814 -0.03689415 0.00415741
v 0.03181556 -0.03584058 0.00420124
v 0.03163496 -0.03689415 0.00297594
v 0.03040330 -0.03759654 0.00634430
v 0.03074262 -0.03742094 0.00642178
v 0.03045650 -0.03742094 0.00756093
v 0.03012087 -0.03759654 0.00746872
v 0.03207465 -0.03584058 0.00060282
v 0.03173624 -0.03689415 -0.00058835
v 0.03175423 -0.03689415 0.00060079
v 0.03205646 -0.03584058 -0.00060030
v 0.03172039 -0.03689415 0.00178964
v 0.03204042 -0.03584058 0.00180565
v 0.03109046 -0.03584058 0.00773511
v 0.03167443 -0.03408461 0.00663456
v 0.03138358 -0.03584058 0.00656814
v 0.03137815 -0.03408461 0.00781415
v 0.02882247 -0.03742094 0.01196008
v 0.02961300 -0.03689415 0.01101890
v 0.02930248 -0.03742094 0.01088797
v 0.02912699 -0.03689415 0.01210443
v 0.02973546 -0.03742094 0.00979605
v 0.03005141 -0.03689415 0.00991332
v 0.02978917 -0.03759654 0.00857960
v 0.03012045 -0.03742094 0.00868636
v 0.03032511 -0.02284646 0.01267237
v 0.03065150 -0.02776315 0.01145677
v 0.03014539 -0.02776315 0.01258718
v 0.03103017 -0.03408461 0.00897953
v 0.03074621 -0.03584058 0.00888802
v -0.01933389 0.04919357 -0.01924925
v -0.02649153 0.04842682 -0.00755639
v -0.00179234 0.04767954 -0.03046665
v -0.00084107 0.02112268 -0.03099918
v -0.00220011 0.04437936 -0.03070529
v -0.00084107 -0.00046766 -0.03099918
v -0.00081598 -0.03543483 -0.03085143
v -0.00220692 0.00167080 -0.03073699
v -0.00540149 -0.04049975 -0.02934599
v -0.02222461 -0.04049975 -0.01601820
v -0.02080002 -0.03717254 -0.01898274
v -0.02686774 -0.04049975 -0.00045431
v -0.02681304 -0.03564725 0.00572999
v -0.02713762 -0.01546483 0.00478325
v -0.02743763 -0.01588614 0.00237459
v -0.02694977 0.02483364 0.00569650
v -0.02698920 0.04615747 0.00409163
v -0.02739737 0.04397121 0.00266785
v -0.02739664 0.04811189 -0.00013274
v -0.02685120 0.05054072 -0.00099623
v -0.02667723 0.03410114 -0.00610927
v -0.02748076 0.02441366 0.00083467
v -0.02720198 0.04210410 -0.00187489
v -0.02445600 0.03092038 -0.01306033
v -0.02169112 0.04566526 -0.01767922
v -0.02567391 0.04613917 -0.00992547
v -0.02179064 0.01827546 -0.01770253
v -0.02022796 0.01344774 -0.01970681
v -0.01246191 0.02829225 -0.02656499
v -0.01570968 0.02454159 -0.02431377
v -0.01910295 0.04138213 -0.02099892
v -0.01316142 0.04723789 -0.02634201
v -0.00773591 0.03483646 -0.02901113
v -0.01133272 0.04373341 -0.02725869
v -0.00588277 0.04283166 -0.02970534
v -0.00397179 0.04334331 -0.03025850
v -0.01246191 0.01095929 -0.02656499
v -0.00621707 0.00292355 -0.02959507
v -0.00489745 0.00503873 -0.03003427
v -0.01126810 0.01168422 -0.02727852
v -0.02373426 0.00263153 -0.01440017
v -0.02650744 0.02402038 -0.00717740
v -0.02690142 0.00858406 -0.00525337
v -0.02730356 0.00369860 0.00292135
v -0.02700377 -0.01414538 -0.00403201
v -0.02684331 -0.01403960 -0.00607756
v -0.02733576 -0.03606470 0.00177836
v -0.02725866 -0.03535559 -0.00179476
v -0.02438506 -0.02968241 -0.01349404
v -0.02542321 -0.01069484 -0.01076245
v -0.02737096 0.00721871 -0.00079524
v 0.02648701 -0.00914995 0.01911942
v 0.02718576 -0.01652499 0.01806810
v 0.02639440 -0.01652499 0.01904071
v 0.02728172 -0.00914995 0.01814270
v 0.01876809 -0.00914995 0.02551364
v 0.01990183 -0.00107252 0.02495184
v 0.01984892 -0.00914995 0.02486763
v 0.01881726 -0.00107253 0.02560008
v 0.02090041 -0.00914995 0.02417497
v 0.01978427 -0.01652499 0.02476471
v 0.02083133 -0.01652499 0.02407496
v 0.01895386 0.02386214 0.02584017
v 0.02011343 0.03123719 0.02528868
v 0.02004877 0.02386214 0.02518576
v 0.01901397 0.03123719 0.02594581
v 0.01188426 0.02386214 0.02871707
v 0.01314679 0.03123719 0.02848378
v 0.01311098 0.02386214 0.02836763
v 0.00935918 0.00735609 0.02906740
v 0.01062242 0.01578471 0.02891490
v 0.01060383 0.00735609 0.02882848
v 0.00937398 0.01578471 0.02915455
v -0.00561209 0.00735610 0.02766209
v -0.00498430 -0.00107253 0.02778590
v -0.00441439 0.00735609 0.02807671
v -0.00315002 -0.00914995 0.02825781
v -0.00195093 -0.00107253 0.02866194
v -0.00317637 -0.00107253 0.02835370
v -0.00319979 0.00735609 0.02843894
v -0.00197061 0.00735609 0.02874812
v 0.00179853 -0.00914995 0.02916399
v 0.00056443 -0.01652499 0.02889832
v 0.00054780 -0.00914995 0.02901873
v 0.00180989 -0.01652499 0.02904298
v -0.00081267 0.03755865 0.02946013
v 0.00047979 0.03123719 0.02951129
v 0.00045862 0.03755865 0.02966452
v -0.01419529 -0.00914995 0.02241946
v -0.01505435 -0.01652499 0.02149451
v -0.01411658 -0.01652499 0.02232685
v -0.01617491 0.00735609 0.02083934
v -0.01532494 0.01578472 0.02178608
v -0.01623782 0.01578472 0.02090145
v -0.02190924 0.00735609 0.01253860
v -0.02143433 0.01578472 0.01371895
v -0.02135567 0.00735609 0.01367863
v -0.02351586 0.00735609 -0.00726750
v -0.02373842 -0.00107253 -0.00601867
v -0.02382459 0.00735609 -0.00603835
v -0.02423838 -0.00914995 -0.00226872
v -0.02442816 -0.00107253 -0.00101767
v -0.02433739 -0.00107253 -0.00227801
v -0.02501656 0.03755865 0.00024190
v -0.02482543 0.03123719 -0.00103753
v -0.02497993 0.03755865 -0.00104525
v -0.02486187 0.03123719 0.00024288
v -0.02488744 0.03755866 -0.00232964
v -0.02473342 0.03123719 -0.00231519
v -0.02453576 0.03755865 -0.00488030
v -0.02412622 0.03123719 -0.00610722
v -0.02427703 0.03755865 -0.00614166
v -0.02438358 0.03123719 -0.00485247
v -0.01763843 0.00735609 -0.01838411
v -0.01836853 -0.00107252 -0.01734679
v -0.01843831 0.00735609 -0.01740104
v -0.01403519 0.00735610 -0.02194205
v -0.01309544 0.01578472 -0.02279990
v -0.01304207 0.00735609 -0.02272943
v -0.00986928 0.00735609 -0.02481994
v -0.00873392 0.00314178 -0.02538285
v -0.00982557 -0.00107253 -0.02474311
v -0.00810191 -0.00914995 -0.02552986
v -0.00861296 -0.01652499 -0.02514686
v -0.00748476 -0.01652499 -0.02569422
v 0.00216242 -0.00914995 -0.02833758
v 0.00342401 -0.01652499 -0.02829068
v 0.00341948 -0.00914995 -0.02841214
v 0.00217224 -0.01652499 -0.02821644
v 0.00467681 -0.02284646 -0.02815580
v 0.00342978 -0.02284646 -0.02813610
v 0.00467779 -0.01652499 -0.02831049
v 0.00213204 0.02386214 -0.02871202
v 0.00340094 0.03123719 -0.02890901
v 0.00212222 0.03123719 -0.02883317
v 0.00340547 0.02386214 -0.02878755
v 0.01453841 -0.00914995 -0.02662904
v 0.01331118 -0.01652499 -0.02692530
v 0.01449612 -0.01652499 -0.02651509
v 0.01334846 -0.00914995 -0.02704098
v 0.01460377 0.00735610 -0.02680514
v 0.01337896 -0.00107252 -0.02713563
v 0.01340608 0.00735609 -0.02721976
v 0.00968710 -0.00914995 -0.02796189
v 0.00845749 -0.00107252 -0.02826029
v 0.00844389 -0.00914995 -0.02816177
v 0.00719316 -0.00914995 -0.02830704
v 0.00782997 -0.00107253 -0.02833317
v 0.00721072 0.00735609 -0.02849407
v 0.00846958 0.00735609 -0.02834786
v 0.01094262 -0.00107253 -0.02780499
v 0.00970499 -0.00107253 -0.02805972
v 0.01092048 -0.00914995 -0.02770804
v 0.02300809 -0.02284646 -0.02135203
v 0.02213509 -0.01652499 -0.02226064
v 0.02204015 -0.02284646 -0.02213851
v 0.02310827 -0.01652499 -0.02146990
v 0.02119880 -0.00914995 -0.02310751
v 0.02227073 -0.00107252 -0.02243510
v 0.02125635 -0.00107253 -0.02318860
v 0.02220969 -0.00914995 -0.02235659
v 0.01941363 0.03755865 -0.02503674
v 0.02042609 0.03123719 -0.02423150
v 0.01933544 0.03123719 -0.02490327
v 0.01877602 0.03123719 -0.02521506
v 0.01828891 0.03755865 -0.02566362
v 0.01927400 0.02386214 -0.02479839
v 0.01821661 0.03123719 -0.02552686
v 0.01815981 0.02386214 -0.02541940
v 0.02343029 0.02386215 -0.02184877
v 0.02446697 0.03123719 -0.02109112
v 0.02350900 0.03123719 -0.02194138
v 0.02438429 0.02386214 -0.02100203
v 0.02824127 -0.00914995 -0.01597537
v 0.02901858 -0.00107252 -0.01497690
v 0.02832309 -0.00107253 -0.01603189
v 0.02503294 -0.00914995 -0.01985041
v 0.02597142 -0.00107252 -0.01900190
v 0.02510371 -0.00107253 -0.01992029
v 0.02589768 -0.00914995 -0.01893518
v 0.02855036 0.02386214 -0.01618890
v 0.02789959 0.03123719 -0.01729586
v 0.02780270 0.02386214 -0.01722248
v 0.02865036 0.03123719 -0.01625798
v 0.02701087 0.02386214 -0.01822260
v 0.02776306 0.01982343 -0.01719246
v 0.02693428 0.01578471 -0.01815916
v 0.03107169 0.02386214 -0.01175996
v 0.03062270 0.03123719 -0.01296281
v 0.03118217 0.03123719 -0.01181063
v 0.03167826 -0.00914995 -0.00927096
v 0.03217014 -0.00107253 -0.00810519
v 0.03177192 -0.00107253 -0.00930438
v 0.03207511 -0.00914995 -0.00807589
v 0.03307096 0.00735610 0.00565377
v 0.03273012 -0.00107253 0.00687562
v 0.03281630 0.00735609 0.00689530
v 0.03298400 -0.00107253 0.00563787
v 0.02107854 0.03753819 -0.02680377
v 0.00592875 0.04777015 -0.03129904
v 0.00189910 0.04101681 -0.03135590
v 0.00586646 0.04862131 -0.03056362
v 0.00053498 -0.00291210 -0.03120164
v -0.00084014 0.03787769 -0.03099373
v -0.00084107 -0.00526552 -0.03099918
v -0.00081309 -0.03651716 -0.03083441
v 0.00837934 -0.04049975 -0.03019854
v 0.02778491 -0.03893400 -0.02115473
v 0.02313739 -0.04049975 -0.02466095
v 0.03243209 -0.04049975 -0.01312053
v 0.03575879 -0.03651716 -0.00488018
v 0.03566043 0.00460885 -0.00627390
v 0.03592356 0.00463006 -0.00490816
v 0.03489826 0.04528158 -0.00924779
v 0.03567573 0.04700485 -0.00486608
v 0.02954129 0.04373359 -0.01983306
v 0.02812583 0.04916013 -0.02003151
v 0.01477896 0.04916013 -0.02924614
v 0.02886698 0.01491772 -0.02019725
v 0.02502769 0.04470015 -0.02403725
v 0.02406109 0.00602034 -0.02473806
v 0.01918332 0.01365015 -0.02786732
v 0.02237091 0.00664054 -0.02597433
v 0.03163575 -0.00160639 -0.01634984
v 0.03220300 -0.01246230 -0.01533523
v 0.03286467 -0.00766444 -0.01411193
v 0.03294464 -0.00511798 -0.01401259
v 0.03286467 -0.00286659 -0.01411193
v 0.03152228 0.00360158 -0.01650569
v 0.03286467 0.00672912 -0.01411193
v 0.03382489 0.01955239 -0.01213661
v 0.03347215 0.01133001 -0.01286089
v 0.03165786 0.01730613 -0.01631300
v 0.02990789 -0.00072627 -0.01881681
v 0.03286468 0.01387070 -0.01411191
v 0.03275993 0.03240128 -0.01448155
v 0.02990562 0.03978708 -0.01886026
v 0.03400022 0.04083672 -0.01157464
v 0.03520784 0.02580711 -0.00814794
v 0.03533823 0.00959614 -0.00762695
v 0.03471905 0.02183786 -0.00972913
v 0.03514843 0.00200556 -0.00834870
v 0.03533823 0.00013866 -0.00762695
v 0.03495763 -0.00286659 -0.00896475
v 0.03535282 -0.00525069 -0.00763080
v 0.03508158 -0.03046711 -0.00873630
v 0.03212151 -0.01898226 -0.01552310
v 0.03286467 -0.02205800 -0.01411193
v 0.03118637 -0.03402492 -0.01708484
v 0.02649108 -0.00418760 -0.02266086
v 0.02514054 -0.00516197 -0.02386097
v 0.01961563 -0.00395068 -0.02763869
v 0.01226961 -0.01106340 -0.03049392
v 0.01558804 -0.00624375 -0.02945703
v 0.01367705 -0.00208874 -0.03010542
v 0.00619758 0.03808910 -0.03142062
v 0.01430828 0.03811794 -0.02992285
v 0.00828605 0.01927933 -0.03123071
v 0.00885653 -0.00059415 -0.03114996
v 0.01159197 0.01566017 -0.03064881
v 0.01705213 0.04752219 -0.02888574
v 0.01018175 0.03997715 -0.03095535
v 0.01022968 0.00951634 -0.03092919
v 0.01992284 0.03727831 -0.02747530
v 0.03347215 0.01444798 -0.01286089
v 0.03612460 0.03941106 -0.00353205
v 0.03612693 0.00000062 -0.00353234
v 0.03592356 0.01362603 -0.00490816
v 0.03592356 -0.02685586 -0.00490816
v 0.03577581 -0.03543483 -0.00488307
v 0.03582965 -0.04049975 0.00131044
v 0.03208746 -0.04049975 0.01540193
v 0.01185993 0.00089227 0.03145421
v 0.00980038 -0.03753858 0.03166550
v 0.00979067 0.04700485 0.03160831
v 0.03622245 0.04691233 -0.00062622
v 0.02774294 0.04916013 0.01773828
v 0.03573689 0.04916013 -0.00279305
v 0.03580100 0.04426858 -0.00488735
v 0.03629341 0.04262539 -0.00166698
v 0.03607513 0.04412571 0.00555128
v 0.03501952 0.03644424 0.00964677
v 0.03625642 0.02486531 0.00368695
v 0.03607332 0.01152697 0.00478922
v 0.03595779 0.01393238 0.00560088
v 0.03585347 0.01083209 0.00616258
v 0.03557402 0.01824754 0.00752500
v 0.03483732 0.00475289 0.01020644
v 0.03300222 0.01920731 0.01471178
v 0.02983376 0.03379500 0.01988096
v 0.02588255 0.01986783 0.02406662
v 0.02689323 0.01392589 0.02311105
v 0.02696277 0.01153736 0.02307702
v 0.03043902 0.01167178 0.01919165
v 0.03593352 0.00062872 0.00580593
v 0.03618152 0.00789505 0.00397845
v 0.03635177 0.00433366 -0.00076060
v 0.03626990 0.01055009 -0.00214896
v 0.03629395 -0.03149209 -0.00186672
v 0.03620252 -0.03568344 -0.00268994
v 0.03639750 -0.03162619 0.00294514
v 0.03633323 0.00446783 0.00202028
v 0.03560907 -0.01981038 0.00744546
v 0.03634240 -0.02033224 0.00273536
v 0.03623332 -0.00692591 0.00340757
v 0.03438146 0.00126066 0.01152040
v 0.03323024 -0.03288096 0.01431490
v 0.03476871 -0.03021127 0.01043836
v 0.03523522 0.00912516 0.00887384
v 0.03386878 -0.00099512 0.01281329
v 0.02588255 0.00067641 0.02406662
v 0.02689323 -0.00526552 0.02311105
v 0.02696277 -0.00765925 0.02307702
v 0.02923199 -0.00077391 0.02059915
v 0.03161540 -0.03285037 0.01721223
v 0.02609454 -0.03288691 0.02389163
v 0.02088057 0.00306402 0.02780910
v 0.02402453 -0.02358357 0.02564291
v 0.02973287 -0.03147884 0.02004846
v 0.02374152 0.00771799 0.02584141
v 0.02145359 0.00672912 0.02742196
v 0.02261498 0.00992770 0.02665690
v 0.02588255 0.00687209 0.02406662
v 0.02689323 0.00433019 0.02311105
v 0.02483135 0.00499710 0.02497735
v 0.02892077 0.04503594 0.02089441
v 0.03459343 0.04519936 0.01169392
v 0.03318929 0.04304762 0.01440821
v 0.03397955 0.03562911 0.01258897
v 0.03637280 0.00779018 0.00062999
v 0.02189912 0.03603295 0.02714997
v 0.02424020 0.02892069 0.02548433
v 0.01890561 0.03016810 0.02893189
v 0.02079065 0.04384718 0.02784934
v 0.01869582 0.04748481 0.02914485
v 0.02602184 0.04149182 0.02395966
v 0.01358380 0.04346658 0.03102520
v 0.01650805 0.01632483 0.02995575
v 0.01487156 0.01630707 0.03058651
v 0.01769411 0.00205436 0.02950000
v 0.01903597 0.00595738 0.02879637
v 0.01778459 0.01412689 0.02940349
v 0.01778459 0.01872375 0.02940349
v 0.01388914 0.00099433 0.03089123
v 0.01833090 -0.01554660 0.02918207
v 0.02019566 -0.03546554 0.02820828
v 0.01612443 -0.03107277 0.03010438
v 0.02283602 -0.03826758 0.02652615
v 0.02999229 -0.03947519 0.01937176
v 0.01349603 -0.03560140 0.03102069
v 0.02261498 -0.00485191 0.02665690
v 0.00420346 0.01227514 0.03232747
v 0.00775315 0.01772822 0.03214622
v 0.00983275 0.01542523 0.03185613
v 0.00795912 -0.02942110 0.03212249
v 0.00983275 -0.00646498 0.03185613
v 0.00833321 -0.03850846 0.03169778
v -0.01174917 -0.03733205 0.02794698
v -0.01539904 -0.03868624 0.02504758
v -0.01279105 -0.04049975 0.02433562
v -0.02639909 -0.03902272 0.00671504
v -0.02691718 -0.03160733 0.00570149
v -0.02702425 -0.01414553 0.00547006
v -0.02637658 0.04540845 0.00827271
v -0.02693101 0.04396228 0.00551150
v -0.02574723 0.04932157 0.00876550
v -0.01882037 0.04916013 0.02059491
v 0.00475852 0.04572783 0.03231070
v 0.00738620 0.04808249 0.03170452
v 0.00322105 0.04001704 0.03229225
v -0.00015196 0.04405415 0.03193140
v -0.00866317 0.04801242 0.02949065
v -0.01728283 0.04131945 0.02394266
v -0.02257901 0.04742174 0.01725217
v -0.02083344 0.03862812 0.01981043
v -0.00874652 0.03058295 0.02944304
v 0.00009908 0.02592488 0.03202458
v 0.00711911 0.00002987 0.03222604
v 0.00707315 0.00433019 0.03220110
v -0.00411568 0.03471293 0.03114912
v -0.00260029 0.01441299 0.03150576
v -0.00659635 0.02831946 0.03031398
v -0.01040232 0.01658137 0.02861106
v -0.01161715 0.01386233 0.02793396
v -0.02554399 0.02580514 0.01134754
v -0.01248687 0.03761463 0.02744526
v -0.01040232 0.01151023 0.02861106
v -0.00946988 0.01272643 0.02907851
v -0.01040410 0.00202008 0.02862734
v -0.00915906 0.00433021 0.02923432
v -0.01040232 -0.00287899 0.02861106
v -0.01161715 -0.00538914 0.02793395
v -0.01280139 -0.00569346 0.02720455
v -0.01040232 -0.00768118 0.02861106
v -0.00888531 -0.00766188 0.02937949
v -0.00663840 0.00156282 0.03031832
v -0.00915906 -0.00046770 0.02923432
v -0.00394915 -0.00309204 0.03116647
v -0.00760848 -0.01406838 0.02992265
v -0.00528204 -0.01167757 0.03076897
v 0.00320349 -0.02154788 0.03238158
v 0.00515370 -0.03260028 0.03230565
v -0.00077758 -0.02579621 0.03190725
v 0.00254823 -0.03797464 0.03228457
v -0.01186802 -0.02751984 0.02785507
v -0.00532545 -0.03330936 0.03082715
v -0.00522272 -0.03753858 0.03058493
v -0.01546284 -0.02335273 0.02531724
v -0.01783838 -0.00437147 0.02318843
v -0.01506940 0.01975984 0.02559500
v -0.01689482 0.04016737 0.02409827
v -0.01914327 0.02248255 0.02181553
v -0.01614886 -0.00079961 0.02471790
v -0.02172783 -0.00871254 0.01857779
v -0.02266775 -0.02050001 0.01715825
v -0.02298772 0.02183780 0.01665170
v -0.02615312 0.01521591 0.00938501
v -0.02485169 -0.00006894 0.01288389
v -0.02650383 -0.02938543 0.00800223
v -0.02401446 -0.03246695 0.01489746
v -0.02380995 -0.03812708 0.01574078
v -0.01890519 -0.03625762 0.02210218
v -0.02698715 0.02371389 -0.00462652
v -0.01915516 0.00018044 -0.02100196
v -0.01158550 -0.00410255 -0.02710047
v -0.00944980 0.00201797 -0.02824455
v -0.01236069 -0.03102240 -0.02665305
v -0.01362330 -0.00436351 -0.02579993
v -0.01991231 -0.02985073 -0.02010759
v -0.01612043 -0.03326017 -0.02391536
v -0.00835368 -0.02941965 -0.02875699
v -0.00545520 -0.02973447 -0.02988242
v -0.00355993 0.00768732 -0.03041528
v 0.00608790 -0.00013609 -0.03140984
v 0.00730045 -0.02362519 -0.03137473
v 0.00747509 -0.00063677 -0.03131042
v 0.00333071 -0.02318808 -0.03144639
v 0.00261784 -0.03609373 -0.03136039
v 0.00837166 -0.03800236 -0.03117435
v 0.01119759 -0.03434256 -0.03073156
v 0.01945773 -0.01680936 -0.02774698
v 0.02406112 -0.01666247 -0.02473803
v 0.01767958 -0.03671123 -0.02867213
v 0.02408871 -0.03232321 -0.02481946
v 0.02835493 -0.02201022 -0.02074053
v 0.02652065 -0.03715744 -0.02253882
v 0.03132490 -0.03753858 -0.01642575
v 0.01741789 -0.02430208 -0.02872103
v 0.03347215 -0.01246229 -0.01286089
v 0.03286467 -0.01246229 -0.01411193
v 0.03347215 -0.02393484 -0.01286089
v 0.03347215 -0.02685586 -0.01286088
v 0.03409778 -0.03790116 -0.01138531
v 0.03392348 -0.00488477 -0.01191042
v 0.03451930 0.00433020 -0.01028472
v -0.02658896 -0.03314009 -0.00701423
v -0.02657972 -0.02040949 -0.00699452
v -0.02043723 -0.03584915 -0.01932670
v -0.01312684 -0.03849597 -0.02607133
v -0.00309948 -0.03225172 -0.03053284
v -0.00616714 -0.03656261 -0.02961347
v -0.02651943 -0.03480051 -0.00862174
v 0.03606144 -0.03831477 0.00596493
v -0.01176897 0.02353995 -0.02699582
v 0.03160077 0.04916013 0.01630713
v 0.03142916 0.05020967 0.01620660
v 0.03071574 0.05020967 0.01736665
v 0.03088280 0.04916013 0.01747457
v 0.03122894 0.05082122 0.01608931
v 0.03052082 0.05082122 0.01724073
v 0.03226723 0.04916013 0.01510948
v 0.03209140 0.05020967 0.01501653
v 0.03249168 0.05082122 0.01369940
v 0.03226205 0.05085669 0.01359054
v 0.03166159 0.05085669 0.01478932
v 0.03188626 0.05082122 0.01490809
v 0.03417881 0.05082122 0.00928432
v 0.03420630 0.05020967 0.01000309
v 0.03459593 0.05020967 0.00869820
v 0.03354238 0.05082122 0.01120898
v 0.03330413 0.05085668 0.01112055
v 0.03280992 0.05085669 0.01236685
v 0.03304409 0.05082122 0.01246558
v 0.03437217 0.05082122 0.00863673
v 0.03492768 0.05020967 0.00737742
v 0.03539696 0.04916013 0.00607911
v 0.03561362 0.04916013 0.00472574
v 0.03541660 0.05020967 0.00469853
v 0.03520132 0.05020967 0.00604333
v 0.03512449 0.05085669 -0.00205605
v 0.03520341 0.05085669 -0.00071777
v 0.03545737 0.05082122 -0.00072725
v 0.03534225 0.05082122 0.00332393
v 0.03557327 0.05020967 0.00334561
v 0.03567110 0.05020967 0.00198717
v 0.03543936 0.05082122 0.00197558
v 0.03434252 0.04612539 -0.00199261
v 0.03411124 0.04247535 -0.00197385
v 0.03418755 0.04247535 -0.00067985
v 0.03441943 0.04612538 -0.00068851
v 0.03387914 0.03755866 0.00318659
v 0.03417028 0.04247535 0.00191213
v 0.03397163 0.03755865 0.00190220
v 0.03400826 0.03755865 0.00061504
v 0.03420715 0.04247535 0.00061630
v 0.03430817 0.04612539 0.00322686
v 0.03465584 0.04864688 0.00193641
v 0.03440202 0.04612538 0.00192372
v 0.03337061 0.04612539 0.00836156
v 0.03368886 0.04612538 0.00709454
v 0.03330475 0.04247535 0.00767149
v 0.03395136 0.04612539 0.00581476
v 0.03420135 0.04864688 0.00586047
v 0.03440962 0.04864688 0.00455947
v 0.03537780 0.05082122 -0.00207659
v 0.03523885 0.05082122 -0.00342112
v 0.03498668 0.05085669 -0.00338954
v 0.03408222 0.04916013 -0.01012876
v 0.03359405 0.04916013 -0.01140941
v 0.03340982 0.05020967 -0.01133446
v 0.03389490 0.05020967 -0.01006192
v 0.03447229 0.05082122 -0.00740078
v 0.03410238 0.05082122 -0.00870102
v 0.03385953 0.05085669 -0.00862613
v 0.03422641 0.05085669 -0.00733656
v 0.03269812 0.04612539 -0.00963487
v 0.03223279 0.04612538 -0.01085561
v 0.03247958 0.04247535 -0.00955689
v 0.03288813 0.04247535 -0.00832659
v 0.03310986 0.04612538 -0.00839497
v 0.03229226 0.03755865 -0.00949005
v 0.03269807 0.03755865 -0.00826799
v 0.03401719 0.04612539 -0.00458445
v 0.03378843 0.04247535 -0.00454560
v 0.03397799 0.04247535 -0.00326324
v 0.03420823 0.04612538 -0.00329207
v 0.03459584 0.04864688 -0.00201316
v 0.03446041 0.04864688 -0.00332365
v 0.03142508 0.05082122 -0.01489265
v 0.03206818 0.05082122 -0.01370369
v 0.03227468 0.05020967 -0.01380953
v 0.03162676 0.05020967 -0.01500739
v 0.02654257 0.05082122 -0.02134105
v 0.02764293 0.05020967 -0.02051423
v 0.02670768 0.05020967 -0.02150409
v 0.03034127 0.04916013 -0.01742609
v 0.02953794 0.04916013 -0.01853663
v 0.02937939 0.05020967 -0.01841656
v 0.02877764 0.03755866 -0.01634590
v 0.02894127 0.04247535 -0.01645894
v 0.02818145 0.04247535 -0.01750933
v 0.02802291 0.03755865 -0.01738926
v 0.03014777 0.03755865 -0.01416593
v 0.03093736 0.04247535 -0.01312409
v 0.03032064 0.04247535 -0.01426428
v 0.03052232 0.04612539 -0.01437903
v 0.03074321 0.04864688 -0.01450470
v 0.03006648 0.04864688 -0.01563520
v 0.02985129 0.04612538 -0.01550001
v 0.02684921 0.04916013 -0.02164384
v 0.02586502 0.04916013 -0.02259758
v 0.02572973 0.05020967 -0.02245179
v 0.02456092 0.05082122 -0.02317901
v 0.02557188 0.05082122 -0.02228171
v 0.02471119 0.05020967 -0.02335581
v 0.02037427 0.04916013 -0.02667659
v 0.02027373 0.05020967 -0.02650497
v 0.02143334 0.05020967 -0.02579073
v 0.02154126 0.04916013 -0.02595780
v 0.02015644 0.05082122 -0.02630476
v 0.02130744 0.05082122 -0.02559583
v 0.01951416 0.04247535 -0.02520835
v 0.01833538 0.04001700 -0.02575153
v 0.02182548 0.04612539 -0.02399056
v 0.02074385 0.04612538 -0.02472340
v 0.02061794 0.04247535 -0.02452850
v 0.02169119 0.04247535 -0.02380133
v 0.01754491 0.05017795 -0.02709933
v 0.01860907 0.04864688 -0.02626927
v 0.01873301 0.05017794 -0.02650372
v 0.02360918 0.03755865 -0.02205925
v 0.02373799 0.04247535 -0.02221079
v 0.02273188 0.04247535 -0.02302828
v 0.02260981 0.03755865 -0.02287127
v 0.01542656 0.04916013 -0.02902196
v 0.01535735 0.05020967 -0.02883549
v 0.01662365 0.05020967 -0.02833435
v 0.01670093 0.04916013 -0.02851762
v 0.01527661 0.05082122 -0.02861796
v 0.01653350 0.05082122 -0.02812054
v 0.01599050 0.05020967 -0.02858492
v 0.01776737 0.05082122 -0.02756861
v 0.01786676 0.05020967 -0.02777829
v 0.01518818 0.05085668 -0.02837970
v 0.01643476 0.05085669 -0.02788636
v 0.00739143 0.05082122 -0.03041931
v 0.00876583 0.05020967 -0.03049322
v 0.00741312 0.05020967 -0.03065033
v 0.00736768 0.05085669 -0.03016628
v 0.00869933 0.05085669 -0.03001161
v 0.00873409 0.05082122 -0.03026336
v 0.00725409 0.03755865 -0.02895612
v 0.00853306 0.03755865 -0.02880757
v 0.00856027 0.04247535 -0.02900460
v 0.00980436 0.03755865 -0.02860318
v 0.00984013 0.04247535 -0.02879883
v 0.01242858 0.04612539 -0.02844499
v 0.01368060 0.04612538 -0.02807161
v 0.01375856 0.04864688 -0.02831349
v 0.01249590 0.04864688 -0.02869005
v 0.01231442 0.03755866 -0.02802947
v 0.01354842 0.03755865 -0.02766146
v 0.01360943 0.04247535 -0.02785076
v 0.01236710 0.04247535 -0.02822125
v 0.01491520 0.04612539 -0.02764422
v 0.00743170 0.04916013 -0.03084836
v 0.00606472 0.04916013 -0.03094634
v 0.00605479 0.05020967 -0.03074769
v 0.00199089 0.05082122 -0.03045209
v 0.00333170 0.05020967 -0.03076400
v 0.00197213 0.05020967 -0.03068336
v -0.00076337 0.04916013 -0.03054165
v -0.00210934 0.04916013 -0.03028328
v -0.00206752 0.05020967 -0.03008883
v -0.00073007 0.05020967 -0.03034557
v -0.00069123 0.05082122 -0.03011680
v 0.00064617 0.05082122 -0.03031358
v 0.00061734 0.05020967 -0.03054382
v -0.00051734 0.04612539 -0.02909282
v -0.00180033 0.04612538 -0.02884653
v -0.00175154 0.04247535 -0.02861968
v -0.00047849 0.04247535 -0.02886405
v -0.00044519 0.03755865 -0.02866797
v 0.00082877 0.03755865 -0.02885541
v 0.00080406 0.04247535 -0.02905276
v 0.00468541 0.04612539 -0.02951485
v 0.00599133 0.04612538 -0.02947858
v 0.00600402 0.04864688 -0.02973240
v 0.00468702 0.04864688 -0.02976898
v 0.00468870 0.05017795 -0.03003417
v 0.00335973 0.05017794 -0.03001317
v 0.00402832 0.04864688 -0.02975858
v 0.00468268 0.03755865 -0.02908394
v 0.00468394 0.04247535 -0.02928282
v 0.00338775 0.04247535 -0.02926234
v 0.00339517 0.03755865 -0.02906359
v -0.00410168 0.04916013 -0.02977852
v -0.00470210 0.05020967 -0.02940073
v -0.00339239 0.05020967 -0.02977382
v -0.00841981 0.05082122 -0.02773301
v -0.00717911 0.05082122 -0.02826977
v -0.00726654 0.05020967 -0.02848470
v -0.00851654 0.05020967 -0.02794393
v -0.00831387 0.05085669 -0.02750202
v -0.00708334 0.05085669 -0.02803437
v -0.00333375 0.05082122 -0.02954930
v -0.00463372 0.05082122 -0.02917899
v -0.00455884 0.05085669 -0.02893613
v -0.00326953 0.05085669 -0.02930341
v -0.00591629 0.05082122 -0.02875212
v -0.00583089 0.05085668 -0.02851276
v -0.01082551 0.05082122 -0.02650061
v -0.01094025 0.05020967 -0.02670229
v -0.01210923 0.05020967 -0.02600361
v -0.01198579 0.05082122 -0.02580712
v -0.01103861 0.04916013 -0.02687516
v -0.01221503 0.04916013 -0.02617202
v -0.01727528 0.05082122 -0.02161180
v -0.01629143 0.05082122 -0.02254380
v -0.01644772 0.05020967 -0.02271456
v -0.01743986 0.05020967 -0.02177364
v -0.01554423 0.04916013 -0.02376170
v -0.01658199 0.04916013 -0.02286030
v -0.01541715 0.05020967 -0.02360897
v -0.01526897 0.05082122 -0.02343061
v -0.01510674 0.05085668 -0.02323513
v -0.01405606 0.05085669 -0.02406834
v -0.01420949 0.05082122 -0.02427094
v -0.01912085 0.05082122 -0.01961730
v -0.01997940 0.05082122 -0.01855734
v -0.01977256 0.05085669 -0.01841444
v -0.01892333 0.05085668 -0.01946089
v -0.01821895 0.05082122 -0.02063588
v -0.01803046 0.05085669 -0.02046768
v -0.01709562 0.05085669 -0.02143331
v -0.01839213 0.05020967 -0.02078718
v -0.01992489 0.04612539 -0.01690063
v -0.01934722 0.04864688 -0.01810287
v -0.02013401 0.04864688 -0.01704379
v -0.01281939 0.05017795 -0.02463625
v -0.01373586 0.04864688 -0.02364553
v -0.01266866 0.04864688 -0.02441806
v -0.02270580 0.04917858 -0.01524611
v -0.02250194 0.05022197 -0.01521360
v -0.02177364 0.05020967 -0.01640504
v -0.02196551 0.04916013 -0.01646064
v -0.02227754 0.05082891 -0.01514733
v -0.02133337 0.05085669 -0.01620850
v -0.02156013 0.05082122 -0.01631838
v -0.02540217 0.05126195 -0.00773399
v -0.02502474 0.05116970 -0.00900955
v -0.02526420 0.05076724 -0.00904148
v -0.02563895 0.05091483 -0.00776800
v -0.02514780 0.05110852 -0.00768629
v -0.02476956 0.05105581 -0.00895963
v -0.02355062 0.05089810 -0.01273562
v -0.02409993 0.05097496 -0.01150834
v -0.02384538 0.05094453 -0.01145259
v -0.02459098 0.05106977 -0.01026699
v -0.02434226 0.05045566 -0.01153832
v -0.02483271 0.05060735 -0.01029672
v -0.02217207 0.03755866 -0.01221298
v -0.02159537 0.03755865 -0.01336434
v -0.02177120 0.04247535 -0.01345729
v -0.02595912 0.05102962 -0.00647163
v -0.02572422 0.05133369 -0.00643829
v -0.02649170 0.05138494 0.00021273
v -0.02621658 0.05114952 0.00155604
v -0.02623517 0.05117881 0.00022286
v -0.02678944 0.05061144 -0.00250818
v -0.02668593 0.05116080 -0.00114541
v -0.02658814 0.05117721 -0.00248928
v -0.02645173 0.05141569 -0.00112813
v -0.02672709 0.05111161 0.00019934
v -0.02519585 0.04247535 0.00153680
v -0.02499709 0.03755865 0.00152938
v -0.02517857 0.04247535 -0.00105519
v -0.02521545 0.04247535 0.00024065
v -0.02596922 0.04934462 0.00809208
v -0.02575289 0.05033267 0.00813333
v -0.02606547 0.05045567 0.00681963
v -0.02408934 0.04916013 0.01340670
v -0.02389831 0.05020967 0.01336301
v -0.02444738 0.05020967 0.01207935
v -0.02470843 0.05082891 0.01074983
v -0.02494124 0.05022197 0.01077318
v -0.02422147 0.05082122 0.01203393
v -0.02397823 0.05085669 0.01196817
v -0.02445889 0.05086107 0.01070345
v -0.02488386 0.05087426 0.00942172
v -0.02513872 0.05085197 0.00945058
v -0.02537728 0.05025887 0.00945452
v -0.02492129 0.03755865 0.00281472
v -0.02511954 0.04247535 0.00283080
v -0.02498629 0.04247535 0.00412018
v -0.02478894 0.03755865 0.00409547
v -0.02554428 0.05024895 0.00550232
v -0.02527876 0.04867528 0.00547353
v -0.02547079 0.04868671 0.00417259
v -0.02447653 0.04612757 0.00799199
v -0.02477913 0.04612977 0.00672122
v -0.02502998 0.04866445 0.00676544
v -0.02472497 0.04865566 0.00804641
v -0.02243872 0.05082122 0.01572916
v -0.02329664 0.05020967 0.01461418
v -0.02264360 0.05020967 0.01583165
v -0.02135323 0.04916013 0.01826903
v -0.02194043 0.05020967 0.01701421
v -0.02211129 0.04916013 0.01711067
v -0.02099655 0.05082122 0.01803227
v -0.02174212 0.05082122 0.01689778
v -0.02282074 0.04916013 0.01591366
v -0.02014053 0.04612539 0.01744761
v -0.01937475 0.04612538 0.01850629
v -0.01918976 0.04247535 0.01836627
v -0.01994957 0.04247535 0.01731589
v -0.02153077 0.04612539 0.01523539
v -0.02132894 0.04247535 0.01512122
v -0.02194566 0.04247535 0.01398103
v -0.02215240 0.04612538 0.01408594
v -0.02272315 0.04612539 0.01291031
v -0.02295526 0.04864688 0.01301206
v -0.02237930 0.04864688 0.01419906
v -0.02115606 0.03755865 0.01502287
v -0.02066310 0.04247535 0.01623352
v -0.01584830 0.04916013 0.02436430
v -0.01478458 0.04916013 0.02522861
v -0.01466251 0.05020967 0.02507159
v -0.01571950 0.05020967 0.02421275
v -0.01755087 0.05082122 0.02219800
v -0.01658019 0.05082122 0.02313865
v -0.01640731 0.05085669 0.02295237
v -0.01737003 0.05085669 0.02201943
v -0.01556922 0.05082122 0.02403595
v -0.01540464 0.05085668 0.02384231
v -0.00877568 0.05082122 0.02842556
v -0.00866682 0.05085669 0.02819591
v -0.00986526 0.05085669 0.02759512
v -0.00998403 0.05082122 0.02781980
v -0.01343490 0.05082122 0.02569451
v -0.01231575 0.05082122 0.02645278
v -0.01217785 0.05085669 0.02623931
v -0.01328782 0.05085669 0.02548726
v -0.01461749 0.03755865 0.02291619
v -0.01571580 0.04247535 0.02220724
v -0.01474630 0.04247535 0.02306774
v -0.01523290 0.05017795 0.02364025
v -0.01604652 0.04864688 0.02256360
v -0.01622692 0.05017794 0.02275799
v -0.00628492 0.05082122 0.02947491
v -0.00754181 0.05082122 0.02897749
v -0.00763197 0.05020967 0.02919130
v -0.00636566 0.05020967 0.02969244
v -0.00744307 0.05085669 0.02874331
v 0.00160025 0.05082122 0.03127626
v 0.00162401 0.05085669 0.03102322
v 0.00029236 0.05085669 0.03086856
v 0.00025759 0.05082122 0.03112031
v -0.00107701 0.05082122 0.03090574
v -0.00103129 0.05085668 0.03065575
v -0.00234448 0.05085669 0.03038547
v -0.00240105 0.05082122 0.03063323
v -0.00245270 0.05020967 0.03085944
v -0.00111874 0.05020967 0.03113399
v -0.00343689 0.04612539 0.02930194
v -0.00222642 0.04864688 0.02986841
v -0.00216984 0.04612538 0.02962065
v -0.00332273 0.03755866 0.02888642
v -0.00461774 0.04247535 0.02870771
v -0.00337542 0.04247535 0.02907820
v -0.00577357 0.03755865 0.02809717
v -0.00584277 0.04247535 0.02828363
v 0.00429970 0.05082122 0.03141043
v 0.00429823 0.05020967 0.03164247
v 0.00565998 0.05020967 0.03162095
v 0.00565132 0.05082122 0.03138908
v 0.00700079 0.05082122 0.03130904
v 0.00698024 0.05085669 0.03105574
v 0.00564185 0.05085669 0.03113512
v 0.00294848 0.05082122 0.03137290
v 0.00296117 0.05085669 0.03111907
v 0.00975506 0.04916013 0.03139861
v 0.01110102 0.04916013 0.03114024
v 0.01105920 0.05020967 0.03094579
v 0.00972176 0.05020967 0.03120252
v 0.01232544 0.05082122 0.03040626
v 0.01226122 0.05085669 0.03016037
v 0.01095698 0.05085669 0.03047048
v 0.01101041 0.05082122 0.03071894
v 0.00968291 0.05082122 0.03097376
v 0.00964036 0.05085668 0.03072321
v 0.00831393 0.05085669 0.03091837
v 0.00834551 0.05082122 0.03117054
v 0.01206296 0.04612539 0.02940130
v 0.01079202 0.04612538 0.02970349
v 0.01084546 0.04864688 0.02995195
v 0.01212719 0.04864688 0.02964719
v 0.00173760 0.03755865 0.02981308
v 0.00171901 0.04247535 0.03001110
v 0.00301194 0.04247535 0.03010378
v 0.00302188 0.03755865 0.02990513
v 0.00168545 0.04738613 0.03036865
v 0.00298766 0.04864688 0.03058935
v 0.00300036 0.04612538 0.03033553
v 0.00688198 0.03755866 0.02984431
v 0.00559652 0.03755865 0.02992055
v 0.00689806 0.04247535 0.03004254
v 0.01490798 0.05082122 0.02960908
v 0.01362541 0.05082122 0.03003595
v 0.01369378 0.05020967 0.03025769
v 0.01355053 0.05085669 0.02979309
v 0.01482257 0.05085668 0.02936972
v 0.02003029 0.04916013 0.02773212
v 0.02120672 0.04916013 0.02702899
v 0.02110092 0.05020967 0.02686057
v 0.01993194 0.05020967 0.02755926
v 0.02210626 0.05082122 0.02592050
v 0.02196181 0.05085669 0.02571140
v 0.02084229 0.05085669 0.02644888
v 0.02097749 0.05082122 0.02666409
v 0.01741150 0.05082122 0.02858998
v 0.01862775 0.05082122 0.02799990
v 0.01851183 0.05085669 0.02777374
v 0.01730556 0.05085669 0.02835898
v 0.01473345 0.05017795 0.02911996
v 0.01339424 0.04864688 0.02928626
v 0.01347239 0.05017794 0.02953968
v 0.01441411 0.03755865 0.02822498
v 0.01448095 0.04247535 0.02841230
v 0.01569197 0.04247535 0.02794973
v 0.01561702 0.03755865 0.02776551
v 0.02626439 0.05082122 0.02247421
v 0.02528209 0.05082122 0.02340294
v 0.02543776 0.05020967 0.02357501
v 0.02642743 0.05020967 0.02263932
v 0.02426041 0.05082122 0.02428811
v 0.02440843 0.05020967 0.02446681
v 0.02453531 0.04916013 0.02461997
v 0.02557120 0.04916013 0.02372249
v 0.02511159 0.05085669 0.02321449
v 0.02409829 0.05085668 0.02409240
v 0.02843186 0.04916013 0.02077241
v 0.02828031 0.05020967 0.02064360
v 0.02737556 0.05020967 0.02166158
v 0.02752135 0.04916013 0.02179687
v 0.02720548 0.05082122 0.02150374
v 0.02698375 0.03755865 0.01954161
v 0.02713529 0.04247535 0.01967042
v 0.02795343 0.04247535 0.01866491
v 0.02779641 0.03755865 0.01854283
v 0.02891598 0.04612539 0.01775889
v 0.02872674 0.04247535 0.01762459
v 0.02813662 0.04612538 0.01880733
v 0.02281844 0.03755865 0.02355637
v 0.02243403 0.04247535 0.02411491
v 0.02344981 0.04247535 0.02330956
v 0.02151590 0.04612539 0.02506592
v 0.02166035 0.04864688 0.02527502
v 0.02272755 0.04864688 0.02450249
v 0.02257412 0.04612538 0.02429989
v 0.02856454 0.03755866 0.01750948
v 0.02928641 0.03755865 0.01644329
v 0.02915647 0.03123719 0.01635935
v 0.02843839 0.03123719 0.01741995
v 0.02972258 0.02386215 0.01520685
v 0.02905437 0.02386214 0.01629340
v 0.02982746 0.03123719 0.01526829
v 0.02833926 0.02386214 0.01734961
v 0.02897084 0.01578472 0.01623943
v 0.03129449 -0.02284646 0.01037468
v 0.03143951 -0.01652499 0.01042851
v 0.03185050 -0.01652499 0.00924390
v 0.03170326 -0.02284646 0.00919645
v 0.03155346 -0.00914995 0.01047080
v 0.03196618 -0.00914995 0.00928118
v 0.03206084 -0.00107252 0.00931168
v 0.03242233 -0.00107253 0.00810103
v 0.03164669 -0.00107253 0.01050540
v 0.02780761 -0.02284646 0.01697231
v 0.02793377 -0.01652499 0.01706183
v 0.02863671 -0.01652499 0.01602358
v 0.02850677 -0.02284646 0.01593964
v 0.02934599 -0.01283747 0.01498624
v 0.02873880 -0.00914995 0.01608954
v 0.02939843 -0.00914995 0.01501696
v 0.02948424 -0.00107253 0.01506723
v 0.03009866 -0.00107252 0.01396309
v 0.03360412 0.02386214 0.00316077
v 0.03345736 0.02386214 0.00442797
v 0.03357777 0.03123719 0.00444459
v 0.03372512 0.03123719 0.00317213
v 0.03391300 0.03755865 -0.00195777
v 0.03375880 0.03123719 -0.00194527
v 0.03383421 0.03123719 -0.00066666
v 0.03398880 0.03755865 -0.00067243
v 0.00301273 -0.03759654 0.01088664
v 0.01257341 -0.03759654 0.00250845
v 0.00873213 -0.03759654 -0.00668754
v 0.00316694 -0.03759654 -0.00774574
v -0.00177644 -0.03759654 -0.00497913
v -0.00378494 -0.03759654 0.00031776
v 0.03394638 -0.04049975 0.01135892
v 0.03344116 -0.04049975 0.01263301
v 0.03325790 -0.04154928 0.01255574
v 0.03375992 -0.04154928 0.01128971
v 0.03197251 -0.04327351 0.01345329
v 0.03251467 -0.04327351 0.01224236
v 0.03278956 -0.04289868 0.01235826
v 0.03224208 -0.04289868 0.01358108
v 0.03381812 -0.04327351 0.00848451
v 0.03410580 -0.04289868 0.00856354
v 0.03372252 -0.04289868 0.00984718
v 0.03343856 -0.04327351 0.00975567
v 0.03436685 -0.04233643 0.00863526
v 0.03398019 -0.04233643 0.00993022
v 0.02975852 -0.04233643 0.01835682
v 0.03051618 -0.04233643 0.01723774
v 0.03071573 -0.04154928 0.01736665
v 0.03073318 -0.04327351 0.01579888
v 0.03164206 -0.04289868 0.01477899
v 0.03099059 -0.04289868 0.01594968
v 0.03137831 -0.04327351 0.01463956
v 0.03109503 -0.04349841 0.01448981
v 0.03168296 -0.04349841 0.01331604
v 0.03313357 -0.04349841 0.00965738
v 0.03350913 -0.04349841 0.00839961
v 0.03238736 -0.04361086 0.01078029
v 0.03281280 -0.04361086 0.00955401
v 0.03270331 -0.04349841 0.01089755
v 0.03011446 -0.04049975 0.01860942
v 0.02929685 -0.04049975 0.01970932
v 0.02913983 -0.04154928 0.01958724
v 0.02995225 -0.04154928 0.01849431
v 0.02852579 -0.04233643 0.01996559
v 0.02828031 -0.04154928 0.02064361
v 0.02843186 -0.04049975 0.02077241
v 0.02752135 -0.04049975 0.02179687
v 0.02737556 -0.04154928 0.02166158
v 0.02626051 -0.04233643 0.02247028
v 0.02607031 -0.04289868 0.02227766
v 0.02700301 -0.04289868 0.02131583
v 0.02720143 -0.04233643 0.02149998
v 0.02895227 -0.04233643 0.01944143
v 0.02873855 -0.04289868 0.01927528
v 0.02809930 -0.04233643 0.02048976
v 0.02789303 -0.04289868 0.02031444
v 0.02210312 -0.04233643 0.02591595
v 0.02319785 -0.04233643 0.02512350
v 0.02334127 -0.04154928 0.02531289
v 0.02223815 -0.04154928 0.02611142
v 0.02453531 -0.04049975 0.02461997
v 0.02346135 -0.04049975 0.02547144
v 0.02440843 -0.04154928 0.02446681
v 0.02194925 -0.04289868 0.02569322
v 0.02303441 -0.04289868 0.02490769
v 0.02527838 -0.04233643 0.02339884
v 0.02509676 -0.04289868 0.02319811
v 0.02425689 -0.04233643 0.02428386
v 0.02543776 -0.04154928 0.02357501
v 0.02875828 -0.04361086 0.01764697
v 0.02903312 -0.04349841 0.01784202
v 0.02825003 -0.04349841 0.01889549
v 0.02798396 -0.04361086 0.01868864
v 0.02539878 -0.04361086 0.02159757
v 0.02630244 -0.04361086 0.02066569
v 0.02609251 -0.04349841 0.02136615
v 0.02766571 -0.04327351 0.02012123
v 0.02678433 -0.04327351 0.02111290
v 0.02654946 -0.04349841 0.02089493
v 0.02742155 -0.04349841 0.01991372
f 1 2 3
f 1 3 4
f 5 6 7
f 5 7 8
f 9 10 11
f 9 11 12
f 13 14 15
f 16 17 18
f 19 20 21
f 19 21 22
f 23 24 25
f 26 27 28
f 23 29 30
f 23 30 24
f 31 32 33
f 34 35 32
f 36 33 32
f 36 32 37
f 38 39 35
f 40 41 42
f 43 44 45
f 43 45 46
f 47 48 49
f 47 49 50
f 51 52 53
f 51 53 54
f 55 56 57
f 55 57 58
f 59 60 61
f 62 63 64
f 65 66 67
f 65 67 68
f 69 64 67
f 69 67 66
f 70 67 64
f 71 72 73
f 71 73 74
f 75 76 77
f 75 77 78
f 79 80 81
f 82 83 84
f 82 84 85
f 86 87 88
f 89 90 91
f 89 91 87
f 92 91 83
f 93 94 95
f 93 95 96
f 93 97 98
f 93 98 99
f 100 101 102
f 100 103 104
f 100 104 105
f 106 104 103
f 100 107 108
f 109 110 111
f 109 111 112
f 113 114 115
f 113 115 116
f 117 118 119
f 117 119 120
f 121 122 119
f 121 119 123
f 124 125 126
f 124 126 123
f 127 128 129
f 130 131 132
f 130 132 133
f 134 135 132
f 134 132 136
f 137 138 139
f 140 141 139
f 140 139 142
f 143 144 145
f 143 145 146
f 147 148 149
f 147 149 150
f 151 152 153
f 154 155 156
f 154 156 157
f 158 157 156
f 158 156 159
f 160 161 162
f 160 162 163
f 164 165 166
f 164 166 167
f 168 169 170
f 168 170 171
f 172 173 174
f 172 174 175
f 176 177 178
f 176 178 179
f 180 181 182
f 183 184 185
f 183 185 186
f 187 181 185
f 187 185 188
f 189 190 191
f 189 191 192
f 193 194 195
f 193 195 196
f 197 198 199
f 197 199 200
f 201 202 203
f 204 184 205
f 206 207 208
f 206 208 209
f 210 211 212
f 213 214 215
f 213 215 216
f 217 218 219
f 220 221 222
f 223 224 225
f 226 227 228
f 229 228 227
f 229 227 230
f 231 232 233
f 231 233 234
f 235 236 228
f 237 238 236
f 237 236 239
f 240 241 236
f 240 236 238
f 237 242 243
f 229 244 242
f 229 242 239
f 245 246 247
f 248 249 250
f 248 250 251
f 252 253 254
f 255 256 257
f 258 259 260
f 261 262 263
f 264 265 266
f 264 266 267
f 252 268 269
f 252 269 253
f 270 271 272
f 270 272 273
f 274 275 276
f 274 276 277
f 278 279 280
f 281 282 283
f 281 283 284
f 285 286 287
f 285 287 288
f 278 280 289
f 278 289 290
f 291 292 293
f 291 293 294
f 295 296 297
f 298 299 296
f 298 296 300
f 301 302 303
f 304 305 306
f 307 308 309
f 310 311 312
f 313 314 315
f 313 315 306
f 316 317 315
f 316 315 318
f 319 320 321
f 322 323 324
f 322 324 325
f 326 324 327
f 328 317 329
f 328 329 330
f 331 332 333
f 334 335 336
f 334 336 337
f 338 339 340
f 338 340 341
f 342 343 344
f 342 344 345
f 346 347 348
f 349 350 351
f 349 351 352
f 353 354 355
f 356 357 358
f 359 360 361
f 359 361 362
f 363 364 365
f 363 365 366
f 359 365 360
f 367 368 369
f 367 369 370
f 371 369 368
f 363 372 373
f 374 375 376
f 377 378 379
f 377 379 380
f 381 379 382
f 383 384 362
f 385 386 387
f 388 389 390
f 388 390 391
f 392 393 390
f 392 390 389
f 394 395 390
f 394 390 393
f 396 397 398
f 399 400 401
f 399 401 402
f 403 404 405
f 403 406 407
f 408 410 409
f 408 411 410
f 408 409 411
f 412 414 413
f 412 415 414
f 412 413 415
f 416 418 417
f 416 419 418
f 416 417 419
f 420 422 421
f 420 423 422
f 420 421 423
f 424 426 425
f 424 427 426
f 424 425 427
f 428 430 429
f 428 431 430
f 428 429 431
f 432 434 433
f 432 435 434
f 432 433 435
f 436 438 437
f 436 439 438
f 436 437 439
f 440 442 441
f 440 443 442
f 440 441 443
f 444 446 445
f 444 447 446
f 444 445 447
f 448 450 449
f 448 451 450
f 448 449 451
f 452 454 453
f 452 455 454
f 452 453 455
f 456 458 457
f 456 459 458
f 456 457 459
f 460 462 461
f 460 463 462
f 460 461 463
f 464 466 465
f 464 467 466
f 464 465 467
f 468 470 469
f 468 471 470
f 468 469 471
f 472 474 473
f 472 475 474
f 472 473 475
f 476 478 477
f 476 479 478
f 476 477 479
f 480 482 481
f 480 483 482
f 480 481 483
f 484 486 485
f 484 487 486
f 484 485 487
f 488 490 489
f 488 491 490
f 488 489 491
f 492 494 493
f 492 495 494
f 492 493 495
f 496 498 497
f 496 499 498
f 496 497 499
f 500 502 501
f 500 503 502
f 500 501 503
f 504 506 505
f 504 507 506
f 504 505 507
f 508 510 509
f 508 511 510
f 508 509 511
f 512 514 513
f 512 515 514
f 512 513 515
f 516 518 517
f 516 519 518
f 516 517 519
f 520 522 521
f 520 523 522
f 520 521 523
f 524 526 525
f 524 527 526
f 524 525 527
f 528 530 529
f 528 531 530
f 528 529 531
f 532 534 533
f 532 535 534
f 532 533 535
f 536 538 537
f 536 539 538
f 536 537 539
f 540 542 541
f 540 543 542
f 540 541 543
f 544 546 545
f 544 547 546
f 544 545 547
f 548 550 549
f 548 551 550
f 548 549 551
f 552 554 553
f 552 555 554
f 552 553 555
f 556 558 557
f 556 559 558
f 556 557 559
f 560 562 561
f 560 563 562
f 560 561 563
f 564 566 565
f 564 567 566
f 564 565 567
f 568 570 569
f 568 571 570
f 568 569 571
f 572 574 573
f 572 575 574
f 572 573 575
f 576 578 577
f 576 579 578
f 576 577 579
f 580 582 581
f 580 583 582
f 580 581 583
f 584 586 585
f 584 587 586
f 584 585 587
f 588 590 589
f 588 591 590
f 588 589 591
f 592 594 593
f 592 595 594
f 592 593 595
f 596 598 597
f 596 599 598
f 596 597 599
f 600 602 601
f 600 603 602
f 600 601 603
f 604 606 605
f 604 607 606
f 604 605 607
f 608 610 609
f 608 611 610
f 608 609 611
f 612 614 613
f 612 615 614
f 612 613 615
f 616 618 617
f 616 619 618
f 616 617 619
f 620 622 621
f 620 623 622
f 620 621 623
f 624 626 625
f 624 627 626
f 624 625 627
f 628 630 629
f 628 631 630
f 628 629 631
f 632 634 633
f 632 635 634
f 632 633 635
f 636 638 637
f 636 639 638
f 636 637 639
f 640 642 641
f 640 643 642
f 640 641 643
f 644 646 645
f 644 647 646
f 644 645 647
f 648 650 649
f 648 651 650
f 648 649 651
f 652 654 653
f 652 655 654
f 652 653 655
f 656 658 657
f 656 659 658
f 656 657 659
f 660 662 661
f 660 663 662
f 660 661 663
f 664 666 665
f 664 667 666
f 664 665 667
f 668 670 669
f 668 671 670
f 668 669 671
f 672 674 673
f 672 675 674
f 672 673 675
f 676 678 677
f 676 679 678
f 676 677 679
f 680 682 681
f 680 683 682
f 680 681 683
f 684 686 685
f 684 687 686
f 684 685 687
f 688 690 689
f 688 691 690
f 688 689 691
f 692 694 693
f 692 695 694
f 692 693 695
f 696 698 697
f 696 699 698
f 696 697 699
f 700 702 701
f 700 703 702
f 700 701 703
f 704 706 705
f 704 707 706
f 704 705 707
f 708 710 709
f 708 711 710
f 708 709 711
f 712 714 713
f 712 715 714
f 712 713 715
f 716 718 717
f 716 719 718
f 716 717 719
f 720 722 721
f 720 723 722
f 720 721 723
f 724 726 725
f 724 727 726
f 724 725 727
f 728 730 729
f 728 731 730
f 728 729 731
f 732 734 733
f 732 735 734
f 732 733 735
f 736 738 737
f 736 739 738
f 736 737 739
f 740 742 741
f 740 743 742
f 740 741 743
f 744 746 745
f 744 747 746
f 744 745 747
f 748 750 749
f 748 751 750
f 748 749 751
f 752 754 753
f 752 755 754
f 752 753 755
f 756 758 757
f 756 759 758
f 756 757 759
f 760 762 761
f 760 763 762
f 760 761 763
f 764 766 765
f 764 767 766
f 764 765 767
f 768 770 769
f 768 771 770
f 768 769 771
f 772 774 773
f 772 775 774
f 772 773 775
f 776 778 777
f 776 779 778
f 776 777 779
f 780 782 781
f 780 783 782
f 780 781 783
f 784 786 785
f 784 787 786
f 784 785 787
f 788 790 789
f 788 791 790
f 788 789 791
f 792 794 793
f 792 795 794
f 792 793 795
f 796 798 797
f 796 799 798
f 796 797 799
f 800 802 801
f 800 803 802
f 800 801 803
f 804 806 805
f 804 807 806
f 804 805 807
f 808 810 809
f 808 811 810
f 808 809 811
f 812 814 813
f 812 815 814
f 812 813 815
f 816 818 817
f 816 819 818
f 816 817 819
f 820 822 821
f 820 823 822
f 820 821 823
f 824 826 825
f 824 827 826
f 824 825 827
f 828 830 829
f 828 831 830
f 828 829 831
f 832 834 833
f 832 835 834
f 832 833 835
f 836 838 837
f 836 839 838
f 836 837 839
f 840 842 841
f 840 843 842
f 840 841 843
f 844 846 845
f 844 847 846
f 844 845 847
f 848 850 849
f 848 851 850
f 848 849 851
f 852 854 853
f 852 855 854
f 852 853 855
f 856 858 857
f 856 859 858
f 856 857 859
f 860 862 861
f 860 863 862
f 860 861 863
f 864 866 865
f 864 867 866
f 864 865 867
f 868 870 869
f 868 871 870
f 868 869 871
f 872 874 873
f 872 875 874
f 872 873 875
f 876 878 877
f 876 879 878
f 876 877 879
f 880 882 881
f 880 883 882
f 880 881 883
f 884 886 885
f 884 887 886
f 884 885 887
f 888 890 889
f 888 891 890
f 888 889 891
f 892 894 893
f 892 895 894
f 892 893 895
f 896 898 897
f 896 899 898
f 896 897 899
f 900 902 901
f 900 903 902
f 900 901 903
f 904 906 905
f 904 907 906
f 904 905 907
f 908 910 909
f 908 911 910
f 908 909 911
f 912 914 913
f 912 915 914
f 912 913 915
f 916 918 917
f 916 919 918
f 916 917 919
f 920 922 921
f 920 923 922
f 920 921 923
f 924 926 925
f 924 927 926
f 924 925 927
f 928 930 929
f 928 931 930
f 928 929 931
f 932 933 934
f 932 934 935
f 932 935 933
f 937 946 943
f 937 943 936
f 938 937 936
f 938 936 952
f 938 952 941
f 938 941 940
f 939 938 940
f 939 940 955
f 936 942 952
f 943 946 944
f 949 944 946
f 949 945 947
f 949 946 945
f 947 948 949
f 942 943 944
f 951 952 942
f 976 941 952
f 976 940 941
f 976 954 940
f 955 940 954
f 955 954 958
f 954 957 958
f 956 957 954
f 956 965 957
f 965 961 959
f 965 962 961
f 960 965 959
f 960 957 965
f 960 958 957
f 962 993 961
f 965 968 964
f 964 962 965
f 964 1536 962
f 968 965 966
f 965 967 966
f 967 956 983
f 967 965 956
f 968 967 964
f 968 966 967
f 964 991 969
f 970 969 991
f 991 971 973
f 967 991 964
f 967 971 991
f 971 967 983
f 973 983 982
f 983 956 1320
f 956 953 975
f 956 975 1320
f 953 956 954
f 953 954 974
f 974 954 976
f 975 953 974
f 974 976 975
f 978 1320 975
f 978 975 952
f 978 952 951
f 976 952 975
f 977 979 978
f 979 1320 978
f 985 1320 1295
f 980 985 981
f 982 985 973
f 983 973 971
f 984 973 985
f 984 985 980
f 986 973 984
f 987 973 990
f 990 973 986
f 981 988 986
f 984 980 986
f 980 981 986
f 981 989 988
f 989 1006 988
f 990 991 987
f 990 972 991
f 962 963 969
f 969 992 962
f 992 993 962
f 993 992 997
f 994 992 970
f 970 992 969
f 970 991 995
f 970 995 1001
f 970 1001 996
f 996 994 970
f 998 994 1000
f 999 998 1000
f 996 1001 994
f 1000 994 1001
f 1001 991 972
f 1001 995 991
f 972 1000 1001
f 972 1655 1000
f 1000 1655 999
f 972 990 1002
f 1002 1655 972
f 1002 1003 1655
f 1655 1009 999
f 1003 1009 1655
f 1006 1004 1003
f 1006 989 1005
f 1006 1005 1007
f 1003 1004 1008
f 1008 1009 1003
f 1009 1026 998
f 998 999 1009
f 998 1024 1010
f 998 1010 1011
f 1011 994 998
f 1014 1011 1012
f 1012 1013 1014
f 1013 1015 1014
f 1013 1016 1015
f 1013 1017 1016
f 1017 1013 1019
f 1017 1019 1057
f 1057 1055 1017
f 1018 1013 1020
f 1018 1019 1013
f 1020 1013 1021
f 1013 1023 1022
f 1013 1022 1021
f 1012 1023 1013
f 1023 1012 1022
f 1012 1011 1022
f 1010 1024 1011
f 998 1026 1024
f 1024 1022 1011
f 1022 1024 1025
f 1024 1026 1025
f 1009 1027 1025
f 1009 1025 1026
f 1701 1025 1027
f 1027 1009 1034
f 1028 1008 1004
f 1028 1029 1008
f 1009 1008 1029
f 1009 1029 1034
f 1044 1028 1004
f 1044 1006 1007
f 1044 1004 1006
f 1044 1007 1030
f 1044 1034 1028
f 1044 1030 1031
f 1038 1034 1032
f 1032 1034 1044
f 1034 1038 1033
f 1034 1033 1027
f 1701 1027 1033
f 1035 1037 1022
f 1035 1022 1701
f 1701 1022 1025
f 1037 1021 1022
f 1036 1037 1701
f 1701 1037 1035
f 1041 1036 1701
f 1701 1033 1038
f 1039 1701 1038
f 1043 1038 1032
f 1039 1038 1043
f 1729 1701 1039
f 1729 1041 1701
f 1041 1040 1021
f 1041 1021 1036
f 1020 1021 1040
f 1020 1040 1018
f 1729 1039 1042
f 1039 1043 1042
f 1044 1043 1032
f 1045 1044 1031
f 1044 1045 1043
f 1045 1047 1043
f 1045 1031 1046
f 1047 1042 1043
f 1042 1051 1048
f 1048 1049 1729
f 1048 1729 1042
f 1049 1041 1729
f 1041 1049 1018
f 1040 1041 1018
f 1019 1050 1049
f 1049 1050 1018
f 1054 1019 1049
f 1063 1048 1051
f 1052 1047 1051
f 1052 1042 1047
f 1052 1051 1042
f 1063 1049 1048
f 1053 1054 1049
f 1054 1057 1019
f 1057 1056 1055
f 1060 1057 1058
f 1060 1056 1057
f 1060 1058 1059
f 1064 1058 1061
f 1064 1054 1063
f 1063 1053 1049
f 1063 1054 1053
f 1054 1058 1057
f 1058 1054 1061
f 1061 1054 1064
f 1062 1079 1081
f 1081 1064 1062
f 1063 1062 1064
f 1059 1058 1064
f 1059 1066 1060
f 1066 1059 1065
f 1059 1068 1065
f 1059 1064 1068
f 1068 1067 1065
f 1067 1068 1064
f 1067 1064 1069
f 1079 1062 1063
f 1063 1070 1071
f 1071 1051 1072
f 1071 1070 1051
f 1051 1070 1063
f 1075 1079 1072
f 1079 1071 1072
f 1079 1063 1071
f 1081 1079 1073
f 1074 1079 1075
f 1075 1072 1077
f 1047 1072 1051
f 1077 1045 1046
f 1076 1077 1046
f 1076 1848 1077
f 1078 1079 1074
f 1078 1084 1079
f 1080 1069 1081
f 1081 1073 1080
f 1069 1080 1067
f 1067 1080 1082
f 1086 1067 1082
f 1086 1083 1067
f 1067 1083 1065
f 1080 1086 1082
f 1080 1073 1086
f 1073 1079 1084
f 1085 1084 1846
f 1084 1086 1073
f 1084 1085 1086
f 1086 1085 1103
f 1086 1104 1087
f 1083 1086 1087
f 1087 1088 1083
f 1088 1065 1083
f 1088 1066 1065
f 1086 1089 1104
f 1087 1090 1093
f 1087 1104 1090
f 1093 1091 1087
f 1093 1092 1091
f 1096 1093 1090
f 1096 1090 1108
f 1096 1108 1109
f 1096 1109 1094
f 1096 1094 1110
f 1096 1110 1095
f 1098 1096 1095
f 1098 1095 1116
f 1098 1116 1097
f 1099 1098 1097
f 1116 1115 1097
f 1115 1101 1097
f 1101 1099 1097
f 1100 1115 1116
f 1115 1102 1076
f 1101 1115 1076
f 1085 1111 1103
f 1111 1085 1846
f 1111 1089 1103
f 1089 1086 1103
f 1089 1111 1104
f 1104 1107 1090
f 1107 1111 1105
f 1111 1107 1104
f 1107 1105 1106
f 1107 1109 1108
f 1108 1090 1107
f 1106 1109 1107
f 1109 1106 1094
f 1094 1106 1110
f 1110 1106 1105
f 1111 1846 1102
f 1102 1113 1111
f 1112 1102 1115
f 1113 1102 1112
f 1113 1112 1105
f 1114 1105 1112
f 1114 1110 1105
f 1114 1112 1095
f 1100 1095 1112
f 1112 1115 1100
f 1095 1100 1116
f 1095 1110 1114
f 945 946 1117
f 937 1117 946
f 1119 1118 1121
f 1120 1118 1119
f 1118 1120 1121
f 1123 1131 1122
f 1122 1126 1123
f 1124 1123 1126
f 1123 1124 1125
f 1128 1126 1122
f 1128 1122 1127
f 1142 1128 1127
f 1138 1128 1142
f 1128 1138 1126
f 1138 1129 1126
f 1129 1124 1126
f 1137 1124 1129
f 1130 1131 1123
f 1123 1125 1130
f 1132 1130 1133
f 1134 1130 1125
f 1130 1134 1133
f 1135 1132 1133
f 1133 1134 1147
f 1134 1136 1314
f 1137 1136 1134
f 1129 1136 1137
f 1141 1136 1140
f 1138 1136 1129
f 1139 1140 1136
f 1139 1136 1138
f 1142 1139 1138
f 1127 1143 1142
f 1143 1315 1142
f 1143 1144 1315
f 1142 1315 1139
f 1145 1140 1139
f 1149 1146 1140
f 1314 1140 1146
f 1314 1141 1140
f 1146 1147 1314
f 1147 1134 1314
f 1133 1148 1135
f 1148 1133 1147
f 1153 1146 1149
f 1145 1149 1140
f 1150 1149 1145
f 1151 1149 1150
f 1151 1153 1149
f 1153 1152 1146
f 1146 1154 1147
f 1154 1148 1147
f 1154 1146 1152
f 1152 1155 1154
f 1152 1156 1155
f 1156 1152 1153
f 1151 1156 1153
f 1160 1158 1157
f 1160 1157 1159
f 1161 1160 1159
f 1162 1161 1159
f 1162 1159 1157
f 1158 1162 1157
f 1163 1164 1165
f 1164 1172 1165
f 1172 1166 1168
f 1172 1164 1166
f 1168 1166 1167
f 1167 1169 1168
f 1169 1170 1168
f 1171 1163 1165
f 1169 1171 1165
f 1170 1169 1165
f 1172 1170 1165
f 1172 1168 1170
f 1179 1183 1173
f 1174 1178 1179
f 1174 1177 1178
f 1175 1177 1174
f 1177 1175 1176
f 1197 1178 1177
f 1180 1183 1179
f 1180 1181 1183
f 1182 1181 1180
f 1184 1181 1182
f 1181 1185 1316
f 1185 1187 1186
f 1185 1213 1215
f 1185 1215 1188
f 1185 1188 1187
f 1184 1206 1181
f 1207 1206 1184
f 1207 1184 1189
f 1317 1184 1182
f 1191 1317 1182
f 1317 1193 1192
f 1194 1191 1182
f 1180 1179 1195
f 1182 1180 1195
f 1196 1195 1179
f 1178 1196 1179
f 1197 1196 1178
f 1199 1194 1196
f 1196 1194 1310
f 1199 1196 1198
f 1198 1196 1176
f 1196 1177 1176
f 1196 1197 1177
f 1199 1198 1202
f 1199 1191 1194
f 1199 1202 1191
f 1202 1317 1191
f 1202 1193 1317
f 1193 1204 1192
f 1201 1200 1202
f 1202 1198 1201
f 1202 1221 1193
f 1202 1200 1203
f 1221 1204 1193
f 1189 1192 1205
f 1189 1190 1192
f 1205 1207 1189
f 1206 1207 1185
f 1207 1208 1185
f 1212 1208 1207
f 1222 1212 1211
f 1211 1192 1204
f 1211 1204 1210
f 1211 1205 1192
f 1205 1212 1207
f 1205 1211 1212
f 1204 1222 1210
f 1211 1210 1222
f 1219 1209 1222
f 1219 1222 1540
f 1209 1212 1222
f 1213 1185 1208
f 1214 1215 1213
f 1216 1214 1208
f 1208 1214 1213
f 1216 1217 1214
f 1217 1216 1557
f 1216 1208 1209
f 1208 1212 1209
f 1209 1543 1216
f 1540 1222 1220
f 1227 1220 1222
f 1221 1227 1222
f 1222 1204 1221
f 1225 1221 1223
f 1221 1202 1203
f 1221 1203 1223
f 1224 1225 1223
f 1224 1542 1225
f 1226 1542 1224
f 1227 1228 1540
f 1540 1220 1227
f 1227 1221 1225
f 1542 1227 1225
f 1228 1227 1542
f 1174 1179 1173
f 1233 1229 1230
f 1230 1229 1231
f 1231 1232 1230
f 1232 1233 1230
f 1234 1233 1232
f 1232 1235 1234
f 1239 1232 1236
f 1237 1318 1238
f 1238 1239 1237
f 1239 1238 1242
f 1240 1242 1241
f 1241 1232 1240
f 1241 1235 1232
f 1240 1239 1242
f 1240 1232 1239
f 1243 1241 1242
f 1243 1242 1238
f 1244 1232 1231
f 1244 1245 1232
f 1236 1232 1245
f 1246 1248 1247
f 1248 1253 1247
f 1248 1249 1253
f 1248 1270 1249
f 1250 1270 1248
f 1250 1271 1270
f 1250 1251 1271
f 1252 1249 1270
f 1252 1253 1249
f 1253 1252 1247
f 1252 1254 1247
f 1254 1256 1246
f 1254 1246 1247
f 1254 1252 1255
f 1257 1256 1254
f 1319 1257 1259
f 1257 1258 1259
f 1255 1257 1254
f 1255 1262 1258
f 1257 1255 1258
f 1260 1258 1261
f 1262 1255 1264
f 1264 1255 1263
f 1263 1255 1252
f 1263 1252 1270
f 1264 1263 1266
f 1265 1263 1270
f 1270 1269 1265
f 1265 1266 1263
f 1274 1266 1267
f 1269 1268 1267
f 1269 1267 1266
f 1269 1266 1265
f 1270 1268 1269
f 1270 1271 1268
f 1251 1268 1271
f 1272 1268 1251
f 1267 1268 1283
f 1283 1273 1267
f 1273 1274 1267
f 1266 1276 1275
f 1266 1275 1260
f 1266 1260 1261
f 1261 1258 1262
f 1261 1262 1266
f 1260 1275 1276
f 1277 1260 1276
f 1277 1280 1260
f 1259 1260 1280
f 1280 1278 1259
f 1278 1483 1259
f 1278 1279 1483
f 1279 1280 1276
f 1279 1276 1281
f 1276 1274 1273
f 1273 1281 1276
f 1272 1282 1281
f 1273 1272 1281
f 1272 1273 1283
f 1284 1282 1272
f 1287 1285 1286
f 1286 1289 1287
f 1289 1286 1288
f 1288 1290 1289
f 1288 1286 1290
f 1286 1285 1291
f 1291 1290 1286
f 1292 1291 1285
f 1287 1292 1285
f 943 942 936
f 944 951 942
f 944 978 951
f 978 950 977
f 978 944 950
f 950 944 949
f 977 950 1293
f 1293 950 949
f 949 1294 1293
f 1294 949 948
f 1293 979 977
f 1295 1320 979
f 1295 979 1293
f 1293 985 1295
f 1293 1294 985
f 1294 1296 985
f 981 985 1296
f 1299 1306 1297
f 1299 1298 1306
f 1300 1297 1301
f 1301 1297 1302
f 1305 1303 1297
f 1305 1297 1304
f 1304 1307 1305
f 1306 1304 1297
f 1307 1304 1306
f 1307 1306 1298
f 1308 1131 1130
f 1132 1308 1130
f 1137 1134 1125
f 1137 1125 1124
f 1181 1309 1183
f 1309 1181 1316
f 1310 1195 1196
f 1310 1194 1182
f 1310 1182 1195
f 1311 1256 1257
f 1319 1311 1257
f 1264 1266 1262
f 1312 1290 1291
f 1312 1289 1290
f 1313 1299 1297
f 1300 1313 1297
f 1314 1136 1141
f 1144 1145 1139
f 1315 1144 1139
f 1186 1316 1185
f 1317 1190 1184
f 1318 1237 1239
f 1236 1318 1239
f 1319 1259 1483
f 1258 1260 1259
f 1274 1276 1266
f 1272 1283 1268
f 1320 982 983
f 1323 1321 1324
f 1325 1326 1324
f 1325 1324 1321
f 1325 1321 1327
f 1326 1325 1368
f 1495 1324 1326
f 1495 1322 1324
f 1329 1322 1328
f 1329 1323 1322
f 1328 1364 1330
f 1328 1330 1329
f 1364 1331 1330
f 1331 1364 1334
f 1334 1336 1331
f 1333 1334 1332
f 1335 1336 1334
f 1335 1338 1336
f 1333 1335 1334
f 1335 1337 1342
f 1342 1338 1335
f 1342 1340 1338
f 1342 1341 1340
f 1342 1343 1341
f 1337 1339 1342
f 1339 1356 1342
f 1703 1343 1342
f 1343 1703 1346
f 1346 1703 1344
f 1345 1344 1353
f 1345 1346 1344
f 1345 1347 1346
f 1350 1347 1345
f 1347 1350 1348
f 1349 1348 1350
f 1349 1350 1351
f 1398 1349 1351
f 1350 1397 1351
f 1352 1731 1350
f 1352 1353 1344
f 1353 1352 1345
f 1345 1352 1350
f 1352 1344 1354
f 1355 1354 1344
f 1356 1387 1342
f 1339 1515 1357
f 1339 1337 1358
f 1358 1337 1359
f 1337 1333 1359
f 1333 1337 1335
f 1333 1360 1656
f 1361 1333 1332
f 1361 1360 1333
f 1361 1332 1362
f 1362 1332 1648
f 1363 1362 1648
f 1363 1648 1332
f 1363 1364 1365
f 1366 1364 1363
f 1366 1363 1332
f 1332 1364 1366
f 1332 1334 1364
f 1303 1302 1297
f 1323 1324 1322
f 1327 1367 1325
f 1368 1367 1369
f 1372 1367 1327
f 1369 1367 1372
f 1369 1372 1502
f 1372 1327 1370
f 1372 1370 1371
f 1506 1372 1371
f 1371 1373 1506
f 1374 1373 1375
f 1374 1506 1373
f 1374 1375 1376
f 1374 1376 1378
f 1669 1374 1514
f 1378 1376 1377
f 1381 1379 1377
f 1381 1377 1380
f 1381 1380 1382
f 1383 1382 1389
f 1382 1383 1384
f 1386 1385 1387
f 1387 1356 1339
f 1387 1339 1388
f 1385 1355 1387
f 1386 1390 1355
f 1386 1355 1385
f 1389 1352 1354
f 1390 1354 1355
f 1390 1389 1354
f 1392 1390 1386
f 1392 1386 1383
f 1383 1386 1384
f 1389 1392 1383
f 1389 1390 1392
f 1395 1391 1389
f 1395 1389 1393
f 1395 1382 1396
f 1395 1393 1382
f 1393 1389 1382
f 1380 1394 1396
f 1380 1396 1382
f 1397 1395 1396
f 1396 1351 1397
f 1396 1398 1351
f 1394 1398 1396
f 1518 1516 1519
f 1519 1516 1399
f 1399 1401 1519
f 1401 1399 1400
f 1519 1401 1402
f 1405 1404 1403
f 1404 1408 1406
f 1407 1406 1408
f 1407 1404 1406
f 1405 1410 1409
f 1405 1409 1404
f 1405 1402 1410
f 1402 1411 1410
f 1411 1402 1401
f 1401 1413 1411
f 1412 1401 1400
f 1413 1401 1412
f 1181 1206 1185
f 1189 1184 1190
f 1190 1317 1192
f 1415 1414 1480
f 1418 1414 1415
f 1414 1416 1481
f 1421 1416 1414
f 1418 1415 1417
f 1418 1435 1414
f 1433 1414 1435
f 1414 1433 1419
f 1420 1414 1419
f 1420 1421 1414
f 1421 1426 1424
f 1426 1422 1424
f 1424 1422 1423
f 1423 1455 1424
f 1422 1425 1423
f 1427 1422 1426
f 1421 1420 1426
f 1427 1426 1420
f 1428 1427 1420
f 1427 1428 1422
f 1430 1432 1419
f 1419 1432 1420
f 1420 1432 1429
f 1429 1432 1430
f 1430 1419 1433
f 1435 1418 1417
f 1435 1434 1437
f 1435 1417 1434
f 1435 1430 1433
f 1435 1431 1430
f 1437 1439 1438
f 1437 1436 1439
f 1437 1440 1441
f 1437 1438 1440
f 1442 1441 1440
f 1657 1442 1440
f 1670 1440 1443
f 1670 1657 1440
f 1665 1443 1444
f 1443 1440 1444
f 1659 1443 1665
f 1445 1667 1665
f 1667 1445 1446
f 1667 1446 1448
f 1446 1447 1448
f 1448 1687 1449
f 1449 1450 1451
f 1454 1423 1470
f 1423 1454 1453
f 1423 1453 1455
f 1462 1423 1425
f 1456 1428 1457
f 1457 1428 1420
f 1479 1457 1429
f 1458 1429 1430
f 1458 1430 1431
f 1429 1458 1479
f 1479 1441 1478
f 1459 1465 1479
f 1479 1478 1459
f 1479 1460 1457
f 1465 1461 1457
f 1465 1457 1460
f 1461 1462 1457
f 1456 1457 1462
f 1456 1462 1425
f 1462 1464 1423
f 1462 1470 1464
f 1463 1470 1462
f 1466 1463 1465
f 1465 1462 1461
f 1465 1463 1462
f 1465 1460 1479
f 1459 1478 1467
f 1658 1466 1467
f 1467 1465 1459
f 1467 1466 1465
f 1463 1466 1471
f 1463 1469 1470
f 1470 1423 1464
f 1469 1454 1470
f 1469 1452 1454
f 1472 1469 1471
f 1471 1466 1472
f 1472 1473 1452
f 1472 1452 1469
f 1473 1662 1678
f 1473 1678 1452
f 1662 1473 1474
f 1473 1472 1474
f 1472 1466 1476
f 1476 1466 1468
f 1657 1658 1467
f 1467 1478 1657
f 1477 1442 1657
f 1442 1477 1478
f 1479 1437 1441
f 1479 1458 1437
f 1441 1442 1478
f 1480 1414 1481
f 1481 1416 1421
f 1481 1421 1424
f 1278 1280 1279
f 1483 1279 1482
f 1484 1279 1281
f 1484 1281 1282
f 1284 1484 1282
f 1484 1284 1485
f 1485 1279 1484
f 1485 1482 1279
f 1280 1277 1276
f 1487 1488 1489
f 1487 959 1488
f 1490 1492 1486
f 1494 1490 1486
f 1494 1491 1493
f 1494 1486 1491
f 1493 1491 1492
f 1492 1490 1493
f 1494 1493 1490
f 985 982 1320
f 1495 1326 1497
f 1322 1495 1496
f 1497 1496 1495
f 1497 1326 1368
f 1497 1368 1537
f 1497 1369 1496
f 1496 1498 1362
f 1498 1496 1369
f 1498 1503 1361
f 1362 1498 1361
f 1361 1500 1499
f 1503 1498 1501
f 1501 1498 1369
f 1502 1501 1369
f 1503 1501 1502
f 1506 1502 1372
f 1506 1503 1502
f 1506 1504 1503
f 1506 1505 1499
f 1504 1499 1503
f 1504 1506 1499
f 1503 1499 1500
f 1361 1503 1500
f 1656 1361 1499
f 1508 1499 1505
f 1506 1508 1505
f 1506 1374 1507
f 1507 1508 1506
f 1508 1507 1374
f 1508 1374 1669
f 1508 1515 1668
f 1508 1668 1359
f 1508 1359 1656
f 1508 1656 1499
f 1515 1339 1358
f 1515 1358 1359
f 1511 1357 1515
f 1509 1511 1515
f 1508 1510 1515
f 1508 1669 1513
f 1508 1513 1510
f 1511 1509 1512
f 1511 1512 1673
f 1513 1512 1509
f 1513 1509 1515
f 1513 1515 1510
f 1513 1669 1514
f 1328 1365 1364
f 1325 1367 1368
f 1518 1405 1403
f 1517 1516 1518
f 1517 1518 1403
f 1519 1405 1518
f 1519 1402 1405
f 1521 1522 1520
f 1521 1523 1522
f 1525 1523 1524
f 1525 1528 1529
f 1525 1526 1527
f 1525 1530 1528
f 1530 1525 1527
f 1528 1530 1531
f 1528 1531 1529
f 1531 1530 1527
f 1523 1520 1522
f 1525 1529 1532
f 1525 1532 1523
f 1533 1437 1434
f 1533 1436 1437
f 1526 1525 1534
f 1535 1534 1525
f 1535 1525 1524
f 1536 964 969
f 1536 969 963
f 1536 963 962
f 987 991 973
f 1496 1363 1365
f 1496 1365 1328
f 1496 1328 1322
f 1496 1362 1363
f 1537 1368 1369
f 1537 1369 1497
f 1219 1540 1209
f 1540 1538 1209
f 1539 1218 1209
f 1539 1209 1538
f 1539 1538 1540
f 1540 1541 1539
f 1228 1541 1540
f 1542 1565 1228
f 1541 1228 1565
f 1543 1218 1557
f 1543 1557 1216
f 1544 1217 1557
f 1544 1552 1217
f 1545 1551 1546
f 1551 1548 1546
f 1551 1547 1548
f 1547 1550 1549
f 1547 1549 1548
f 1549 1550 1577
f 1577 1550 1547
f 1554 1214 1552
f 1214 1554 1545
f 1554 1551 1545
f 1552 1214 1217
f 1553 1544 1557
f 1544 1553 1554
f 1544 1554 1552
f 1554 1553 1551
f 1553 1557 1555
f 1553 1555 1556
f 1556 1557 1558
f 1556 1555 1557
f 1539 1559 1558
f 1558 1218 1539
f 1218 1558 1557
f 1559 1539 1541
f 1560 1559 1541
f 1566 1559 1561
f 1561 1560 1541
f 1565 1561 1541
f 1565 1542 1226
f 1565 1226 1562
f 1581 1565 1562
f 1581 1562 1563
f 1565 1564 1561
f 1565 1581 1564
f 1566 1561 1564
f 1566 1571 1556
f 1566 1556 1567
f 1567 1559 1566
f 1567 1556 1559
f 1568 1553 1556
f 1553 1568 1551
f 1569 1551 1568
f 1569 1568 1570
f 1570 1568 1556
f 1575 1570 1556
f 1575 1556 1571
f 1566 1572 1571
f 1571 1572 1564
f 1571 1564 1573
f 1564 1572 1566
f 1573 1575 1574
f 1574 1571 1573
f 1574 1575 1571
f 1575 1576 1570
f 1576 1569 1570
f 1569 1576 1547
f 1569 1547 1551
f 1577 1547 1576
f 1576 1575 1578
f 1575 1573 1578
f 1589 1576 1578
f 1578 1573 1579
f 1583 1579 1581
f 1581 1573 1564
f 1581 1563 1580
f 1584 1581 1580
f 1584 1580 1582
f 1584 1583 1581
f 1590 1578 1585
f 1585 1579 1590
f 1585 1578 1579
f 1586 1576 1589
f 1586 1587 1576
f 1576 1587 1577
f 1594 1577 1587
f 1589 1578 1588
f 1588 1590 1592
f 1590 1591 1578
f 1592 1590 1583
f 1579 1583 1590
f 1609 1592 1583
f 1592 1596 1588
f 1596 1589 1588
f 1587 1589 1593
f 1593 1594 1587
f 1577 1594 1595
f 1595 1603 1549
f 1595 1549 1577
f 1595 1593 1597
f 1597 1600 1595
f 1596 1597 1589
f 1593 1589 1597
f 1593 1595 1594
f 1605 1598 1597
f 1600 1597 1598
f 1600 1601 1599
f 1600 1599 1595
f 1599 1603 1595
f 1603 1599 1601
f 1602 1601 1600
f 1604 1601 1617
f 1602 1617 1601
f 1598 1616 1600
f 1605 1606 1592
f 1607 1592 1609
f 1607 1605 1592
f 1592 1606 1597
f 1592 1597 1596
f 1597 1606 1605
f 1609 1610 1605
f 1609 1605 1607
f 1605 1610 1615
f 1615 1609 1608
f 1611 1608 1609
f 1730 1611 1609
f 1612 1730 1609
f 1612 1584 1730
f 1612 1583 1584
f 1612 1609 1583
f 1730 1584 1582
f 1730 1582 1614
f 1582 1613 1614
f 1613 1842 1614
f 1842 1608 1611
f 1842 1611 1614
f 1842 1615 1608
f 1605 1615 1598
f 1616 1602 1600
f 1602 1619 1617
f 1618 1617 1619
f 1598 1619 1616
f 1598 1618 1619
f 1619 1602 1616
f 1598 1615 1626
f 1626 1618 1598
f 1626 1624 1618
f 1620 1617 1618
f 1621 1617 1620
f 1621 1604 1617
f 1620 1643 1621
f 1620 1622 1643
f 1618 1622 1620
f 1632 1623 1618
f 1632 1618 1624
f 1627 1626 1842
f 1627 1625 1626
f 1626 1615 1842
f 1628 1630 1627
f 1630 1625 1627
f 1630 1629 1625
f 1631 1633 1629
f 1631 1629 1630
f 1633 1625 1629
f 1626 1625 1633
f 1632 1633 1644
f 1632 1624 1633
f 1631 1645 1633
f 1634 1631 1636
f 1635 1631 1843
f 1635 1636 1631
f 1635 1898 1636
f 1898 1637 1636
f 1638 1646 1637
f 1638 1639 1646
f 1638 1647 1639
f 1638 1640 1647
f 1638 1642 1640
f 1641 1642 1638
f 1642 1641 1643
f 1642 1643 1622
f 1622 1623 1632
f 1622 1632 1644
f 1645 1634 1636
f 1646 1639 1645
f 1639 1647 1645
f 1633 1645 1647
f 1647 1640 1633
f 1640 1622 1644
f 1640 1644 1633
f 1640 1642 1622
f 1645 1637 1646
f 1636 1637 1645
f 1422 1428 1425
f 1431 1435 1437
f 1431 1437 1458
f 986 988 990
f 988 1006 990
f 1214 1650 1649
f 1214 1649 1215
f 1651 1650 1214
f 1651 1214 1545
f 1546 1651 1545
f 1543 1209 1218
f 1425 1428 1456
f 1457 1420 1429
f 994 997 992
f 1652 997 994
f 1652 994 1011
f 1653 1652 1011
f 1653 1011 1654
f 1014 1654 1011
f 1002 1006 1003
f 1002 990 1006
f 1656 1359 1333
f 1361 1656 1360
f 1657 1478 1477
f 1657 1670 1658
f 1658 1670 1443
f 1468 1658 1659
f 1476 1468 1472
f 1468 1474 1472
f 1468 1660 1474
f 1659 1660 1468
f 1659 1658 1443
f 1661 1659 1665
f 1661 1660 1659
f 1661 1663 1662
f 1662 1660 1661
f 1662 1475 1660
f 1662 1474 1475
f 1663 1661 1451
f 1451 1661 1664
f 1664 1449 1451
f 1661 1665 1664
f 1665 1667 1664
f 1667 1666 1664
f 1666 1667 1448
f 1448 1449 1664
f 1448 1664 1666
f 1668 1515 1359
f 1558 1559 1556
f 1559 1560 1561
f 1471 1469 1463
f 1466 1658 1468
f 1034 1029 1028
f 1671 1339 1357
f 1671 1388 1339
f 1357 1511 1671
f 1672 1378 1513
f 1672 1513 1514
f 1378 1512 1513
f 1511 1673 1386
f 1386 1387 1511
f 1511 1387 1388
f 1511 1388 1671
f 1673 1674 1386
f 1384 1386 1674
f 1384 1674 1512
f 1512 1674 1673
f 1512 1379 1384
f 1512 1378 1379
f 1384 1379 1381
f 1384 1381 1382
f 1514 1374 1378
f 1514 1378 1672
f 1454 1452 1675
f 1454 1675 1453
f 1452 1676 1675
f 1452 1679 1676
f 1677 1452 1678
f 1677 1680 1452
f 1680 1679 1452
f 1679 1680 1681
f 1679 1681 1689
f 1682 1677 1678
f 1683 1678 1662
f 1683 1663 1450
f 1683 1662 1663
f 1450 1663 1451
f 1685 1677 1682
f 1685 1682 1450
f 1682 1683 1450
f 1682 1678 1683
f 1686 1677 1685
f 1685 1450 1686
f 1687 1686 1450
f 1687 1450 1449
f 1686 1687 1448
f 1688 1681 1684
f 1680 1684 1681
f 1681 1801 1689
f 1688 1691 1690
f 1690 1681 1688
f 1801 1681 1690
f 1690 1800 1801
f 1690 1694 1800
f 1690 1693 1694
f 1692 1691 1688
f 1692 1690 1691
f 1692 1693 1690
f 1692 1688 1684
f 1684 1686 1692
f 1448 1697 1686
f 1697 1692 1686
f 1694 1693 1800
f 1696 1695 1693
f 1693 1697 1700
f 1693 1700 1698
f 1693 1698 1699
f 1693 1699 1696
f 1697 1693 1692
f 1447 1697 1448
f 1700 1697 1447
f 1700 1447 1446
f 1474 1660 1475
f 1036 1021 1037
f 1702 1703 1342
f 1703 1702 1344
f 1702 1342 1344
f 1344 1387 1355
f 1344 1342 1387
f 1377 1379 1378
f 1704 1708 1705
f 1706 1704 1716
f 1706 1707 1704
f 1707 1710 1709
f 1707 1706 1710
f 1733 1711 1706
f 1711 1714 1712
f 1712 1706 1711
f 1713 1706 1712
f 1713 1710 1706
f 1733 1714 1711
f 1705 1715 1704
f 1715 1716 1704
f 1579 1573 1581
f 1445 1665 1444
f 1717 1719 1720
f 1717 1720 1718
f 1720 1719 1721
f 1721 1719 1728
f 1721 1724 1723
f 1726 1724 1721
f 1725 1724 1726
f 1727 1725 1726
f 1727 1726 1721
f 1727 1721 1728
f 1728 1717 1718
f 1728 1719 1717
f 1587 1586 1589
f 1588 1578 1591
f 1588 1591 1590
f 1677 1686 1684
f 1677 1684 1680
f 1019 1018 1050
f 1077 1047 1045
f 1077 1072 1047
f 1731 1391 1395
f 1731 1395 1397
f 1731 1397 1350
f 1389 1391 1731
f 1389 1731 1352
f 1708 1704 1707
f 1732 1708 1707
f 1709 1732 1707
f 1733 1706 1716
f 1730 1614 1611
f 1736 1734 1737
f 1736 1735 1734
f 1734 1738 1737
f 1738 1734 1748
f 1734 1747 1748
f 1734 1735 1739
f 1747 1734 1741
f 1741 1734 1742
f 1742 1734 1740
f 1741 1740 1743
f 1745 1747 1741
f 1743 1744 1745
f 1895 1746 1744
f 1746 1745 1744
f 1746 1749 1745
f 1749 1747 1745
f 1747 1749 1748
f 1749 1746 1895
f 1722 1720 1721
f 1750 1722 1721
f 1723 1750 1721
f 1753 1751 1752
f 1753 1752 1756
f 1754 1752 1751
f 1755 1754 1751
f 1756 1754 1755
f 1754 1756 1752
f 1075 1848 1078
f 1075 1078 1074
f 1077 1848 1075
f 1758 1757 1759
f 1757 1760 1759
f 1760 1757 1766
f 1761 1762 1766
f 1766 1762 1760
f 1763 1761 1766
f 1763 1766 1764
f 1836 1757 1758
f 1836 1758 1765
f 1757 1836 1766
f 1767 1768 1772
f 1768 1767 1769
f 1770 1769 1767
f 1767 1772 1777
f 1775 1777 1772
f 1775 1772 1771
f 1772 1841 1774
f 1774 1771 1772
f 1775 1771 1774
f 1776 1767 1777
f 1777 1775 1776
f 1770 1781 1779
f 1781 1770 1780
f 1780 1867 1781
f 1778 1869 1770
f 1783 1776 1775
f 1783 1774 1786
f 1795 1783 1786
f 1784 1786 1774
f 1773 1784 1774
f 1784 1797 1786
f 1797 1784 1785
f 1787 1795 1786
f 1795 1793 1788
f 1788 1783 1789
f 1789 1795 1788
f 1789 1783 1795
f 1788 1869 1778
f 1788 1778 1790
f 1790 1783 1788
f 1790 1776 1783
f 1790 1778 1776
f 1869 1780 1770
f 1791 1869 1788
f 1791 1782 1869
f 1791 1865 1782
f 1791 1792 1793
f 1794 1791 1793
f 1791 1794 1866
f 1794 1793 1795
f 1793 1792 1788
f 1788 1792 1791
f 1866 1794 1796
f 1796 1794 1795
f 1797 1796 1795
f 1797 1787 1786
f 1797 1795 1787
f 1785 1796 1797
f 1796 1785 1798
f 1866 1798 1799
f 1866 1796 1798
f 1768 1841 1772
f 1610 1609 1615
f 1802 1801 1800
f 1800 1695 1802
f 1695 1800 1693
f 1804 1803 1807
f 1805 1803 1804
f 1804 1817 1805
f 1818 1804 1806
f 1807 1806 1804
f 1809 1807 1808
f 1808 1807 1845
f 1807 1809 1806
f 1811 1804 1818
f 1811 1817 1804
f 1817 1813 1812
f 1816 1813 1817
f 1815 1817 1828
f 1817 1815 1816
f 1811 1821 1817
f 1819 1811 1818
f 1818 1809 1819
f 1820 1819 1809
f 1832 1809 1808
f 1832 1808 1845
f 1820 1821 1819
f 1811 1819 1821
f 1817 1821 1828
f 1827 1822 1821
f 1827 1821 1824
f 1825 1824 1823
f 1820 1825 1823
f 1823 1821 1820
f 1823 1824 1821
f 1826 1824 1825
f 1822 1814 1816
f 1828 1822 1816
f 1828 1816 1815
f 1829 1816 1814
f 1829 1813 1816
f 1829 1814 1830
f 1830 1814 1822
f 1830 1822 1827
f 1830 1827 1831
f 1831 1827 1824
f 1831 1824 1835
f 1835 1824 1899
f 1832 1825 1820
f 1845 1833 1832
f 1833 1826 1832
f 1833 1834 1826
f 1826 1825 1832
f 1834 1899 1826
f 1834 1835 1899
f 1803 1845 1807
f 1064 1081 1069
f 1837 1836 1765
f 1837 1838 1836
f 1838 1766 1836
f 1838 1839 1766
f 1839 1764 1766
f 1840 1769 1770
f 1850 1840 1770
f 1604 1603 1601
f 1773 1774 1841
f 1628 1627 1842
f 1628 1842 1613
f 1843 1631 1628
f 1613 1843 1628
f 1739 1740 1734
f 1844 1805 1817
f 1810 1844 1817
f 1078 1846 1084
f 1102 1846 1078
f 1076 1102 1847
f 1847 1078 1848
f 1847 1102 1078
f 1847 1848 1076
f 1763 1764 1849
f 1849 1761 1763
f 1779 1850 1770
f 1778 1770 1767
f 1778 1767 1776
f 1775 1774 1783
f 1851 1852 1853
f 1853 1852 1854
f 1854 1852 1851
f 1856 1854 1855
f 1857 1856 1855
f 1855 1858 1857
f 1855 1859 1858
f 1859 1855 1854
f 1630 1628 1631
f 1743 1745 1741
f 1740 1741 1742
f 1860 1817 1861
f 1860 1810 1817
f 1812 1861 1817
f 1818 1806 1809
f 1820 1809 1832
f 1862 1863 1864
f 1113 1105 1111
f 1849 1762 1761
f 1869 1782 1780
f 1782 1865 1780
f 1865 1867 1780
f 1866 1865 1791
f 1866 1867 1865
f 1866 1868 1867
f 1799 1868 1866
f 1622 1618 1623
f 1624 1626 1633
f 1645 1631 1634
f 1828 1821 1822
f 1091 1088 1087
f 1871 1870 1872
f 1871 1872 1879
f 1879 1874 1873
f 1874 1875 1876
f 1874 1876 1877
f 1875 1877 1876
f 1874 1878 1873
f 1878 1879 1873
f 1879 1872 1880
f 1872 1881 1880
f 1882 1881 1872
f 1882 1880 1881
f 1882 1872 1870
f 1871 1882 1870
f 1886 1884 1885
f 1887 1886 1885
f 1885 1883 1887
f 1884 1883 1885
f 1888 1884 1886
f 1888 1883 1884
f 1890 1889 1894
f 1892 1891 1894
f 1891 1890 1894
f 1892 1894 1893
f 1894 1889 1893
f 1895 1744 1896
f 1743 1896 1744
f 1638 1637 1897
f 1898 1897 1637
f 1824 1826 1899
f 1096 1092 1093
f 1900 1092 1096
f 1900 1091 1092
f 1901 1902 1903
f 1904 1906 1905
f 1907 1908 1909
f 1907 1910 1908
f 1911 1912 1913
f 1911 1914 1912
f 1915 1917 1916
f 1918 1919 1920
f 1957 2292 2275
f 1962 1957 2275
f 1963 1962 2275
f 1963 2275 1921
f 1965 1921 2275
f 1965 2275 1922
f 1970 1922 1923
f 1923 1924 1970
f 1925 1924 1923
f 1925 1923 1927
f 1928 1927 2276
f 1928 2276 2277
f 2277 1927 1928
f 1930 2277 1929
f 1929 2277 2276
f 1929 2276 1930
f 2279 1930 1931
f 1931 1930 2280
f 1931 2280 2279
f 1934 1932 1933
f 1933 1932 2280
f 1933 2280 1934
f 2282 1934 1935
f 1935 1934 2283
f 1935 2283 2282
f 1938 1936 1937
f 1937 1936 2283
f 1937 2283 1938
f 2286 1938 1939
f 1939 1938 2285
f 1939 2285 2286
f 2287 1940 1941
f 1941 1940 2285
f 1941 2285 2287
f 2287 1943 1942
f 1943 2287 1944
f 1944 2287 2288
f 2288 1943 1944
f 2290 1945 1946
f 1946 1945 2289
f 1946 2289 2290
f 1948 2290 2291
f 1948 2291 1950
f 1950 2290 1948
f 1950 1949 2014
f 2014 1949 2293
f 2293 1950 2014
f 1958 2293 1951
f 1958 1950 2293
f 1951 2293 2292
f 1951 2292 1958
f 1958 1952 1953
f 1953 1950 1958
f 1953 1952 1954
f 1952 1955 1954
f 1955 1952 1958
f 1956 1957 1962
f 1956 2292 1957
f 1956 1958 2292
f 1958 1956 1962
f 1958 1962 1961
f 1958 1959 1955
f 1959 1954 1955
f 1962 2032 1961
f 1962 1960 2032
f 1958 1961 1959
f 1961 2032 1959
f 1962 1921 1964
f 1962 1963 1921
f 1964 1960 1962
f 1964 1967 1960
f 1967 1964 1921
f 1921 1922 1967
f 1921 1965 1922
f 1967 1922 1969
f 1969 1966 1967
f 2028 1967 1968
f 1971 1966 1969
f 1967 1966 1968
f 1968 1966 1971
f 1924 1969 1922
f 1924 1922 1970
f 1924 1972 1969
f 1971 1972 1924
f 1972 1971 1969
f 1971 1974 1975
f 1974 1924 1926
f 1974 1971 1924
f 1926 1924 1927
f 1927 1924 1925
f 1974 1926 1973
f 1974 2026 1975
f 2026 1974 1978
f 1978 1977 1981
f 1974 1973 1978
f 1978 1973 1977
f 1977 1926 1927
f 1977 1973 1926
f 2277 1977 1927
f 2277 1984 1977
f 1977 1984 1979
f 1980 1984 2277
f 1930 1983 1980
f 1930 1980 2277
f 1983 1984 1980
f 2025 1979 1984
f 2025 1984 1982
f 1982 1983 1986
f 1982 1986 1988
f 1984 1983 1985
f 1984 1985 1982
f 1982 1985 1983
f 2279 1983 1930
f 1932 1983 2279
f 1932 1991 1983
f 1986 1983 1991
f 1986 1991 1987
f 1934 1990 1932
f 1990 1991 1932
f 2024 1987 1991
f 2024 1991 1989
f 1989 1990 1993
f 1989 1993 1995
f 1991 1990 1992
f 1991 1992 1989
f 1989 1992 1990
f 2282 1990 1934
f 1936 1990 2282
f 1936 1998 1990
f 1993 1990 1998
f 1993 1998 1994
f 1938 1997 1936
f 1997 1998 1936
f 2023 1994 1998
f 2023 1998 1996
f 1996 1997 2000
f 1996 2000 2002
f 1998 1997 1999
f 1998 1999 1996
f 1996 1999 1997
f 2286 1997 1938
f 1940 1997 2286
f 1940 2001 1997
f 2000 1997 2001
f 2000 2001 2022
f 2287 1942 1940
f 1942 2001 1940
f 2022 2001 2003
f 2003 1945 2005
f 2003 2005 2009
f 2001 1942 2004
f 2001 2004 2003
f 2003 1942 1945
f 2003 2004 1942
f 1945 1942 1943
f 2288 1945 1943
f 2005 1945 2006
f 2007 2006 1945
f 2290 2008 2007
f 2290 2007 1945
f 2008 2290 1947
f 2008 2006 2007
f 2008 2011 2006
f 2020 2006 2010
f 2006 2011 2010
f 2010 2012 2016
f 2011 2008 2010
f 2010 2008 2012
f 2012 2008 1947
f 1950 1947 2290
f 1950 2012 1947
f 1950 2013 2012
f 2013 2015 2012
f 2013 1950 1953
f 1953 2015 2013
f 2017 1953 1954
f 1953 2017 2015
f 2017 1954 2018
f 2018 1954 1959
f 4021 2037 2015
f 2019 4021 2015
f 2019 2015 2017
f 2015 2038 2010
f 2010 2016 2015
f 2021 2042 2006
f 2020 2021 2006
f 2006 2043 2003
f 2003 2009 2006
f 4022 2022 2003
f 2022 2048 1996
f 1996 2002 2022
f 4023 2023 1996
f 1994 2052 1989
f 1989 1995 1994
f 4024 2024 1989
f 1987 2056 1982
f 1982 1988 1987
f 4025 2025 1982
f 1979 2060 1981
f 2060 1978 1981
f 2026 2064 1975
f 1968 1975 2064
f 1968 1976 1975
f 1968 1971 1976
f 2064 2027 1968
f 2027 2028 1968
f 2028 2067 1967
f 1967 2029 2032
f 1967 2068 2029
f 2032 2029 2068
f 2032 1960 1967
f 2030 1959 2032
f 1959 2030 2034
f 2018 1959 2034
f 2030 2033 2031
f 2030 2031 2034
f 2033 2074 2034
f 2034 2031 2033
f 2019 2034 2035
f 2019 2017 2018
f 2019 2018 2034
f 2019 2820 2036
f 2019 2036 2037
f 2819 2039 2036
f 2037 2038 2015
f 2038 2036 2039
f 2038 2037 2036
f 2039 2010 2038
f 2039 2040 2020
f 2039 2020 2010
f 2040 2039 2041
f 2042 2041 2043
f 2042 2043 2006
f 2043 2041 2045
f 2045 2003 2043
f 2045 2044 4022
f 2045 4022 2003
f 2047 2046 2048
f 2047 2048 2022
f 2048 2046 2050
f 2050 1996 2048
f 2050 2049 4023
f 2050 4023 1996
f 2023 2051 2052
f 2023 2052 1994
f 2052 2051 2054
f 2054 1989 2052
f 2054 2053 4024
f 2054 4024 1989
f 2024 2055 2056
f 2024 2056 1987
f 2056 2055 2058
f 2058 1982 2056
f 2058 2057 4025
f 2058 4025 1982
f 2025 2059 2060
f 2025 2060 1979
f 2060 2059 2061
f 2061 1978 2060
f 2061 2062 2026
f 2061 2026 1978
f 2063 2062 2064
f 2064 2062 2065
f 2065 2027 2064
f 2065 4020 2027
f 2066 2067 4020
f 2066 2068 2067
f 2067 2068 1967
f 2030 2032 2069
f 2030 2069 2070
f 2030 2070 2033
f 2034 2074 2035
f 2074 2033 2070
f 2073 2074 2070
f 2071 2070 2069
f 2071 2073 2070
f 2069 2073 2071
f 2069 2066 2073
f 2066 2072 2073
f 2074 2076 2107
f 2107 2035 2074
f 2019 2035 2107
f 2820 2019 2107
f 2107 2108 2820
f 2819 2108 2077
f 2108 2819 2036
f 2078 2039 2819
f 2039 2818 2041
f 2039 2078 2818
f 2818 2045 2041
f 2045 2079 2044
f 2045 2818 2079
f 2083 2050 2046
f 2050 2082 2049
f 2050 2083 2082
f 2087 2054 2051
f 2054 2086 2053
f 2054 2087 2086
f 2091 2058 2055
f 2058 2090 2057
f 2058 2091 2090
f 2095 2061 2059
f 2061 2094 2097
f 2061 2095 2094
f 2097 2062 2061
f 2062 2097 2816
f 2099 2065 2062
f 2065 2100 2817
f 2065 2099 2100
f 2817 2100 2098
f 2101 2817 2098
f 2817 4020 2065
f 4020 2817 2101
f 2072 2066 2101
f 2072 2101 2103
f 2072 2103 2073
f 2103 2105 2073
f 2073 2104 2074
f 2074 2105 2821
f 2074 2104 2105
f 2104 2073 2105
f 2075 2076 2074
f 2075 2109 2076
f 2109 2075 2106
f 2108 2107 2109
f 2107 2076 2109
f 2110 2111 2108
f 2111 2077 2108
f 2077 2111 2152
f 2113 2818 2077
f 2818 2113 2115
f 2116 2079 2818
f 2116 2115 2080
f 2116 2080 2079
f 2080 2115 2119
f 2118 2081 2080
f 2118 2121 2081
f 2121 2118 2120
f 2121 2084 2082
f 2084 2121 2124
f 2123 2085 2084
f 2123 2126 2085
f 2126 2123 2125
f 2126 2088 2086
f 2088 2126 2129
f 2128 2089 2088
f 2128 2131 2089
f 2131 2128 2130
f 2131 2092 2090
f 2092 2131 2134
f 2133 2093 2092
f 2133 2136 2093
f 2136 2133 2135
f 2136 2096 2094
f 2096 2136 2139
f 2138 2097 2096
f 2138 2100 2097
f 2140 2098 2100
f 2141 2142 2098
f 2822 2103 2102
f 2822 2105 2143
f 2103 2822 2143
f 2103 2143 2105
f 2144 2105 2822
f 2145 2105 2144
f 2105 2146 2148
f 2105 2145 2146
f 2147 2106 2075
f 2106 2147 2109
f 2110 2109 2150
f 2149 2109 2147
f 2149 2150 2109
f 2112 2111 2110
f 2112 2150 2152
f 2152 2114 2113
f 2114 2152 2151
f 2153 2115 2114
f 2153 2117 2115
f 2117 2153 2119
f 2153 2154 2182
f 2155 2153 2182
f 2119 2153 2155
f 2122 2120 2119
f 2122 2121 2120
f 2122 2155 2184
f 2122 2156 2186
f 2157 2122 2186
f 2124 2122 2157
f 2127 2125 2124
f 2127 2126 2125
f 2127 2157 2188
f 2127 2158 2190
f 2159 2127 2190
f 2129 2127 2159
f 2132 2130 2129
f 2132 2131 2130
f 2132 2159 2192
f 2132 2160 2194
f 2161 2132 2194
f 2134 2132 2161
f 2137 2135 2134
f 2137 2136 2135
f 2137 2161 2196
f 2137 2162 2198
f 2163 2137 2198
f 2139 2137 2163
f 2163 2166 2164
f 2164 2166 2140
f 2140 2166 2141
f 2166 2142 2141
f 2166 2165 2102
f 2166 2102 2142
f 2167 2144 2822
f 2168 2145 2144
f 2168 2144 2169
f 2169 2144 2167
f 2166 2167 2165
f 2166 2202 2203
f 2166 2203 2167
f 2167 2238 2169
f 2168 2169 2170
f 2170 2145 2168
f 2171 2823 2174
f 2172 2171 2148
f 2171 2147 2148
f 2147 2174 2149
f 2147 2171 2174
f 2150 2149 2214
f 2149 2175 2214
f 2149 2174 2175
f 2214 2830 2176
f 2176 2150 2214
f 2176 2830 2150
f 2150 2830 2151
f 2178 2177 2829
f 2178 2151 2177
f 2151 2178 2153
f 2180 2178 2829
f 2180 2181 2153
f 2181 2154 2153
f 2181 2182 2154
f 2181 2155 2182
f 2155 2181 2183
f 2181 2221 2220
f 2181 2220 2184
f 2184 2156 2122
f 2184 2185 2186
f 2157 2186 2187
f 2186 2225 2224
f 2186 2224 2188
f 2188 2158 2127
f 2188 2189 2190
f 2159 2190 2191
f 2190 2229 2228
f 2190 2228 2192
f 2192 2160 2132
f 2192 2193 2194
f 2161 2194 2195
f 2194 2233 2232
f 2194 2232 2196
f 2196 2162 2137
f 2196 2197 2198
f 2198 2237 2199
f 2198 2199 2200
f 2201 2200 2199
f 2200 2166 2163
f 2166 2201 2202
f 2166 2200 2201
f 2202 2201 2203
f 2203 2204 2167
f 2167 2204 2238
f 2205 2169 2238
f 2170 2169 2205
f 2205 2238 2239
f 2207 2206 2208
f 2207 2145 2170
f 2145 2823 2171
f 2145 2208 2823
f 2145 2207 2208
f 2210 2174 2823
f 2210 2173 2174
f 2210 2270 2269
f 2175 2174 2211
f 2173 2211 2174
f 2214 2212 2263
f 2214 2213 2212
f 2214 2263 2215
f 2177 2215 2829
f 2829 2215 2216
f 2215 2265 2216
f 2217 2265 2261
f 2829 2265 2217
f 2217 2181 2180
f 2217 2180 2829
f 2181 2217 2219
f 2219 2218 2828
f 2828 2181 2219
f 2828 2218 2221
f 2184 2257 2185
f 2184 2220 2257
f 2257 2220 2221
f 2185 2223 2186
f 2222 2223 2185
f 2222 2186 2223
f 2222 2256 2225
f 2188 2253 2189
f 2188 2224 2253
f 2253 2224 2225
f 2189 2227 2190
f 2226 2227 2189
f 2226 2190 2227
f 2226 2252 2229
f 2192 2249 2193
f 2192 2228 2249
f 2249 2228 2229
f 2193 2231 2194
f 2230 2231 2193
f 2230 2194 2231
f 2230 2248 2233
f 2196 2234 2197
f 2196 2232 2234
f 2234 2232 2233
f 2197 2236 2198
f 2235 2236 2197
f 2235 2198 2236
f 2199 2824 2201
f 2205 2239 2274
f 2238 2204 2241
f 2241 2243 2242
f 2241 2242 2239
f 2239 2238 2241
f 2239 2242 2240
f 2199 2244 2243
f 2199 2243 2241
f 2199 2241 2204
f 2199 2237 2235
f 2235 2245 2199
f 2245 2246 2244
f 2245 2244 2199
f 2245 2235 2234
f 2234 2247 2246
f 2234 2246 2245
f 2248 2234 2233
f 2230 2250 2248
f 2248 2250 2247
f 2248 2247 2234
f 2249 2251 2250
f 2249 2250 2230
f 2252 2249 2229
f 2226 2254 2252
f 2252 2254 2251
f 2252 2251 2249
f 2253 2255 2254
f 2253 2254 2226
f 2256 2253 2225
f 2222 2258 2256
f 2256 2258 2255
f 2256 2255 2253
f 2257 2259 2258
f 2257 2258 2222
f 2218 2257 2221
f 2261 2260 2218
f 2218 2260 2259
f 2218 2259 2257
f 2265 2262 2261
f 2261 2262 2260
f 2265 2215 2263
f 2263 2266 2264
f 2263 2264 2265
f 2265 2264 2262
f 2263 2212 2211
f 2211 2267 2263
f 2263 2267 2266
f 2269 2268 2267
f 2269 2211 2173
f 2211 2269 2267
f 2173 2210 2269
f 2270 2272 2271
f 2270 2271 2268
f 2270 2268 2269
f 2210 2209 2208
f 2206 2273 2272
f 2206 2272 2208
f 2208 2272 2270
f 2208 2270 2210
f 2274 2206 2205
f 2274 2239 2240
f 2274 2240 2273
f 2274 2273 2206
f 2284 2283 2281
f 2284 2281 2280
f 2284 2280 2278
f 2284 2278 2276
f 2284 2276 1923
f 2284 2275 2292
f 2275 2284 1923
f 1922 2275 1923
f 1923 2276 1927
f 2276 2278 1930
f 2278 2280 1930
f 2279 2280 1932
f 2280 2281 1934
f 2281 2283 1934
f 2282 2283 1936
f 2283 2284 1938
f 2284 2285 1938
f 2286 2285 1940
f 2285 2284 2287
f 2284 2288 2287
f 2288 2284 2289
f 2288 2289 1945
f 2289 2284 2290
f 2284 2291 2290
f 2291 2284 1949
f 2291 1949 1950
f 1949 2292 2293
f 1949 2284 2292
f 2294 2814 2324
f 2324 2814 2371
f 2294 2296 2295
f 2296 2294 2327
f 2296 2298 2295
f 2298 2294 2295
f 2298 2296 2299
f 2299 2308 2309
f 2299 2296 2297
f 2300 2299 2297
f 2300 2297 2296
f 2296 2331 2300
f 2300 2331 2332
f 2300 2301 2299
f 2300 2302 2335
f 2300 2335 2337
f 2301 2300 2337
f 2304 2299 2301
f 2304 2301 2337
f 2303 2304 2337
f 2304 2308 2299
f 2303 2339 2340
f 2304 2303 2340
f 2304 2340 2308
f 2340 2305 2342
f 2340 2342 2306
f 2307 2340 2306
f 2307 2308 2340
f 2308 2307 2306
f 2309 2306 2311
f 2308 2306 2309
f 2309 2311 2815
f 2309 2815 2310
f 2309 2310 2312
f 2312 2310 2815
f 2313 2315 2309
f 2313 2309 2312
f 2309 2315 2316
f 2314 2316 2315
f 2316 2299 2309
f 2357 2299 2316
f 2299 2317 2319
f 2317 2299 2357
f 2317 2357 2318
f 2318 2320 2317
f 2319 2317 2320
f 2320 2299 2319
f 2366 2322 2299
f 2299 2321 2366
f 2321 2299 2320
f 2322 2323 2299
f 2322 2814 2323
f 2323 2814 2299
f 2370 2814 2322
f 2814 2370 2371
f 2294 2325 2326
f 2326 2376 2294
f 2294 2376 2327
f 2296 2327 2329
f 2296 2329 2331
f 2327 2376 2328
f 2329 2327 2328
f 2329 2332 2331
f 2329 2330 2378
f 2329 2378 2332
f 2300 2334 2302
f 2300 2332 2334
f 2332 2333 2334
f 2333 2335 2334
f 2335 2302 2334
f 2335 2333 2337
f 2337 2333 2336
f 2333 2382 2336
f 2333 2381 2382
f 2382 2338 2303
f 2382 2337 2336
f 2337 2382 2303
f 2303 2338 2339
f 2338 2385 2386
f 2338 2386 2341
f 2341 2340 2338
f 2338 2340 2339
f 2340 2341 2305
f 2341 2392 2305
f 2341 2388 2436
f 2341 2436 2392
f 2392 2342 2305
f 2342 2392 2306
f 2306 2392 2343
f 2392 2345 2343
f 2345 2306 2343
f 2345 2311 2306
f 2311 2345 2344
f 2345 2394 2395
f 2395 2346 2815
f 2346 2347 2397
f 2349 2397 2348
f 2349 2312 2815
f 2349 2313 2312
f 2313 2348 2352
f 2313 2349 2348
f 2348 2350 2399
f 2351 2348 2399
f 2351 2315 2313
f 2351 2314 2315
f 2314 2351 2399
f 2399 2353 2401
f 2399 2401 2356
f 2354 2399 2356
f 2355 2399 2354
f 2355 2354 2316
f 2355 2316 2314
f 2316 2354 2358
f 2357 2356 2318
f 2318 2356 2360
f 2360 2359 2407
f 2360 2407 2362
f 2361 2360 2320
f 2361 2320 2318
f 2320 2360 2364
f 2363 2362 2321
f 2363 2321 2320
f 2321 2362 2367
f 2368 2365 2409
f 2366 2368 2322
f 2322 2368 2369
f 2368 2409 2411
f 2368 2411 2372
f 2370 2368 2372
f 2370 2322 2369
f 2370 2372 2324
f 2371 2370 2324
f 2294 2324 2374
f 2372 2411 2412
f 2324 2372 2373
f 2373 2374 2324
f 2325 2294 2374
f 2325 2376 2326
f 2325 2419 2376
f 2419 2325 2374
f 2374 2375 2419
f 2375 2420 2419
f 2419 2377 2329
f 2419 2328 2376
f 2419 2329 2328
f 2329 2377 2330
f 2377 2421 2425
f 2377 2425 2378
f 2377 2378 2330
f 2378 2333 2332
f 2333 2378 2379
f 2378 2380 2379
f 2378 2428 2380
f 2428 2383 2333
f 2428 2379 2380
f 2428 2333 2379
f 2333 2383 2381
f 2383 2382 2381
f 2383 2429 2431
f 2384 2382 2383
f 2382 2384 2338
f 2338 2384 2385
f 2384 2386 2385
f 2386 2384 2383
f 2383 2432 2387
f 2383 2387 2386
f 2341 2387 2388
f 2341 2386 2387
f 2387 2436 2388
f 2387 2434 2436
f 2392 2390 2389
f 2392 2436 2390
f 2436 2389 2390
f 2436 2391 2389
f 2391 2436 2440
f 2393 2391 2440
f 2391 2393 2392
f 2391 2392 2389
f 2392 2393 2345
f 2345 2393 2394
f 2393 2442 2394
f 2393 2441 2442
f 2442 2396 2395
f 2442 2395 2394
f 2346 2396 2347
f 2346 2395 2396
f 2396 2443 2445
f 2398 2396 2445
f 2396 2398 2397
f 2396 2397 2347
f 2348 2398 2350
f 2348 2397 2398
f 2398 2446 2447
f 2447 2399 2398
f 2398 2399 2350
f 2399 2447 2353
f 2447 2400 2353
f 2400 2401 2353
f 2403 2401 2400
f 2356 2403 2402
f 2356 2401 2403
f 2403 2404 2402
f 2403 2452 2453
f 2403 2453 2404
f 2404 2356 2402
f 2356 2404 2360
f 2360 2404 2359
f 2404 2407 2359
f 2407 2404 2405
f 2404 2454 2457
f 2404 2457 2405
f 2362 2407 2406
f 2407 2408 2406
f 2408 2407 2460
f 2407 2458 2460
f 2408 2362 2406
f 2362 2408 2368
f 2368 2460 2365
f 2368 2408 2460
f 2460 2409 2365
f 2409 2461 2410
f 2409 2410 2415
f 2409 2415 2411
f 2415 2414 2411
f 2412 2411 2414
f 2412 2373 2372
f 2373 2477 2374
f 2413 2477 2373
f 2413 2373 2412
f 2414 2413 2412
f 2415 2464 2414
f 2415 2410 2464
f 2468 2414 2465
f 2413 2470 2416
f 2416 2477 2413
f 2417 2375 2374
f 2375 2418 2420
f 2477 2375 2417
f 2477 2418 2375
f 2477 2417 2374
f 2418 2477 2478
f 2418 2419 2420
f 2419 2418 2422
f 2422 2377 2419
f 2377 2423 2421
f 2377 2422 2423
f 2484 2422 2483
f 2422 2424 2423
f 2422 2484 2424
f 2484 2421 2424
f 2484 2425 2421
f 2425 2428 2378
f 2428 2484 2426
f 2428 2425 2484
f 2484 2427 2426
f 2427 2485 2430
f 2427 2430 2428
f 2427 2428 2426
f 2428 2430 2383
f 2383 2430 2429
f 2430 2431 2429
f 2430 2488 2489
f 2430 2489 2431
f 2383 2431 2432
f 2431 2433 2432
f 2431 2490 2492
f 2431 2492 2433
f 2435 2387 2433
f 2433 2387 2432
f 2387 2435 2434
f 2435 2436 2434
f 2436 2435 2495
f 2435 2493 2495
f 2495 2439 2437
f 2437 2436 2495
f 2436 2437 2440
f 2440 2437 2438
f 2437 2439 2438
f 2439 2497 2501
f 2439 2440 2438
f 2440 2439 2393
f 2393 2439 2441
f 2439 2503 2441
f 2503 2442 2441
f 2503 2444 2396
f 2396 2442 2503
f 2396 2444 2443
f 2444 2505 2507
f 2507 2445 2444
f 2444 2445 2443
f 2398 2507 2446
f 2398 2445 2507
f 2507 2509 2446
f 2509 2447 2446
f 2400 2509 2448
f 2400 2447 2509
f 2509 2450 2448
f 2509 2513 2450
f 2513 2509 2449
f 2449 2510 2513
f 2451 2403 2513
f 2513 2403 2400
f 2513 2448 2450
f 2513 2400 2448
f 2403 2451 2452
f 2451 2453 2452
f 2451 2513 2453
f 2453 2513 2516
f 2513 2514 2516
f 2516 2455 2453
f 2404 2456 2454
f 2404 2453 2456
f 2453 2455 2456
f 2455 2518 2520
f 2455 2459 2457
f 2455 2454 2456
f 2455 2457 2454
f 2457 2407 2405
f 2407 2457 2458
f 2457 2459 2458
f 2459 2460 2458
f 2460 2459 2523
f 2459 2522 2523
f 2409 2463 2461
f 2409 2523 2463
f 2409 2460 2523
f 2523 2462 2463
f 2462 2410 2463
f 2462 2524 2464
f 2464 2410 2462
f 2464 2465 2414
f 2465 2464 2524
f 2465 2524 2466
f 2414 2469 2413
f 2413 2471 2470
f 2413 2469 2471
f 2469 2414 2468
f 2469 2473 2471
f 2469 2474 2473
f 2469 2529 2472
f 2469 2472 2474
f 2474 2416 2473
f 2416 2470 2473
f 2474 2475 2416
f 2475 2474 2476
f 2475 2477 2416
f 2477 2481 2478
f 2477 2479 2481
f 2477 2476 2480
f 2477 2475 2476
f 2479 2535 2591
f 2479 2478 2481
f 2479 2418 2478
f 2479 2422 2418
f 2422 2482 2483
f 2422 2479 2482
f 2482 2537 2538
f 2482 2538 2484
f 2482 2484 2483
f 2484 2538 2427
f 2427 2538 2485
f 2538 2486 2485
f 2538 2542 2486
f 2542 2487 2430
f 2542 2485 2486
f 2542 2430 2485
f 2430 2487 2488
f 2487 2489 2488
f 2487 2543 2545
f 2487 2545 2489
f 2431 2491 2490
f 2431 2489 2491
f 2489 2492 2491
f 2489 2546 2548
f 2489 2548 2492
f 2492 2490 2491
f 2492 2435 2433
f 2435 2494 2493
f 2435 2492 2494
f 2494 2495 2493
f 2495 2494 2496
f 2494 2549 2496
f 2495 2496 2439
f 2439 2498 2497
f 2439 2496 2498
f 2496 2499 2498
f 2496 2500 2499
f 2500 2552 2556
f 2500 2497 2499
f 2500 2501 2497
f 2501 2500 2503
f 2501 2503 2439
f 2503 2500 2502
f 2500 2558 2502
f 2558 2503 2502
f 2558 2506 2504
f 2504 2503 2558
f 2503 2504 2444
f 2444 2504 2505
f 2504 2506 2505
f 2506 2560 2562
f 2506 2562 2507
f 2506 2507 2505
f 2507 2562 2509
f 2509 2562 2508
f 2562 2564 2508
f 2564 2509 2508
f 2449 2564 2510
f 2449 2509 2564
f 2564 2512 2510
f 2564 2568 2512
f 2568 2564 2511
f 2511 2565 2568
f 2515 2513 2568
f 2568 2510 2512
f 2568 2513 2510
f 2513 2515 2514
f 2515 2516 2514
f 2516 2515 2517
f 2515 2569 2517
f 2516 2517 2455
f 2455 2517 2518
f 2517 2519 2518
f 2517 2520 2519
f 2520 2572 2521
f 2520 2518 2519
f 2520 2459 2455
f 2459 2520 2522
f 2520 2521 2522
f 2521 2523 2522
f 2523 2521 2578
f 2521 2576 2578
f 2462 2466 2524
f 2462 2523 2466
f 2523 2525 2466
f 2525 2523 2578
f 2578 2467 2525
f 2525 2467 2466
f 2467 2578 2579
f 2465 2466 2467
f 2465 2467 2468
f 2469 2468 2580
f 2580 2468 2467
f 2467 2579 2526
f 2467 2526 2581
f 2469 2580 2527
f 2469 2527 2582
f 2469 2587 2529
f 2469 2582 2586
f 2469 2586 2528
f 2469 2528 2587
f 2587 2533 2530
f 2587 2472 2529
f 2587 2474 2472
f 2587 2530 2474
f 2474 2533 2476
f 2474 2530 2533
f 2533 2587 2531
f 2533 2480 2476
f 2480 2479 2477
f 2480 2532 2479
f 2479 2532 2535
f 2532 2591 2535
f 2532 2593 2591
f 2591 2534 2479
f 2534 2482 2479
f 2482 2591 2537
f 2482 2534 2591
f 2591 2536 2537
f 2591 2594 2596
f 2591 2596 2536
f 2536 2538 2537
f 2538 2536 2539
f 2538 2539 2542
f 2542 2536 2540
f 2542 2539 2536
f 2536 2541 2540
f 2541 2597 2544
f 2541 2544 2542
f 2541 2542 2540
f 2542 2544 2487
f 2487 2544 2543
f 2544 2545 2543
f 2544 2599 2601
f 2544 2601 2545
f 2489 2547 2546
f 2489 2545 2547
f 2545 2548 2547
f 2545 2602 2604
f 2545 2604 2548
f 2548 2546 2547
f 2548 2494 2492
f 2494 2550 2549
f 2494 2548 2550
f 2550 2496 2549
f 2496 2550 2551
f 2550 2605 2551
f 2496 2551 2500
f 2500 2553 2552
f 2500 2551 2553
f 2551 2554 2553
f 2551 2555 2554
f 2555 2609 2613
f 2555 2552 2554
f 2555 2556 2552
f 2556 2555 2558
f 2556 2558 2500
f 2558 2555 2557
f 2555 2616 2557
f 2616 2558 2557
f 2616 2561 2559
f 2559 2558 2616
f 2558 2559 2506
f 2506 2559 2560
f 2559 2561 2560
f 2561 2618 2620
f 2561 2620 2562
f 2561 2562 2560
f 2562 2620 2564
f 2564 2620 2563
f 2620 2622 2563
f 2622 2564 2563
f 2511 2622 2565
f 2511 2564 2622
f 2622 2567 2565
f 2622 2626 2567
f 2626 2622 2566
f 2566 2623 2626
f 2570 2568 2626
f 2626 2565 2567
f 2626 2568 2565
f 2515 2570 2569
f 2515 2568 2570
f 2570 2517 2569
f 2517 2570 2571
f 2570 2627 2571
f 2517 2571 2520
f 2520 2573 2572
f 2520 2571 2573
f 2571 2575 2573
f 2571 2574 2575
f 2574 2572 2575
f 2574 2521 2572
f 2521 2574 2576
f 2574 2577 2576
f 2577 2574 2633
f 2577 2578 2576
f 2578 2526 2579
f 2578 2581 2526
f 2578 2577 2581
f 2467 2581 2580
f 2527 2580 2582
f 2582 2580 2583
f 2581 2583 2580
f 2583 2581 2577
f 2577 2633 2584
f 2583 2585 2636
f 2636 2637 2640
f 2583 2636 2640
f 2640 2582 2583
f 2582 2643 2588
f 2582 2588 2586
f 2588 2528 2586
f 2588 2587 2528
f 2588 2589 2587
f 2587 2589 2531
f 2480 2533 2531
f 2480 2531 2532
f 2532 2531 2593
f 2531 2592 2593
f 2531 2590 2592
f 2592 2591 2593
f 2592 2590 2646
f 2591 2595 2594
f 2591 2592 2595
f 2595 2649 2650
f 2595 2650 2596
f 2595 2596 2594
f 2596 2650 2541
f 2596 2541 2536
f 2541 2650 2597
f 2650 2598 2597
f 2598 2650 2653
f 2600 2598 2653
f 2598 2600 2544
f 2598 2544 2597
f 2544 2600 2599
f 2600 2601 2599
f 2600 2654 2656
f 2600 2656 2601
f 2545 2601 2602
f 2601 2603 2602
f 2601 2657 2603
f 2606 2604 2603
f 2603 2604 2602
f 2604 2550 2548
f 2550 2606 2605
f 2550 2604 2606
f 2606 2551 2605
f 2551 2606 2607
f 2606 2659 2607
f 2551 2607 2608
f 2551 2608 2555
f 2555 2610 2609
f 2555 2607 2610
f 2555 2608 2607
f 2607 2611 2610
f 2607 2612 2611
f 2612 2661 2665
f 2612 2609 2611
f 2612 2613 2609
f 2613 2612 2616
f 2613 2616 2555
f 2616 2612 2614
f 2612 2615 2614
f 2615 2616 2614
f 2616 2615 2617
f 2615 2666 2617
f 2561 2617 2618
f 2561 2616 2617
f 2617 2619 2618
f 2619 2667 2669
f 2619 2669 2620
f 2619 2620 2618
f 2620 2669 2622
f 2622 2669 2621
f 2669 2672 2621
f 2672 2622 2621
f 2566 2672 2623
f 2566 2622 2672
f 2672 2625 2623
f 2672 2676 2625
f 2676 2672 2624
f 2624 2673 2676
f 2628 2626 2676
f 2676 2623 2625
f 2676 2626 2623
f 2570 2628 2627
f 2570 2626 2628
f 2628 2571 2627
f 2571 2628 2629
f 2628 2677 2629
f 2571 2629 2630
f 2571 2630 2574
f 2574 2629 2631
f 2574 2630 2629
f 2629 2632 2631
f 2632 2678 2682
f 2632 2634 2574
f 2632 2574 2631
f 2574 2584 2633
f 2574 2634 2584
f 2634 2635 2584
f 2635 2634 2681
f 2577 2635 2583
f 2577 2584 2635
f 2583 2635 2585
f 2635 2681 2683
f 2635 2636 2585
f 2636 2639 2637
f 2635 2684 2638
f 2635 2638 2636
f 2638 2639 2636
f 2638 2641 2639
f 2641 2638 2689
f 2641 2637 2639
f 2641 2640 2637
f 2582 2641 2643
f 2582 2640 2641
f 2641 2693 2643
f 2642 2588 2693
f 2693 2588 2643
f 2589 2588 2642
f 2589 2642 2692
f 2644 2589 2692
f 2644 2645 2589
f 2645 2531 2589
f 2645 2646 2531
f 2531 2646 2590
f 2646 2695 2699
f 2646 2595 2592
f 2595 2646 2649
f 2646 2647 2649
f 2647 2700 2701
f 2647 2701 2648
f 2647 2648 2650
f 2647 2650 2649
f 2650 2648 2653
f 2653 2648 2652
f 2648 2651 2652
f 2651 2703 2704
f 2651 2655 2653
f 2651 2653 2652
f 2653 2655 2600
f 2600 2655 2654
f 2655 2656 2654
f 2655 2705 2707
f 2655 2707 2656
f 2601 2656 2657
f 2656 2658 2657
f 2656 2708 2709
f 2656 2709 2658
f 2658 2603 2657
f 2606 2658 2659
f 2606 2603 2658
f 2658 2607 2659
f 2607 2711 2712
f 2607 2712 2660
f 2607 2660 2612
f 2612 2662 2661
f 2612 2712 2662
f 2612 2660 2712
f 2712 2664 2662
f 2712 2715 2664
f 2715 2712 2663
f 2663 2713 2715
f 2715 2661 2664
f 2715 2665 2661
f 2665 2615 2612
f 2615 2715 2666
f 2615 2665 2715
f 2715 2617 2666
f 2617 2716 2718
f 2617 2718 2619
f 2619 2718 2667
f 2718 2721 2667
f 2721 2668 2669
f 2721 2669 2667
f 2669 2668 2672
f 2672 2721 2671
f 2672 2668 2721
f 2721 2670 2671
f 2670 2672 2671
f 2672 2670 2723
f 2670 2722 2723
f 2624 2723 2673
f 2624 2672 2723
f 2723 2674 2673
f 2723 2724 2674
f 2675 2676 2674
f 2674 2676 2673
f 2628 2675 2677
f 2628 2676 2675
f 2675 2727 2677
f 2675 2674 2727
f 2674 2725 2727
f 2727 2629 2677
f 2629 2727 2632
f 2632 2727 2678
f 2727 2679 2678
f 2679 2727 2680
f 2680 2729 2728
f 2682 2679 2680
f 2679 2682 2678
f 2682 2634 2632
f 2634 2682 2681
f 2682 2684 2681
f 2684 2682 2730
f 2683 2681 2684
f 2635 2683 2684
f 2638 2687 2689
f 2684 2685 2638
f 2687 2638 2685
f 2690 2688 2687
f 2687 2641 2689
f 2687 2688 2641
f 2688 2693 2641
f 2693 2690 2691
f 2693 2688 2690
f 2692 2690 2737
f 2690 2692 2691
f 2692 2693 2691
f 2693 2692 2642
f 2692 2741 2694
f 2692 2694 2696
f 2696 2695 2692
f 2692 2695 2645
f 2645 2644 2692
f 2645 2695 2646
f 2695 2697 2699
f 2695 2696 2697
f 2696 2743 2697
f 2697 2646 2699
f 2697 2647 2646
f 2697 2698 2647
f 2647 2698 2700
f 2702 2698 2745
f 2698 2701 2700
f 2698 2702 2701
f 2702 2745 2747
f 2701 2651 2648
f 2651 2702 2703
f 2651 2701 2702
f 2702 2704 2703
f 2702 2748 2704
f 2704 2655 2651
f 2655 2706 2705
f 2655 2704 2706
f 2706 2704 2751
f 2706 2751 2754
f 2754 2707 2706
f 2706 2707 2705
f 2656 2754 2708
f 2656 2707 2754
f 2754 2756 2755
f 2754 2755 2760
f 2710 2754 2760
f 2754 2710 2709
f 2754 2709 2708
f 2709 2710 2607
f 2709 2607 2658
f 2607 2710 2711
f 2710 2760 2711
f 2763 2712 2760
f 2760 2712 2711
f 2663 2763 2713
f 2663 2712 2763
f 2763 2760 2762
f 2714 2715 2763
f 2763 2715 2713
f 2617 2714 2716
f 2617 2715 2714
f 2714 2767 2765
f 2765 2717 2714
f 2714 2717 2718
f 2714 2718 2716
f 2718 2717 2721
f 2721 2765 2719
f 2721 2717 2765
f 2720 2765 2768
f 2765 2720 2719
f 2720 2721 2719
f 2721 2720 2670
f 2670 2773 2722
f 2670 2720 2773
f 2775 2723 2773
f 2773 2723 2722
f 2723 2775 2724
f 2780 2674 2775
f 2775 2674 2724
f 2674 2780 2725
f 2726 2727 2780
f 2780 2727 2725
f 2680 2726 2729
f 2680 2727 2726
f 2726 2728 2729
f 2726 2781 2728
f 2728 2781 2731
f 2728 2682 2680
f 2682 2728 2730
f 2728 2731 2730
f 2684 2730 2731
f 2687 2736 2686
f 2685 2736 2687
f 2732 2685 2684
f 2733 2732 2684
f 2731 2733 2684
f 2731 2781 2734
f 2731 2734 2733
f 2786 2732 2733
f 2732 2786 2735
f 2732 2735 2685
f 2735 2736 2685
f 2736 2690 2686
f 2736 2738 2690
f 2690 2687 2686
f 2690 2738 2737
f 2740 2692 2738
f 2738 2692 2737
f 2692 2740 2741
f 2742 2696 2740
f 2740 2696 2694
f 2740 2694 2741
f 2696 2744 2743
f 2744 2696 2742
f 2744 2796 2743
f 2796 2697 2743
f 2796 2698 2697
f 2698 2746 2745
f 2746 2698 2796
f 2747 2746 2749
f 2746 2747 2745
f 2702 2750 2748
f 2702 2747 2750
f 2747 2749 2750
f 2749 2748 2750
f 2749 2704 2748
f 2704 2749 2751
f 2749 2752 2751
f 2752 2754 2751
f 2754 2753 2756
f 2754 2752 2753
f 2753 2802 2756
f 2802 2755 2756
f 2760 2755 2759
f 2755 2757 2759
f 2757 2760 2759
f 2760 2758 2762
f 2760 2757 2758
f 2758 2805 2762
f 2805 2761 2762
f 2761 2763 2762
f 2763 2761 2714
f 2714 2761 2767
f 2761 2764 2767
f 2764 2765 2767
f 2765 2766 2768
f 2766 2769 2768
f 2769 2720 2768
f 2720 2769 2773
f 2773 2770 2772
f 2773 2769 2770
f 2770 2809 2772
f 2809 2773 2772
f 2773 2809 2775
f 2775 2771 2774
f 2775 2809 2771
f 2771 2777 2774
f 2777 2775 2774
f 2775 2777 2780
f 2780 2778 2776
f 2780 2777 2778
f 2777 2779 2778
f 2779 2777 2812
f 2779 2776 2778
f 2779 2780 2776
f 2779 2726 2780
f 2726 2734 2781
f 2726 2779 2734
f 2779 2782 2734
f 2733 2734 2782
f 2733 2782 2784
f 2784 2782 2783
f 2784 2783 2786
f 2786 2733 2784
f 2786 2783 2785
f 2786 2787 2735
f 2787 2789 2788
f 2787 2785 2789
f 2787 2786 2785
f 2735 2738 2736
f 2738 2735 2739
f 2735 2787 2788
f 2735 2788 2790
f 2739 2735 2791
f 2791 2738 2739
f 2738 2791 2740
f 2740 2791 2790
f 2791 2735 2790
f 2740 2790 2792
f 2740 2793 2742
f 2742 2793 2744
f 2793 2740 2792
f 2793 2792 2794
f 2744 2793 2746
f 2746 2796 2744
f 2746 2794 2795
f 2746 2793 2794
f 2749 2746 2798
f 2798 2746 2797
f 2746 2795 2797
f 2749 2798 2752
f 2752 2798 2799
f 2798 2797 2799
f 2752 2799 2800
f 2753 2752 2802
f 2802 2752 2800
f 2802 2800 2801
f 2755 2802 2757
f 2757 2802 2801
f 2757 2801 2803
f 2758 2757 2805
f 2805 2757 2803
f 2805 2803 2804
f 2761 2805 2764
f 2764 2805 2804
f 2764 2804 2806
f 2765 2764 2766
f 2766 2764 2769
f 2769 2764 2806
f 2769 2806 2807
f 2770 2769 2809
f 2809 2769 2807
f 2809 2807 2808
f 2771 2809 2808
f 2771 2808 2810
f 2777 2771 2810
f 2777 2810 2811
f 2812 2782 2779
f 2812 2811 2782
f 2812 2777 2811
f 2782 2811 2813
f 2782 2813 2783
f 2814 2294 2298
f 2369 2368 2370
f 2321 2367 2366
f 2367 2362 2368
f 2367 2368 2366
f 2320 2364 2363
f 2364 2360 2362
f 2364 2362 2363
f 2318 2360 2361
f 2316 2358 2357
f 2358 2354 2356
f 2358 2356 2357
f 2314 2399 2355
f 2313 2352 2351
f 2352 2348 2351
f 2815 2346 2397
f 2815 2397 2349
f 2815 2311 2344
f 2815 2344 2395
f 2344 2345 2395
f 2098 2140 2141
f 2816 2100 2099
f 2816 2097 2100
f 2816 2099 2062
f 2100 2164 2140
f 2100 2138 2139
f 2100 2139 2164
f 2097 2094 2096
f 2096 2139 2138
f 2139 2136 2137
f 2057 2094 2095
f 2057 2136 2094
f 2057 2093 2136
f 2057 2095 2059
f 2135 2133 2134
f 2057 2092 2093
f 2057 2090 2092
f 2092 2134 2133
f 2134 2131 2132
f 2053 2090 2091
f 2053 2131 2090
f 2053 2089 2131
f 2053 2091 2055
f 2130 2128 2129
f 2053 2088 2089
f 2053 2086 2088
f 2088 2129 2128
f 2129 2126 2127
f 2049 2086 2087
f 2049 2126 2086
f 2049 2085 2126
f 2049 2087 2051
f 2125 2123 2124
f 2049 2084 2085
f 2049 2082 2084
f 2084 2124 2123
f 2124 2121 2122
f 2044 2082 2083
f 2044 2121 2082
f 2044 2081 2121
f 2044 2083 2046
f 2120 2118 2119
f 2044 2080 2081
f 2044 2079 2080
f 2080 2119 2118
f 2119 2115 2117
f 2818 2115 2116
f 2115 2113 2114
f 2819 2818 2078
f 2819 2077 2818
f 2077 2152 2113
f 2152 2111 2112
f 2820 2108 2036
f 2109 2110 2108
f 2821 2105 2075
f 2821 2075 2074
f 2075 2105 2148
f 2075 2148 2147
f 2102 2101 2142
f 2102 2103 2101
f 2142 2101 2098
f 2165 2167 2822
f 2822 2102 2165
f 2139 2163 2164
f 2134 2161 2137
f 2129 2159 2132
f 2124 2157 2127
f 2119 2155 2122
f 2114 2151 2153
f 2152 2150 2151
f 2110 2150 2112
f 2146 2145 2172
f 2146 2172 2148
f 2145 2171 2172
f 2163 2198 2200
f 2162 2196 2198
f 2161 2195 2196
f 2195 2194 2196
f 2160 2192 2194
f 2159 2191 2192
f 2191 2190 2192
f 2158 2188 2190
f 2157 2187 2188
f 2187 2186 2188
f 2156 2184 2186
f 2155 2183 2184
f 2183 2181 2184
f 2153 2178 2180
f 2151 2830 2179
f 2151 2179 2177
f 2830 2177 2179
f 2823 2208 2209
f 2823 2209 2210
f 2170 2205 2206
f 2170 2206 2207
f 2201 2204 2203
f 2201 2824 2204
f 2824 2199 2204
f 2237 2198 2235
f 2234 2235 2197
f 2194 2825 2233
f 2825 2194 2230
f 2825 2230 2233
f 2249 2230 2193
f 2190 2826 2229
f 2826 2190 2226
f 2826 2226 2229
f 2253 2226 2189
f 2186 2827 2225
f 2827 2186 2222
f 2827 2222 2225
f 2257 2222 2185
f 2181 2828 2221
f 2217 2261 2218
f 2217 2218 2219
f 2829 2216 2265
f 2830 2215 2177
f 2830 2214 2215
f 2175 2212 2213
f 2175 2213 2214
f 2175 2211 2212
f 2831 2832 2833
f 2831 2834 2832
f 2831 2835 2834
f 2831 2836 2835
f 2837 2839 2838
f 2840 2842 2841
f 2843 2844 2845
f 2843 2846 2844
f 2847 2848 2849
f 2847 2850 2848
f 2851 2853 2852
f 2854 2855 2856
f 2854 2857 2855
f 2858 2859 2860
f 2858 2861 2859
f 2862 2864 2863
f 2865 2867 2866
f 2868 2870 2869
f 2871 2873 2872
f 2874 2876 2875
f 2877 2879 2878
f 2880 2881 2882
f 2883 2884 2885
f 2883 2886 2884
f 2887 2889 2888
f 2890 2892 2891
f 2893 2894 2895
f 2893 2896 2894
f 2897 2894 2898
f 2897 2895 2894
f 2899 2901 2900
f 2902 2903 2904
f 2905 2906 2907
f 2908 2909 2910
f 2908 2911 2909
f 2911 2912 2913
f 2914 2916 2915
f 2917 2918 2919
f 2917 2920 2918
f 2921 2923 2922
f 2924 2925 2926
f 2924 2927 2925
f 2928 2929 2930
f 2928 2931 2929
f 2932 2933 2934
f 2935 2937 2936
f 2938 2939 2940
f 2941 2943 2942
f 2944 2946 2945
f 2947 2948 2949
f 2950 2951 2952
f 2950 2953 2951
f 2954 2955 2956
f 2954 2957 2955
f 2958 2959 2960
f 2958 2961 2959
f 2962 2963 2960
f 2962 2964 2963
f 2965 2966 2967
f 2954 2968 2957
f 2954 2969 2968
f 2970 2971 2972
f 2970 2973 2971
f 2970 2974 2975
f 2970 2976 2974
f 2977 2978 2979
f 2977 2980 2978
f 2981 2982 2983
f 2981 2984 2982
f 2985 2986 2987
f 2988 2989 2990
f 2988 2991 2989
f 2988 2992 2991
f 2988 2993 2992
f 2988 2994 2993
f 2988 2995 2994
f 2988 2996 2995
f 2988 2990 2996
f 2997 2998 2999
f 2997 3000 2998
f 3001 2998 3002
f 3001 2999 2998
f 3003 3004 3005
f 3003 3006 3004
f 3007 3008 3009
f 3007 3010 3008
f 3011 3013 3012
f 3014 3015 3016
f 3014 3017 3015
f 3018 3019 3020
f 3018 3021 3019
f 3022 3019 3021
f 3022 3023 3019
f 3018 3020 3024
f 3025 3026 3027
f 3025 3028 3026
f 3029 3030 3031
f 3029 3032 3030
f 3033 3035 3034
f 3036 3037 3038
f 3036 3039 3037
f 3040 3041 3042
f 3040 3043 3041
f 3044 3045 3046
f 3044 3047 3045
f 3040 3048 3049
f 3040 3042 3048
f 3050 3049 3051
f 3052 3053 3054
f 3052 3055 3053
f 3052 3056 3057
f 3052 3054 3056
f 3058 3059 3060
f 3058 3061 3059
f 3062 3063 3064
f 3062 3065 3063
f 3066 3063 3067
f 3066 3064 3063
f 3050 3068 3069
f 3050 3051 3068
f 3070 3071 3072
f 3058 3073 3061
f 3058 3074 3073
f 3075 3099 3076
f 3075 3106 3099
f 3077 3106 3075
f 3077 3079 3106
f 3078 3079 3077
f 3078 3082 3079
f 3080 3082 3078
f 3081 3082 3080
f 3081 3534 3082
f 3081 3535 3534
f 3083 3535 3081
f 3083 3533 3535
f 3084 3533 3083
f 3084 3085 3533
f 3084 3536 3085
f 3086 3536 3084
f 3086 3121 3536
f 3087 3121 3086
f 3088 3121 3087
f 3088 3089 3121
f 3088 3118 3089
f 3088 3090 3118
f 3090 3096 3118
f 3090 3091 3096
f 3091 3092 3096
f 3091 3093 3092
f 3091 3094 3093
f 3094 3076 3093
f 3075 3076 3094
f 3097 3092 3093
f 3097 3096 3092
f 3095 3096 3097
f 3095 3116 3096
f 3095 3076 3116
f 3097 3076 3095
f 3097 3093 3076
f 3076 3100 3098
f 3099 3100 3076
f 3100 3099 3098
f 3106 3105 3099
f 3101 3099 3105
f 3101 3098 3099
f 3104 3538 3111
f 3104 3103 3538
f 3105 3102 3101
f 3105 3106 3104
f 3108 3109 3107
f 3107 3500 3108
f 3104 3108 3103
f 3104 3106 3108
f 3110 3106 3079
f 3110 3109 3106
f 3109 3108 3106
f 3507 3109 3110
f 3507 3110 3079
f 3507 3113 3109
f 3507 3079 3082
f 3112 3107 3109
f 3112 3109 3113
f 3504 3498 3104
f 3498 3105 3104
f 3498 3102 3105
f 3101 3102 3498
f 3101 3115 3098
f 3124 3098 3115
f 3116 3124 3117
f 3116 3117 3497
f 3117 3096 3497
f 3119 3118 3125
f 3119 3125 3117
f 3119 3117 3124
f 3119 3124 3120
f 3119 3120 3122
f 3119 3122 3089
f 3119 3089 3118
f 3122 3536 3121
f 3121 3089 3122
f 3531 3122 3120
f 3531 3530 3122
f 3125 3096 3117
f 3125 3118 3096
f 3126 3127 3128
f 3126 3129 3127
f 3130 3131 3132
f 3130 3133 3131
f 3134 3135 3132
f 3134 3136 3135
f 3137 3138 3139
f 3137 3140 3138
f 3141 3142 3143
f 3144 3145 3146
f 3144 3147 3145
f 3148 3150 3149
f 3151 3153 3152
f 3154 3152 3153
f 3154 3155 3152
f 3156 3157 3158
f 3156 3159 3157
f 3160 3162 3161
f 3163 3165 3164
f 3166 3168 3167
f 3169 3170 3171
f 3172 3174 3173
f 3175 3177 3176
f 3178 3179 3180
f 3178 3181 3179
f 3182 3179 3183
f 3184 3185 3186
f 3184 3187 3185
f 3188 3190 3189
f 3191 3193 3192
f 3194 3196 3195
f 3197 3198 3199
f 3200 3201 3202
f 3200 3203 3201
f 3204 3201 3205
f 3204 3206 3201
f 3207 3208 3209
f 3207 3210 3208
f 3211 3212 3213
f 3211 3214 3212
f 3215 3217 3216
f 3218 3219 3220
f 3221 3220 3222
f 3223 3219 3224
f 3218 3225 3226
f 3218 3227 3225
f 3228 3229 3230
f 3228 3231 3229
f 3232 3233 3234
f 3232 3235 3233
f 3236 3238 3237
f 3236 3240 3239
f 3241 3242 3243
f 3241 3238 3242
f 3244 3245 3246
f 3244 3247 3245
f 3248 3249 3250
f 3251 3252 3253
f 3251 3254 3252
f 3255 3256 3257
f 3255 3258 3256
f 3259 3261 3260
f 3262 3264 3263
f 3265 3266 3267
f 3265 3268 3266
f 3269 3270 3271
f 3269 3272 3270
f 3276 3335 3274
f 3276 3274 3275
f 3278 3276 3275
f 3278 3275 3277
f 3279 3278 3277
f 3280 3279 3277
f 3280 3277 3512
f 3281 3280 3512
f 3281 3512 3513
f 3281 3513 3517
f 3281 3517 3283
f 3283 3517 3282
f 3283 3282 3284
f 3284 3282 3527
f 3284 3527 3285
f 3285 3527 3320
f 3285 3320 3287
f 3287 3320 3319
f 3287 3319 3286
f 3287 3286 3313
f 3287 3313 3288
f 3287 3288 3289
f 3289 3288 3291
f 3291 3288 3290
f 3291 3290 3335
f 3292 3291 3335
f 3276 3292 3335
f 3290 3294 3335
f 3519 3293 3308
f 3307 3308 3293
f 3307 3303 3308
f 3325 3295 3324
f 3294 3324 3295
f 3293 3324 3294
f 3515 3326 3297
f 3298 3323 3308
f 3323 3298 3321
f 3298 3299 3321
f 3298 3524 3299
f 3298 3301 3300
f 3301 3303 3302
f 3301 3298 3303
f 3303 3528 3302
f 3303 3304 3528
f 3306 3305 3528
f 3306 3528 3304
f 3306 3307 3309
f 3306 3304 3307
f 3307 3304 3303
f 3303 3298 3308
f 3307 3305 3309
f 3307 3310 3305
f 3310 3293 3311
f 3310 3311 3290
f 3311 3294 3290
f 3290 3312 3310
f 3288 3310 3312
f 3313 3314 3315
f 3313 3286 3314
f 3314 3316 3315
f 3314 3286 3316
f 3316 3286 3317
f 3317 3318 3316
f 3528 3316 3318
f 3528 3319 3320
f 3528 3318 3319
f 3319 3317 3286
f 3319 3318 3317
f 3321 3322 3323
f 3519 3324 3293
f 3325 3324 3516
f 3325 3516 3295
f 3297 3295 3516
f 3515 3297 3518
f 3329 3327 3334
f 3511 3330 3508
f 3275 3511 3277
f 3330 3275 3274
f 3330 3274 3336
f 3331 3336 3335
f 3331 3334 3336
f 3511 3275 3330
f 3330 3336 3332
f 3510 3330 3332
f 3510 3332 3333
f 3510 3508 3330
f 3337 3333 3332
f 3337 3332 3336
f 3331 3335 3522
f 3335 3296 3522
f 3335 3338 3296
f 3337 3336 3334
f 3331 3329 3334
f 3338 3294 3273
f 3338 3335 3294
f 3273 3296 3338
f 3297 3294 3295
f 3297 3273 3294
f 3293 3310 3307
f 3311 3293 3294
f 3339 3309 3305
f 3339 3305 3306
f 3339 3306 3309
f 3342 3340 3341
f 3342 3341 3343
f 3343 3341 3374
f 3344 3343 3374
f 3345 3344 3374
f 3345 3374 3537
f 3346 3345 3537
f 3346 3537 3423
f 3346 3423 3422
f 3348 3346 3422
f 3348 3422 3424
f 3348 3424 3347
f 3349 3348 3347
f 3349 3347 3411
f 3349 3411 3409
f 3351 3349 3409
f 3351 3409 3400
f 3351 3400 3401
f 3351 3401 3350
f 3352 3351 3350
f 3353 3352 3350
f 3353 3350 3340
f 3342 3353 3340
f 3354 3340 3350
f 3355 3354 3350
f 3357 3371 3354
f 3357 3354 3355
f 3355 3401 3402
f 3355 3350 3401
f 3355 3403 3356
f 3355 3402 3403
f 3356 3361 3357
f 3356 3357 3355
f 3383 3361 3356
f 3383 3356 3362
f 3357 3359 3358
f 3359 3360 3358
f 3359 3361 3360
f 3359 3357 3361
f 3380 3362 3356
f 3363 3381 3384
f 3368 3381 3363
f 3366 3368 3365
f 3366 3365 3367
f 3366 3367 3368
f 3388 3368 3367
f 3383 3369 3361
f 3360 3361 3369
f 3360 3370 3358
f 3360 3369 3370
f 3370 3369 3379
f 3370 3379 3376
f 3370 3376 3357
f 3370 3357 3358
f 3372 3341 3340
f 3372 3354 3371
f 3372 3340 3354
f 3373 3341 3372
f 3373 3372 3371
f 3373 3374 3341
f 3375 3537 3374
f 3379 3378 3376
f 3378 3373 3371
f 3375 3373 3378
f 3375 3374 3373
f 3379 3369 3378
f 3377 3378 3369
f 3378 3404 3376
f 3378 3371 3404
f 3383 3377 3369
f 3383 3362 3382
f 3377 3383 3382
f 3375 3378 3377
f 3382 3380 3384
f 3398 3385 3388
f 3386 3388 3385
f 3386 3385 3387
f 3386 3387 3388
f 3388 3381 3368
f 3393 3381 3388
f 3389 3381 3393
f 3381 3382 3384
f 3537 3377 3382
f 3537 3375 3377
f 3390 3422 3393
f 3392 3390 3387
f 3393 3388 3387
f 3393 3387 3390
f 3392 3387 3385
f 3399 3392 3385
f 3399 3385 3397
f 3399 3394 3392
f 3391 3396 3395
f 3391 3394 3396
f 3396 3405 3395
f 3399 3397 3367
f 3398 3388 3367
f 3398 3367 3397
f 3398 3397 3385
f 3399 3367 3365
f 3406 3399 3365
f 3406 3394 3399
f 3410 3368 3364
f 3364 3400 3410
f 3364 3402 3400
f 3364 3368 3402
f 3402 3401 3400
f 3402 3368 3403
f 3403 3384 3380
f 3403 3380 3356
f 3403 3363 3384
f 3403 3368 3363
f 3305 3313 3315
f 3305 3288 3313
f 3305 3310 3288
f 3404 3371 3357
f 3404 3357 3376
f 3405 3396 3394
f 3405 3394 3406
f 3407 3391 3405
f 3407 3408 3411
f 3407 3405 3408
f 3408 3406 3410
f 3408 3405 3406
f 3409 3408 3410
f 3409 3410 3400
f 3409 3411 3408
f 3413 3407 3411
f 3414 3412 3413
f 3416 3412 3414
f 3416 3414 3415
f 3416 3415 3391
f 3417 3412 3416
f 3417 3413 3412
f 3417 3407 3413
f 3417 3391 3407
f 3417 3416 3391
f 3391 3395 3405
f 3414 3347 3418
f 3414 3413 3347
f 3347 3413 3411
f 3347 3424 3418
f 3424 3414 3418
f 3414 3391 3415
f 3424 3419 3414
f 3419 3391 3414
f 3420 3391 3419
f 3391 3420 3392
f 3420 3390 3392
f 3420 3422 3390
f 3393 3422 3423
f 3423 3381 3389
f 3423 3389 3393
f 3537 3381 3423
f 3420 3419 3421
f 3424 3421 3419
f 3424 3420 3421
f 3420 3424 3422
f 3425 3394 3391
f 3425 3391 3392
f 3425 3392 3394
f 3427 3442 3426
f 3428 3427 3452
f 3430 3428 3452
f 3430 3452 3429
f 3431 3430 3429
f 3431 3429 3478
f 3431 3478 3434
f 3434 3478 3432
f 3434 3432 3433
f 3434 3433 3495
f 3435 3434 3495
f 3436 3435 3495
f 3436 3495 3493
f 3493 3437 3436
f 3437 3493 3491
f 3437 3491 3439
f 3439 3491 3438
f 3439 3438 3440
f 3440 3438 3441
f 3441 3438 3448
f 3441 3448 3446
f 3441 3446 3443
f 3443 3446 3442
f 3443 3442 3427
f 3443 3427 3428
f 3444 3445 3451
f 3444 3442 3445
f 3460 3446 3447
f 3447 3446 3448
f 3459 3448 3438
f 3448 3459 3490
f 3449 3448 3490
f 3449 3447 3448
f 3460 3485 3484
f 3460 3447 3485
f 3450 3446 3460
f 3454 3446 3450
f 3454 3445 3446
f 3454 3451 3445
f 3451 3426 3444
f 3444 3426 3442
f 3453 3426 3452
f 3453 3452 3427
f 3453 3427 3426
f 3475 3429 3452
f 3475 3452 3426
f 3475 3426 3451
f 3456 3470 3454
f 3456 3450 3470
f 3456 3454 3450
f 3458 3457 3450
f 3485 3447 3486
f 3487 3484 3485
f 3459 3438 3491
f 3459 3492 3490
f 3458 3461 3462
f 3458 3462 3457
f 3462 3470 3450
f 3462 3450 3457
f 3472 3455 3454
f 3472 3454 3470
f 3464 3463 3470
f 3464 3461 3463
f 3464 3462 3461
f 3464 3470 3462
f 3458 3460 3467
f 3458 3467 3463
f 3458 3463 3461
f 3466 3465 3463
f 3466 3463 3467
f 3466 3468 3469
f 3466 3469 3465
f 3469 3470 3471
f 3469 3471 3465
f 3471 3463 3465
f 3471 3470 3463
f 3472 3477 3455
f 3451 3455 3477
f 3475 3451 3477
f 3472 3470 3474
f 3470 3469 3473
f 3470 3473 3474
f 3429 3475 3476
f 3478 3476 3475
f 3477 3478 3475
f 3478 3429 3476
f 3480 3474 3473
f 3479 3469 3468
f 3479 3473 3469
f 3479 3468 3466
f 3479 3466 3467
f 3480 3473 3479
f 3432 3480 3479
f 3480 3432 3481
f 3479 3482 3432
f 3487 3483 3482
f 3482 3479 3467
f 3487 3485 3483
f 3487 3482 3484
f 3483 3485 3486
f 3460 3482 3467
f 3460 3484 3482
f 3449 3496 3483
f 3449 3483 3486
f 3496 3449 3488
f 3489 3488 3490
f 3449 3490 3488
f 3491 3492 3459
f 3492 3489 3490
f 3492 3494 3489
f 3496 3488 3489
f 3494 3496 3489
f 3496 3494 3495
f 3496 3432 3482
f 3496 3482 3483
f 3496 3433 3432
f 3495 3433 3496
f 3096 3116 3497
f 3076 3124 3116
f 3076 3098 3124
f 3115 3123 3124
f 3101 3123 3115
f 3503 3101 3498
f 3502 3499 3501
f 3502 3111 3499
f 3502 3104 3111
f 3502 3504 3104
f 3499 3114 3500
f 3499 3111 3114
f 3500 3107 3505
f 3501 3504 3502
f 3503 3498 3504
f 3503 3123 3101
f 3505 3501 3500
f 3506 3505 3112
f 3506 3112 3113
f 3501 3499 3500
f 3112 3505 3107
f 3337 3334 3327
f 3514 3337 3327
f 3514 3333 3337
f 3514 3509 3333
f 3510 3333 3509
f 3510 3509 3508
f 3511 3508 3509
f 3512 3277 3511
f 3513 3512 3511
f 3513 3511 3509
f 3517 3514 3327
f 3517 3327 3329
f 3517 3328 3522
f 3517 3329 3328
f 3515 3517 3522
f 3518 3516 3324
f 3519 3518 3324
f 3519 3308 3323
f 3518 3323 3520
f 3518 3519 3323
f 3520 3282 3517
f 3520 3323 3282
f 3282 3323 3521
f 3282 3521 3527
f 3527 3521 3323
f 3517 3518 3520
f 3328 3329 3331
f 3328 3331 3522
f 3522 3296 3326
f 3273 3326 3296
f 3273 3297 3326
f 3522 3326 3515
f 3301 3302 3528
f 3523 3300 3301
f 3523 3301 3528
f 3523 3524 3298
f 3523 3298 3300
f 3523 3528 3320
f 3523 3321 3524
f 3299 3524 3321
f 3525 3321 3523
f 3525 3523 3320
f 3525 3322 3321
f 3525 3320 3526
f 3525 3526 3323
f 3525 3323 3322
f 3527 3323 3526
f 3527 3526 3320
f 3529 3315 3316
f 3529 3316 3528
f 3529 3528 3305
f 3315 3529 3305
f 3472 3474 3480
f 3472 3480 3477
f 3493 3492 3491
f 3493 3494 3492
f 3495 3494 3493
f 3530 3536 3122
f 3503 3532 3123
f 3123 3085 3536
f 3536 3531 3123
f 3536 3530 3531
f 3532 3085 3123
f 3504 3532 3503
f 3533 3504 3501
f 3533 3085 3504
f 3085 3532 3504
f 3535 3506 3534
f 3535 3505 3506
f 3534 3507 3082
f 3534 3113 3507
f 3534 3506 3113
f 3533 3501 3505
f 3533 3505 3535
f 3381 3537 3382
f 3518 3517 3515
f 3513 3514 3517
f 3514 3513 3509
f 3478 3481 3432
f 3478 3480 3481
f 3480 3478 3477
f 3380 3382 3362
f 3518 3297 3516
f 3124 3531 3120
f 3124 3123 3531
f 3538 3114 3111
f 3538 3103 3108
f 3538 3108 3500
f 3538 3500 3114
f 3449 3486 3447
f 3460 3458 3450
f 3451 3454 3455
f 3368 3410 3406
f 3368 3406 3365
f 3288 3312 3290
f 3335 3336 3274
f 3445 3442 3446
f 2814 2298 2299
f 3539 3540 3541
f 3539 3541 3542
f 3543 3544 3541
f 3543 3541 3540
f 3539 3545 3546
f 3547 3548 3549
f 3547 3549 3550
f 3551 3552 3553
f 3554 3555 3556
f 3554 3556 3557
f 3558 3553 3559
f 3560 3561 3562
f 3560 3562 3563
f 3564 3565 3566
f 3567 3568 3569
f 3567 3569 3570
f 3571 3572 3573
f 3571 3573 3574
f 3575 3576 3577
f 3578 3576 3579
f 3580 3581 3582
f 3583 3584 3585
f 3586 3587 3588
f 3589 3590 3591
f 3589 3591 3564
f 3592 3593 3594
f 3592 3594 3595
f 3596 3597 3598
f 3596 3598 3599
f 3600 3601 3602
f 3600 3602 3603
f 3600 3603 3604
f 3605 3606 3603
f 3607 3608 3609
f 3607 3609 3610
f 3571 3611 3612
f 3571 3612 3610
f 3613 3614 3615
f 3613 3615 3616
f 3617 3618 3619
f 3620 3621 3622
f 3623 3624 3625
f 3623 3625 3626
f 3627 3628 3629
f 3630 3631 3632
f 3630 3632 3633
f 3634 3635 3636
f 3634 3636 3619
f 3637 3638 3636
f 3637 3636 3639
f 3640 3641 3642
f 3640 3642 3643
f 3644 3645 3642
f 3644 3642 3641
f 3236 3646 3647
f 3648 3649 3650
f 3648 3650 3651
f 3652 3653 3654
f 3655 3656 3657
f 3655 3657 3658
f 3659 3660 3661
f 3659 3661 3662
f 3663 3664 3665
f 3666 3667 3661
f 3666 3661 3664
f 3663 3668 3669
f 3670 3671 3672
f 3673 3674 3675
f 3676 3677 3678
f 3679 3680 3678
f 3679 3678 3677
f 3681 3682 3683
f 3681 3683 3684
f 3685 3686 3687
f 3685 3687 3688
f 3689 3682 3687
f 3690 3691 3692
f 3690 3692 3672
f 3693 3694 3695
f 3696 3697 3698
f 3696 3698 3699
f 3700 3701 3702
f 3700 3702 3699
f 3703 3704 3705
f 3703 3705 3706
f 3707 3708 3709
f 3707 3709 3706
f 3710 3711 3712
f 3710 3712 3713
f 3714 3715 3716
f 3717 3718 3719
f 3717 3719 3720
f 3721 3722 3723
f 3724 3725 3726
f 3724 3726 3727
f 3724 3728 3729
f 3724 3729 3725
f 3730 3731 3732
f 3730 3732 3733
f 3734 3735 3732
f 3734 3732 3731
f 3736 3737 3738
f 3736 3738 3739
f 3740 3741 3738
f 3740 3738 3737
f 3742 3743 3744
f 3742 3744 3745
f 3746 3747 3744
f 3746 3744 3748
f 3749 3750 3751
f 3749 3751 3752
f 3753 3754 3755
f 3753 3755 3756
f 3742 3757 3758
f 3742 3758 3759
f 3742 3745 3760
f 3742 3760 3757
f 3761 3762 3763
f 3764 3765 3766
f 3767 3768 3769
f 3767 3769 3770
f 3771 3772 3773
f 3774 3775 3776
f 3774 3776 3777
f 3774 3778 3779
f 3774 3779 3775
f 3780 3781 3782
f 3783 3781 3784
f 3783 3784 3785
f 3786 3787 3788
f 3774 3777 3789
f 3774 3789 3790
f 3791 3792 3793
f 3794 3795 3796
f 3791 3797 3795
f 3791 3795 3798
f 3178 3799 3800
f 3178 3180 3801
f 3178 3801 3802
f 3803 3804 3805
f 3806 3807 3808
f 3809 3810 3808
f 3809 3808 3811
f 3809 3811 3812
f 3809 3813 3814
f 3809 3814 3815
f 3809 3815 3816
f 3809 3816 3810
f 3817 3818 3819
f 3817 3819 3820
f 3821 3822 3823
f 3824 3825 3826
f 3824 3826 3827
f 3828 3829 3830
f 3831 3832 3833
f 3834 3835 3832
f 3836 3833 3832
f 3836 3832 3830
f 3837 3838 3839
f 3837 3839 3840
f 3841 3842 3843
f 3841 3843 3844
f 3845 3846 3847
f 3848 3842 3849
f 3850 3851 3852
f 3850 3852 3853
f 3854 3855 3856
f 3854 3856 3857
f 3858 3859 3856
f 3858 3856 3855
f 3860 3861 3862
f 3860 3862 3863
f 3864 3865 3866
f 3864 3866 3867
f 3868 3869 3870
f 3871 3872 3873
f 3874 3875 3876
f 3874 3876 3877
f 3860 3875 3878
f 3860 3878 3861
f 3879 3880 3881
f 3879 3881 3882
f 3883 3884 3885
f 3883 3885 3886
f 3883 3886 3887
f 3883 3887 3888
f 3889 3890 3891
f 3892 3893 3894
f 3895 3896 3893
f 3897 3898 3899
f 3897 3899 3900
f 3901 3902 3903
f 3901 3903 3900
f 3879 3904 3905
f 3879 3905 3880
f 3906 3907 3908
f 3906 3908 3909
f 3910 3911 3912
f 3910 3912 3913
f 3914 3915 3916
f 3914 3916 3917
f 3918 3919 3920
f 3918 3920 3921
f 3922 3923 3924
f 3922 3924 3925
f 3926 3927 3928
f 3929 3930 3931
f 3932 3933 3934
f 3910 3933 3935
f 3910 3935 3911
f 3932 3936 3935
f 3932 3935 3933
f 3937 3938 3939
f 3937 3939 3940
f 3941 3942 3943
f 3941 3943 3944
f 3945 3946 3947
f 3945 3947 3948
f 3949 3950 3951
f 3952 3953 3954
f 3952 3954 3955
f 3956 3957 3958
f 3956 3958 3959
f 3960 3961 3958
f 3960 3958 3957
f 3962 3963 3958
f 3962 3958 3961
f 3960 3957 3964
f 3960 3964 3965
f 3966 3967 3968
f 3966 3968 3969
f 3956 3959 3968
f 3956 3968 3970
f 3971 3972 3973
f 3971 3973 3974
f 3975 3976 3973
f 3975 3973 3977
f 3978 3979 3980
f 3981 3982 3983
f 3981 3983 3984
f 3985 3986 3987
f 3985 3987 3988
f 3989 3990 3987
f 3989 3987 3991
f 3992 3990 3993
f 3994 3995 3996
f 3994 3996 3997
f 3998 3999 3996
f 3998 3996 3995
f 3999 4000 4001
f 3998 4002 4000
f 3998 4000 3999
f 4003 4004 4005
f 4003 4005 4006
f 4007 4005 4008
f 4009 4010 4011
f 4012 4013 4014
f 4012 4014 4015
f 4016 4017 4018
f 4016 4018 4019
f 2066 4020 2101
f 4021 2019 2037
f 2040 2041 2042
f 2040 2021 2020
f 2040 2042 2021
f 2044 2046 2047
f 4022 2047 2022
f 4022 2044 2047
f 2049 2051 2023
f 4023 2049 2023
f 2053 2055 2024
f 4024 2053 2024
f 2057 2059 2025
f 4025 2057 2025
f 2026 2063 2064
f 2026 2062 2063
f 2027 2067 2028
f 2027 4020 2067
f 2069 2032 2066
f 2066 2032 2068
f 2012 2015 2016
f 2005 2006 2009
f 2000 2022 2002
f 1993 1994 1995
f 1986 1987 1988
f 1977 1979 1981
f 1971 1975 1976
f 4026 4027 4028
f 4026 4028 4029
f 4030 4031 4032
f 4030 4032 4033
f 4034 4035 4036
f 4034 4036 4037
f 4038 4039 4036
f 4038 4036 4035
f 4040 4041 4042
f 4043 4044 4045
f 4030 4046 4047
f 4030 4047 4048
f 4034 4049 4050
f 4051 4052 4049
f 4051 4049 4053
f 4054 4055 4056
f 4054 4056 4057
f 4058 4056 4059
f 4060 4061 4062
f 4060 4062 4059
f 4063 4064 4065
f 4063 4065 4066
f 4040 4067 4068
f 4069 4070 4068
f 4069 4068 4067
f 4071 4072 4073
f 4071 4073 4074
f 4075 4076 4073
f 4075 4073 4077
f 4071 4078 4079
f 4071 4079 4072
f 4063 4080 4081
f 4063 4081 4064
f 4082 4080 4083
f 4082 4083 4077
f 4084 4085 4086
f 4084 4086 4087
f 4088 4089 4090
f 4091 4092 4093
f 4091 4093 4094

