# https://github.com/mikedh/trimesh
v 0.01535495 -0.04829860 -0.00125222
v 0.01152615 0.04289794 0.00014986
v 0.01543041 0.03620427 -0.00033852
v 0.01157245 0.04277053 0.00029547
v 0.01216340 0.04219582 0.00190831
v 0.01155642 0.04278426 -0.00122902
v 0.01540898 0.03676368 -0.00048838
v 0.01541969 0.03665633 0.00579160
v 0.01539826 0.03687103 0.00488969
v 0.01544794 0.03699792 0.01284431
v 0.01543398 0.03827598 0.01067442
v 0.01213411 0.04342793 -0.00051674
v 0.01543398 0.03790385 0.01154474
v 0.01410365 -0.04871003 0.01475663
v 0.01522048 -0.04840488 0.01470059
v 0.01510125 -0.04885848 0.00104071
v 0.01510125 -0.04700210 0.01486997
v 0.01510125 -0.04885848 0.00853290
v 0.01497356 -0.04832184 0.01488364
v 0.01518456 0.03651854 0.01461726
v 0.01518643 0.03687214 0.01416699
v 0.01410403 0.03649348 0.01475147
v 0.01508426 0.03628675 0.01483689
v 0.01518453 0.03643325 0.01467514
v 0.01410380 0.03632900 0.01486870
v 0.01514569 -0.04866169 0.01449241
v 0.01412057 0.04438035 -0.00006999
v 0.01526761 -0.04700210 0.01475463
v 0.01410209 0.04455864 -0.00011637
v 0.01412997 0.04417535 0.00008275
v 0.01517707 0.03669338 0.01445780
v 0.01406773 0.04482505 -0.00014714
v 0.01339743 0.04944770 -0.00017792
v 0.01328131 0.05017829 -0.00017792
v 0.01526761 0.03518572 0.01475268
v 0.01317912 0.05052078 -0.00017792
v 0.01389140 0.05091628 -0.00018871
v 0.01323306 0.05035812 -0.00017792
v 0.01412819 0.04426198 -0.00000471
v 0.01312018 0.05066420 -0.00017792
v 0.01497814 0.04813625 -0.00018739
v 0.01299159 0.05094443 -0.00018079
v 0.01352753 0.05096909 -0.00018886
v 0.01335843 0.04977623 -0.00017792
v 0.01297597 0.05098363 -0.00018939
v 0.01296462 0.05101309 -0.00020661
v 0.01306114 0.05078882 -0.00017792
v 0.01531389 0.04847462 -0.00023697
v 0.01301117 0.05089753 -0.00017792
v 0.01539432 0.04871494 -0.00027170
v 0.01295440 0.05103960 -0.00027170
v 0.01295326 0.05104255 -0.00031207
v 0.01542588 0.04871494 -0.00035265
v 0.01295780 0.05103077 -0.00023529
v 0.01295326 0.05104255 -0.00035265
v 0.01480419 0.05041216 -0.00048838
v 0.01369073 0.05101727 -0.00025732
v 0.01543349 0.03614949 0.01301461
v 0.01543398 0.03525693 0.01374418
v 0.01543398 -0.04700210 0.01298249
v 0.01534871 -0.04850900 0.01331771
v 0.01543398 0.03530762 0.01296332
v 0.01543398 0.04296538 0.00173541
v 0.01509478 -0.04883649 0.01431164
v 0.01543212 0.03613989 0.01248129
v 0.01413092 0.04409232 0.00019570
v 0.01543398 0.04260591 0.00229206
v 0.01471976 0.04368078 -0.00058716
v 0.01413089 0.04391188 0.00052258
v 0.01536836 0.04369391 -0.00059579
v 0.01543398 0.04354356 0.00047176
v 0.01519818 0.04402961 0.00025106
v 0.01539498 0.04428085 -0.00010475
v 0.01524895 0.04432192 -0.00011292
v 0.01543398 0.04620569 -0.00031207
v 0.01543398 0.04594167 -0.00037068
v 0.01148170 0.04306496 -0.00048838
v 0.01508707 0.03751566 0.00723786
v 0.01342318 0.04019966 0.00593578
v 0.01543398 0.03926827 0.00890045
v 0.01524213 0.03727784 0.00151201
v 0.01536255 0.03703378 -0.00048836
v 0.01527475 0.03721891 0.00245256
v 0.01526993 0.03920965 0.00956195
v 0.01536254 0.03703378 0.00782591
v 0.01527104 0.04048824 0.00707480
v 0.01527214 0.04175660 0.00460758
v 0.01543398 0.04045977 0.00644677
v 0.01543398 0.04165373 0.00427743
v 0.01501835 0.04319928 0.00188908
v 0.01543398 0.03928401 0.00872294
v 0.01418591 0.03701102 0.01394414
v 0.01540045 0.04045038 0.00632977
v 0.01543398 0.04162613 0.00418884
v 0.01541183 0.03929484 0.00856633
v 0.01543398 0.04046580 0.00657965
v 0.01538906 0.04159689 0.00411067
v 0.01323148 0.04029873 0.00534983
v 0.01475945 0.03919424 0.00968679
v 0.01530512 0.03733671 0.01198710
v 0.01510400 0.03809993 0.01178470
v 0.01510810 0.04049084 0.00713200
v 0.01543398 0.04542997 -0.00030805
v 0.01543398 0.04557470 -0.00048450
v 0.01543398 0.04620569 -0.00045667
v 0.01539703 0.04930325 -0.00030793
v 0.01542588 0.04871494 -0.00042406
v 0.01543398 0.04594167 -0.00042374
v 0.01542588 0.04871494 -0.00048838
v 0.01543398 0.04620569 -0.00038969
v 0.01542588 0.04871494 -0.00038969
v 0.01395955 0.05095651 -0.00022845
v 0.01295326 0.05104255 -0.00038969
v 0.01542046 0.04392070 0.00015584
v 0.01536880 0.04048392 0.00697947
v 0.01361432 0.05102381 -0.00051603
v 0.01295326 0.05104255 -0.00042406
v 0.01543398 0.03820515 0.01111876
v 0.01541795 0.04339883 0.00118552
v 0.01295326 0.05104255 -0.00048838
v 0.01295326 0.05104255 -0.00045667
v 0.01541768 0.04047839 0.00685749
v 0.01541757 0.03923538 0.00927164
v 0.01539489 0.04428653 -0.00010654
v 0.01543398 0.04168297 0.00437127
v 0.01543398 0.04047219 0.00672039
v 0.01541748 0.03816967 0.01134142
v 0.01543398 0.03925161 0.00908847
v 0.01536798 0.03813810 0.01153950
v 0.01536924 0.04173679 0.00454401
v 0.01536961 0.04278926 0.00249811
v 0.01543398 0.04368273 0.00048620
v 0.01543118 0.03626537 0.01435081
v 0.01541779 0.04171146 0.00446269
v 0.01536785 -0.04852760 0.01438102
v 0.01536836 0.03922093 0.00943459
v 0.01475716 -0.04892559 0.01439041
v 0.01543398 -0.04700210 0.01404002
v 0.01541734 0.03521696 0.01431008
v 0.01536747 0.03656509 0.01436803
v 0.01543398 0.04270010 0.00239790
v 0.01410365 -0.04893271 0.01432304
v 0.01536743 -0.04700210 0.01456240
v 0.01540812 0.03681302 0.01101743
v 0.01490885 -0.04873151 0.01463825
v 0.01542505 0.03752279 0.01256936
v 0.01543398 0.03523668 0.01403083
v 0.01461171 -0.04895028 0.01405642
v 0.01536758 0.03698915 0.01375002
v 0.01410365 -0.04885848 0.01456641
v 0.01510125 -0.04885848 0.00983342
v -0.01410618 -0.04893271 0.01432304
v -0.00470343 0.03691305 0.01411735
v -0.01519216 0.03671204 0.01444474
v -0.00470303 0.03649348 0.01475147
v -0.01410618 -0.04871003 0.01475663
v -0.00470316 0.03665638 0.01455608
v -0.00470291 -0.04885848 0.01456641
v 0.01523472 0.03729271 0.01140844
v -0.00470296 0.03632900 0.01486870
v -0.01410656 0.03649348 0.01475147
v -0.00469093 0.04482505 -0.00014714
v -0.01518706 0.03643325 0.01467514
v -0.00470291 -0.04846261 0.01487077
v -0.01410622 0.03595714 0.01492732
v -0.00000127 -0.04871003 0.01475663
v -0.00470291 -0.04893271 0.01432304
v -0.01413345 0.04409232 0.00019570
v -0.00471109 0.04426198 -0.00000471
v -0.00470291 -0.04871003 0.01475663
v -0.01413342 0.04391188 0.00052258
v -0.01412310 0.04438034 -0.00006999
v -0.00471168 0.04417535 0.00008275
v -0.00470292 0.03595714 0.01492732
v -0.00467252 0.04520773 -0.00016561
v -0.00464888 0.04567765 -0.00017484
v -0.00223681 0.04926070 -0.00017792
v 0.01526761 -0.03953048 0.01475446
v -0.01408383 -0.04827561 0.01492662
v -0.01413250 0.04417535 0.00008275
v -0.01411383 0.04080322 0.00656530
v -0.00431944 0.05104255 -0.00035265
v -0.00431944 0.05104255 -0.00038969
v -0.00431944 0.05104255 -0.00045667
v -0.01407026 0.04482507 -0.00014714
v -0.01295579 0.05104255 -0.00038969
v -0.01295579 0.05104255 -0.00042406
v -0.00432096 0.05103077 -0.00023529
v -0.00432323 0.05101309 -0.00020661
v -0.01299412 0.05094443 -0.00018079
v 0.01543398 -0.03578409 0.01362052
v 0.01475203 -0.03953160 0.01492762
v 0.01543398 -0.04700210 0.01348833
v -0.01297850 0.05098363 -0.00018939
v -0.01410634 0.03632900 0.01486870
v -0.00470854 0.04438034 -0.00006999
v -0.00470238 0.04455864 -0.00011637
v -0.01296715 0.05101309 -0.00020661
v -0.00471200 0.04409232 0.00019570
v 0.01541734 -0.03952764 0.01431589
v -0.01295693 0.05103960 -0.00027170
v -0.00433222 0.05094443 -0.00018079
v 0.01510125 -0.03953123 0.01486990
v -0.01295579 0.05104255 -0.00035265
v -0.00432701 0.05098363 -0.00018939
v 0.01536743 -0.03952923 0.01456205
v -0.01295579 0.05104255 -0.00045667
v 0.01543398 -0.03952070 0.01323032
v 0.01543398 -0.03951940 0.01298075
v -0.00431944 0.05104255 -0.00031207
v -0.01539492 -0.04820582 -0.00278074
v -0.00431944 0.05104255 -0.00042406
v 0.01543398 -0.03952584 0.01403919
v -0.00431982 0.05103960 -0.00027170
v -0.01145551 0.04305917 -0.00086773
v -0.01201430 0.04216404 0.00159375
v -0.01540079 0.03687103 0.00253751
v -0.01149004 0.04286110 -0.00043857
v -0.01527014 -0.04871003 0.00703631
v -0.01540917 0.03682297 0.01103764
v -0.01542222 0.03665632 0.00793643
v -0.01536629 0.03736217 0.01201872
v -0.01541151 0.03676368 -0.00048838
v -0.01543047 0.03651707 0.01429363
v -0.01543651 0.03790385 0.01154474
v -0.01540031 0.03880917 0.00944699
v -0.01543651 0.03827598 0.01067442
v -0.01542222 0.03665632 0.00255247
v -0.01501208 0.03757985 0.01282446
v -0.01542607 0.03704505 0.01261769
v -0.01501920 -0.04833714 0.01486198
v -0.01510378 -0.04700210 0.01486997
v -0.01514398 -0.04852241 0.01470083
v -0.01527014 -0.04700210 0.01475463
v -0.01520706 -0.04867498 0.01432608
v -0.01436737 0.04641875 -0.00017910
v -0.01522126 0.03695993 0.01396596
v -0.01506425 0.03629720 0.01483560
v -0.01470604 0.03517264 0.01493409
v -0.01515994 0.04963269 -0.00021065
v -0.01510378 0.03517749 0.01486919
v -0.01384766 0.05094436 -0.00019194
v -0.01536999 0.03647673 0.01442515
v -0.01323559 0.05035812 -0.00017792
v -0.01328384 0.05017829 -0.00017792
v -0.01301370 0.05089753 -0.00017792
v -0.01527014 0.03518572 0.01475268
v -0.01306368 0.05078882 -0.00017792
v -0.01318165 0.05052078 -0.00017792
v -0.01312271 0.05066420 -0.00017792
v -0.01512087 0.04994008 -0.00028179
v -0.01473588 0.05052078 -0.00066469
v -0.01372599 0.05100613 -0.00022141
v -0.01537207 0.04950655 -0.00030562
v -0.01539685 0.04871494 -0.00027170
v -0.01542841 0.04871494 -0.00035265
v -0.01543651 0.03529320 0.01321468
v -0.01543651 0.03530762 0.01296332
v -0.01524017 0.04964887 -0.00027170
v -0.01339433 0.05102604 -0.00024031
v -0.01337755 0.05103516 -0.00030686
v -0.01543651 0.03531851 0.01271521
v -0.01543651 0.03525693 0.01374418
v -0.01501540 -0.04889338 0.01439659
v -0.01543651 0.03527603 0.01347355
v -0.01543651 -0.04700210 0.01273577
v -0.01539492 -0.04820582 0.01317302
v -0.01469124 0.04385060 0.00063204
v -0.01543651 0.04260591 0.00229206
v -0.01523610 0.04401582 0.00025241
v -0.01543651 0.04322200 0.00109936
v -0.01543651 0.04265163 0.00234346
v -0.01543651 -0.04700210 0.01375625
v -0.01501536 0.04474918 -0.00016047
v -0.01321755 0.04350140 -0.00051426
v -0.01543651 0.04165373 0.00427743
v -0.01539159 0.04159688 0.00411067
v -0.01543651 0.04557470 -0.00034962
v -0.01543652 0.04494751 -0.00030139
v -0.01536508 0.03703378 -0.00048836
v -0.01540298 0.04045038 0.00632977
v -0.01543651 0.04162611 0.00418884
v -0.01543651 -0.04700210 0.01348833
v -0.01538767 0.04365887 -0.00104823
v -0.01452159 0.04545081 -0.00017432
v -0.01543651 0.04620569 -0.00031207
v -0.01543651 -0.04700210 0.01298250
v -0.01536507 0.03703378 0.00782591
v -0.01543651 0.03928402 0.00872294
v -0.01543651 0.04046580 0.00657965
v -0.01543651 0.04511207 -0.00043630
v -0.01511464 0.04284388 0.00255305
v -0.01541436 0.03929484 0.00856633
v -0.01543651 0.03926829 0.00890046
v -0.01543651 0.04045977 0.00644677
v -0.01469324 0.03819124 0.01000474
v -0.01527357 0.04048824 0.00707480
v -0.01489560 0.03790973 0.01065376
v -0.01278500 0.04098315 0.00395594
v -0.01527467 0.04175660 0.00460758
v -0.01527246 0.03920965 0.00956195
v -0.01476580 0.04045405 0.00723475
v -0.01543651 0.04594167 -0.00047237
v -0.01342571 0.04019966 0.00593578
v -0.01518754 0.03769210 0.01130724
v -0.01523450 0.04432577 -0.00012016
v -0.01538605 0.04427068 -0.00011667
v -0.01530765 0.03733671 0.01198710
v -0.01407068 0.03906455 0.00791297
v -0.01523850 0.03728916 0.00180757
v -0.01346083 0.03993226 0.00556798
v -0.01543651 0.04620569 -0.00045667
v -0.01511063 0.04049085 0.00713200
v -0.01189826 0.04246914 0.00121621
v -0.01295579 0.05104255 -0.00048838
v -0.01543651 0.04594167 -0.00042374
v -0.01473588 0.05052078 -0.00031207
v -0.01523645 0.04988972 -0.00048837
v -0.01543651 0.04620569 -0.00038969
v -0.01543651 0.04544269 -0.00038724
v -0.01542841 0.04871494 -0.00048838
v -0.01542841 0.04871494 -0.00045667
v -0.01526188 0.03724946 0.00493694
v -0.01542841 0.04871494 -0.00038969
v -0.01542841 0.04871494 -0.00042406
v -0.01409087 0.05091920 -0.00019617
v -0.01537133 0.04048392 0.00697947
v -0.01543956 0.04383351 0.00010404
v -0.01542032 0.04171146 0.00446269
v -0.01543651 0.04168297 0.00437127
v -0.01542021 0.04047839 0.00685749
v -0.01539773 0.04410442 -0.00002279
v -0.01529103 0.03660933 0.01438793
v -0.01538040 -0.04839759 0.01439265
v -0.01543651 -0.04700210 0.01404002
v -0.01536996 -0.04700210 0.01456240
v -0.01542001 0.03816967 0.01134142
v -0.01542758 0.03752268 0.01256958
v -0.01537089 0.03922094 0.00943459
v -0.01537051 0.03813811 0.01153950
v -0.01542010 0.03923538 0.00927164
v -0.01537007 0.03686148 0.01396381
v -0.01541987 0.03521696 0.01431008
v -0.01536996 0.03519942 0.01455850
v -0.01537177 0.04173680 0.00454401
v -0.01543651 0.04270010 0.00239790
v -0.01542042 0.04274730 0.00245093
v -0.01543651 0.03523668 0.01403083
v -0.01537214 0.04278926 0.00249811
v -0.01543651 0.03820517 0.01111876
v -0.01543651 0.03925161 0.00908847
v -0.01534847 0.03710909 0.01144320
v -0.01520936 0.03736080 0.01159444
v -0.01538244 -0.04833422 0.00944390
v -0.01527014 -0.03953048 0.01475445
v -0.01543651 -0.03952071 0.01323032
v -0.01543651 -0.03951781 0.01248538
v -0.01475456 -0.03953160 0.01492762
v -0.00445450 0.04977623 -0.00017792
v -0.00431944 0.05104255 -0.00048838
v -0.00433875 0.05089753 -0.00017792
v -0.00442879 0.05017829 -0.00017792
v -0.00441271 0.05035812 -0.00017792
v -0.00439472 0.05052078 -0.00017792
v -0.01543651 0.04047219 0.00672039
v -0.00437508 0.05066420 -0.00017792
v -0.01510378 -0.03953123 0.01486990
v -0.00435540 0.05078882 -0.00017792
v -0.01543091 0.04332446 0.00128566
v -0.00000127 0.03517200 0.01494686
v -0.01543651 -0.03952227 0.01348699
v -0.01536996 -0.03952923 0.01456205
v 0.01526761 -0.04871003 -0.00625231
v 0.01539826 0.03687103 -0.00351428
v 0.01542591 0.03651640 -0.01528010
v -0.01543651 -0.03951940 0.01298075
v 0.01528202 0.03742232 -0.01280859
v -0.01543651 -0.03952400 0.01375515
v -0.01541987 -0.03952764 0.01431589
v -0.01543651 -0.03952584 0.01403919
v 0.01541969 0.03665632 -0.00891319
v -0.01543651 -0.03951840 0.01273390
v -0.01524363 -0.04861184 0.01439210
v 0.01152615 0.04289794 -0.00112662
v 0.01499815 -0.04835719 -0.01584426
v 0.01543398 0.03827598 -0.01165119
v 0.01543398 0.03790385 -0.01252150
v 0.01526765 0.03635870 -0.01565226
v 0.01519259 0.03690666 -0.01506287
v 0.01510125 -0.04885848 -0.00354657
v 0.01510125 -0.04885848 -0.01061592
v 0.01510125 -0.04885848 -0.00548934
v 0.01510125 -0.04700210 -0.01584673
v 0.01541969 0.03665632 -0.00352924
v 0.01526761 -0.04700210 -0.01573140
v 0.01508507 -0.04880350 -0.01539967
v 0.01526801 0.04408785 -0.00110262
v 0.01514145 -0.04852241 -0.01567760
v 0.01398220 0.03590665 -0.01591220
v 0.01536744 0.03638837 -0.01545905
v 0.01520195 0.03665600 -0.01547948
v 0.01518125 0.04974409 -0.00069497
v 0.01410403 0.03649348 -0.01572823
v 0.01539432 0.04871494 -0.00070507
v 0.01506172 0.03629720 -0.01581236
v 0.01510125 0.03517749 -0.01584595
v 0.01306114 0.05078882 -0.00079885
v 0.01412997 0.04417535 -0.00105952
v 0.01301117 0.05089753 -0.00079885
v 0.01410209 0.04455864 -0.00086040
v 0.01412057 0.04438034 -0.00090678
v 0.01534292 0.04414893 -0.00096706
v 0.01369184 0.05096136 -0.00079237
v 0.01512416 0.04425517 -0.00095306
v 0.01410380 0.03632900 -0.01584547
v 0.01542588 0.04871494 -0.00062412
v 0.01540194 0.04927288 -0.00066698
v 0.01526761 0.03518572 -0.01572945
v 0.01410365 -0.04871003 -0.01573340
v 0.01317912 0.05052078 -0.00079885
v 0.01312018 0.05066420 -0.00079885
v 0.01545441 0.04392114 -0.00048644
v 0.01535371 0.04932050 -0.00070507
v 0.01295326 0.05104255 -0.00066469
v 0.01342539 0.05102943 -0.00072573
v 0.01406773 0.04482507 -0.00082962
v 0.01542881 0.03694542 -0.01377364
v 0.01297597 0.05098363 -0.00078737
v 0.01295326 0.05104255 -0.00062412
v 0.01543398 -0.04700210 -0.01371254
v 0.01533000 -0.04845793 -0.01439331
v 0.01463208 0.05059249 -0.00068488
v 0.01461981 0.05068683 -0.00024445
v 0.01296462 0.05101309 -0.00077016
v 0.01299159 0.05094443 -0.00079598
v 0.01525073 0.04343699 -0.00233429
v 0.01505753 0.04405927 -0.00119962
v 0.01511215 0.04284178 -0.00353387
v 0.01529257 -0.04864817 -0.01371657
v 0.01543398 -0.04700210 -0.01473302
v 0.01543398 0.04296539 -0.00271218
v 0.01543398 0.04260591 -0.00326883
v 0.01543398 0.04354359 -0.00144846
v 0.01543398 -0.04700210 -0.01446510
v 0.01410365 -0.04895745 -0.01474542
v 0.01475203 -0.04893271 -0.00769218
v 0.01543398 -0.04700210 -0.01395926
v 0.01527104 0.04048824 -0.00805157
v 0.01512458 0.03764747 -0.01229225
v 0.01526993 0.03920965 -0.01053872
v 0.01304295 0.04130134 -0.00489155
v 0.01510812 0.04049900 -0.00809292
v 0.01543398 0.04162611 -0.00516561
v 0.01538906 0.04159688 -0.00508743
v 0.01543398 0.03926829 -0.00987722
v 0.01536254 0.03703378 -0.00880268
v 0.01543398 0.04165373 -0.00525420
v 0.01543398 0.03928402 -0.00969971
v 0.01413092 0.04409232 -0.00117247
v 0.01278252 0.04098308 -0.00493285
v 0.01216340 0.04219580 -0.00288508
v 0.01541183 0.03929484 -0.00954310
v 0.01543398 0.04045977 -0.00742354
v 0.01540045 0.04045038 -0.00730654
v 0.01543398 0.04046580 -0.00755642
v 0.01527214 0.04175660 -0.00558434
v 0.01543398 0.04620569 -0.00066469
v 0.01536255 0.03703378 -0.00348935
v 0.01527475 0.03721891 -0.00342932
v 0.01509508 0.03750380 -0.00683941
v 0.01383342 0.04529760 -0.00080795
v 0.01543399 0.04487419 -0.00067681
v 0.01295440 0.05103960 -0.00070507
v 0.01527849 0.04459985 -0.00080756
v 0.01476328 0.04046356 -0.00819299
v 0.01543398 0.04594167 -0.00052855
v 0.01398884 0.05094896 -0.00078911
v 0.01536961 0.04278926 -0.00347487
v 0.01542588 0.04871494 -0.00055270
v 0.01536837 0.04369318 -0.00056633
v 0.01420678 0.03883849 -0.00930247
v 0.01473335 0.05052078 -0.00066469
v 0.01342318 0.04019966 -0.00691255
v 0.01489601 0.05035812 -0.00066469
v 0.01295326 0.05104255 -0.00058708
v 0.01536798 0.03813811 -0.01251626
v 0.01525423 0.04985425 -0.00048838
v 0.01542505 0.03752268 -0.01354635
v 0.01541757 0.03923538 -0.01024841
v 0.01536743 0.03519942 -0.01553527
v 0.01541734 0.03521696 -0.01528685
v 0.01295326 0.05104255 -0.00055270
v 0.01542588 0.04871494 -0.00058708
v 0.01541795 0.04339884 -0.00216229
v 0.01523554 0.03773594 -0.01224855
v 0.01543398 0.04620569 -0.00052010
v 0.01536600 0.03753462 -0.01270133
v 0.01405694 0.03919545 -0.00894703
v 0.01512321 0.04990828 -0.00028179
v 0.01541779 0.04171146 -0.00543945
v 0.01541748 0.03816967 -0.01231819
v 0.01543398 0.03925161 -0.01006524
v 0.01541768 0.04047839 -0.00783426
v 0.01536758 0.03698915 -0.01472679
v 0.01543398 -0.04700210 -0.01501679
v 0.01539520 0.04410442 -0.00095397
v 0.01543398 0.04168297 -0.00534804
v 0.01543398 0.04047219 -0.00769716
v 0.01475221 -0.04886496 -0.01548444
v 0.01472626 -0.04893717 -0.01504603
v 0.01536743 -0.04700210 -0.01553917
v 0.01410365 -0.04893271 -0.01529980
v -0.01410618 -0.04885848 -0.01554317
v 0.01529973 0.03720820 -0.01297755
v 0.01410365 -0.04885848 -0.01554317
v -0.00470303 0.03649348 -0.01572823
v 0.01527601 0.03654135 -0.01545074
v 0.01536836 0.03922094 -0.01041136
v 0.01543398 0.04620569 -0.00058708
v 0.01543398 0.04594167 -0.00060208
v 0.01541004 0.04915933 -0.00051321
v 0.01539946 0.04931678 -0.00046812
v 0.01543398 0.03820517 -0.01209553
v 0.01295326 0.05104255 -0.00052010
v 0.01473335 0.05052078 -0.00031207
v -0.01413342 0.04391188 -0.00149934
v -0.00470291 -0.04895745 -0.01474542
v -0.01413345 0.04409232 -0.00117247
v 0.01536880 0.04048392 -0.00795623
v -0.01410618 -0.04895745 -0.01448030
v -0.00470291 -0.04885848 -0.01554317
v -0.01501812 0.03579746 -0.01588079
v -0.00470291 -0.04895745 -0.01448030
v 0.01536924 0.04173680 -0.00552078
v -0.01296034 0.05103077 -0.00074147
v 0.01510125 -0.03953123 -0.01584666
v 0.01475203 -0.03953160 -0.01590439
v -0.01295579 0.05104255 -0.00062412
v 0.01479841 0.03832581 -0.01240264
v -0.00471199 0.04409232 -0.00117247
v -0.01410618 -0.04893271 -0.01529980
v -0.00470291 0.03517200 -0.01592363
v -0.01295579 0.05104255 -0.00066469
v -0.01297850 0.05098363 -0.00078737
v -0.01364864 0.05100354 -0.00076378
v -0.00471168 0.04417535 -0.00105952
v -0.01306368 0.05078882 -0.00079885
v -0.01295693 0.05103960 -0.00070507
v -0.00435540 0.05078882 -0.00079885
v -0.00431944 0.05104255 -0.00055270
v 0.01543398 -0.03952584 -0.01501595
v -0.00431944 0.05104255 -0.00058708
v -0.01410618 -0.04895745 -0.01422633
v 0.01526761 -0.03953048 -0.01573122
v -0.01518713 0.03660145 -0.01549757
v -0.00470296 0.03632900 -0.01584547
v 0.01535184 -0.04854175 -0.01538843
v 0.01540664 0.03682297 -0.01201440
v 0.01542046 0.04392070 -0.00113260
v 0.01543398 0.04270010 -0.00337466
v 0.01543398 0.04368282 -0.00146280
v -0.00000127 -0.04794903 -0.01590460
v -0.01506496 -0.04863993 -0.01567784
v -0.00469093 0.04482505 -0.00082962
v -0.01543294 0.03620426 -0.00048657
v -0.00470238 0.04455864 -0.00086040
v -0.01543507 0.03610916 -0.01362851
v -0.01410462 0.04455864 -0.00086040
v 0.01543398 -0.03952071 -0.01420708
v -0.00470854 0.04438035 -0.00090678
v -0.01402998 -0.04778946 -0.01592029
v -0.01466872 0.04347708 -0.00233496
v -0.00471198 0.04391188 -0.00149934
v -0.01216593 0.04219582 -0.00288508
v -0.01173124 0.04253693 -0.00176151
v -0.01540079 0.03687103 -0.00351428
v -0.01410693 0.03665638 -0.01553284
v 0.01543398 -0.03951940 -0.01395752
v -0.00470291 -0.04871003 -0.01573340
v 0.01543398 -0.03951840 -0.01371067
v -0.00000127 0.03691305 -0.01509411
v 0.01512701 -0.04873133 -0.01527954
v -0.01410622 0.03595714 -0.01590409
v -0.00470316 0.03665638 -0.01553284
v 0.01410344 0.03898045 0.00797708
v -0.01410634 0.03632900 -0.01584547
v -0.00470292 0.03595714 -0.01590409
v -0.00471108 0.04426198 -0.00097205
v -0.01295579 0.05104255 -0.00055270
v -0.01542222 0.03665633 -0.00676836
v -0.00439473 0.05052078 -0.00079885
v -0.00437508 0.05066420 -0.00079885
v -0.00470291 -0.04893271 -0.01529980
v -0.00470291 -0.04895745 -0.01502624
v -0.01476707 -0.04890178 -0.00760924
v 0.01541734 -0.03952764 -0.01529266
v -0.01543857 0.03747697 -0.01358829
v -0.01516166 -0.04866622 -0.01548074
v -0.01299412 0.05094443 -0.00079598
v -0.00433875 0.05089753 -0.00079885
v -0.01410618 -0.04895745 -0.01502624
v 0.01543398 -0.03952400 -0.01473192
v -0.00432096 0.05103077 -0.00074147
v -0.01525054 0.04431690 -0.00088899
v -0.00431982 0.05103960 -0.00070507
v -0.01295579 0.05104255 -0.00058708
v -0.00431944 0.05104255 -0.00052010
v -0.00431944 0.05104255 -0.00062412
v -0.01295579 0.05104255 -0.00052010
v -0.00431944 0.05104255 -0.00066469
v -0.00432323 0.05101309 -0.00077016
v -0.01412310 0.04438035 -0.00090678
v -0.01413072 0.04426198 -0.00097205
v -0.00433222 0.05094443 -0.00079598
v -0.00432701 0.05098363 -0.00078737
v -0.01504203 0.03633780 -0.01579603
v -0.01543651 0.03824158 -0.01186697
v -0.01372057 0.05071441 -0.00079654
v 0.01536743 -0.03952923 -0.01553882
v 0.01543398 -0.03952227 -0.01446376
v -0.01318165 0.05052078 -0.00079885
v 0.01543398 -0.03589234 -0.01212249
v -0.01543651 0.03827598 -0.01165119
v -0.01539821 0.03709630 -0.01344134
v -0.01510378 0.03517749 -0.01584595
v -0.01527014 0.03518572 -0.01572945
v -0.01510378 -0.04700210 -0.01584673
v -0.01519595 0.03675700 -0.01533754
v -0.01473035 0.05044491 -0.00051367
v -0.01541982 0.04455864 -0.00074802
v -0.01522301 -0.04863993 -0.01549539
v -0.00355821 0.04544925 -0.00080579
v -0.01386112 0.05096686 -0.00077423
v -0.01380192 0.05090634 -0.00079306
v -0.01539685 0.04871494 -0.00070507
v -0.01527014 -0.04871003 -0.00354573
v -0.01518706 0.03643325 -0.01565190
v -0.01523784 0.04409721 -0.00111344
v -0.01543651 0.03530762 -0.01394008
v -0.01542755 0.03697736 -0.01364095
v -0.01543651 0.03525693 -0.01472094
v -0.01543651 0.03531852 -0.01369197
v -0.01511468 0.04284180 -0.00353387
v -0.01463295 0.05065482 -0.00077431
v -0.01542841 0.04871494 -0.00062412
v -0.01489854 0.05035812 -0.00042406
v -0.01543651 -0.04700210 -0.01446510
v -0.01502736 -0.04890420 -0.01495653
v -0.01539773 0.04410443 -0.00095397
v -0.01543651 0.04322200 -0.00207612
v -0.01543651 0.04375327 -0.00048838
v -0.01539492 -0.04820582 -0.01440537
v -0.01543651 0.04165374 -0.00525420
v -0.01543651 -0.04700210 -0.01395926
v -0.01543651 0.04265166 -0.00332022
v -0.01543651 0.04162613 -0.00516561
v -0.01536996 -0.04846261 -0.01363914
v -0.01543651 0.04620569 -0.00066469
v -0.01369364 0.05101674 -0.00052853
v -0.01543651 0.04620569 -0.00062412
v -0.01543651 0.03529321 -0.01419144
v -0.01543651 0.03612267 -0.01443252
v -0.01499581 -0.04837070 -0.01584434
v -0.01543651 0.04260591 -0.00326883
v -0.01527357 0.04048824 -0.00805157
v -0.01536508 0.03703378 -0.00348935
v -0.01543651 0.04542998 -0.00066872
v -0.01541436 0.03929484 -0.00954310
v -0.01540298 0.04045038 -0.00730654
v -0.01543651 0.04046580 -0.00755642
v -0.01526253 0.04401745 -0.00121370
v -0.01527467 0.04175660 -0.00558434
v -0.01154795 0.04306724 -0.00068582
v -0.01543651 0.03926829 -0.00987722
v -0.01509767 0.03750370 -0.00686233
v -0.01467842 0.03701113 -0.01491668
v -0.01510654 0.03809997 -0.01276137
v -0.01503975 0.03825737 -0.01114296
v -0.01527246 0.03920965 -0.01053872
v -0.01511065 0.04049731 -0.00809616
v -0.01405702 0.03905959 -0.00881153
v -0.01539159 0.04159689 -0.00508743
v -0.01542841 0.04871494 -0.00055270
v -0.01543651 0.04594167 -0.00052855
v -0.01543651 0.04620569 -0.00052010
v -0.01543651 0.04620569 -0.00058708
v -0.01542841 0.04871494 -0.00058708
v -0.01527729 0.03721891 -0.00342932
v -0.01541088 0.04917242 -0.00052543
v -0.01543651 0.04045979 -0.00742354
v -0.01364021 0.05102258 -0.00042857
v -0.01544187 0.04433031 -0.00048675
v -0.01538222 0.04942089 -0.00067816
v -0.01346663 0.05103044 -0.00058708
v -0.01543651 0.03928403 -0.00969971
v -0.01543651 0.04270010 -0.00337466
v -0.01536507 0.03703378 -0.00880268
v -0.01537133 0.04048392 -0.00795623
v -0.01536996 -0.04700210 -0.01553917
v -0.01543651 -0.04700210 -0.01501679
v -0.01543651 0.03523668 -0.01500759
v -0.01534543 0.04417809 -0.00093771
v -0.01543651 0.03820515 -0.01209553
v -0.01543651 0.04047219 -0.00769716
v -0.01541987 0.03521696 -0.01528685
v -0.01537051 0.03813810 -0.01251626
v -0.01543651 0.03925161 -0.01006524
v -0.01542001 0.03816967 -0.01231819
v -0.01471319 0.05052078 -0.00070507
v -0.01542021 0.04047839 -0.00783426
v -0.01542010 0.03923538 -0.01024841
v -0.01537177 0.04173679 -0.00552078
v -0.01542032 0.04171146 -0.00543945
v -0.01372687 0.05101598 -0.00067888
v -0.01495659 0.05026820 -0.00068488
v -0.01537214 0.04278926 -0.00347487
v -0.01543651 0.04168297 -0.00534804
v -0.01543651 0.02782493 0.01296506
v -0.01527014 -0.03953048 -0.01573122
v -0.01475456 -0.03953160 -0.01590439
v -0.01543651 0.02783482 0.01271707
v -0.01510378 -0.03953123 -0.01584666
v -0.01536996 -0.03952923 -0.01553882
v -0.01541987 -0.03952764 -0.01529266
v -0.01543651 -0.03578409 -0.01459729
v -0.01537089 0.03922093 -0.01041136
v -0.01503842 -0.04883125 -0.01546079
v -0.01522617 0.03731358 -0.01235094
v -0.01540917 0.03682298 -0.01201390
v -0.01527014 -0.04871003 -0.00945406
v -0.01537817 -0.04839198 -0.01537879
v -0.01542048 0.04339883 -0.00216230
v -0.01543627 0.04404551 -0.00075110
v -0.01542187 0.03646101 -0.01532937
v -0.01532011 0.03654625 -0.01540331
v -0.01543651 0.04731991 -0.00052010
v 0.01543398 0.04731991 -0.00045667
v -0.01543651 0.04731991 -0.00058708
v 0.01543398 0.04731991 -0.00066469
v -0.01527014 0.02024248 0.01475304
v -0.01543651 0.02030073 0.01374637
v -0.01475456 0.02770289 0.01492746
v -0.01543651 0.02777882 0.01374528
v -0.01543651 0.02779620 0.01347489
v -0.01543651 0.04731991 -0.00038969
v -0.01536996 0.02772655 0.01455886
v 0.01537318 0.04919327 -0.00027170
v -0.01543651 -0.03951940 -0.01395752
v -0.01543651 0.02776043 0.01403166
v -0.01543651 0.02028417 0.01403250
v -0.01527041 0.04460579 -0.00080926
v -0.01543651 -0.03952070 -0.01420708
v -0.01510378 0.02023574 0.01486933
v 0.01543398 0.04731991 -0.00038969
v -0.01410621 0.02236677 0.01494686
v 0.01410368 0.02236677 0.01494686
v 0.01543398 0.04731991 -0.00055270
v 0.01543398 0.04731991 -0.00031207
v -0.01475456 0.02023238 0.01492748
v 0.01543398 0.04731991 -0.00035265
v 0.01543398 0.04731991 -0.00048838
v 0.01543398 0.04731991 -0.00062412
v 0.01543398 0.04731991 -0.00052010
v 0.01543398 0.04731991 -0.00058708
v -0.01543651 -0.02922770 -0.01353069
v -0.01543651 -0.03951840 -0.01371066
v 0.01539457 0.04446864 -0.00078648
v -0.01541987 -0.04794903 -0.01275812
v -0.01543651 -0.03952584 -0.01501595
v 0.01512826 0.04938562 -0.00077955
v 0.01540728 0.04731991 -0.00070507
v -0.01541987 0.02774251 -0.01528743
v -0.01536996 0.02772655 -0.01553563
v -0.01543651 0.02776043 -0.01500843
v -0.01543651 0.02781181 -0.01419301
v -0.01543651 0.02784076 0.01246802
v -0.01543651 0.02781181 0.01321624
v -0.01527014 0.02771410 -0.01572962
v -0.01543651 0.02779620 -0.01445166
v 0.01543183 0.03649459 -0.01348857
v 0.01541734 0.02774251 -0.01528743
v 0.01510125 0.02023574 0.01486933
v 0.01543398 0.02776043 -0.01500843
v -0.01475456 0.02770288 -0.01590423
v -0.01510378 0.02770661 -0.01584603
v 0.01475203 0.02770289 -0.01590423
v -0.01543651 0.02782493 -0.01394183
v -0.01543547 0.03645495 0.01185756
v -0.01410621 0.02254430 -0.01592363
v -0.00470291 0.02770163 -0.01592363
v 0.01526761 0.02771410 0.01475286
v 0.01536743 0.02772655 -0.01553563
v 0.01510125 0.02770661 0.01486926
v -0.01527014 0.02771410 0.01475286
v -0.01541987 0.02774251 0.01431066
v 0.01466177 0.03582005 0.01493348
v -0.01543651 0.04731991 -0.00035265
v 0.01510125 0.02770661 -0.01584603
v -0.01543651 0.04731991 -0.00045667
v -0.01543651 0.04731991 -0.00031207
v 0.01540728 0.04731991 -0.00027170
v -0.01543651 0.04731991 -0.00048838
v -0.01543651 0.04731991 -0.00062412
v -0.01540981 0.04731991 -0.00027170
v -0.01510378 0.02770661 0.01486926
v -0.01543651 0.04731991 -0.00042406
v -0.01540981 0.04731991 -0.00070507
v 0.01543398 0.04731991 -0.00042406
v -0.01543651 0.04731991 -0.00055270
v -0.01543651 0.04731991 -0.00066469
v -0.01541987 0.02026804 -0.01528801
v 0.01526761 0.02024248 -0.01572980
v 0.01541734 0.02026804 -0.01528801
v -0.01543651 0.02034223 -0.01394357
v 0.01543398 0.02033042 0.01321781
v -0.01527014 0.02024248 -0.01572980
v -0.01543651 0.02028417 -0.01500927
v 0.01543398 0.02028417 -0.01500927
v -0.01543651 0.02404760 -0.01458752
v -0.01410621 0.00766981 0.01494686
v 0.01543398 0.01285952 0.01296854
v -0.01483471 0.04606880 -0.00018100
v 0.01543398 0.02034223 0.01296680
v 0.01524449 0.04558914 -0.00019069
v -0.01543651 0.02035112 0.01271894
v -0.01543651 0.02031636 0.01347624
v 0.01510125 0.02023574 -0.01584610
v -0.01541987 0.02026804 0.01431124
v 0.01543398 0.02781181 0.01321624
v -0.01536996 0.02025368 0.01455921
v 0.01543398 0.02685253 0.01361025
v -0.01543651 0.02034223 0.01296681
v 0.01543398 0.02782493 0.01296506
v -0.01543651 0.02033042 0.01321781
v -0.01475456 0.02023237 -0.01590424
v -0.01543651 0.02035648 0.01246995
v -0.01510378 0.02023574 -0.01584610
v 0.01475203 0.02023238 -0.01590424
v 0.01410367 0.02254430 -0.01592363
v 0.01541734 0.02774251 0.01431066
v 0.01536743 0.02772655 0.01455886
v 0.01543398 0.02776043 0.01403167
v 0.01526761 0.02024248 0.01475304
v 0.01475203 0.02023237 0.01492748
v -0.01543651 0.01285952 -0.01394531
v -0.01543651 -0.00210588 -0.01394880
v 0.01526761 0.02771410 -0.01572962
v -0.01543651 -0.00214459 -0.01501177
v -0.01543651 -0.00212877 -0.01459179
v 0.01475203 0.01276189 -0.01590426
v -0.01541987 -0.00215533 -0.01528975
v -0.01543651 0.01285952 0.01296854
v -0.01543651 0.01286743 0.01272082
v 0.01536743 0.02025368 0.01455921
v -0.01510378 0.01276487 -0.01584617
v 0.01526761 0.01277086 -0.01572998
v -0.01475456 0.01276188 -0.01590426
v -0.01410620 0.00810476 -0.01592363
v -0.01543651 0.01284903 -0.01419614
v -0.01543651 -0.00211375 -0.01419926
v 0.01536743 0.01278082 -0.01553633
v -0.01541987 0.01279359 -0.01528859
v 0.01541734 0.01279358 -0.01528859
v 0.01536743 0.01278082 0.01455957
v 0.01543398 0.03502865 -0.00054584
v 0.01543398 0.01280793 -0.01501010
v 0.01543398 0.01280793 0.01403334
v 0.01510125 0.01276487 -0.01584617
v -0.01543651 0.01280793 -0.01501010
v -0.01536996 -0.00216490 -0.01553704
v 0.01475203 -0.00217910 -0.01590430
v 0.01510125 -0.00217687 -0.01584631
v -0.01527014 0.01277086 -0.01572998
v 0.01543398 0.01284903 0.01321937
v -0.01536996 0.01278082 -0.01553633
v 0.01510125 0.00529400 0.01486947
v 0.01541734 0.01279359 0.01431182
v 0.01475203 0.00529138 0.01492751
v -0.01536996 0.02025368 -0.01553598
v -0.01543651 0.02033042 -0.01419457
v 0.01526761 0.00529925 0.01475339
v 0.01543398 0.00537681 0.01297029
v 0.01410365 0.01276088 0.01494686
v 0.01543398 0.00536764 0.01322094
v -0.01475456 0.00529138 -0.01590428
v 0.01536743 0.02025368 -0.01553598
v 0.01543398 0.00533166 -0.01501094
v 0.01543398 0.00535020 0.01361381
v -0.01536996 0.01278082 0.01455957
v 0.01510125 0.00529400 -0.01584624
v -0.01543651 0.01280793 0.01403334
v -0.01541987 0.01279358 0.01431182
v 0.01526761 0.00529925 -0.01573016
v -0.01510378 0.00529400 -0.01584624
v -0.01543651 0.01282263 0.01374747
v 0.01475203 0.00529139 -0.01590428
v -0.01527014 0.01277086 0.01475321
v 0.01541734 0.02026804 0.01431124
v 0.01543398 0.02028417 0.01403250
v -0.01510378 0.01276487 0.01486940
v 0.01543398 0.01656864 0.01361198
v 0.01475203 0.01276188 0.01492750
v 0.01526761 0.01277086 0.01475321
v -0.01475456 0.01276189 0.01492750
v -0.01543651 0.01284902 0.01321937
v -0.01543651 0.01283653 0.01347758
v 0.01510125 0.01276487 0.01486940
v -0.01543651 -0.00531018 0.00462712
v -0.01543651 -0.00212312 0.01348027
v -0.01543651 0.03532938 -0.00345205
v 0.01510125 -0.01711861 -0.01584645
v -0.01527014 -0.00217237 -0.01573033
v -0.01543651 -0.00211376 0.01322250
v -0.01410618 -0.00217985 -0.01592363
v -0.01510378 -0.00217687 -0.01584631
v -0.01543651 -0.00210588 0.01297204
v -0.01410618 -0.01286979 0.01494686
v -0.01543651 -0.00209638 0.01247574
v 0.01475203 -0.01712010 -0.01590433
v -0.01543651 -0.00209995 0.01272455
v 0.01543398 0.00533166 0.01403417
v -0.01410618 -0.01338623 -0.01592363
v -0.01475456 -0.01712011 -0.01590433
v 0.01410368 -0.01845998 0.01494686
v 0.01531752 -0.04858632 0.01207544
v -0.01527014 0.00529925 0.01475339
v 0.01510125 -0.00217687 0.01486954
v -0.01543651 0.00538374 0.01272269
v -0.01543651 0.00537681 0.01297029
v -0.01543651 0.00536763 0.01322094
v -0.01543651 0.00535671 0.01347892
v 0.01475203 -0.00217912 0.01492754
v 0.01543398 -0.00213354 -0.01472643
v -0.01475456 -0.00217912 -0.01590430
v -0.01510378 0.00529400 0.01486947
v -0.01475456 0.00529139 0.01492751
v -0.01543651 0.00534455 0.01374856
v -0.01543651 0.00538790 0.01247381
v -0.01541987 0.00531912 0.01431240
v -0.01543651 0.00533166 0.01403417
v -0.01536996 0.00530796 0.01455992
v -0.01543651 0.01282916 -0.01458935
v 0.01536743 0.00530796 -0.01553669
v 0.01541734 0.00531912 -0.01528917
v -0.01475456 -0.00964960 0.01492755
v 0.01410365 -0.00591586 -0.01592363
v -0.01543651 -0.00958859 0.01297378
v -0.01543651 -0.00961164 0.01375076
v -0.01510378 -0.00964774 0.01486962
v -0.01536996 -0.00963778 0.01456063
v -0.01527014 -0.00964399 0.01475374
v -0.01543651 -0.01334721 -0.01459363
v -0.01543651 -0.00958859 -0.01395054
v -0.01543651 -0.00959514 -0.01420083
v -0.01543651 -0.00958067 0.01247767
v -0.01543651 -0.00959515 0.01322407
v -0.01543651 -0.00958364 0.01272642
v -0.01543651 -0.00962084 0.01403584
v 0.01543398 -0.00211375 0.01322250
v -0.01543651 -0.01612955 -0.01270094
v -0.01541987 -0.00962980 0.01431356
v 0.01543398 -0.00210588 0.01297203
v -0.01543651 -0.00960295 0.01348161
v 0.01541734 -0.00215534 -0.01528975
v 0.01536743 -0.00216490 -0.01553704
v 0.01543398 -0.00214459 -0.01501177
v -0.01543651 0.01287219 0.01247188
v -0.01543651 -0.01707129 -0.01395229
v -0.01543651 -0.01709709 -0.01501345
v -0.01543651 -0.01706733 -0.01370506
v 0.01526761 -0.00217237 -0.01573033
v -0.01527014 -0.01711561 -0.01573069
v -0.01510378 -0.01711861 -0.01584645
v -0.01541987 -0.01710425 -0.01529091
v -0.01536996 -0.01711063 -0.01553775
v -0.01543651 -0.01707653 -0.01420239
v 0.01541734 -0.00962979 0.01431356
v -0.01475456 -0.01712010 0.01492757
v -0.01543651 -0.01706733 0.01272829
v 0.01543398 -0.00962084 0.01403584
v -0.01543651 -0.01706495 0.01247960
v -0.01543651 -0.01707129 0.01297552
v -0.01543651 -0.01708973 0.01375186
v -0.01543651 -0.01707654 0.01322563
v -0.01543651 -0.01709709 0.01403668
v -0.01536996 -0.01711063 0.01456099
v -0.01527014 -0.01711561 0.01475392
v 0.01526761 -0.01711561 0.01475392
v -0.01510378 -0.01711861 0.01486969
v -0.01541987 -0.01710425 0.01431415
v -0.01527014 -0.00217237 0.01475357
v 0.01526761 -0.00217237 0.01475357
v 0.01541734 0.00531913 0.01431240
v -0.01543651 -0.00214459 0.01403501
v -0.01536996 -0.00216490 0.01456028
v 0.01536743 -0.00963778 0.01456063
v -0.01541987 -0.00215534 0.01431298
v 0.01543398 0.00100353 0.00821305
v 0.01510125 -0.01711861 0.01486969
v 0.01543398 -0.00959514 0.01322406
v -0.01543651 -0.00213354 0.01374966
v 0.01536743 0.00530796 0.01455992
v -0.01475456 -0.00217910 0.01492754
v 0.01475203 -0.01712011 0.01492757
v -0.01527014 -0.00964399 -0.01573051
v -0.01527014 0.00529925 -0.01573016
v -0.01475456 -0.00964962 -0.01590432
v -0.01541987 0.00531913 -0.01528917
v -0.01543651 0.00533166 -0.01501094
v 0.01475203 -0.00964960 -0.01590432
v 0.01510125 -0.00964774 -0.01584638
v -0.01543651 0.00536764 -0.01419770
v -0.01510378 -0.00217687 0.01486954
v -0.01543651 0.00537681 -0.01394706
v -0.01410618 -0.00217985 0.01494686
v -0.01536996 0.00530796 -0.01553669
v -0.01543651 -0.00962084 -0.01501261
v -0.01536996 -0.00963778 -0.01553740
v -0.01541987 -0.00962979 -0.01529033
v -0.01536996 -0.02458350 0.01456134
v -0.01527014 -0.02458724 0.01475410
v 0.01543398 -0.01708669 0.01361747
v -0.01543651 -0.02456783 0.01375296
v 0.01543398 -0.01709709 0.01403668
v -0.01543651 -0.02456261 0.01348430
v -0.01543651 -0.02454924 0.01248153
v -0.01510378 -0.02458948 0.01486975
v -0.01543651 -0.02455102 0.01273016
v -0.01475456 -0.02459060 0.01492758
v 0.01536743 -0.01711063 0.01456099
v 0.01510125 -0.02458948 0.01486975
v 0.01526761 -0.01711561 -0.01573069
v 0.01543398 -0.02104174 0.01192454
v 0.01543398 -0.01707129 0.01297552
v 0.01475203 -0.02459061 0.01492758
v 0.01541734 -0.01710425 0.01431415
v 0.01526761 -0.02458724 0.01475410
v 0.01543398 -0.01707653 0.01322563
v 0.01543398 -0.00214459 0.01403501
v 0.01536743 -0.00216490 0.01456028
v 0.01526761 -0.00964399 0.01475375
v 0.01541734 -0.00215533 0.01431298
v -0.01543651 -0.03204244 0.01348564
v 0.01510125 -0.00964774 0.01486962
v -0.01543651 -0.03204959 0.01403835
v -0.01543651 -0.03203932 0.01322876
v 0.01475203 -0.00964962 0.01492755
v -0.01543651 -0.01708278 0.01348296
v -0.01543651 -0.03204592 0.01375405
v 0.01543398 -0.01708973 -0.01472862
v 0.01543398 -0.01709709 -0.01501345
v 0.01543398 -0.01707654 -0.01420239
v -0.01543651 -0.03203352 0.01248345
v 0.01543398 -0.01708278 -0.01445972
v -0.01475456 -0.03206110 0.01492761
v 0.01510125 -0.03206035 0.01486983
v 0.01543398 -0.02455399 0.01297726
v -0.01541987 -0.03205318 0.01431531
v 0.01475203 -0.03206111 0.01492761
v -0.01527014 -0.03205886 0.01475428
v 0.01543398 -0.02455399 -0.01395403
v 0.01543398 -0.02455102 0.01273016
v 0.01543398 -0.02456783 -0.01472972
v 0.01526761 -0.03205886 0.01475428
v 0.01410366 -0.03631440 0.01494686
v 0.01543398 -0.02457334 0.01403751
v 0.01536743 -0.02458350 0.01456134
v 0.01526761 -0.02458724 -0.01573087
v 0.01541734 -0.02457871 -0.01529149
v -0.01510378 -0.03206035 0.01486983
v -0.01527014 -0.02458724 -0.01573087
v 0.01543398 -0.02455792 0.01322719
v 0.01543398 -0.02455793 -0.01420396
v -0.01543651 -0.02455399 -0.01395403
v 0.01543398 -0.02457334 -0.01501428
v 0.01543398 -0.00586825 0.01361564
v 0.01543398 -0.02456261 -0.01446107
v 0.01541734 -0.00962980 -0.01529033
v 0.01536743 -0.00963778 -0.01553740
v 0.01543398 -0.00958859 0.01297378
v 0.01543398 -0.00961164 -0.01472753
v 0.01543398 -0.00960295 -0.01445838
v 0.01543398 -0.00962084 -0.01501261
v 0.01526761 -0.00964399 -0.01573051
v -0.01543651 -0.02455793 0.01322719
v -0.01543651 -0.02455399 0.01297726
v -0.01541987 -0.02457871 -0.01529149
v -0.01510378 -0.00964774 -0.01584638
v -0.01543651 -0.02457334 0.01403751
v -0.01541987 -0.02457871 0.01431473
v -0.01536996 -0.03205637 -0.01553846
v -0.01543651 -0.03203931 -0.01420552
v 0.01543398 -0.02830513 0.01361930
v -0.01527014 -0.03205886 -0.01573104
v 0.01543398 -0.03203471 0.01273203
v 0.00470038 0.03595714 0.01492732
v 0.00470915 0.04417535 0.00008275
v 0.01543398 -0.03204959 -0.01501512
v 0.00470946 0.04409232 0.00019570
v 0.01541734 -0.03205318 -0.01529207
v -0.01543651 -0.03203669 -0.01395577
v 0.00470050 0.03649348 0.01475147
v 0.01536743 -0.03205637 -0.01553846
v 0.01543398 -0.03203669 -0.01395577
v 0.01543398 -0.03203669 0.01297901
v 0.01543398 -0.03204592 -0.01473082
v 0.00470062 0.03665638 0.01455608
v 0.00470855 0.04426198 -0.00000471
v 0.01543398 -0.03203931 0.01322876
v -0.01543651 -0.03203471 -0.01370880
v 0.00470042 0.03632900 0.01486870
v 0.01543398 -0.03203471 -0.01370880
v 0.01536743 -0.01711063 -0.01553775
v 0.01541734 -0.01710425 -0.01529091
v 0.01475203 -0.03206110 -0.01590437
v -0.01543651 -0.02456565 -0.01459546
v -0.01510378 -0.03206035 -0.01584659
v -0.01475456 -0.03206111 -0.01590437
v 0.01410365 -0.03206135 -0.01592363
v -0.01543651 -0.03203471 0.01273203
v -0.01543651 -0.03204959 -0.01501512
v 0.01411843 0.04167649 -0.00584241
v -0.01541987 -0.03205318 -0.01529207
v -0.01543651 -0.03203669 0.01297901
v 0.01543398 -0.03204244 -0.01446241
v 0.01510125 -0.03206035 -0.01584659
v -0.01536996 -0.03205637 0.01456169
v 0.01543398 -0.03203932 -0.01420552
v 0.01541734 -0.02457871 0.01431473
v 0.00470946 0.04409232 -0.00117247
v 0.00469985 0.04455864 -0.00086040
v 0.00431691 0.05104255 -0.00062412
v 0.00433621 0.05089753 -0.00079885
v 0.00437255 0.05066420 -0.00079885
v 0.00470945 0.04391188 -0.00149934
v 0.00431691 0.05104255 -0.00048838
v 0.00470855 0.04426198 -0.00097205
v 0.00470915 0.04417535 -0.00105952
v 0.00431691 0.05104255 -0.00045667
v 0.00431842 0.05103077 -0.00074147
v 0.00431691 0.05104255 -0.00042406
v 0.00431691 0.05104255 -0.00066469
v 0.00439219 0.05052078 -0.00079885
v 0.00432070 0.05101309 -0.00020661
v 0.00435287 0.05078882 -0.00079885
v 0.00431842 0.05103077 -0.00023529
v 0.00431691 0.05104255 -0.00055270
v 0.00431729 0.05103960 -0.00027170
v 0.00431691 0.05104255 -0.00052010
v 0.00431691 0.05104255 -0.00058708
v 0.00432448 0.05098363 -0.00078737
v -0.01543651 -0.02455792 -0.01420396
v 0.00432968 0.05094443 -0.00079598
v 0.00468840 0.04482505 -0.00082962
v 0.00432070 0.05101309 -0.00077016
v 0.00431729 0.05103960 -0.00070507
v -0.01543651 -0.02457334 -0.01501428
v -0.01536996 -0.02458350 -0.01553811
v 0.01536743 -0.02458350 -0.01553811
v -0.01510378 -0.02458948 -0.01584652
v 0.01541734 -0.03205318 0.01431531
v 0.01543398 -0.03204959 0.01403835
v 0.00468840 0.04482505 -0.00014714
v 0.00469985 0.04455864 -0.00011637
v 0.01536743 -0.03205637 0.01456169
v 0.00470601 0.04438035 -0.00006999
v -0.00000127 0.04391188 0.00052258
v 0.01410367 -0.02177674 -0.01592363
v 0.00470037 -0.04846261 0.01487077
v 0.00470037 -0.04885848 0.01456641
v 0.00470037 -0.04893271 -0.01529980
v 0.00470037 -0.04895745 -0.01502624
v -0.01377008 -0.04925171 0.01079612
v 0.00470039 0.03595714 -0.01590409
v 0.01410367 0.00810476 -0.01592363
v 0.00470042 0.03632900 -0.01584547
v 0.01466334 0.03495481 -0.01591905
v 0.00431691 0.05104255 -0.00038969
v 0.00470050 0.03649348 -0.01572823
v 0.00431691 0.05104255 -0.00031207
v 0.00439219 0.05052078 -0.00017792
v 0.00433621 0.05089753 -0.00017792
v 0.00431691 0.05104255 -0.00035265
v 0.00470062 0.03665638 -0.01553284
v 0.01526761 -0.03205886 -0.01573104
v 0.00435287 0.05078882 -0.00017792
v 0.00470037 -0.04895745 -0.01474542
v 0.01426624 -0.04830484 -0.01589743
v 0.00470037 -0.04871003 -0.01573340
v 0.00470037 -0.04885848 -0.01554317
v 0.00470601 0.04438035 -0.00090678
v 0.00441017 0.05035812 -0.00017792
v 0.00432968 0.05094443 -0.00018079
v 0.00461922 0.04620569 -0.00017792
v 0.00466998 0.04520773 -0.00016561
v 0.00437255 0.05066420 -0.00017792
v 0.00442626 0.05017829 -0.00017792
v 0.00432448 0.05098363 -0.00018939
v 0.00445196 0.04977623 -0.00017792
v 0.00446497 0.04944770 -0.00017792
v 0.00470037 -0.04893271 0.01432304
v 0.01510125 -0.02458948 -0.01584652
v -0.01410616 -0.02697187 0.01494686
v 0.00470037 -0.04871003 0.01475663
v 0.00470037 -0.04794903 0.01492784
v 0.01410363 0.00312436 0.01494686
v 0.01475203 -0.02459060 -0.01590435
v -0.01475456 -0.02459061 -0.01590435
v -0.01410617 -0.02739942 -0.01592363
v 0.00504076 0.04306916 0.00368836
v 0.00541144 0.04278377 0.00409848
v 0.00310000 0.04349167 0.00207083
v 0.00033063 0.04342331 0.00137270
v 0.00491636 0.04231263 0.00338736
v 0.00460147 0.04317382 0.00321303
v 0.00095958 0.04339903 0.00134413
v -0.00061545 0.04418115 0.00161778
v -0.00091470 0.04338443 0.00137159
v 0.00001979 0.04410961 0.00154451
v 0.00331186 0.04300430 0.00208652
v 0.00251095 0.04359591 0.00182404
v -0.00472292 0.04244352 0.00314119
v -0.00271696 0.04314243 0.00182673
v -0.00158074 0.04362232 0.00148954
v 0.00066604 0.04415256 0.00160192
v -0.00498803 0.04304801 0.00366176
v -0.00304090 0.04375765 0.00222507
v -0.00329599 0.04305366 0.00206791
v -0.00379326 0.04283935 0.00239674
v -0.00246705 0.04388443 0.00198336
v -0.00575160 0.04169793 0.00461767
v -0.00618903 0.04198779 0.00563699
v -0.00547024 0.04197014 0.00403148
v -0.00454358 0.04329306 0.00325279
v -0.00643632 0.04093537 0.00648925
v -0.00618767 0.03969450 0.00831135
v -0.00499327 0.03864878 0.01065608
v -0.00635856 0.04001118 0.00778999
v -0.00635048 0.03998083 0.00822509
v -0.00550984 0.03889871 0.00988223
v -0.00409251 0.03852446 0.01160909
v -0.00381891 0.03802341 0.01152844
v -0.00213269 0.03759545 0.01225909
v -0.00303531 0.03835732 0.01231974
v -0.00636468 0.04049854 0.00679918
v -0.00185972 0.03766650 0.01250348
v -0.00358149 0.03846897 0.01200858
v -0.00604462 0.04136579 0.00516810
v -0.00537311 0.03941348 0.01048263
v 0.00157984 0.03751039 0.01241906
v 0.00098673 0.03752810 0.01245998
v 0.00414103 0.03810189 0.01138083
v -0.00020645 0.03752490 0.01278242
v -0.00365504 0.03797305 0.01154892
v 0.00250770 0.03813886 0.01251009
v 0.00276140 0.03770907 0.01204540
v 0.00128737 0.03807287 0.01289386
v -0.00091514 0.03745247 0.01252800
v -0.00537441 0.03882040 0.00995528
v 0.00191026 0.03794976 0.01265199
v 0.00623189 0.04020396 0.00894883
v 0.00574698 0.03915400 0.00972243
v 0.00541955 0.03894812 0.01023197
v 0.00430253 0.03821007 0.01110316
v 0.00574259 0.03918741 0.00933927
v 0.00638606 0.04027995 0.00721028
v 0.00470880 0.04245198 0.00319952
v 0.00414103 0.03822782 0.01144779
v 0.00651211 0.04058344 0.00701753
v 0.00640299 0.04090186 0.00611485
v 0.00645751 0.04015940 0.00779443
v 0.00551467 0.03888136 0.00984064
v 0.00638698 0.04161962 0.00613447
v 0.00601842 0.03966127 0.00934091
v 0.00524422 0.04307431 0.00417577
v 0.00617905 0.04122652 0.00543004
v 0.00221667 0.04410886 0.00226140
v 0.00193490 0.04418281 0.00209099
v 0.00489314 0.04318118 0.00400604
v 0.00395092 0.04371155 0.00297730
v -0.00091470 0.04430505 0.00186109
v -0.00309584 0.04387839 0.00269473
v -0.00325511 0.04391151 0.00260124
v -0.00080524 0.04424681 0.00200183
v -0.00547515 0.04278974 0.00474244
v -0.00553032 0.04278043 0.00472849
v -0.00638772 0.04134540 0.00742739
v -0.00617737 0.04097203 0.00816092
v -0.00091063 0.03838740 0.01299057
v -0.00467424 0.03942032 0.01107926
v -0.00325159 0.03878023 0.01225176
v -0.00187190 0.03857406 0.01267077
v 0.00084930 0.03847178 0.01286309
v -0.00598763 0.04037426 0.00925382
v 0.00287399 0.03878062 0.01228222
v -0.00511888 0.03955511 0.01079443
v 0.00581066 0.04006215 0.00984082
v 0.00274821 0.03864277 0.01251030
v 0.00474451 0.03933831 0.01120216
v 0.00643215 0.04134734 0.00742373
v 0.00065257 0.03835164 0.01305783
v 0.00631733 0.04083468 0.00838791
v 0.00628577 0.04160392 0.00697263
v -0.00196225 0.04138864 0.00737722
v 0.00620219 0.04207411 0.00605689
v 0.00434554 0.03928023 0.01134257
v 0.00495674 0.04218395 0.00360748
v 0.00559575 0.04007792 0.00984237
v 0.00287827 0.04301520 0.00204410
v -0.00596356 0.04122492 0.00541113
v 0.00006076 0.04068943 0.00642248
v -0.00006785 0.04334044 0.00143241
v -0.00382174 0.04277324 0.00249897
v -0.00229484 0.03767303 0.01209116
v 0.00101712 0.03754059 0.01234035
v -0.00606852 0.03980507 0.00808147
v 0.00382314 0.03808435 0.01131764
v 0.00566873 0.03920719 0.00920594
v -0.00491205 0.03864925 0.01025527
v 0.00277845 0.04404577 0.00225522
v 0.00191322 0.04407094 0.00183549
v 0.00573939 0.04245171 0.00451235
v 0.00366202 0.04331904 0.00237250
v -0.00120055 0.04418873 0.00198636
v 0.00592276 0.04129385 0.00528151
v -0.00124479 0.04415233 0.00171097
v -0.00433245 0.04356179 0.00316546
v 0.00622482 0.04031368 0.00712493
v 0.00482374 0.04335200 0.00356002
v -0.00186957 0.04405906 0.00183566
v -0.00358535 0.04359858 0.00251497
v -0.00185978 0.03821018 0.01279244
v -0.00246052 0.03809950 0.01249054
v -0.00430840 0.03906297 0.01162651
v 0.00129112 0.04408854 0.00167352
v -0.00643621 0.04080232 0.00786229
v -0.00537030 0.04278138 0.00409762
v -0.00569866 0.03947493 0.00990114
v -0.00625442 0.04068242 0.00858077
v -0.00259743 0.03853103 0.01262695
v -0.00124174 0.03816191 0.01294166
v -0.00571069 0.04258108 0.00500990
v 0.00066190 0.03805517 0.01299022
v -0.00634381 0.04164850 0.00614833
v -0.00643671 0.04147180 0.00677416
v 0.00627928 0.04204443 0.00601920
v 0.00461271 0.03858643 0.01115365
v -0.00076780 0.03829360 0.01307349
v 0.00308381 0.03840018 0.01233950
v 0.00413829 0.03878059 0.01174349
v 0.00223514 0.03851309 0.01266069
v 0.00542892 0.03970125 0.01042609
v 0.00651211 0.04111175 0.00729843
v 0.00643448 0.04086206 0.00824292
v 0.00613195 0.04227234 0.00543253
v 0.00504017 0.03875904 0.01071126
v 0.00413813 0.04308341 0.00270099
v -0.00597471 0.04194187 0.00493176
v -0.00410654 0.04348154 0.00289430
v -0.00456613 0.03872458 0.01123016
v -0.00570251 0.04216983 0.00438470
v -0.00634168 0.04048495 0.00840853
v -0.00618709 0.04024042 0.00897395
v 0.00002431 0.03798677 0.01298956
v -0.00646764 0.04114190 0.00731931
v -0.00061105 0.03793577 0.01292695
v 0.00363107 0.03857573 0.01206081
v 0.00648107 0.04089471 0.00790721
v -0.00597364 0.03986589 0.00945276
v -0.00499331 0.03924120 0.01097114
v 0.00638753 0.04056222 0.00844012
v 0.00648073 0.04117703 0.00661269
v -0.00635915 0.04204480 0.00639101
v -0.00603395 0.04338021 0.00875133
v 0.00060829 0.03906987 0.01370232
v 0.00357810 0.04746139 0.00508850
v 0.00511633 0.04672883 0.00641358
v 0.00488205 0.04686175 0.00621628
v 0.00322559 0.04758072 0.00481141
v 0.00537579 0.04649993 0.00689672
v 0.00524665 0.04660681 0.00669571
v 0.00531244 0.04655371 0.00679561
v 0.00503989 0.04674237 0.00647622
v 0.00478903 0.04693179 0.00604994
v 0.00407403 0.04728629 0.00536516
v 0.00420895 0.04720847 0.00559281
v 0.00480344 0.04692848 0.00603810
v 0.00495961 0.04681224 0.00630935
v 0.00437077 0.04714120 0.00569070
v 0.00517844 0.04665925 0.00659711
v 0.00132343 0.04793411 0.00419941
v -0.00056837 0.04799030 0.00404111
v -0.00049802 0.04798976 0.00409475
v 0.00055208 0.04799174 0.00403840
v 0.00119530 0.04794662 0.00417592
v 0.00207753 0.04783225 0.00439099
v 0.00127038 0.04794344 0.00412923
v 0.00170398 0.04788891 0.00428446
v 0.00220022 0.04781088 0.00443122
v 0.00054767 0.04798955 0.00409515
v 0.00093746 0.04796772 0.00413623
v 0.00178221 0.04788263 0.00424361
v 0.00249191 0.04775179 0.00456283
v 0.00182936 0.04787128 0.00431760
v 0.00302769 0.04762725 0.00477655
v 0.00314076 0.04759632 0.00483473
v 0.00279742 0.04768565 0.00466670
v 0.00157784 0.04790525 0.00425370
v 0.00339644 0.04751481 0.00502049
v 0.00288122 0.04767261 0.00463859
v 0.00325239 0.04756425 0.00489504
v -0.00428939 0.04716336 0.00563414
v -0.00411504 0.04724751 0.00545395
v 0.00368345 0.04742492 0.00515706
v 0.00195389 0.04785240 0.00435312
v 0.00446125 0.04709680 0.00577417
v 0.00398912 0.04730931 0.00537453
v -0.00389042 0.04733047 0.00533797
v 0.00366292 0.04744180 0.00507268
v 0.00383738 0.04736890 0.00526207
v 0.00408740 0.04726873 0.00545083
v 0.00456191 0.04703268 0.00593308
v 0.00445514 0.04711476 0.00568776
v -0.00302593 0.04761260 0.00482537
v -0.00339549 0.04751263 0.00493947
v -0.00320352 0.04756555 0.00489258
v -0.00431466 0.04716083 0.00560111
v -0.00274833 0.04768677 0.00466459
v -0.00283211 0.04767377 0.00463641
v -0.00286418 0.04765821 0.00471834
v -0.00229201 0.04778967 0.00441843
v -0.00184556 0.04786287 0.00432929
v -0.00227262 0.04778918 0.00447200
v -0.00202817 0.04783308 0.00438943
v -0.00331371 0.04753242 0.00495492
v 0.00021906 0.04799819 0.00408767
v -0.00165452 0.04788959 0.00428318
v -0.00101703 0.04795824 0.00415405
v -0.00088785 0.04796809 0.00413554
v 0.00041718 0.04799421 0.00408641
v -0.00075825 0.04797662 0.00411947
v -0.00109120 0.04795585 0.00410590
v -0.00004238 0.04799994 0.00407934
v -0.00004116 0.04800352 0.00401625
v -0.00257517 0.04772739 0.00458485
v -0.00062829 0.04798386 0.00410589
v -0.00215090 0.04781176 0.00442956
v -0.00239328 0.04776540 0.00451675
v -0.00601227 0.04564831 0.00844574
v 0.00543931 0.04642428 0.00706781
v -0.00607188 0.04546446 0.00879151
v 0.00539151 0.04651730 0.00681141
v -0.00602444 0.04545269 0.00886630
v 0.00554308 0.04631514 0.00727840
v -0.00030431 0.04799667 0.00407708
v 0.00145097 0.04792034 0.00422535
v 0.00232190 0.04778825 0.00447375
v 0.00106662 0.04795782 0.00415484
v 0.00073559 0.04797700 0.00416250
v -0.00557406 0.04625470 0.00736909
v -0.00565940 0.04614276 0.00758835
v -0.00581124 0.04600766 0.00776991
v -0.00550422 0.04633722 0.00720275
v -0.00574499 0.04605172 0.00773969
v -0.00600930 0.04564954 0.00844849
v -0.00527928 0.04657336 0.00670598
v -0.00603590 0.04553129 0.00868441
v -0.00491273 0.04679434 0.00638843
v -0.00519953 0.04660892 0.00669174
v -0.00513123 0.04666134 0.00659319
v -0.00526542 0.04655585 0.00679159
v -0.00506053 0.04671303 0.00649594
v 0.00228100 0.04780138 0.00439641
v -0.00532887 0.04650210 0.00689264
v -0.00582049 0.04590916 0.00802574
v 0.00291323 0.04765705 0.00472054
v -0.00578522 0.04599326 0.00784965
v 0.00268033 0.04771311 0.00461509
v -0.00444235 0.04707734 0.00583245
v -0.00552522 0.04635403 0.00711847
v -0.00544829 0.04639276 0.00709828
v -0.00539820 0.04388703 0.01183663
v -0.00538983 0.04644774 0.00699490
v -0.00392547 0.04732831 0.00528612
v -0.00348118 0.04748019 0.00504798
v -0.00366136 0.04740835 0.00523020
v -0.00560742 0.04397932 0.01158465
v -0.00579580 0.04433309 0.01098222
v -0.00561035 0.04406750 0.01147148
v -0.00555967 0.04401084 0.01157801
v -0.00574665 0.04424032 0.01114643
v -0.00585739 0.04429914 0.01098316
v -0.00517746 0.04364887 0.01224844
v -0.00594318 0.04456094 0.01053506
v -0.00602501 0.04483946 0.01001961
v -0.00590579 0.04443051 0.01075957
v -0.00600961 0.04477846 0.01013437
v -0.00603760 0.04490063 0.00990460
v -0.00570386 0.04418227 0.01125564
v -0.00565842 0.04412464 0.01136400
v -0.00603580 0.04466128 0.01030209
v -0.00160580 0.04790043 0.00421014
v -0.00603276 0.04466363 0.01030396
v -0.00114572 0.04794710 0.00417502
v -0.00127388 0.04793464 0.00419843
v -0.00140144 0.04792091 0.00422427
v -0.00595974 0.04447877 0.01064533
v -0.00227747 0.04250145 0.01441677
v -0.00223657 0.04244468 0.01447090
v -0.00603715 0.04539155 0.00898131
v -0.00050325 0.04230015 0.01479536
v -0.00610611 0.04527920 0.00913995
v -0.00063350 0.04230613 0.01478414
v -0.00609430 0.04528297 0.00914540
v -0.00152834 0.04790588 0.00425252
v -0.00589465 0.04578856 0.00824527
v -0.00031042 0.04224596 0.01484464
v -0.00605437 0.04502325 0.00967399
v -0.00604739 0.04496188 0.00978937
v 0.00028126 0.04229207 0.01481056
v 0.00112358 0.04235724 0.01471056
v -0.00603629 0.04518546 0.00939276
v -0.00605854 0.04508464 0.00955849
v -0.00467175 0.04697826 0.00594448
v -0.00037275 0.04229551 0.01480411
v 0.00008558 0.04224255 0.01485106
v -0.00461303 0.04698542 0.00600819
v 0.00586719 0.04435531 0.01093017
v 0.00590202 0.04441454 0.01081880
v 0.00137589 0.04239406 0.01465472
v -0.00609651 0.04490753 0.00983896
v 0.00087421 0.04227299 0.01479380
v -0.00215579 0.04247884 0.01445931
v 0.00605531 0.04459787 0.01042134
v 0.00015046 0.04229012 0.01481425
v -0.00611480 0.04509327 0.00948962
v -0.00550640 0.04395474 0.01168356
v -0.00473041 0.04334336 0.01281819
v -0.00154671 0.04233901 0.01466963
v -0.00384458 0.04294083 0.01359041
v -0.00196928 0.04244610 0.01452020
v -0.00394469 0.04298042 0.01351599
v -0.00528198 0.04377426 0.01204322
v -0.00171099 0.04243657 0.01456975
v -0.00475901 0.04331758 0.01282921
v -0.00353368 0.04282833 0.01380202
v 0.00086801 0.04232631 0.01475628
v -0.00479454 0.04688778 0.00616869
v -0.00342669 0.04279294 0.01386856
v -0.00515578 0.04358395 0.01232825
v -0.00499408 0.04678195 0.00631368
v -0.00318042 0.04266591 0.01405482
v -0.00331810 0.04275866 0.01393306
v 0.00060764 0.04232000 0.01477714
v 0.00224564 0.04243776 0.01448391
v -0.00313860 0.04272616 0.01401493
v 0.00157277 0.04238382 0.01463800
v -0.00404297 0.04302097 0.01343968
v -0.00402960 0.04295977 0.01350215
v 0.00041195 0.04229536 0.01480441
v -0.00363902 0.04286478 0.01373345
v -0.00413937 0.04306255 0.01336153
v -0.00374267 0.04290230 0.01366291
v -0.00423384 0.04310505 0.01328156
v 0.00231705 0.04250052 0.01441851
v -0.00271864 0.04254575 0.01428080
v -0.00361849 0.04280426 0.01379463
v -0.00432634 0.04314853 0.01319982
v -0.00292097 0.04265211 0.01413965
v 0.00165023 0.04234563 0.01465718
v 0.00599012 0.04459412 0.01048103
v -0.00263590 0.04257661 0.01427543
v -0.00244985 0.04255171 0.01433903
v -0.00024207 0.04229217 0.01481037
v -0.00011127 0.04229017 0.01481415
v 0.00001959 0.04228947 0.01481544
v -0.00094968 0.04235902 0.01472071
v 0.00596350 0.04453398 0.01059417
v -0.00146623 0.04238444 0.01464578
v 0.00582964 0.04429646 0.01104088
v 0.00609946 0.04498846 0.00973512
v 0.00612913 0.04484330 0.00995976
v 0.00602133 0.04475732 0.01019709
v 0.00601398 0.04465454 0.01036742
v 0.00610297 0.04520505 0.00933203
v 0.00615502 0.04521475 0.00926116
v 0.00606887 0.04483701 0.01002422
v 0.00607737 0.04547625 0.00880714
v 0.00611553 0.04546192 0.00879630
v 0.00609182 0.04532782 0.00910115
v 0.00608203 0.04538910 0.00898592
v 0.00607830 0.04512388 0.00950874
v 0.00608158 0.04489817 0.00990922
v 0.00269832 0.04253173 0.01430719
v 0.00603092 0.04570658 0.00833616
v 0.00599113 0.04569316 0.00841403
v 0.00609880 0.04526648 0.00921654
v 0.00602124 0.04560436 0.00858473
v 0.00322108 0.04266405 0.01405833
v 0.00260593 0.04258705 0.01428407
v 0.00302313 0.04266124 0.01411625
v 0.00243771 0.04252433 0.01437377
v -0.00503227 0.04354769 0.01244230
v 0.00290861 0.04263151 0.01417219
v 0.00279275 0.04260293 0.01422592
v -0.00486099 0.04346472 0.01262275
v -0.00275299 0.04260405 0.01422381
v 0.00212454 0.04249469 0.01446071
v 0.00169895 0.04240014 0.01460734
v 0.00194892 0.04243654 0.01453887
v 0.00182435 0.04241769 0.01457429
v -0.00450526 0.04323820 0.01303116
v -0.00441071 0.04313131 0.01317954
v -0.00441683 0.04319290 0.01311634
v 0.00466413 0.04331793 0.01289667
v 0.00454618 0.04323637 0.01303461
v -0.00459159 0.04328436 0.01294432
v 0.00417997 0.04306086 0.01336470
v 0.00454182 0.04317471 0.01309790
v 0.00503192 0.04352570 0.01249046
v 0.00445767 0.04319111 0.01311972
v 0.00530314 0.04369069 0.01215391
v 0.00488185 0.04336433 0.01274129
v 0.00433441 0.04311354 0.01325031
v 0.00482763 0.04341262 0.01271748
v -0.00090086 0.04227602 0.01478811
v 0.00518589 0.04356696 0.01236019
v -0.00115087 0.04234310 0.01471461
v -0.00076344 0.04231340 0.01477045
v 0.00517566 0.04362839 0.01229734
v 0.00537008 0.04384044 0.01193755
v 0.00545171 0.04378112 0.01195742
v 0.00495655 0.04347546 0.01258492
v 0.00510496 0.04357667 0.01239458
v -0.00127900 0.04235559 0.01469110
v 0.00593413 0.04447409 0.01070677
v 0.00593681 0.04435633 0.01087561
v 0.00577453 0.04412047 0.01131920
v 0.00570009 0.04416549 0.01130956
v 0.00559086 0.04406172 0.01152281
v 0.00596462 0.04575334 0.00830088
v 0.00593536 0.04581321 0.00818825
v 0.00588673 0.04595289 0.00789009
v 0.00579108 0.04604938 0.00774408
v 0.00324795 0.04272415 0.01399793
v 0.00350129 0.04283898 0.01381825
v 0.00376415 0.04284006 0.01372731
v 0.00313626 0.04269214 0.01405817
v 0.00416834 0.04299952 0.01342739
v 0.00408350 0.04301933 0.01344278
v 0.00373401 0.04288028 0.01370136
v 0.00335814 0.04275731 0.01393560
v 0.00554865 0.04395250 0.01168777
v 0.00549272 0.04389694 0.01179224
v 0.00578942 0.04423798 0.01115083
v 0.00590336 0.04587280 0.00807621
v 0.00392005 0.04297855 0.01354379
v 0.00590182 0.04594692 0.00788415
v 0.00565186 0.04626674 0.00728265
v 0.00570285 0.04616506 0.00752652
v 0.00574829 0.04610746 0.00763489
v 0.00565478 0.04622222 0.00741905
v 0.00003967 0.04574872 0.00255515
v -0.00561281 0.04322500 0.00460623
v 0.00073679 0.04797368 0.00416816
v 0.00137667 0.04792365 0.00426226
v 0.00210578 0.04781945 0.00445823
v 0.00362761 0.04743335 0.00518437
v 0.00423178 0.04719113 0.00563991
v 0.00475245 0.04691962 0.00615056
v 0.00558747 0.04626014 0.00739085
v -0.00548806 0.04631807 0.00728191
v -0.00512118 0.04664033 0.00667582
v -0.00378587 0.04736111 0.00532023
v -0.00572179 0.04603381 0.00781653
v -0.00344891 0.04748036 0.00509596
v -0.00289941 0.04764252 0.00479098
v -0.00352233 0.04609034 0.00771020
v -0.00004011 0.04799577 0.00412661
v -0.00132717 0.04792419 0.00426123
v -0.00065523 0.04797690 0.00416210
v -0.00394769 0.04303170 0.01346267
v -0.00550890 0.04403903 0.01156816
v 0.00294537 0.04763875 0.00479807
v 0.00526981 0.04656023 0.00682647
v -0.00579633 0.04441102 0.01086854
v 0.00480290 0.04343261 0.01270867
v 0.00349414 0.04284458 0.01381459
v -0.00589691 0.04570896 0.00842748
v -0.00598795 0.04542273 0.00896580
v -0.00601106 0.04515634 0.00946681
v 0.00452071 0.04327524 0.01300463
v 0.00396494 0.04301941 0.01348577
v -0.00420680 0.04718219 0.00565673
v 0.00217754 0.04251764 0.01442948
v -0.00475847 0.04689287 0.00620087
v -0.00327771 0.04279151 0.01391440
v -0.00043445 0.04233768 0.01476794
v 0.00183295 0.04438301 0.00219087
v -0.00170420 0.04787820 0.00434772
v 0.00195585 0.04445895 0.00229894
v 0.00542276 0.04389689 0.01183549
v 0.00558545 0.04406308 0.01152293
v 0.00580377 0.04435798 0.01096830
v -0.00455389 0.04331747 0.01292521
v -0.00595407 0.04478438 0.01016636
v -0.00054786 0.04261857 0.01423966
v -0.00505450 0.04363578 0.01232656
v -0.00145880 0.04241552 0.01462154
v -0.00091812 0.04236379 0.01471883
v -0.00120568 0.04238815 0.01467301
v -0.00243358 0.04258121 0.01430992
v -0.00170919 0.04244797 0.01456050
v 0.00577869 0.04506657 0.00963563
v 0.00086095 0.04235705 0.01473150
v -0.00231478 0.04777486 0.00454208
v 0.00510083 0.04363231 0.01233309
v 0.00221981 0.04432291 0.00230392
v -0.00627399 0.04176817 0.00710869
v -0.00624760 0.04189513 0.00686991
v -0.00628909 0.04162484 0.00737824
v 0.00530176 0.04378898 0.01203843
v -0.00627002 0.04161593 0.00764316
v -0.00624707 0.04189938 0.00702725
v 0.00331796 0.04407240 0.00277505
v -0.00617141 0.04215095 0.00655306
v 0.00305313 0.04414405 0.00264029
v 0.00401534 0.04382608 0.00323831
v 0.00365853 0.04396733 0.00297267
v 0.00398396 0.04385215 0.00318928
v 0.00456001 0.04360476 0.00365456
v 0.00605383 0.04507009 0.00962902
v 0.00502645 0.04335165 0.00413057
v 0.00426737 0.04373789 0.00340417
v 0.00597577 0.04562424 0.00858680
v 0.00192037 0.04444690 0.00235564
v 0.00598922 0.04474404 0.01024222
v 0.00397003 0.04394677 0.00325830
v 0.00447811 0.04370216 0.00363544
v 0.00604846 0.04531385 0.00917056
v 0.00581621 0.04595077 0.00797269
v 0.00571811 0.04282260 0.00512558
v 0.00517588 0.04330316 0.00436156
v 0.00476762 0.04349944 0.00385263
v 0.00488566 0.04350339 0.00404298
v 0.00553054 0.04299244 0.00480617
v 0.00524489 0.04320938 0.00439815
v 0.00425948 0.04381651 0.00354122
v 0.00537560 0.04311615 0.00457351
v 0.00533375 0.04313204 0.00454362
v 0.00014942 0.04233100 0.01478049
v 0.00295514 0.04268908 0.01410705
v 0.00143421 0.04240938 0.01463309
v 0.00259650 0.04424994 0.00244116
v 0.00265155 0.04430967 0.00252050
v 0.00330610 0.04416712 0.00284621
v -0.00628310 0.04138573 0.00782794
v -0.00604996 0.04239824 0.00608634
v 0.00234161 0.03878669 0.01271603
v -0.00619175 0.04206853 0.00654377
v -0.00610671 0.04225564 0.00619190
v 0.00123629 0.04452565 0.00211818
v -0.00602676 0.04239414 0.00593141
v 0.00259212 0.03883609 0.01262312
v 0.00220980 0.03883824 0.01278229
v -0.00589733 0.04257556 0.00559021
v -0.00553348 0.04295299 0.00488035
v -0.00594293 0.04250705 0.00571905
v 0.00349556 0.03923788 0.01215236
v -0.00562712 0.04286801 0.00504018
v -0.00538084 0.04307733 0.00464651
v -0.00579730 0.04269416 0.00536714
v -0.00577536 0.04273722 0.00557107
v -0.00508005 0.04328971 0.00424709
v -0.00002109 0.04498476 0.00989332
v -0.00499315 0.04333378 0.00416419
v -0.00479683 0.04351624 0.00398485
v -0.00519866 0.04329784 0.00448617
v -0.00446426 0.04362937 0.00360826
v -0.00560780 0.04296656 0.00510415
v -0.00525489 0.04317198 0.00446847
v -0.00588301 0.04264193 0.00563199
v -0.00489459 0.04340378 0.00403255
v -0.00349767 0.04400492 0.00290197
v -0.00404024 0.04381324 0.00326246
v -0.00471960 0.04350136 0.00384902
v -0.00382851 0.04389319 0.00311209
v -0.00326888 0.04407373 0.00277255
v -0.00447864 0.04367384 0.00367000
v 0.00546161 0.04313179 0.00479151
v -0.00625301 0.04164235 0.00734531
v 0.00522124 0.04321593 0.00438809
v 0.00130134 0.03864092 0.01299018
v 0.00134390 0.03877988 0.01301374
v 0.00156136 0.03878236 0.01297254
v 0.00195793 0.03872219 0.01283733
v -0.00610835 0.04103420 0.00877398
v 0.00103413 0.03861778 0.01303371
v -0.00031993 0.03858450 0.01309628
v -0.00086076 0.03860859 0.01305099
v 0.00224298 0.03878535 0.01271855
v 0.00270937 0.03893742 0.01259716
v 0.00008743 0.03857962 0.01310547
v 0.00319661 0.03898130 0.01235001
v 0.00330229 0.03912677 0.01232702
v -0.00139496 0.03865509 0.01296353
v 0.00433896 0.03938016 0.01159988
v 0.00361054 0.03910642 0.01211471
v -0.00119190 0.03872423 0.01302917
v -0.00052143 0.03867923 0.01311258
v -0.00021681 0.03871706 0.01313189
v -0.00178443 0.03877802 0.01289468
v 0.00283788 0.03889051 0.01252078
v -0.00204751 0.03874324 0.01279776
v 0.00487396 0.03964710 0.01109783
v -0.00242802 0.03881175 0.01266890
v 0.00466221 0.03961204 0.01132836
v -0.00229633 0.03886299 0.01273830
v -0.00178895 0.03870402 0.01287150
v 0.00436519 0.03939610 0.01156990
v -0.00222702 0.03878545 0.01271837
v 0.00544532 0.04313793 0.00481744
v -0.00222721 0.04429199 0.00236208
v -0.00430651 0.04376562 0.00363692
v -0.00267120 0.04422502 0.00248802
v -0.00360133 0.04403018 0.00301661
v -0.00155450 0.04441402 0.00213256
v -0.00191350 0.04436550 0.00222380
v -0.00217028 0.04432379 0.00230225
v -0.00210078 0.04440967 0.00234084
v -0.00100610 0.04446763 0.00203174
v -0.00138519 0.04452650 0.00217038
v -0.00289683 0.04427052 0.00268734
v -0.00048398 0.04449839 0.00197388
v 0.00022870 0.04450665 0.00195835
v -0.00004300 0.04450807 0.00195566
v 0.00021550 0.04449416 0.00198183
v 0.00056585 0.04456986 0.00203443
v 0.00143939 0.04443260 0.00209760
v 0.00063538 0.04449423 0.00198172
v 0.00214912 0.04431932 0.00231065
v -0.00004310 0.04457065 0.00200666
v -0.00065163 0.04456511 0.00204663
v 0.00103950 0.04446951 0.00202820
v -0.00083519 0.04455715 0.00214829
v -0.00602358 0.04070381 0.00911270
v 0.00382104 0.04390362 0.00309472
v 0.00617665 0.04220668 0.00628396
v 0.00554020 0.04297176 0.00484730
v 0.00052841 0.03858930 0.01308726
v 0.00481007 0.04346775 0.00391449
v 0.00429351 0.04372028 0.00343953
v -0.00104318 0.04446165 0.00204523
v 0.00184193 0.04437746 0.00220355
v 0.00332206 0.04406550 0.00279029
v 0.00260345 0.04424395 0.00245467
v -0.00297934 0.03893561 0.01243596
v -0.00279833 0.03889165 0.01251864
v 0.00104973 0.04446390 0.00204100
v -0.00338786 0.03904974 0.01222129
v -0.00472209 0.03958871 0.01120765
v -0.00291441 0.04416814 0.00259500
v -0.00260389 0.04429362 0.00250686
v -0.00514305 0.03983879 0.01073732
v -0.00308490 0.04419741 0.00273901
v 0.00497119 0.03985095 0.01099935
v -0.00112893 0.03862914 0.01301234
v 0.00400573 0.03924420 0.01185557
v 0.00386383 0.03926913 0.01197472
v -0.00536658 0.03999877 0.01043644
v -0.00558310 0.04027880 0.01010686
v -0.00560421 0.04035484 0.01005167
v -0.00496429 0.03984598 0.01097429
v -0.00494059 0.03971076 0.01097810
v -0.00598807 0.04063509 0.00923970
v -0.00615974 0.04094347 0.00865971
v -0.00606578 0.04075732 0.00900981
v -0.00483268 0.03980059 0.01109407
v -0.00531869 0.04003628 0.01051347
v -0.00550318 0.04010904 0.01022904
v -0.00567368 0.04026510 0.00993556
v -0.00583752 0.04044026 0.00960612
v -0.00624824 0.04119511 0.00818646
v 0.00156618 0.03866945 0.01293653
v -0.00611083 0.04098640 0.00882818
v -0.00587863 0.04062083 0.00951495
v -0.00623321 0.04126370 0.00822119
v 0.00577605 0.04281514 0.00530261
v -0.00529092 0.03995354 0.01052374
v 0.00613045 0.04233371 0.00620574
v -0.00623113 0.04117114 0.00823377
v -0.00367041 0.03914793 0.01203887
v -0.00568312 0.04028796 0.00989480
v -0.00179554 0.03871302 0.01285683
v -0.00120386 0.03864325 0.01298805
v -0.00481048 0.03964574 0.01110264
v -0.00424929 0.03936936 0.01162243
v -0.00183261 0.04437178 0.00221424
v 0.00003825 0.04450604 0.00196174
v -0.00243455 0.03882015 0.01265534
v -0.00273103 0.03894407 0.01256627
v 0.00518435 0.03983670 0.01074125
v 0.00542527 0.04001037 0.01041463
v -0.00372433 0.03915766 0.01201833
v -0.00314877 0.03905789 0.01237275
v 0.00549664 0.04016495 0.01032099
v -0.00354157 0.03909953 0.01212766
v 0.00427897 0.03943144 0.01166633
v 0.00562473 0.04017719 0.01010087
v 0.00450869 0.03945832 0.01145288
v 0.00508766 0.03989437 0.01088164
v -0.00502508 0.03978059 0.01084679
v 0.00602525 0.04099710 0.00884376
v -0.00393953 0.03923555 0.01187185
v -0.00422295 0.03934981 0.01165697
v 0.00050198 0.03859482 0.01307688
v 0.00042608 0.03867591 0.01312234
v 0.00607275 0.04239168 0.00593602
v 0.00096504 0.03868002 0.01306292
v -0.00004811 0.03864404 0.01312383
v -0.00320055 0.03915574 0.01230685
v -0.00449262 0.03947118 0.01142870
v -0.00448016 0.03955531 0.01146007
v -0.00408080 0.04386826 0.00335704
v -0.00384062 0.04388103 0.00313497
v 0.00620251 0.04163932 0.00774023
v 0.00627853 0.04118844 0.00820123
v 0.00598946 0.04251310 0.00570765
v -0.00156331 0.04436673 0.00221735
v 0.00632144 0.04150642 0.00760321
v 0.00612881 0.04081339 0.00890660
v 0.00516726 0.03983610 0.01074461
v 0.00630876 0.04173004 0.00718264
v 0.00621709 0.04207843 0.00652741
v 0.00614818 0.04223299 0.00623673
v -0.00083009 0.04149683 0.00761484
v 0.00578149 0.04274333 0.00527690
v -0.00313519 0.04410539 0.00271526
v 0.00600270 0.04247601 0.00577966
v 0.00627052 0.04191893 0.00682740
v -0.00310223 0.03897601 0.01236222
v -0.00398089 0.03934266 0.01186530
v -0.00354991 0.03916967 0.01214535
v 0.00578767 0.04033501 0.00980406
v 0.00605056 0.04079937 0.00917843
v 0.00605171 0.04066301 0.00918720
v 0.00617543 0.04087852 0.00878186
v 0.00630321 0.04184501 0.00696418
v 0.00629167 0.04132463 0.00810652
v 0.00632724 0.04138318 0.00783274
v 0.00625491 0.04201891 0.00663710
v 0.00621598 0.04107239 0.00858021
v 0.00623647 0.04113614 0.00829736
v 0.00589511 0.04263273 0.00548267
v 0.00629058 0.04119265 0.00819108
v 0.00624309 0.04103478 0.00848799
v 0.00633510 0.04159040 0.00744302
v 0.00631210 0.04177085 0.00727036
v 0.00632391 0.04173381 0.00717330
v 0.00624841 0.04206640 0.00674086
v -0.00627551 0.04148695 0.00763981
v 0.00597495 0.04257923 0.00574805
v 0.00632082 0.04154005 0.00768490
v -0.00599082 0.04242862 0.00586880
v 0.00092777 0.04415973 0.01124536
v 0.00618748 0.04222021 0.00654342
v 0.00613509 0.04224095 0.00621950
v 0.00630751 0.04166467 0.00762669
v -0.00576750 0.04056192 0.00970068
v 0.00358253 0.03910254 0.01212424
v -0.00326416 0.03917156 0.01231555
v -0.00458794 0.03967247 0.01137348
v -0.00039687 0.03874657 0.01311484
v 0.00627110 0.04132778 0.00826029
v 0.00590599 0.04067792 0.00948251
v -0.00449501 0.03973392 0.01132258
v 0.00493728 0.03983898 0.01106032
v 0.00579944 0.04044758 0.00978537
v -0.00442333 0.04364195 0.00358686
v -0.00381119 0.04389321 0.00311431
v 0.00590493 0.04046753 0.00955483
v -0.00519829 0.04320018 0.00441769
v 0.00543034 0.04004150 0.01035608
v -0.00246953 0.04426172 0.00242124
v -0.00623708 0.04151175 0.00758677
v -0.00184712 0.03885764 0.01290595
v -0.00548236 0.04298315 0.00482588
v 0.00590058 0.04047982 0.00953396
v -0.00487629 0.04340450 0.00403344
v -0.00626454 0.04174271 0.00715881
v -0.00617208 0.04208998 0.00650570
v -0.00609222 0.04217479 0.00633978
v -0.00575320 0.04272739 0.00530690
v -0.00389919 0.04398576 0.00326135
v 0.00021914 0.04462435 0.00206035
v -0.00626294 0.04154414 0.00785338
v 0.00227286 0.04443277 0.00242066
v -0.00606792 0.04124264 0.00848437
v 0.00136821 0.04456314 0.00217548
v 0.00232562 0.03879200 0.01270830
v 0.00122137 0.03864077 0.01299272
v 0.00181275 0.03870918 0.01286405
v -0.00557874 0.04285489 0.00506069
v -0.00040042 0.03859199 0.01308444
v 0.00034671 0.03859114 0.01308603
v 0.00075694 0.03860809 0.01305416
v -0.00421242 0.04371094 0.00345069
v 0.00447282 0.03944481 0.01148053
v 0.00288108 0.03890872 0.01248878
v 0.00559301 0.04016130 0.01013301
v -0.00039316 0.03879711 0.01308557
v 0.00368578 0.04407816 0.00308759
v 0.00287334 0.03909863 0.01252750
v 0.00500390 0.03998516 0.01084937
v 0.00378745 0.03932911 0.01201925
v -0.00113625 0.04458155 0.00214084
v 0.00168894 0.03883439 0.01294968
v 0.00261477 0.03898533 0.01266581
v -0.00284331 0.04430699 0.00265722
v -0.00492755 0.04346451 0.00431127
v -0.00605870 0.04241680 0.00621214
v -0.00618967 0.04120441 0.00849233
v 0.00587375 0.04076938 0.00937358
v -0.00479240 0.04357042 0.00404251
v -0.00147851 0.04453425 0.00229397
v -0.00608135 0.04227506 0.00653731
v 0.00100258 0.04457344 0.00222271
v 0.00592525 0.04270400 0.00567200
v 0.00594094 0.04255296 0.00602597
v -0.00302135 0.03916514 0.01239292
v 0.00472043 0.04363517 0.00392072
v -0.00346333 0.04409671 0.00311771
v 0.00388186 0.04518745 0.00427554
v -0.00438701 0.04367597 0.00326043
v -0.00533807 0.03953288 0.01097735
v 0.00498397 0.04343591 0.00436029
v 0.00523027 0.04451747 0.00593149
v 0.00528947 0.04446456 0.00603100
v 0.00152542 0.04576175 0.00319543
v 0.00496960 0.04472278 0.00554536
v 0.00416258 0.04518358 0.00467872
v 0.00451061 0.04500914 0.00500680
v 0.00484929 0.04470254 0.00518752
v 0.00434059 0.04509812 0.00483945
v 0.00202166 0.04581358 0.00349387
v 0.00190138 0.04583317 0.00345703
v 0.00510550 0.04452807 0.00551565
v 0.00442662 0.04505406 0.00492232
v -0.00554511 0.04043032 0.01001597
v 0.00329586 0.04417973 0.00296474
v 0.00503828 0.04467245 0.00564001
v 0.00425256 0.04514130 0.00475824
v -0.00588898 0.04331993 0.00818374
v 0.00086025 0.04582098 0.00308403
v 0.00458060 0.04486327 0.00488524
v -0.00579525 0.04319535 0.00881394
v -0.00533538 0.04442234 0.00650632
v -0.00487719 0.04465538 0.00527622
v 0.00304230 0.04546827 0.00374739
v -0.00596217 0.04290017 0.00857729
v 0.00432914 0.04519676 0.00504984
v -0.00618290 0.04068305 0.00879422
v -0.00485131 0.04477438 0.00544833
v -0.00540591 0.04430460 0.00633184
v -0.00499115 0.04467448 0.00563620
v -0.00535399 0.04435918 0.00622920
v -0.00505760 0.04462350 0.00573208
v -0.00492237 0.04472478 0.00554160
v -0.00518341 0.04451958 0.00592753
v 0.00368476 0.04538083 0.00430774
v 0.00330035 0.04561831 0.00425701
v 0.00430926 0.04500320 0.00462206
v -0.00568127 0.04388808 0.00671930
v 0.00397690 0.04526537 0.00452490
v 0.00388129 0.04530484 0.00445067
v 0.00407068 0.04522495 0.00460093
v 0.00516864 0.04456978 0.00583312
v 0.00358393 0.04541732 0.00423911
v 0.00229269 0.04462647 0.00154549
v 0.00203563 0.04593059 0.00366970
v 0.00165827 0.04586868 0.00339023
v 0.00499087 0.04478373 0.00582664
v 0.00153555 0.04588459 0.00336031
v 0.00116341 0.04592483 0.00328464
v 0.00071262 0.04607932 0.00338998
v 0.00378390 0.04534333 0.00437827
v -0.00273554 0.04553199 0.00362756
v -0.00429267 0.04509987 0.00483617
v -0.00420456 0.04514301 0.00475503
v -0.00154258 0.04031764 0.01343431
v -0.00260593 0.04556266 0.00356986
v -0.00300718 0.04558528 0.00392324
v 0.00002477 0.04597699 0.00318654
v 0.00302381 0.04570146 0.00410064
v -0.00373553 0.04534485 0.00437541
v 0.00053339 0.04596660 0.00320608
v -0.00022979 0.04597447 0.00319128
v 0.00040644 0.04597112 0.00319757
v -0.00002361 0.04585084 0.00302789
v -0.00289713 0.04561533 0.00386672
v -0.00332873 0.04548857 0.00410513
v 0.00027931 0.04597436 0.00319148
v -0.00322304 0.04552189 0.00404247
v -0.00439719 0.04494024 0.00474048
v -0.00010254 0.04597637 0.00318770
v 0.00260808 0.04569766 0.00371187
v -0.00173093 0.04585225 0.00342114
v -0.00209183 0.04579363 0.00353138
v -0.00197243 0.04581438 0.00349235
v -0.00160894 0.04586934 0.00338899
v -0.00244391 0.04572421 0.00366196
v -0.00278572 0.04564426 0.00381231
v -0.00209252 0.04081593 0.01328897
v 0.00204357 0.04038491 0.01330780
v -0.00232762 0.04574853 0.00361621
v 0.00660435 0.04263241 0.00758457
v -0.00111898 0.04047363 0.01353686
v -0.00149112 0.04051386 0.01346119
v -0.00170755 0.04572940 0.00325627
v -0.00274452 0.04577249 0.00396705
v -0.00161384 0.04052977 0.01343127
v -0.00185696 0.04056529 0.01336447
v -0.00245235 0.04047100 0.01314590
v -0.00128555 0.04069755 0.01351162
v -0.00197723 0.04058488 0.01332762
v -0.00173581 0.04054691 0.01339902
v 0.00098863 0.04581445 0.00309633
v -0.00493366 0.04480430 0.00578794
v 0.00015207 0.04597632 0.00318780
v 0.00091258 0.04594536 0.00324603
v -0.00028855 0.04609470 0.00336106
v 0.00066010 0.04596080 0.00321699
v 0.00021274 0.04609745 0.00335589
v -0.00545532 0.04424952 0.00643544
v 0.00103823 0.04593573 0.00326414
v -0.00529959 0.04441322 0.00612757
v -0.00524272 0.04446669 0.00602699
v 0.00278249 0.04552917 0.00363285
v 0.00467231 0.04491681 0.00518045
v 0.00214102 0.04579277 0.00353299
v -0.00136274 0.04589982 0.00333167
v 0.00237673 0.04574758 0.00361800
v 0.00459252 0.04496338 0.00509286
v 0.00428386 0.04522721 0.00499256
v 0.00474995 0.04486944 0.00526954
v 0.00234774 0.04562816 0.00344668
v 0.00549698 0.04418033 0.00616965
v 0.00225939 0.04577077 0.00357438
v 0.00178023 0.04585154 0.00342247
v 0.00482540 0.04482130 0.00536008
v 0.00510464 0.04462145 0.00573595
v -0.00540160 0.04436359 0.00661680
v 0.00174119 0.04573040 0.00325439
v 0.00489863 0.04477240 0.00545204
v 0.00128806 0.04591267 0.00330750
v -0.00161504 0.04574271 0.00323125
v 0.00370850 0.04525533 0.00414788
v -0.00562736 0.04402456 0.00685851
v 0.00141213 0.04589926 0.00333273
v 0.00348145 0.04545279 0.00417242
v 0.00337737 0.04548721 0.00410768
v -0.00589314 0.04326019 0.00829609
v -0.00588920 0.04308092 0.00863326
v -0.00589456 0.04320043 0.00840850
v -0.00512169 0.04457186 0.00582921
v -0.00343070 0.04556648 0.00435450
v -0.00311584 0.04555413 0.00398183
v 0.00540055 0.04435700 0.00623329
v 0.00113098 0.04604967 0.00344576
v 0.00305599 0.04558405 0.00392554
v -0.00085688 0.04606588 0.00341526
v -0.00378191 0.04520722 0.00423835
v 0.00534625 0.04441106 0.00613162
v 0.00545237 0.04430241 0.00633597
v 0.00249297 0.04572320 0.00366384
v 0.00283464 0.04564312 0.00381445
v 0.00316459 0.04555286 0.00398421
v 0.00272198 0.04567096 0.00376209
v 0.00294599 0.04561415 0.00386895
v -0.00081070 0.04582132 0.00308340
v 0.00189820 0.04594678 0.00363926
v 0.00327173 0.04552057 0.00404494
v 0.00521218 0.04459768 0.00617655
v -0.00148619 0.04588520 0.00335916
v 0.00078652 0.04595371 0.00323031
v -0.00098878 0.04593613 0.00326337
v -0.00428059 0.04108089 0.01199886
v -0.00587288 0.04296163 0.00885760
v -0.00580755 0.04272459 0.00930340
v -0.00566528 0.04243344 0.00985097
v -0.00582795 0.04278359 0.00919244
v -0.00530182 0.04198739 0.01068988
v -0.00124363 0.04048578 0.01351400
v -0.00556065 0.04258103 0.00996931
v -0.00279021 0.04075533 0.01300704
v -0.00584565 0.04284278 0.00908112
v -0.00308228 0.04567917 0.00414256
v -0.00168164 0.04033719 0.01339755
v -0.00074209 0.04044474 0.01359119
v 0.00592651 0.04301884 0.00875000
v -0.00099380 0.04046272 0.01355736
v -0.00041866 0.04063592 0.01362753
v -0.00564512 0.04272274 0.00970278
v -0.00499204 0.04149097 0.01122761
v -0.00332318 0.04070038 0.01271450
v 0.00591731 0.04343682 0.00796390
v -0.00086815 0.04045310 0.01357547
v -0.00393247 0.04113308 0.01229660
v -0.00578801 0.04319552 0.00881362
v 0.00592684 0.04337722 0.00807599
v -0.00537340 0.04425754 0.00602444
v -0.00185212 0.04583393 0.00345560
v 0.00593363 0.04331753 0.00818824
v -0.00383299 0.04530640 0.00444774
v -0.00363632 0.04538231 0.00430496
v 0.00590506 0.04349631 0.00785201
v -0.00353543 0.04541877 0.00423641
v -0.00418351 0.04525624 0.00493797
v -0.00554649 0.04413791 0.00664534
v -0.00392867 0.04526697 0.00452189
v -0.00454809 0.04143507 0.01172864
v -0.00572899 0.04385175 0.00718353
v -0.00343288 0.04545419 0.00416978
v -0.00462788 0.04148165 0.01164105
v -0.00337361 0.04535513 0.00396017
v -0.00438219 0.04134440 0.01189918
v -0.00578347 0.04373499 0.00740313
v -0.00558822 0.04408144 0.00675154
v -0.00429616 0.04130033 0.01198204
v -0.00495320 0.04146673 0.01127319
v -0.00574369 0.04380609 0.00687349
v -0.00446618 0.04138932 0.01181470
v -0.00420814 0.04125715 0.01206325
v -0.00334642 0.04113102 0.01269638
v -0.00403110 0.04096273 0.01222107
v -0.00579707 0.04236955 0.00957524
v -0.00457101 0.04122288 0.01173181
v -0.00383686 0.04109361 0.01237083
v -0.00076822 0.04024510 0.01357074
v -0.00573019 0.04254903 0.00963359
v -0.00586063 0.04290214 0.00896949
v -0.00595638 0.04289659 0.00858402
v -0.00578445 0.04266582 0.00941395
v -0.00569906 0.04249107 0.00974259
v -0.00575866 0.04260729 0.00952403
v -0.00402625 0.04117351 0.01222057
v 0.00346924 0.04073359 0.01265203
v 0.00596388 0.04339604 0.00764469
v -0.00411450 0.04518525 0.00467557
v -0.00587244 0.04343921 0.00795941
v -0.00477925 0.04491518 0.00557941
v -0.00588208 0.04337961 0.00807150
v -0.00589325 0.04314066 0.00852090
v -0.00446285 0.04501095 0.00500339
v -0.00462473 0.04491869 0.00517691
v -0.00477799 0.04482324 0.00535643
v -0.00373947 0.04105512 0.01244322
v -0.00586008 0.04349870 0.00784753
v -0.00411815 0.04121487 0.01214278
v -0.00588241 0.04302123 0.00874551
v 0.00071435 0.04065215 0.01359701
v -0.00591252 0.04342861 0.00758344
v -0.00202812 0.04592062 0.00368845
v -0.00584499 0.04355805 0.00773591
v 0.00153062 0.04051325 0.01346234
v 0.00227872 0.04084121 0.01324143
v 0.00189655 0.04056453 0.01336590
v 0.00177536 0.04054620 0.01340036
v 0.00085590 0.04024633 0.01356844
v 0.00165337 0.04052911 0.01343251
v -0.00509621 0.04449217 0.00558316
v 0.00140717 0.04049863 0.01348982
v -0.00267302 0.04567206 0.00376003
v -0.00221024 0.04577168 0.00357267
v -0.00255906 0.04569871 0.00370991
v -0.00550218 0.04419395 0.00653996
v -0.00566387 0.04396731 0.00696620
v -0.00575757 0.04379351 0.00729307
v -0.00580668 0.04367622 0.00751366
v -0.00569776 0.04390969 0.00707455
v -0.00378734 0.04543425 0.00460319
v -0.00574610 0.04371981 0.00782759
v -0.00582719 0.04361723 0.00762460
v -0.00048388 0.04596681 0.00320569
v -0.00136770 0.04049920 0.01348877
v -0.00061060 0.04596105 0.00321651
v -0.00073703 0.04595402 0.00322973
v -0.00518583 0.04188098 0.01089001
v -0.00539738 0.04235851 0.01038781
v -0.00111398 0.04592529 0.00328377
v -0.00123865 0.04591318 0.00330654
v -0.00443485 0.04512493 0.00518493
v 0.00013769 0.04584999 0.00302948
v -0.00035692 0.04597128 0.00319728
v -0.00545255 0.04188990 0.01047732
v -0.00524504 0.04193389 0.01079050
v -0.00167065 0.04597451 0.00358711
v -0.00086311 0.04594572 0.00324536
v -0.00512421 0.04182868 0.01098838
v -0.00535612 0.04204145 0.01058821
v -0.00470245 0.04487135 0.00526594
v -0.00592919 0.04336854 0.00769641
v -0.00568222 0.04391974 0.00745156
v -0.00402253 0.04522658 0.00459785
v -0.00454485 0.04496523 0.00508938
v -0.00079490 0.04582286 0.00308051
v -0.00418086 0.04504217 0.00454878
v -0.00437878 0.04505584 0.00491897
v 0.00225467 0.04062678 0.01324882
v 0.00201686 0.04058407 0.01332915
v 0.00593341 0.04307852 0.00863776
v 0.00517827 0.04208899 0.01089470
v 0.00175197 0.04034082 0.01339071
v 0.00593757 0.04313826 0.00852541
v 0.00601571 0.04307174 0.00825462
v 0.00482540 0.04449309 0.00518557
v 0.00213625 0.04060482 0.01329011
v 0.00596926 0.04267905 0.00899315
v 0.00427998 0.04150300 0.01199679
v 0.00387742 0.04109205 0.01237376
v 0.00199983 0.04079231 0.01333340
v 0.00237205 0.04064992 0.01320529
v 0.00540055 0.04402879 0.00605878
v 0.00377996 0.04105360 0.01244609
v 0.00582141 0.04362660 0.00800288
v 0.00583735 0.04234417 0.00962297
v 0.00523027 0.04550208 0.00645501
v 0.00528947 0.04512097 0.00638002
v 0.00549698 0.04483675 0.00651868
v 0.00545237 0.04397420 0.00616146
v 0.00534625 0.04408285 0.00595710
v 0.00582715 0.04310483 0.00898419
v 0.00523027 0.04517388 0.00628051
v 0.00496960 0.04439457 0.00537085
v 0.00523027 0.04386106 0.00558247
v 0.00549698 0.04352393 0.00582064
v 0.00506054 0.04390311 0.00510751
v 0.00467231 0.04426040 0.00483143
v 0.00528947 0.04380815 0.00568198
v 0.00503828 0.04434424 0.00546550
v 0.00001966 0.04042147 0.01363496
v -0.00048896 0.04043185 0.01361542
v -0.00023489 0.04042409 0.01363002
v 0.00058308 0.04064046 0.01361899
v 0.00545237 0.04495882 0.00668499
v -0.00036201 0.04042733 0.01362393
v -0.00061567 0.04043766 0.01360451
v -0.00343702 0.04094566 0.01264908
v 0.00516612 0.04182659 0.01099229
v -0.00333294 0.04091124 0.01271382
v -0.00075239 0.04065717 0.01358756
v -0.00353950 0.04098113 0.01258238
v -0.00364033 0.04101762 0.01251375
v 0.00539843 0.04203928 0.01059230
v 0.00549974 0.04214894 0.01038606
v 0.00562926 0.04263659 0.00986482
v 0.00522784 0.04187887 0.01089397
v 0.00260349 0.04069974 0.01311159
v 0.00545034 0.04209385 0.01048966
v 0.00316027 0.04084432 0.01283967
v 0.00271744 0.04072640 0.01306147
v 0.00283015 0.04075420 0.01300919
v 0.00294156 0.04078313 0.01295478
v 0.00305161 0.04081317 0.01289826
v 0.00273959 0.04052534 0.01304369
v 0.00313571 0.04105453 0.01284023
v 0.00451061 0.04599374 0.00553032
v 0.00248834 0.04067425 0.01315954
v 0.00599418 0.04283754 0.00869508
v -0.00256365 0.04070079 0.01310962
v -0.00209659 0.04060568 0.01328850
v -0.00329517 0.04069290 0.01272855
v -0.00312016 0.04084560 0.01283728
v -0.00230109 0.04085785 0.01321014
v 0.00406696 0.04117187 0.01222365
v -0.00308541 0.04104955 0.01284961
v -0.00322730 0.04087788 0.01277656
v -0.00290157 0.04078431 0.01295255
v 0.00337316 0.04090989 0.01271637
v 0.00374299 0.04082714 0.01247609
v 0.00415893 0.04121320 0.01214593
v 0.00397310 0.04113149 0.01229961
v 0.00021303 0.04022303 0.01361225
v 0.00589008 0.04355567 0.00774038
v -0.00550401 0.04220675 0.01027733
v -0.00301157 0.04081440 0.01289596
v -0.00540794 0.04209604 0.01048553
v 0.00591687 0.04295924 0.00886209
v -0.00562887 0.04237617 0.00995869
v -0.00558984 0.04231928 0.01006569
v 0.00014697 0.04042208 0.01363380
v -0.00056714 0.04023851 0.01358314
v -0.00575593 0.04228862 0.00972744
v 0.00027422 0.04042399 0.01363022
v -0.00545724 0.04215115 0.01038189
v 0.00576333 0.04222810 0.00984126
v 0.00052831 0.04043164 0.01361581
v -0.00554821 0.04226280 0.01017192
v -0.00517696 0.04213092 0.01081584
v 0.00040135 0.04042717 0.01362422
v -0.00010764 0.04042213 0.01363370
v -0.00401023 0.04138863 0.01221189
v -0.00499385 0.04172600 0.01118148
v -0.00470552 0.04152901 0.01155196
v -0.00463562 0.04171783 0.01159275
v -0.00492517 0.04167567 0.01127614
v -0.00506021 0.04177701 0.01108555
v -0.00478097 0.04157716 0.01146141
v -0.00446989 0.04161983 0.01177706
v 0.00550167 0.04424730 0.00643961
v -0.00485420 0.04162605 0.01136946
v 0.00115763 0.04027147 0.01352115
v 0.00563265 0.04231701 0.01006996
v 0.00143191 0.04070885 0.01349037
v 0.00554661 0.04220451 0.01028154
v 0.00510203 0.04177495 0.01108942
v -0.00500725 0.04198165 0.01109659
v -0.00387397 0.04132774 0.01232641
v 0.00090754 0.04045274 0.01357614
v -0.00231856 0.04044455 0.01319563
v 0.00065503 0.04043740 0.01360499
v 0.00128308 0.04048527 0.01351496
v 0.00103320 0.04046232 0.01355813
v 0.00425854 0.04104458 0.01206714
v -0.00244855 0.04067525 0.01315766
v -0.00221496 0.04062768 0.01324712
v 0.00115841 0.04047316 0.01353773
v 0.00078146 0.04044443 0.01359177
v -0.00233230 0.04065087 0.01320350
v -0.00539816 0.04183499 0.01058059
v -0.00267756 0.04072749 0.01305941
v 0.00503558 0.04172397 0.01118530
v 0.00442321 0.04134262 0.01190253
v 0.00489574 0.04162408 0.01137317
v 0.00368476 0.04636544 0.00483127
v 0.00434059 0.04542633 0.00501397
v 0.00540055 0.04566981 0.00693132
v 0.00545237 0.04331780 0.00581244
v 0.00442662 0.04538227 0.00509683
v 0.00478230 0.04132200 0.01154539
v 0.00534625 0.04342645 0.00560809
v 0.00509225 0.04201891 0.01102651
v 0.00496960 0.04373817 0.00502184
v 0.00496680 0.04167367 0.01127990
v 0.00433710 0.04129859 0.01198533
v 0.00540055 0.04337240 0.00570976
v 0.00358393 0.04640193 0.00476264
v 0.00424900 0.04125544 0.01206647
v 0.00358393 0.04607373 0.00458813
v 0.00521177 0.04378686 0.00532613
v 0.00368476 0.04603725 0.00465676
v 0.00482242 0.04157522 0.01146507
v 0.00503828 0.04368785 0.00511649
v 0.00463490 0.04372149 0.00465733
v 0.00474688 0.04152710 0.01155556
v 0.00475993 0.04176955 0.01149549
v 0.00294599 0.04627056 0.00421797
v 0.00482540 0.04580590 0.00588360
v 0.00489863 0.04575701 0.00597556
v 0.00305599 0.04624046 0.00427456
v 0.00434059 0.04444171 0.00449044
v 0.00394872 0.04134683 0.01229050
v 0.00442662 0.04603866 0.00544584
v 0.00434059 0.04608272 0.00536298
v 0.00434059 0.04575453 0.00518847
v 0.00457127 0.04421309 0.00452452
v 0.00425256 0.04546951 0.00493276
v 0.00482540 0.04547771 0.00570910
v 0.00442662 0.04439764 0.00457330
v 0.00442662 0.04571047 0.00527134
v 0.00570971 0.04396500 0.00697053
v 0.00311388 0.04104326 0.01286143
v 0.00567330 0.04402228 0.00686281
v 0.00559264 0.04413566 0.00664958
v 0.00451061 0.04468093 0.00483229
v 0.00563427 0.04407917 0.00675581
v 0.00496103 0.04143885 0.01132562
v 0.00559092 0.04226054 0.01017616
v 0.00574349 0.04390738 0.00707891
v 0.00580791 0.04361487 0.00802493
v 0.00543444 0.04182575 0.01059797
v 0.00561026 0.04414637 0.00702534
v 0.00534402 0.04198524 0.01069393
v 0.00450728 0.04138750 0.01181811
v 0.00451061 0.04435273 0.00465778
v 0.00425850 0.04104456 0.01206717
v 0.00466915 0.04147976 0.01164459
v 0.00458928 0.04143322 0.01173212
v 0.00520918 0.04162487 0.01097578
v 0.00528715 0.04193176 0.01079451
v 0.00467231 0.04557322 0.00552947
v 0.00588942 0.04284041 0.00908559
v 0.00451061 0.04533735 0.00518131
v 0.00583176 0.04315636 0.00888728
v 0.00459252 0.04430697 0.00474384
v 0.00528947 0.04577737 0.00672903
v 0.00496960 0.04505099 0.00571987
v 0.00577013 0.04384055 0.00680869
v 0.00593900 0.04319803 0.00841300
v 0.00506054 0.04521593 0.00580555
v 0.00444511 0.04559486 0.00509287
v 0.00582790 0.04266347 0.00941837
v 0.00515814 0.04334218 0.00537072
v 0.00593768 0.04325780 0.00830060
v 0.00278713 0.04053992 0.01301628
v 0.00326747 0.04087657 0.01277903
v 0.00368075 0.04101614 0.01251654
v 0.00459252 0.04397877 0.00456933
v 0.00577462 0.04384942 0.00718791
v 0.00347731 0.04094427 0.01265171
v 0.00451061 0.04402453 0.00448328
v 0.00357985 0.04097969 0.01258509
v 0.00585198 0.04367386 0.00751810
v 0.00582888 0.04373263 0.00740756
v 0.00474995 0.04421303 0.00492052
v 0.00580309 0.04379116 0.00729748
v 0.00467231 0.04524502 0.00535496
v 0.00554844 0.04419171 0.00654416
v 0.00474995 0.04519765 0.00544405
v 0.00598043 0.04336649 0.00770027
v 0.00587239 0.04361486 0.00762906
v 0.00563965 0.04408907 0.00713311
v 0.00540055 0.04370059 0.00588427
v 0.00528947 0.04347995 0.00550748
v 0.00545237 0.04364600 0.00598695
v 0.00469635 0.04611294 0.00570202
v 0.00523027 0.04353287 0.00540796
v 0.00459251 0.04627619 0.00579089
v 0.00474995 0.04388483 0.00474601
v 0.00534625 0.04375465 0.00578260
v 0.00528947 0.04479277 0.00620551
v 0.00451061 0.04566555 0.00535582
v 0.00574219 0.04248876 0.00974695
v 0.00570831 0.04243114 0.00985530
v 0.00567179 0.04237388 0.00996299
v 0.00451061 0.04632195 0.00570483
v 0.00489402 0.04419841 0.00534388
v 0.00467231 0.04393220 0.00465692
v 0.00474995 0.04454123 0.00509503
v 0.00577343 0.04254670 0.00963797
v 0.00440489 0.04648224 0.00579924
v 0.00459252 0.04561979 0.00544188
v 0.00433119 0.04586405 0.00537835
v 0.00523027 0.04484569 0.00610600
v 0.00590451 0.04289976 0.00897397
v 0.00467231 0.04458860 0.00500594
v 0.00474995 0.04618225 0.00596757
v 0.00540055 0.04468521 0.00640780
v 0.00459252 0.04594798 0.00561638
v 0.00534625 0.04473927 0.00630613
v 0.00557313 0.04197074 0.01032529
v 0.00545237 0.04463062 0.00651048
v 0.00459252 0.04529159 0.00526737
v 0.00508798 0.04404749 0.00562772
v 0.00587162 0.04278122 0.00919690
v 0.00585111 0.04272223 0.00930784
v 0.00442662 0.04636687 0.00562035
v 0.00545237 0.04561521 0.00703400
v 0.00294599 0.04692695 0.00456698
v 0.00327173 0.04453596 0.00352141
v 0.00316459 0.04456825 0.00346069
v 0.00305599 0.04689686 0.00462357
v 0.00503828 0.04598526 0.00633805
v 0.00434059 0.04641093 0.00553749
v 0.00116341 0.04690943 0.00380816
v 0.00103823 0.04692033 0.00378766
v 0.00245642 0.04650639 0.00417029
v 0.00305599 0.04492764 0.00357652
v 0.00202166 0.04548537 0.00331936
v 0.00176504 0.04662428 0.00394858
v 0.00272198 0.04632737 0.00411111
v 0.00294599 0.04495773 0.00351993
v 0.00283464 0.04662772 0.00433798
v 0.00503828 0.04500066 0.00581453
v 0.00488977 0.04533533 0.00558099
v 0.00214102 0.04546456 0.00335848
v 0.00510464 0.04429324 0.00556143
v 0.00496960 0.04603559 0.00624340
v 0.00510464 0.04560605 0.00625947
v 0.00358393 0.04476091 0.00389009
v 0.00407602 0.04445133 0.00407646
v 0.00283464 0.04629953 0.00416347
v 0.00368476 0.04472442 0.00395872
v 0.00516864 0.04424157 0.00565861
v 0.00071262 0.04673572 0.00373899
v 0.00390618 0.04409074 0.00396288
v 0.00153555 0.04555638 0.00318580
v 0.00165827 0.04554047 0.00321572
v 0.00358393 0.04574553 0.00441363
v 0.00214102 0.04513636 0.00318398
v 0.00315312 0.04675001 0.00450386
v 0.00368476 0.04570904 0.00448226
v 0.00496396 0.04594219 0.00602315
v 0.00239313 0.04496385 0.00311254
v 0.00283464 0.04695593 0.00451249
v 0.00202166 0.04515716 0.00314485
v 0.00358393 0.04443272 0.00371559
v 0.00503828 0.04532886 0.00598903
v 0.00368476 0.04439623 0.00378422
v 0.00580200 0.04260495 0.00952843
v 0.00305599 0.04525584 0.00375103
v 0.00503828 0.04565705 0.00616354
v 0.00496960 0.04537919 0.00589438
v 0.00294599 0.04528594 0.00369443
v 0.00553168 0.04246593 0.01018578
v 0.00496960 0.04570738 0.00606888
v 0.00393600 0.04472976 0.00434456
v 0.00305599 0.04591226 0.00410005
v 0.00363207 0.04659601 0.00479351
v 0.00358393 0.04508911 0.00406460
v 0.00503828 0.04401604 0.00529099
v 0.00368476 0.04505263 0.00413323
v 0.00496960 0.04406637 0.00519634
v 0.00534625 0.04572387 0.00682965
v 0.00523027 0.04583028 0.00662952
v 0.00272198 0.04534275 0.00358757
v 0.00337737 0.04647181 0.00463120
v 0.00532522 0.04565154 0.00656979
v 0.00327173 0.04584878 0.00421945
v 0.00348145 0.04479638 0.00382340
v 0.00528947 0.04413635 0.00585649
v 0.00316459 0.04588107 0.00415873
v 0.00337737 0.04614362 0.00445670
v 0.00348145 0.04643739 0.00469594
v 0.00304230 0.04612469 0.00409641
v 0.00451676 0.04555383 0.00517005
v 0.00523027 0.04418926 0.00575698
v 0.00545237 0.04528701 0.00685949
v 0.00534625 0.04539566 0.00665514
v 0.00459252 0.04463517 0.00491834
v 0.00528947 0.04544916 0.00655452
v 0.00549696 0.04418036 0.00616961
v 0.00407068 0.04555316 0.00477544
v 0.00348145 0.04610920 0.00452144
v 0.00295590 0.04507048 0.00370375
v 0.00397690 0.04559358 0.00469941
v 0.00337737 0.04483080 0.00375866
v 0.00397690 0.04657818 0.00522293
v 0.00540055 0.04501341 0.00658231
v 0.00498689 0.04544333 0.00616963
v 0.00315056 0.04477886 0.00346046
v 0.00348145 0.04578100 0.00434693
v 0.00337737 0.04581542 0.00428219
v 0.00540055 0.04534160 0.00675681
v 0.00327173 0.04519236 0.00387042
v 0.00534625 0.04506747 0.00648064
v 0.00316459 0.04522465 0.00380970
v 0.00407068 0.04653775 0.00529896
v 0.00355306 0.04488132 0.00405952
v 0.00416258 0.04551179 0.00485323
v 0.00585169 0.04369403 0.00708425
v 0.00294599 0.04659875 0.00439247
v 0.00305599 0.04656866 0.00444906
v 0.00381192 0.04586949 0.00457638
v 0.00367053 0.04591963 0.00448208
v 0.00327173 0.04617698 0.00439396
v 0.00489863 0.04542881 0.00580106
v 0.00407068 0.04620955 0.00512445
v 0.00397690 0.04624997 0.00504842
v 0.00294599 0.04594235 0.00404346
v 0.00294599 0.04462954 0.00334542
v 0.00316459 0.04620927 0.00433323
v 0.00416258 0.04649639 0.00537675
v 0.00425256 0.04645411 0.00545628
v 0.00368105 0.04657622 0.00483071
v 0.00368476 0.04669364 0.00500578
v 0.00397690 0.04592178 0.00487392
v 0.00305599 0.04459945 0.00340202
v 0.00358393 0.04673013 0.00493715
v 0.00442662 0.04472585 0.00474781
v 0.00434059 0.04476991 0.00466494
v 0.00416258 0.04485537 0.00450421
v 0.00425256 0.04481309 0.00458373
v 0.00407068 0.04588135 0.00494995
v 0.00434059 0.04411351 0.00431593
v 0.00425256 0.04579771 0.00510726
v 0.00316459 0.04489645 0.00363519
v 0.00442662 0.04406945 0.00439879
v 0.00327173 0.04486416 0.00369592
v 0.00416258 0.04583999 0.00502774
v 0.00425256 0.04612590 0.00528177
v 0.00350889 0.04620323 0.00474045
v 0.00416258 0.04616819 0.00520224
v 0.00469202 0.04414209 0.00465805
v 0.00489863 0.04510061 0.00562655
v 0.00482540 0.04383669 0.00483656
v 0.00416258 0.04452717 0.00432970
v 0.00489863 0.04378780 0.00492851
v 0.00178023 0.04519513 0.00307345
v 0.00091258 0.04660177 0.00359505
v 0.00015207 0.04696092 0.00371132
v 0.00425256 0.04448489 0.00440922
v 0.00116341 0.04559662 0.00311012
v 0.00482540 0.04514951 0.00553459
v 0.00482540 0.04613410 0.00605811
v 0.00489863 0.04608521 0.00615007
v 0.00078652 0.04693832 0.00375384
v 0.00091258 0.04561714 0.00307152
v 0.00078652 0.04529730 0.00288129
v 0.00078652 0.04661012 0.00357933
v 0.00178023 0.04486693 0.00289895
v 0.00091258 0.04528895 0.00289701
v 0.00190139 0.04616138 0.00363154
v 0.00002477 0.04696159 0.00371006
v 0.00178024 0.04617975 0.00359699
v -0.00022979 0.04564626 0.00301677
v -0.00010254 0.04564816 0.00301319
v -0.00058701 0.04714838 0.00375464
v 0.00091258 0.04692996 0.00376955
v 0.00040644 0.04564291 0.00302306
v 0.00015207 0.04663273 0.00353682
v 0.00002477 0.04663340 0.00353556
v 0.00416258 0.04419897 0.00415520
v 0.00002477 0.04564878 0.00301203
v 0.00397961 0.04449156 0.00400079
v 0.00103823 0.04560752 0.00308963
v 0.00467231 0.04622962 0.00587848
v 0.00425256 0.04415669 0.00423472
v 0.00440136 0.04451155 0.00475495
v 0.00149261 0.04510623 0.00284477
v 0.00190138 0.04484856 0.00293350
v 0.00467231 0.04590141 0.00570397
v 0.00128806 0.04656908 0.00365652
v 0.00506062 0.04538255 0.00628393
v 0.00141213 0.04655567 0.00368175
v 0.00149397 0.04642158 0.00353805
v 0.00141213 0.04524285 0.00298371
v 0.00116341 0.04625304 0.00345915
v 0.00128806 0.04525626 0.00295848
v 0.00474995 0.04585404 0.00579306
v 0.00440578 0.04626513 0.00541579
v 0.00489863 0.04411599 0.00510302
v 0.00165827 0.04685329 0.00391375
v 0.00027931 0.04564615 0.00301696
v 0.00378390 0.04435872 0.00385475
v 0.00124130 0.04710261 0.00384071
v 0.00482540 0.04416488 0.00501106
v 0.00388129 0.04432023 0.00392715
v 0.00222836 0.04696387 0.00410166
v 0.00103823 0.04495112 0.00274062
v 0.00178024 0.04716435 0.00412051
v 0.00103823 0.04626394 0.00343865
v 0.00116341 0.04494022 0.00276111
v 0.00098863 0.04647087 0.00344535
v 0.00190138 0.04550496 0.00328251
v 0.00474995 0.04552585 0.00561856
v 0.00128806 0.04624088 0.00348201
v 0.00178023 0.04552333 0.00324796
v 0.00128806 0.04492806 0.00278398
v 0.00510464 0.04593425 0.00643398
v 0.00178024 0.04650795 0.00377149
v 0.00516864 0.04588258 0.00653115
v 0.00141213 0.04622747 0.00350724
v 0.00141213 0.04721206 0.00403076
v 0.00165827 0.04619689 0.00356474
v 0.00116341 0.04658124 0.00363366
v 0.00141213 0.04557105 0.00315822
v 0.00103823 0.04659214 0.00361316
v 0.00283464 0.04498671 0.00346543
v 0.00388129 0.04497663 0.00427616
v 0.00178024 0.04683614 0.00394600
v 0.00141213 0.04491465 0.00280921
v 0.00378389 0.04501512 0.00420376
v 0.00190139 0.04681777 0.00398055
v 0.00249297 0.04473860 0.00314031
v 0.00190139 0.04648958 0.00380605
v 0.00260808 0.04471305 0.00318835
v 0.00234798 0.04497207 0.00309709
v 0.00153555 0.04719740 0.00405834
v 0.00272198 0.04501455 0.00341307
v 0.00325948 0.04474642 0.00352146
v 0.00128806 0.04558446 0.00313299
v 0.00489863 0.04444419 0.00527752
v 0.00128806 0.04722548 0.00400554
v 0.00272198 0.04468636 0.00323856
v 0.00249297 0.04703601 0.00436187
v 0.00141213 0.04688386 0.00385625
v 0.00249297 0.04605141 0.00383835
v 0.00190138 0.04517676 0.00310801
v 0.00337737 0.04680002 0.00480571
v 0.00128806 0.04689727 0.00383103
v 0.00236299 0.04628210 0.00380037
v 0.00249297 0.04539499 0.00348933
v 0.00272198 0.04698377 0.00446012
v 0.00260808 0.04536945 0.00353736
v 0.00272198 0.04599917 0.00393660
v 0.00191750 0.04529391 0.00328354
v 0.00260808 0.04701047 0.00440991
v 0.00516864 0.04391336 0.00548410
v 0.00283464 0.04465851 0.00329093
v 0.00348145 0.04676560 0.00487045
v 0.00283464 0.04597133 0.00398897
v 0.00178812 0.04638125 0.00361390
v 0.00149397 0.04707797 0.00388706
v 0.00165827 0.04652509 0.00373925
v 0.00153555 0.04654100 0.00370933
v 0.00249297 0.04670781 0.00418736
v 0.00510464 0.04396503 0.00538693
v 0.00153555 0.04686920 0.00388383
v 0.00249297 0.04637961 0.00401286
v 0.00510464 0.04363684 0.00521242
v 0.00313061 0.04632708 0.00450753
v 0.00116341 0.04723764 0.00398267
v 0.00272198 0.04665557 0.00428561
v 0.00260808 0.04635407 0.00406089
v 0.00103823 0.04724853 0.00396217
v 0.00283464 0.04531491 0.00363994
v 0.00516864 0.04358517 0.00530960
v -0.00160894 0.04554113 0.00321447
v -0.00173093 0.04552404 0.00324662
v -0.00197243 0.04679899 0.00401588
v -0.00185212 0.04681853 0.00397912
v -0.00048388 0.04531040 0.00285667
v -0.00061060 0.04628927 0.00339102
v -0.00035692 0.04531487 0.00284826
v 0.00516864 0.04489798 0.00600763
v 0.00510464 0.04494965 0.00591046
v -0.00080220 0.04672468 0.00375975
v 0.00184117 0.04530266 0.00326709
v -0.00136274 0.04557161 0.00315716
v 0.00002477 0.04499238 0.00266302
v -0.00136274 0.04688442 0.00385520
v -0.00148619 0.04686980 0.00388269
v -0.00211295 0.04524507 0.00337541
v 0.00225939 0.04544256 0.00339986
v -0.00185212 0.04550572 0.00328109
v 0.00260057 0.04712538 0.00458968
v -0.00148619 0.04522879 0.00301014
v -0.00048388 0.04498220 0.00268216
v -0.00166180 0.04639325 0.00359132
v 0.00202166 0.04646999 0.00384289
v 0.00337737 0.04450260 0.00358415
v 0.00327173 0.04683338 0.00474297
v -0.00234906 0.04651819 0.00414809
v 0.00348145 0.04446818 0.00364889
v 0.00260808 0.04602587 0.00388639
v -0.00160894 0.04652575 0.00373801
v 0.00316459 0.04686566 0.00468225
v -0.00197243 0.04647079 0.00384137
v -0.00061060 0.04530464 0.00286749
v -0.00073703 0.04529761 0.00288071
v 0.00272291 0.04513111 0.00358974
v -0.00160894 0.04685395 0.00391251
v 0.00214102 0.04612098 0.00370751
v 0.00015207 0.04499171 0.00266427
v 0.00516864 0.04522619 0.00618214
v 0.00002477 0.04532057 0.00283752
v -0.00073703 0.04496941 0.00270621
v -0.00061060 0.04727386 0.00391454
v -0.00061060 0.04497645 0.00269298
v 0.00260808 0.04668226 0.00423540
v -0.00086311 0.04725852 0.00394339
v 0.00091258 0.04627357 0.00342054
v 0.00002477 0.04630519 0.00336105
v -0.00073703 0.04628223 0.00340425
v 0.00091258 0.04496075 0.00272251
v 0.00510464 0.04527786 0.00608497
v 0.00078652 0.04496910 0.00270679
v 0.00316459 0.04653746 0.00450774
v 0.00298551 0.04679549 0.00441833
v 0.00337737 0.04515900 0.00393317
v 0.00015207 0.04630453 0.00336231
v 0.00348145 0.04512458 0.00399790
v -0.00148619 0.04555699 0.00318465
v -0.00091149 0.04540682 0.00307120
v -0.00073703 0.04661043 0.00357875
v -0.00061060 0.04694566 0.00374003
v 0.00260808 0.04504125 0.00336285
v 0.00249297 0.04506679 0.00331482
v -0.00022979 0.04498986 0.00266776
v -0.00073703 0.04693862 0.00375326
v -0.00061060 0.04661746 0.00356553
v -0.00022979 0.04630268 0.00336579
v 0.00214102 0.04480817 0.00300947
v -0.00098878 0.04724894 0.00396140
v -0.00061060 0.04563284 0.00304199
v -0.00073703 0.04562581 0.00305522
v 0.00015207 0.04531991 0.00283878
v 0.00214102 0.04710558 0.00423103
v -0.00010254 0.04630458 0.00336221
v -0.00022979 0.04728727 0.00388931
v 0.00202166 0.04679818 0.00401740
v -0.00048388 0.04727961 0.00390372
v 0.00066010 0.04628900 0.00339150
v -0.00144317 0.04707603 0.00389070
v 0.00214102 0.04644918 0.00388201
v -0.00045853 0.04518467 0.00269724
v -0.00010254 0.04531996 0.00283868
v 0.00053339 0.04662301 0.00355510
v -0.00022979 0.04531806 0.00284226
v 0.00066010 0.04661721 0.00356601
v 0.00002477 0.04728980 0.00388457
v 0.00053339 0.04629481 0.00338059
v 0.00021819 0.04650354 0.00338390
v -0.00010254 0.04728918 0.00388573
v 0.00013766 0.04519277 0.00268200
v -0.00078753 0.04541562 0.00305464
v 0.00007176 0.04478616 0.00265497
v -0.00035692 0.04728409 0.00389531
v 0.00013766 0.04650559 0.00338004
v -0.00130095 0.04733442 0.00419653
v -0.00022979 0.04663088 0.00354030
v 0.00516864 0.04555438 0.00635664
v -0.00012037 0.04716253 0.00372803
v 0.00327173 0.04650517 0.00456846
v -0.00010254 0.04696097 0.00371122
v -0.00010254 0.04499176 0.00266418
v 0.00015207 0.04564811 0.00301329
v 0.00169338 0.04664005 0.00391891
v 0.00105196 0.04646502 0.00345634
v 0.00190139 0.04714597 0.00415506
v 0.00007176 0.04544256 0.00300398
v -0.00010254 0.04663278 0.00353672
v 0.00078652 0.04726652 0.00392835
v -0.00048388 0.04563859 0.00303118
v -0.00035692 0.04564307 0.00302277
v 0.00032241 0.04675184 0.00370867
v 0.00103823 0.04527932 0.00291512
v 0.00165827 0.04718149 0.00408826
v -0.00022979 0.04695907 0.00371480
v 0.00015207 0.04728913 0.00388583
v 0.00066010 0.04694540 0.00374052
v 0.00029884 0.04715951 0.00373370
v 0.00078652 0.04628192 0.00340483
v -0.00035692 0.04695588 0.00372080
v 0.00116341 0.04526842 0.00293562
v 0.00091258 0.04725816 0.00394406
v -0.00048388 0.04695141 0.00372921
v 0.00047579 0.04518448 0.00269759
v 0.00053339 0.04695120 0.00372960
v 0.00040770 0.04543162 0.00302456
v 0.00078652 0.04562550 0.00305580
v 0.00388129 0.04563305 0.00462518
v 0.00421804 0.04635888 0.00523948
v 0.00165827 0.04521227 0.00304121
v 0.00378390 0.04567154 0.00455279
v 0.00153555 0.04522818 0.00301129
v -0.00363632 0.04636692 0.00482848
v 0.00397690 0.04460896 0.00417588
v -0.00221024 0.04708448 0.00427071
v 0.00407068 0.04456853 0.00425191
v -0.00332873 0.04516035 0.00393062
v -0.00255906 0.04701152 0.00440794
v -0.00185212 0.04484932 0.00293207
v -0.00325659 0.04627929 0.00459742
v -0.00373553 0.04632946 0.00489894
v -0.00373553 0.04501664 0.00420090
v 0.00165827 0.04488408 0.00286670
v 0.00153555 0.04489999 0.00283679
v 0.00354429 0.04685731 0.00509383
v -0.00232762 0.04509212 0.00326719
v 0.00153555 0.04621280 0.00353482
v -0.00353543 0.04607518 0.00458543
v 0.00397690 0.04428076 0.00400137
v 0.00407068 0.04424034 0.00407741
v 0.00388129 0.04661765 0.00514870
v 0.00378390 0.04665614 0.00507631
v 0.00397690 0.04493716 0.00435039
v -0.00066227 0.04673158 0.00374677
v -0.00244391 0.04506779 0.00331294
v -0.00301488 0.04701074 0.00480528
v 0.00418024 0.04593375 0.00524727
v 0.00378390 0.04599974 0.00472729
v -0.00267302 0.04600026 0.00393455
v -0.00267302 0.04468745 0.00323651
v 0.00378390 0.04632793 0.00490180
v -0.00136274 0.04491521 0.00280815
v 0.00388129 0.04628944 0.00497419
v -0.00244391 0.04605241 0.00383647
v -0.00148619 0.04490060 0.00283564
v -0.00185212 0.04616214 0.00363011
v -0.00255906 0.04471410 0.00318638
v -0.00197243 0.04614259 0.00366687
v -0.00267302 0.04698486 0.00445807
v 0.00388129 0.04464843 0.00410165
v 0.00378389 0.04468692 0.00402925
v -0.00198855 0.04699537 0.00404241
v -0.00185212 0.04714673 0.00415363
v -0.00255906 0.04602692 0.00388442
v 0.00388129 0.04596125 0.00479969
v 0.00407068 0.04489673 0.00442642
v -0.00232762 0.04476392 0.00309268
v -0.00221024 0.04609989 0.00374719
v -0.00232762 0.04640494 0.00396523
v -0.00255906 0.04668331 0.00423343
v -0.00209183 0.04612184 0.00370590
v -0.00221024 0.04511527 0.00322366
v -0.00232762 0.04607674 0.00379072
v -0.00209183 0.04513722 0.00318237
v -0.00255906 0.04635512 0.00405893
v -0.00232762 0.04542032 0.00344169
v -0.00247724 0.04625064 0.00385954
v -0.00197243 0.04712719 0.00419039
v -0.00244391 0.04638062 0.00401098
v -0.00267302 0.04665666 0.00428356
v 0.00237673 0.04476297 0.00309447
v -0.00232762 0.04673313 0.00413973
v -0.00244391 0.04539599 0.00348744
v -0.00197243 0.04515797 0.00314333
v -0.00197243 0.04482978 0.00296883
v -0.00209183 0.04546542 0.00335687
v -0.00173093 0.04650866 0.00377016
v -0.00209183 0.04710644 0.00422942
v -0.00221024 0.04478707 0.00304915
v -0.00232762 0.04706134 0.00431424
v -0.00267302 0.04632847 0.00410905
v -0.00223609 0.04720031 0.00444875
v -0.00209183 0.04677823 0.00405491
v -0.00244391 0.04703701 0.00435999
v -0.00209183 0.04480902 0.00300786
v -0.00211542 0.04656083 0.00406791
v -0.00160894 0.04619756 0.00356350
v -0.00136274 0.04524341 0.00298265
v -0.00173093 0.04618046 0.00359565
v -0.00173093 0.04519584 0.00307212
v -0.00136274 0.04721263 0.00402971
v -0.00185212 0.04649034 0.00380462
v -0.00173093 0.04716506 0.00411917
v -0.00209183 0.04645004 0.00388040
v -0.00148619 0.04719801 0.00405720
v -0.00197243 0.04548617 0.00331784
v -0.00160894 0.04521294 0.00303997
v -0.00073703 0.04726683 0.00392777
v -0.00241916 0.04692025 0.00418368
v -0.00035692 0.04498667 0.00267375
v -0.00153759 0.04509682 0.00286246
v -0.00221024 0.04544347 0.00339816
v -0.00221024 0.04675628 0.00409620
v -0.00185212 0.04517752 0.00310658
v 0.00202166 0.04614178 0.00366839
v -0.00160894 0.04718215 0.00408702
v -0.00173093 0.04683685 0.00394466
v -0.00205869 0.04501718 0.00301225
v -0.00173093 0.04486764 0.00289761
v 0.00225939 0.04511436 0.00322536
v -0.00160894 0.04488474 0.00286546
v -0.00117159 0.04472331 0.00277319
v -0.00244391 0.04670881 0.00418548
v -0.00221024 0.04642809 0.00392169
v 0.00202166 0.04482897 0.00297035
v -0.00074718 0.04648324 0.00342207
v -0.00086311 0.04660213 0.00359438
v -0.00048388 0.04629502 0.00338020
v -0.00035692 0.04629949 0.00337179
v 0.00237673 0.04509117 0.00326898
v 0.00202167 0.04712638 0.00419191
v -0.00477799 0.04580784 0.00587995
v -0.00477799 0.04547965 0.00570545
v -0.00148619 0.04621341 0.00353368
v 0.00237673 0.04607579 0.00379251
v -0.00392867 0.04592338 0.00487091
v -0.00136274 0.04622803 0.00350619
v 0.00225939 0.04609898 0.00374889
v -0.00383299 0.04596281 0.00479676
v -0.00462473 0.04459048 0.00500240
v -0.00158500 0.04665067 0.00389895
v -0.00383299 0.04563461 0.00462225
v -0.00086311 0.04693032 0.00376888
v -0.00470245 0.04421494 0.00491692
v -0.00081070 0.04647774 0.00343242
v 0.00123689 0.04734841 0.00417021
v 0.00302037 0.04439306 0.00339429
v 0.00225939 0.04708358 0.00427241
v 0.00237673 0.04706039 0.00431603
v -0.00470245 0.04552776 0.00561496
v -0.00402253 0.04555479 0.00477236
v -0.00454485 0.04594983 0.00561291
v -0.00098878 0.04692074 0.00378690
v -0.00098878 0.04659254 0.00361239
v -0.00392867 0.04559518 0.00469641
v -0.00383299 0.04464999 0.00409872
v -0.00098878 0.04560792 0.00308886
v -0.00462473 0.04590329 0.00570044
v -0.00392867 0.04461056 0.00417287
v 0.00225939 0.04478616 0.00305085
v -0.00353543 0.04574697 0.00441092
v 0.00225939 0.04642718 0.00392340
v 0.00237673 0.04640399 0.00396702
v -0.00392867 0.04428236 0.00399837
v -0.00383299 0.04432179 0.00392421
v 0.00269920 0.04620875 0.00393832
v -0.00373553 0.04436025 0.00385189
v -0.00322304 0.04683469 0.00474050
v -0.00363632 0.04603872 0.00465398
v -0.00363632 0.04669512 0.00500299
v -0.00086311 0.04528930 0.00289634
v -0.00373553 0.04665766 0.00507344
v -0.00363632 0.04439771 0.00378143
v -0.00470245 0.04454314 0.00509143
v -0.00136274 0.04655623 0.00368069
v -0.00429267 0.04641267 0.00553420
v -0.00148619 0.04654161 0.00370818
v -0.00363253 0.04657770 0.00482793
v -0.00420456 0.04645582 0.00545306
v -0.00392867 0.04657978 0.00521993
v -0.00477799 0.04449503 0.00518191
v -0.00402253 0.04424197 0.00407433
v -0.00411450 0.04420065 0.00415205
v -0.00345714 0.04423962 0.00368288
v -0.00098878 0.04495153 0.00273984
v 0.00225939 0.04675537 0.00409790
v -0.00035692 0.04662769 0.00354630
v -0.00411450 0.04452884 0.00432655
v -0.00402253 0.04457017 0.00424883
v -0.00343288 0.04578240 0.00434430
v -0.00048388 0.04662322 0.00355471
v -0.00392867 0.04493876 0.00434738
v -0.00411450 0.04551347 0.00485009
v -0.00383299 0.04497819 0.00427322
v 0.00237673 0.04673218 0.00414152
v -0.00125557 0.04512903 0.00280188
v -0.00373553 0.04567306 0.00454992
v -0.00383299 0.04661921 0.00514577
v -0.00363632 0.04571052 0.00447947
v -0.00332873 0.04483216 0.00375611
v -0.00411450 0.04485704 0.00450106
v -0.00310140 0.04501634 0.00380558
v -0.00402253 0.04653939 0.00529588
v -0.00343288 0.04512598 0.00399527
v -0.00353543 0.04509055 0.00406189
v -0.00402253 0.04621118 0.00512137
v -0.00369384 0.04589669 0.00452521
v -0.00411450 0.04584166 0.00502459
v -0.00402253 0.04588299 0.00494687
v -0.00411450 0.04616986 0.00519910
v -0.00444257 0.04643121 0.00589522
v -0.00446571 0.04575982 0.00557439
v -0.00450570 0.04442446 0.00491876
v 0.00027931 0.04498976 0.00266795
v -0.00411450 0.04649806 0.00537361
v -0.00086311 0.04561751 0.00307084
v -0.00398163 0.04578697 0.00473156
v -0.00343288 0.04479777 0.00382077
v -0.00353543 0.04476235 0.00388739
v 0.00214102 0.04677738 0.00405652
v 0.00237673 0.04541937 0.00344348
v -0.00311584 0.04456952 0.00345830
v -0.00300718 0.04492887 0.00357422
v -0.00322304 0.04585009 0.00421698
v -0.00416992 0.04636057 0.00523629
v -0.00402729 0.04445274 0.00407381
v -0.00300718 0.04460067 0.00339971
v -0.00332873 0.04581678 0.00427964
v -0.00363632 0.04472590 0.00395594
v -0.00322304 0.04519367 0.00386795
v -0.00353543 0.04443416 0.00371288
v -0.00383299 0.04629100 0.00497126
v -0.00332873 0.04614497 0.00445415
v 0.00066010 0.04727360 0.00391503
v 0.00053339 0.04727941 0.00390411
v -0.00322304 0.04617830 0.00439149
v 0.00193221 0.04463496 0.00293935
v -0.00343288 0.04446958 0.00364626
v -0.00322304 0.04486547 0.00369345
v -0.00244391 0.04473960 0.00313843
v -0.00402253 0.04489837 0.00442334
v -0.00343288 0.04611060 0.00451881
v -0.00311584 0.04489772 0.00363281
v 0.00027931 0.04728717 0.00388951
v 0.00063658 0.04714813 0.00375511
v -0.00332873 0.04450396 0.00358161
v 0.00040644 0.04531471 0.00284855
v 0.00027931 0.04630257 0.00336599
v 0.00040644 0.04629933 0.00337208
v 0.00027931 0.04531795 0.00284246
v 0.00040644 0.04498652 0.00267404
v -0.00373553 0.04468844 0.00402639
v -0.00392867 0.04625157 0.00504542
v 0.00040644 0.04728393 0.00389560
v -0.00353543 0.04640337 0.00475993
v -0.00343288 0.04643879 0.00469331
v -0.00373553 0.04600126 0.00472443
v -0.00332873 0.04680137 0.00480316
v -0.00322304 0.04453728 0.00351894
v -0.00363632 0.04505410 0.00413045
v -0.00311767 0.04477784 0.00346237
v 0.00096088 0.04475005 0.00272290
v -0.00311584 0.04588234 0.00415634
v -0.00558822 0.04506605 0.00727506
v -0.00518341 0.04386317 0.00557851
v -0.00278572 0.04662886 0.00433584
v -0.00300718 0.04591349 0.00409775
v -0.00337009 0.04666552 0.00466276
v -0.00512169 0.04490007 0.00600372
v -0.00289713 0.04528712 0.00369221
v -0.00278572 0.04531605 0.00363780
v -0.00289713 0.04659993 0.00439025
v -0.00562594 0.04469084 0.00758485
v -0.00512169 0.04358725 0.00530568
v -0.00499115 0.04598729 0.00633423
v -0.00558822 0.04473785 0.00710056
v -0.00558822 0.04342503 0.00640252
v -0.00518341 0.04353497 0.00540400
v -0.00518341 0.04550418 0.00645105
v 0.00132574 0.04511984 0.00281916
v 0.00066010 0.04530438 0.00286797
v 0.00053339 0.04531019 0.00285706
v -0.00562736 0.04500917 0.00738203
v -0.00265015 0.04620983 0.00393628
v -0.00267302 0.04534385 0.00358552
v -0.00578754 0.04503823 0.00772324
v 0.00002475 0.04741282 0.00404908
v -0.00255906 0.04537050 0.00353540
v -0.00554649 0.04512252 0.00716886
v 0.00066010 0.04497619 0.00269346
v -0.00512169 0.04391545 0.00548019
v 0.00053339 0.04498199 0.00268255
v -0.00566387 0.04462372 0.00731522
v -0.00322304 0.04650649 0.00456599
v -0.00332873 0.04647317 0.00462865
v -0.00512169 0.04424365 0.00565469
v -0.00529959 0.04342861 0.00560404
v -0.00518341 0.04419137 0.00575301
v -0.00470793 0.04410486 0.00472807
v -0.00485131 0.04543079 0.00579735
v -0.00512169 0.04555646 0.00635273
v -0.00515875 0.04525878 0.00651671
v -0.00518341 0.04484779 0.00610204
v -0.00558822 0.04375323 0.00657703
v -0.00529959 0.04506963 0.00647659
v -0.00311584 0.04621054 0.00433085
v -0.00529959 0.04474143 0.00630208
v -0.00470245 0.04618416 0.00596398
v -0.00300718 0.04624169 0.00427226
v -0.00425960 0.04586555 0.00537554
v 0.00040644 0.04695573 0.00372109
v -0.00462473 0.04393408 0.00465339
v -0.00554649 0.04380970 0.00647083
v -0.00524272 0.04479490 0.00620151
v -0.00492237 0.04570938 0.00606512
v 0.00027931 0.04695896 0.00371500
v 0.00096088 0.04540644 0.00307191
v -0.00492237 0.04374018 0.00501807
v -0.00485131 0.04608718 0.00614636
v -0.00529959 0.04572602 0.00682560
v 0.00066010 0.04563259 0.00304248
v 0.00053339 0.04563839 0.00303157
v -0.00524272 0.04577950 0.00672503
v 0.00040644 0.04662753 0.00354659
v 0.00027931 0.04663077 0.00354050
v -0.00492237 0.04406837 0.00519258
v -0.00499115 0.04434627 0.00546168
v -0.00485131 0.04411796 0.00509931
v -0.00485131 0.04444617 0.00527381
v -0.00505760 0.04495171 0.00590659
v -0.00518341 0.04517599 0.00627655
v -0.00499115 0.04368987 0.00511267
v -0.00552872 0.04541228 0.00701977
v -0.00485131 0.04378977 0.00492480
v -0.00462473 0.04426228 0.00482789
v -0.00111398 0.04723810 0.00398180
v -0.00454485 0.04562164 0.00543840
v -0.00516174 0.04379689 0.00530728
v -0.00499115 0.04401807 0.00528718
v -0.00462473 0.04557510 0.00552593
v -0.00452951 0.04375343 0.00459726
v -0.00505760 0.04527991 0.00608110
v -0.00311584 0.04522592 0.00380731
v -0.00505760 0.04396709 0.00538306
v -0.00526689 0.04384800 0.00600291
v -0.00485131 0.04510259 0.00562284
v -0.00515574 0.04510807 0.00600840
v -0.00485131 0.04575898 0.00597185
v -0.00515635 0.04576461 0.00635713
v -0.00517409 0.04591051 0.00687451
v -0.00524272 0.04512310 0.00637601
v -0.00505760 0.04363889 0.00520856
v -0.00499115 0.04500269 0.00581071
v -0.00505760 0.04560810 0.00625560
v -0.00300718 0.04525707 0.00374872
v -0.00505760 0.04593631 0.00643011
v -0.00462473 0.04524690 0.00535143
v -0.00529959 0.04539782 0.00665109
v -0.00454485 0.04529344 0.00526390
v -0.00512169 0.04522827 0.00617823
v -0.00524272 0.04545129 0.00655052
v -0.00289713 0.04627174 0.00421574
v -0.00278572 0.04630067 0.00416133
v -0.00492237 0.04439657 0.00536709
v -0.00492237 0.04538119 0.00589062
v -0.00466000 0.04544327 0.00537798
v -0.00086311 0.04496111 0.00272183
v -0.00477799 0.04613605 0.00605446
v -0.00454485 0.04463702 0.00491487
v -0.00499115 0.04565908 0.00615972
v -0.00454485 0.04398062 0.00456586
v -0.00470245 0.04519956 0.00544046
v -0.00098878 0.04527972 0.00291435
v -0.00454485 0.04430882 0.00474036
v -0.00470245 0.04585595 0.00578947
v -0.00086311 0.04627392 0.00341987
v -0.00505760 0.04429529 0.00555757
v -0.00123865 0.04492858 0.00278302
v -0.00492237 0.04505299 0.00571611
v -0.00111398 0.04494068 0.00276024
v -0.00123865 0.04624139 0.00348105
v -0.00499115 0.04533089 0.00598522
v -0.00098878 0.04626435 0.00343788
v -0.00123865 0.04525677 0.00295752
v -0.00076310 0.04516905 0.00272663
v -0.00492237 0.04603759 0.00623963
v -0.00161504 0.04639913 0.00358027
v -0.00587288 0.04394623 0.00938112
v -0.00454485 0.04627804 0.00578742
v -0.00584040 0.04375537 0.01013596
v -0.00591734 0.04408533 0.00793189
v -0.00446285 0.04435454 0.00465437
v -0.00437878 0.04439943 0.00456995
v -0.00420456 0.04612761 0.00527855
v -0.00429267 0.04608447 0.00535969
v -0.00432484 0.04628353 0.00538118
v -0.00578347 0.04275038 0.00687961
v -0.00575757 0.04280890 0.00676955
v -0.00578715 0.04489048 0.00879291
v -0.00587288 0.04361804 0.00920662
v -0.00462473 0.04623150 0.00587495
v -0.00582795 0.04245538 0.00901793
v -0.00580668 0.04498903 0.00821169
v -0.00588241 0.04269302 0.00857100
v -0.00578347 0.04439140 0.00775215
v -0.00420456 0.04579942 0.00510405
v -0.00580668 0.04269161 0.00699013
v -0.00569776 0.04522250 0.00777259
v -0.00111398 0.04625350 0.00345828
v -0.00572899 0.04516456 0.00788156
v -0.00123865 0.04722599 0.00400457
v -0.00586063 0.04388674 0.00949302
v -0.00586008 0.04481151 0.00854556
v -0.00087495 0.04713122 0.00378692
v -0.00584499 0.04487085 0.00843394
v -0.00578347 0.04340678 0.00722862
v -0.00579117 0.04407234 0.00874807
v -0.00566387 0.04429552 0.00714071
v -0.00123865 0.04656959 0.00365556
v -0.00562736 0.04303996 0.00633499
v -0.00446285 0.04468274 0.00482887
v -0.00566387 0.04298270 0.00644267
v -0.00589456 0.04287221 0.00823398
v -0.00111398 0.04526888 0.00293475
v -0.00580668 0.04400443 0.00768817
v -0.00575757 0.04346530 0.00711856
v -0.00582719 0.04263262 0.00710108
v -0.00589325 0.04281245 0.00834639
v -0.00582719 0.04394544 0.00779911
v -0.00582719 0.04296082 0.00727558
v -0.00572899 0.04450816 0.00753255
v -0.00569776 0.04489430 0.00759808
v -0.00111398 0.04690989 0.00380729
v -0.00575757 0.04444992 0.00764209
v -0.00554649 0.04315330 0.00612182
v -0.00123865 0.04558497 0.00313203
v -0.00569776 0.04292509 0.00655103
v -0.00575757 0.04313710 0.00694405
v -0.00575455 0.04312755 0.00656613
v -0.00577729 0.04439621 0.00734721
v -0.00111398 0.04559708 0.00310926
v -0.00580668 0.04301981 0.00716464
v -0.00578347 0.04307858 0.00705411
v -0.00575757 0.04412172 0.00746758
v -0.00578347 0.04406320 0.00757764
v -0.00577056 0.04300924 0.00758040
v -0.00123865 0.04689778 0.00383006
v -0.00111398 0.04658170 0.00363279
v -0.00595908 0.04259181 0.00757370
v -0.00562736 0.04435278 0.00703302
v -0.00575757 0.04510631 0.00799110
v -0.00580668 0.04433263 0.00786268
v -0.00572899 0.04319534 0.00683451
v -0.00580668 0.04466082 0.00803718
v -0.00522481 0.04322711 0.00558714
v -0.00595212 0.04459115 0.00856408
v -0.00582719 0.04460183 0.00814812
v -0.00572899 0.04417996 0.00735804
v -0.00569776 0.04423790 0.00724907
v -0.00405332 0.04466358 0.00446903
v -0.00353543 0.04673157 0.00493444
v -0.00278572 0.04695706 0.00451035
v -0.00563658 0.04336410 0.00691300
v -0.00566387 0.04331090 0.00661718
v -0.00325255 0.04473631 0.00354049
v -0.00572899 0.04286714 0.00666000
v -0.00562736 0.04533738 0.00755654
v -0.00578347 0.04471959 0.00792665
v -0.00562736 0.04336816 0.00650949
v -0.00575757 0.04477811 0.00781659
v -0.00569776 0.04325328 0.00672553
v -0.00578347 0.04504779 0.00810116
v -0.00558822 0.04309684 0.00622802
v -0.00582719 0.04427364 0.00797362
v -0.00550218 0.04353753 0.00619094
v -0.00545532 0.04359310 0.00608642
v -0.00545532 0.04392131 0.00626093
v -0.00558822 0.04539425 0.00744957
v -0.00255906 0.04504230 0.00336089
v -0.00572899 0.04483635 0.00770705
v -0.00515435 0.04526593 0.00650326
v -0.00548824 0.04359670 0.00647554
v -0.00554649 0.04545072 0.00734337
v -0.00267302 0.04501564 0.00341101
v -0.00366731 0.04679440 0.00521215
v -0.00582719 0.04328902 0.00745009
v -0.00580668 0.04334801 0.00733915
v -0.00343288 0.04676700 0.00486782
v -0.00289713 0.04692814 0.00456476
v -0.00569776 0.04456611 0.00742357
v -0.00554649 0.04479432 0.00699436
v -0.00524272 0.04348208 0.00550347
v -0.00572899 0.04352354 0.00700902
v -0.00512169 0.04588467 0.00652724
v -0.00566387 0.04495191 0.00748972
v -0.00554649 0.04348150 0.00629632
v -0.00562736 0.04369636 0.00668400
v -0.00578754 0.04306902 0.00667620
v -0.00569776 0.04358149 0.00690004
v -0.00502113 0.04586773 0.00616319
v -0.00518341 0.04583239 0.00662556
v -0.00566387 0.04363910 0.00679169
v -0.00554649 0.04446612 0.00681985
v -0.00559452 0.04474783 0.00747766
v -0.00550218 0.04386573 0.00636544
v -0.00562736 0.04468098 0.00720753
v -0.00566387 0.04528012 0.00766423
v -0.00555661 0.04536859 0.00710194
v -0.00224883 0.04456995 0.00306161
v -0.00569906 0.04216287 0.00956808
v -0.00540794 0.04176784 0.01031102
v -0.00578957 0.04299568 0.00998123
v -0.00566528 0.04210524 0.00967646
v -0.00535399 0.04501559 0.00657822
v -0.00545532 0.04326491 0.00591192
v -0.00288114 0.04681220 0.00438690
v -0.00572668 0.04227992 0.00895204
v -0.00540591 0.04496101 0.00668086
v -0.00554821 0.04324740 0.01069544
v -0.00535399 0.04370277 0.00588018
v -0.00558984 0.04297569 0.01041471
v -0.00550401 0.04319135 0.01080086
v -0.00584565 0.04415559 0.00977916
v -0.00562887 0.04303258 0.01030771
v -0.00540591 0.04397639 0.00615733
v -0.00535399 0.04403097 0.00605469
v -0.00580755 0.04370920 0.00982692
v -0.00289713 0.04495892 0.00351770
v -0.00580755 0.04338101 0.00965242
v -0.00278572 0.04498785 0.00346329
v -0.00478824 0.04423945 0.00526671
v -0.00578445 0.04332223 0.00976297
v -0.00321070 0.04606055 0.00421704
v -0.00578445 0.04365042 0.00993747
v -0.00300718 0.04656988 0.00444676
v -0.00311584 0.04653873 0.00450535
v -0.00289713 0.04463072 0.00334320
v -0.00289713 0.04594354 0.00404124
v -0.00278572 0.04465965 0.00328879
v -0.00278572 0.04597247 0.00398683
v -0.00300718 0.04689809 0.00462127
v -0.00311584 0.04686693 0.00467986
v -0.00550218 0.04320934 0.00601643
v -0.00534906 0.04362075 0.00563855
v -0.00558822 0.04440966 0.00692605
v -0.00594910 0.04346607 0.00909655
v -0.00529959 0.04408501 0.00595305
v -0.00241690 0.04494866 0.00314111
v -0.00540591 0.04528921 0.00685536
v -0.00535399 0.04534378 0.00675272
v -0.00343983 0.04621628 0.00471591
v -0.00586063 0.04323035 0.00914401
v -0.00582795 0.04179898 0.00866892
v -0.00550218 0.04550675 0.00723799
v -0.00550177 0.04347060 0.00592094
v -0.00545532 0.04556233 0.00713347
v -0.00587288 0.04230522 0.00850858
v -0.00586063 0.04257393 0.00879498
v -0.00584565 0.04382738 0.00960464
v -0.00344602 0.04490113 0.00402226
v -0.00584565 0.04185817 0.00855760
v -0.00591117 0.04328530 0.00943653
v -0.00588920 0.04439373 0.00933129
v -0.00588241 0.04433404 0.00944354
v -0.00587288 0.04328984 0.00903211
v -0.00582796 0.04376819 0.00971597
v -0.00589456 0.04221582 0.00788497
v -0.00588241 0.04367764 0.00909453
v -0.00588920 0.04373733 0.00898228
v -0.00588241 0.04400583 0.00926903
v -0.00588920 0.04406552 0.00915678
v -0.00580755 0.04305280 0.00947791
v -0.00550218 0.04452216 0.00671447
v -0.00571890 0.04449855 0.00715474
v -0.00596095 0.04225139 0.00821394
v -0.00586063 0.04355855 0.00931851
v -0.00582796 0.04311180 0.00936696
v -0.00584565 0.04317099 0.00925563
v -0.00589325 0.04215605 0.00799738
v -0.00584565 0.04218637 0.00873210
v -0.00588920 0.04242451 0.00828424
v -0.00529959 0.04375681 0.00577855
v -0.00587288 0.04263342 0.00868309
v -0.00540591 0.04332000 0.00580831
v -0.00550218 0.04485036 0.00688898
v -0.00545532 0.04490593 0.00678446
v -0.00578445 0.04397862 0.01011198
v -0.00580755 0.04403740 0.01000143
v -0.00588920 0.04209631 0.00810973
v -0.00588241 0.04203662 0.00822198
v -0.00584565 0.04349919 0.00943014
v -0.00569858 0.04349420 0.00983540
v -0.00579628 0.04204434 0.00781159
v -0.00582796 0.04344000 0.00954146
v -0.00589325 0.04346887 0.00869542
v -0.00204093 0.04525953 0.00334822
v -0.00588898 0.04364814 0.00835826
v -0.00589314 0.04358840 0.00847061
v -0.00545532 0.04457773 0.00660995
v -0.00589314 0.04457300 0.00899413
v -0.00588898 0.04463274 0.00888178
v -0.00470245 0.04388674 0.00474242
v -0.00578445 0.04299403 0.00958846
v -0.00588241 0.04236482 0.00839649
v -0.00589314 0.04391660 0.00864511
v -0.00594237 0.04397996 0.00813006
v -0.00587288 0.04197702 0.00833408
v -0.00588898 0.04397634 0.00853276
v -0.00588920 0.04340913 0.00880777
v -0.00550218 0.04517855 0.00706348
v -0.00588241 0.04334944 0.00892002
v -0.00545532 0.04523412 0.00695896
v -0.00529420 0.04498844 0.00623340
v -0.00588898 0.04233532 0.00766022
v -0.00477799 0.04416683 0.00500741
v -0.00596288 0.04222862 0.00825677
v -0.00587288 0.04427444 0.00955564
v -0.00586063 0.04421495 0.00966753
v -0.00456237 0.04550353 0.00526465
v -0.00420457 0.04415840 0.00423150
v -0.00420456 0.04547122 0.00492954
v -0.00586063 0.04224573 0.00862047
v -0.00596996 0.04423558 0.00923281
v -0.00477799 0.04515145 0.00553094
v -0.00477799 0.04383863 0.00483290
v -0.00577310 0.04431476 0.00829215
v -0.00589314 0.04424479 0.00881962
v -0.00582795 0.04212718 0.00884342
v -0.00429267 0.04542807 0.00501068
v -0.00588898 0.04430453 0.00870727
v -0.00446285 0.04402635 0.00447986
v -0.00584565 0.04251457 0.00890661
v -0.00429267 0.04575628 0.00518519
v -0.00446285 0.04599556 0.00552691
v -0.00472857 0.04409802 0.00474092
v -0.00437878 0.04407123 0.00439544
v -0.00587029 0.04486085 0.00805686
v -0.00582719 0.04493004 0.00832263
v -0.00437878 0.04571225 0.00526799
v -0.00588898 0.04266352 0.00783472
v -0.00580092 0.04279636 0.00798075
v -0.00589314 0.04260378 0.00794707
v -0.00589314 0.04293198 0.00812158
v -0.00586063 0.04191753 0.00844597
v -0.00588920 0.04275271 0.00845874
v -0.00429267 0.04411526 0.00431264
v -0.00530182 0.04100278 0.01016636
v -0.00588208 0.04370782 0.00824601
v -0.00478097 0.04124895 0.01128690
v -0.00437878 0.04636865 0.00561700
v -0.00589314 0.04227558 0.00777257
v -0.00586008 0.04317049 0.00767301
v -0.00570147 0.04322760 0.00716971
v -0.00589456 0.04418503 0.00893202
v -0.00470552 0.04120081 0.01137744
v -0.00584499 0.04454265 0.00825943
v -0.00587244 0.04475202 0.00865744
v -0.00586008 0.04382691 0.00802204
v -0.00586008 0.04448330 0.00837105
v -0.00589456 0.04385683 0.00875752
v -0.00587244 0.04376742 0.00813392
v -0.00597297 0.04370032 0.00865598
v -0.00535613 0.04105685 0.01006468
v -0.00420456 0.04448660 0.00440601
v -0.00587244 0.04409562 0.00830843
v -0.00389248 0.04450678 0.00397218
v -0.00518583 0.04089637 0.01036648
v -0.00587244 0.04442381 0.00848293
v -0.00446285 0.04533916 0.00517790
v -0.00588208 0.04436421 0.00859502
v -0.00429267 0.04444345 0.00448715
v -0.00584499 0.04421446 0.00808493
v -0.00589325 0.04379707 0.00886992
v -0.00584499 0.04322983 0.00756140
v -0.00446285 0.04632376 0.00570142
v -0.00576357 0.04238513 0.00875417
v -0.00587244 0.04311100 0.00778490
v -0.00437878 0.04538405 0.00509348
v -0.00588208 0.04403602 0.00842052
v -0.00588208 0.04305140 0.00789698
v -0.00524504 0.04226210 0.01096501
v -0.00446285 0.04566736 0.00535241
v -0.00506021 0.04308982 0.01178358
v -0.00511294 0.04093298 0.01069352
v -0.00545724 0.04346396 0.01107992
v -0.00518583 0.04122457 0.01054099
v -0.00524504 0.04291850 0.01131402
v -0.00518583 0.04286558 0.01141353
v -0.00535613 0.04138504 0.01023919
v -0.00530182 0.04330020 0.01138791
v -0.00437878 0.04604044 0.00544249
v -0.00530182 0.04133098 0.01034086
v -0.00518583 0.04220919 0.01106452
v -0.00524504 0.04094929 0.01026697
v -0.00540794 0.04111144 0.00996200
v -0.00550401 0.04122214 0.00975381
v -0.00530182 0.04231560 0.01086439
v -0.00524504 0.04259030 0.01113952
v -0.00512421 0.04314149 0.01168641
v -0.00535613 0.04335426 0.01128624
v -0.00550401 0.04155033 0.00992832
v -0.00535613 0.04236966 0.01076272
v -0.00467768 0.04609663 0.00573269
v -0.00429267 0.04477165 0.00466166
v -0.00518583 0.04253739 0.01123903
v -0.00588898 0.04299172 0.00800923
v -0.00540794 0.04308065 0.01100905
v -0.00534687 0.04112295 0.01033622
v -0.00550401 0.04253495 0.01045185
v -0.00554821 0.04259101 0.01034643
v -0.00540794 0.04340886 0.01118356
v -0.00524504 0.04160568 0.01061598
v -0.00420456 0.04481480 0.00458051
v -0.00554821 0.04127819 0.00964839
v -0.00547448 0.04311130 0.01055553
v -0.00545724 0.04313575 0.01090541
v -0.00524504 0.04127748 0.01044148
v -0.00545724 0.04280756 0.01073091
v -0.00562887 0.04368898 0.01065672
v -0.00561659 0.04142274 0.00977240
v -0.00535613 0.04269786 0.01093723
v -0.00558984 0.04363209 0.01076372
v -0.00518583 0.04155277 0.01071550
v -0.00530182 0.04264380 0.01103890
v -0.00540794 0.04275246 0.01083455
v -0.00437878 0.04472763 0.00474446
v -0.00555243 0.04265796 0.01061639
v -0.00530182 0.04297199 0.01121340
v -0.00530182 0.04165918 0.01051537
v -0.00569906 0.04183466 0.00939357
v -0.00545724 0.04116654 0.00985836
v -0.00535399 0.04337457 0.00570567
v -0.00586226 0.04183817 0.00899109
v -0.00535613 0.04302605 0.01111173
v -0.00531563 0.04240926 0.01108413
v -0.00554821 0.04160639 0.00982290
v -0.00558352 0.04132244 0.00916930
v -0.00566528 0.04177704 0.00950195
v -0.00535613 0.04171324 0.01041370
v -0.00496533 0.04261128 0.01149592
v -0.00558984 0.04330388 0.01058921
v -0.00550401 0.04187853 0.01010282
v -0.00545724 0.04149474 0.01003287
v -0.00545724 0.04247936 0.01055640
v -0.00511755 0.04290088 0.01174302
v -0.00540794 0.04242426 0.01066004
v -0.00514439 0.04144097 0.01052988
v -0.00545724 0.04182294 0.01020738
v -0.00566528 0.04144884 0.00932745
v -0.00540591 0.04561741 0.00702987
v -0.00569906 0.04150647 0.00921907
v -0.00540794 0.04143964 0.01013651
v -0.00550752 0.04478457 0.00661682
v -0.00562887 0.04270438 0.01013320
v -0.00580755 0.04173999 0.00877988
v -0.00578445 0.04168121 0.00889042
v -0.00540591 0.04463281 0.00650635
v -0.00548890 0.04181174 0.00983256
v -0.00582796 0.04409640 0.00989048
v -0.00562887 0.04336078 0.01048221
v -0.00554821 0.04193459 0.00999741
v -0.00555569 0.04546788 0.00770698
v -0.00550401 0.04286316 0.01062636
v -0.00558984 0.04264749 0.01024020
v -0.00554821 0.04291921 0.01052094
v -0.00535399 0.04468739 0.00640371
v -0.00548379 0.04312539 0.01052903
v -0.00580755 0.04206818 0.00895438
v -0.00578445 0.04200941 0.00906493
v -0.00282792 0.04187129 0.01367940
v -0.00535399 0.04567198 0.00692723
v -0.00575866 0.04195087 0.00917501
v -0.00540591 0.04364819 0.00598282
v -0.00573019 0.04189262 0.00928457
v -0.00558984 0.04199107 0.00989117
v -0.00552351 0.04186839 0.00972601
v -0.00573019 0.04320544 0.00998261
v -0.00420814 0.04256997 0.01276129
v -0.00411815 0.04154308 0.01231729
v -0.00393247 0.04244589 0.01299463
v -0.00578445 0.04233761 0.00923944
v -0.00411815 0.04023026 0.01161925
v -0.00580755 0.04239639 0.00912889
v -0.00573019 0.04156442 0.00911007
v -0.00569906 0.04281928 0.00991710
v -0.00566528 0.04276166 0.01002548
v -0.00411815 0.04252768 0.01284081
v -0.00420814 0.04027255 0.01153973
v -0.00559785 0.04337100 0.01085886
v -0.00524272 0.04381028 0.00567797
v -0.00562887 0.04204796 0.00978418
v -0.00566528 0.04308986 0.01019999
v -0.00402625 0.04248632 0.01291860
v -0.00569906 0.04314749 0.01009161
v -0.00575866 0.04162268 0.00900050
v -0.00420814 0.04158536 0.01223777
v -0.00393247 0.04014847 0.01177307
v -0.00402625 0.04018890 0.01169704
v -0.00575866 0.04227908 0.00934952
v -0.00411815 0.04055846 0.01179375
v -0.00454809 0.04274788 0.01242667
v -0.00446618 0.04270212 0.01251273
v -0.00420814 0.04060074 0.01171423
v -0.00420814 0.04224176 0.01258678
v -0.00458785 0.04235443 0.01197900
v -0.00442978 0.04246288 0.01256679
v -0.00411815 0.04187128 0.01249180
v -0.00393247 0.04146129 0.01247111
v -0.00420814 0.04191357 0.01241227
v -0.00402625 0.04150172 0.01239508
v -0.00438219 0.04068799 0.01155016
v -0.00393247 0.04178949 0.01264562
v -0.00454809 0.04176328 0.01190315
v -0.00452982 0.04186591 0.01210601
v -0.00411815 0.04219948 0.01266630
v -0.00438219 0.04101619 0.01172467
v -0.00446618 0.04171753 0.01198921
v -0.00454809 0.04077866 0.01137962
v -0.00454809 0.04045046 0.01120512
v -0.00524272 0.04413848 0.00585248
v -0.00446618 0.04040471 0.01129117
v -0.00438219 0.04265720 0.01259721
v -0.00454809 0.04209148 0.01207766
v -0.00378491 0.04217803 0.01310251
v -0.00446618 0.04204573 0.01216372
v -0.00438219 0.04167261 0.01207369
v -0.00458061 0.04037379 0.01095345
v -0.00411815 0.04088666 0.01196826
v -0.00389324 0.04200147 0.01264282
v -0.00478097 0.04288996 0.01215945
v -0.00429616 0.04064393 0.01163302
v -0.00429616 0.04261314 0.01268008
v -0.00429616 0.04031573 0.01145852
v -0.00402625 0.04215811 0.01274409
v -0.00573019 0.04222082 0.00945908
v -0.00393247 0.04211769 0.01282012
v -0.00438219 0.04035979 0.01137565
v -0.00485420 0.04293886 0.01206749
v -0.00402625 0.04182992 0.01256959
v -0.00446618 0.04073291 0.01146568
v -0.00454809 0.04110686 0.01155413
v -0.00478097 0.04059255 0.01093789
v -0.00584499 0.04257344 0.00721238
v -0.00438219 0.04232900 0.01242270
v -0.00586008 0.04251409 0.00732400
v -0.00429616 0.04195675 0.01233106
v -0.00400843 0.04161391 0.01257995
v -0.00429616 0.04097212 0.01180753
v -0.00485420 0.04195426 0.01154397
v -0.00429616 0.04162855 0.01215655
v -0.00478097 0.04190537 0.01163593
v -0.00400978 0.04073244 0.01186242
v -0.00485420 0.04129784 0.01119495
v -0.00584499 0.04290164 0.00738689
v -0.00588208 0.04239500 0.00754797
v -0.00478097 0.04256176 0.01198494
v -0.00596746 0.04450056 0.00873447
v -0.00589325 0.04445346 0.00921893
v -0.00586008 0.04284229 0.00749851
v -0.00587244 0.04245460 0.00743588
v -0.00485420 0.04261066 0.01189298
v -0.00438219 0.04200081 0.01224820
v -0.00485420 0.04096964 0.01102044
v -0.00478097 0.04092075 0.01111239
v -0.00420814 0.04092894 0.01188874
v -0.00584499 0.04388626 0.00791042
v -0.00454809 0.04241968 0.01225216
v -0.00485420 0.04064145 0.01084593
v -0.00485420 0.04228246 0.01171848
v -0.00478097 0.04223357 0.01181044
v -0.00446618 0.04106111 0.01164018
v -0.00446618 0.04237392 0.01233822
v -0.00429616 0.04228494 0.01250557
v -0.00545255 0.04320271 0.01117536
v -0.00498506 0.04327496 0.01183126
v -0.00592430 0.04274238 0.00729051
v -0.00518583 0.04319379 0.01158804
v -0.00589325 0.04412526 0.00904443
v -0.00524504 0.04324670 0.01148853
v -0.00589456 0.04352864 0.00858301
v -0.00568750 0.04260744 0.00675255
v -0.00452191 0.04099100 0.01137615
v -0.00573878 0.04429645 0.00991012
v -0.00588208 0.04469242 0.00876953
v -0.00589456 0.04254401 0.00805948
v -0.00586008 0.04415511 0.00819655
v -0.00462788 0.04115343 0.01146654
v -0.00161384 0.04151437 0.01395479
v -0.00499385 0.04205421 0.01135600
v -0.00516716 0.04277312 0.01119156
v -0.00499385 0.04074140 0.01065796
v -0.00233230 0.04196368 0.01390153
v -0.00589456 0.04451323 0.00910653
v -0.00221496 0.04194049 0.01394515
v -0.00152668 0.04204259 0.01414901
v -0.00256365 0.03971618 0.01258610
v -0.00136770 0.04017099 0.01331425
v -0.00492517 0.04101926 0.01092711
v -0.00462788 0.04213805 0.01199007
v -0.00470552 0.04251362 0.01207548
v -0.00452633 0.04251377 0.01247107
v -0.00164918 0.04008629 0.01307766
v -0.00512421 0.04117227 0.01063936
v -0.00492517 0.04298848 0.01197417
v -0.00492517 0.04200388 0.01145065
v -0.00492517 0.04069107 0.01075261
v -0.00467060 0.04108587 0.01119773
v -0.00484534 0.04204774 0.01176404
v -0.00462788 0.04246625 0.01216457
v -0.00244855 0.04001884 0.01280864
v -0.00506021 0.04144880 0.01091104
v -0.00256365 0.04201360 0.01380766
v -0.00588208 0.04272320 0.00772248
v -0.00587244 0.04278280 0.00761039
v -0.00492517 0.04233208 0.01162515
v -0.00589325 0.04248425 0.00817188
v -0.00244855 0.03969064 0.01263413
v -0.00519318 0.04230263 0.01128466
v -0.00499385 0.04106959 0.01083246
v -0.00267756 0.03974288 0.01253589
v -0.00256365 0.04004438 0.01276060
v -0.00512421 0.04150047 0.01081386
v -0.00288567 0.03991562 0.01260689
v -0.00224073 0.04018365 0.01289454
v -0.00244855 0.04100346 0.01333217
v -0.00279021 0.04206814 0.01370508
v -0.00279021 0.03977073 0.01248352
v -0.00256365 0.04102900 0.01328413
v -0.00492517 0.04134746 0.01110162
v -0.00244855 0.04198806 0.01385570
v -0.00256365 0.04135720 0.01345864
v -0.00279021 0.04009892 0.01265802
v -0.00499385 0.04238241 0.01153050
v -0.00307899 0.03973461 0.01215556
v -0.00507610 0.04138301 0.01063888
v -0.00267755 0.04204030 0.01375744
v -0.00301157 0.03982979 0.01237243
v -0.00279021 0.04108354 0.01318156
v -0.00244855 0.04133166 0.01350668
v -0.00499385 0.04139779 0.01100697
v -0.00288333 0.04123044 0.01330116
v -0.00301157 0.04212721 0.01359399
v -0.00492517 0.04266028 0.01179966
v -0.00266233 0.03986290 0.01270603
v -0.00499385 0.04271060 0.01170501
v -0.00267755 0.04105570 0.01323392
v -0.00267756 0.04007108 0.01271039
v -0.00239344 0.04111506 0.01351815
v -0.00267755 0.04138390 0.01340843
v -0.00244855 0.04165985 0.01368118
v -0.00279021 0.04141174 0.01335606
v -0.00301157 0.04114261 0.01307047
v -0.00256365 0.04037258 0.01293511
v -0.00332282 0.04201347 0.01341201
v -0.00244855 0.04034704 0.01298315
v -0.00290157 0.03979970 0.01242903
v -0.00322730 0.03989328 0.01225303
v -0.00343702 0.04225847 0.01334711
v -0.00312016 0.03986099 0.01231376
v -0.00279021 0.04042712 0.01283253
v -0.00301157 0.04015799 0.01254694
v -0.00290157 0.04012790 0.01260353
v -0.00290157 0.04111252 0.01312706
v -0.00290157 0.04209712 0.01365058
v -0.00322730 0.04120609 0.01295107
v -0.00279021 0.04173994 0.01353057
v -0.00267755 0.04171209 0.01358293
v -0.00322730 0.04219069 0.01347459
v -0.00312016 0.04117380 0.01301180
v -0.00267756 0.04039928 0.01288490
v -0.00322730 0.04022147 0.01242754
v -0.00256365 0.04168539 0.01363315
v -0.00290157 0.04045610 0.01277804
v -0.00343223 0.04007645 0.01230440
v -0.00550401 0.04351955 0.01097537
v -0.00312016 0.04018918 0.01248826
v -0.00554821 0.04357560 0.01086995
v -0.00333294 0.04222405 0.01341185
v -0.00301157 0.04179900 0.01341948
v -0.00317548 0.04131074 0.01315014
v -0.00312016 0.04215841 0.01353532
v -0.00290157 0.04176891 0.01347607
v -0.00343702 0.04127388 0.01282359
v -0.00417364 0.04036778 0.01175649
v -0.00558984 0.04133467 0.00954216
v -0.00301157 0.04048619 0.01272144
v -0.00590703 0.04392667 0.00981378
v -0.00295366 0.04166605 0.01327364
v -0.00562887 0.04139157 0.00943516
v -0.00343702 0.04160208 0.01299810
v -0.00550824 0.04128817 0.01002549
v -0.00322730 0.04054967 0.01260205
v -0.00364033 0.04036121 0.01216473
v -0.00333294 0.04123946 0.01288833
v -0.00312016 0.04051739 0.01266277
v -0.00576128 0.04360074 0.01042678
v -0.00297974 0.04036147 0.01256012
v -0.00562887 0.04171976 0.00960967
v -0.00312016 0.04183020 0.01336081
v -0.00272164 0.04161220 0.01337493
v -0.00301157 0.04147081 0.01324498
v -0.00353950 0.03999652 0.01205886
v -0.00558984 0.04166287 0.00971667
v -0.00333294 0.04156765 0.01306284
v -0.00290157 0.04144072 0.01330157
v -0.00575866 0.04326370 0.00987305
v -0.00579375 0.04169797 0.00925477
v -0.00343702 0.04193027 0.01317260
v -0.00364033 0.04068941 0.01233924
v -0.00353950 0.04065292 0.01240787
v -0.00363331 0.04188985 0.01285275
v -0.00322730 0.04186248 0.01330008
v -0.00573019 0.04287724 0.00980811
v -0.00575866 0.04293549 0.00969854
v -0.00353950 0.04032472 0.01223336
v -0.00570885 0.04287269 0.01021253
v -0.00573019 0.04353363 0.01015712
v -0.00575866 0.04359189 0.01004755
v -0.00333294 0.04189585 0.01323734
v -0.00576716 0.04373840 0.00937612
v -0.00569906 0.04380388 0.01044062
v -0.00322730 0.04153429 0.01312558
v -0.00566528 0.04374626 0.01054901
v -0.00540571 0.04368552 0.01105910
v -0.00353950 0.04130934 0.01275690
v -0.00086815 0.04176591 0.01427350
v -0.00373947 0.04203973 0.01296675
v -0.00333294 0.04058303 0.01253931
v -0.00373947 0.04171153 0.01279224
v -0.00343702 0.04061745 0.01247457
v -0.00372411 0.04061768 0.01207827
v 0.00001966 0.04107788 0.01398398
v -0.00383686 0.04043720 0.01202181
v -0.00383686 0.04175003 0.01271985
v -0.00061567 0.04175046 0.01430254
v -0.00383686 0.04010901 0.01184730
v -0.00364033 0.04167403 0.01286277
v -0.00074209 0.04175755 0.01428922
v -0.00402625 0.04084530 0.01204606
v -0.00383686 0.04207822 0.01289435
v -0.00353950 0.04163754 0.01293140
v -0.00017599 0.04194642 0.01432988
v -0.00048896 0.03944724 0.01309190
v -0.00349595 0.04009972 0.01226064
v -0.00074209 0.03946013 0.01306766
v -0.00364033 0.04134583 0.01268827
v -0.00353950 0.04196573 0.01310591
v -0.00393247 0.04080487 0.01212209
v -0.00061567 0.03945305 0.01308098
v -0.00048896 0.04174466 0.01431346
v -0.00364033 0.04200222 0.01303728
v -0.00393247 0.04047667 0.01194758
v -0.00383686 0.04076540 0.01219631
v -0.00569906 0.04347568 0.01026611
v -0.00074209 0.04077295 0.01376570
v -0.00099380 0.04177554 0.01425539
v -0.00048896 0.04108826 0.01396444
v -0.00402625 0.04051710 0.01187155
v -0.00566528 0.04341805 0.01037449
v -0.00086815 0.04078131 0.01374998
v -0.00061567 0.04109407 0.01395353
v -0.00373947 0.04072691 0.01226871
v -0.00138498 0.04161425 0.01416282
v -0.00016831 0.04128594 0.01398854
v -0.00373947 0.04007052 0.01191970
v -0.00061567 0.04142226 0.01412803
v -0.00061567 0.04076587 0.01377902
v -0.00068795 0.04089785 0.01392668
v -0.00099380 0.04079094 0.01373187
v -0.00086815 0.04110951 0.01392449
v -0.00074209 0.03978833 0.01324217
v -0.00048896 0.04141646 0.01413895
v -0.00111898 0.04080183 0.01371137
v -0.00373947 0.04039871 0.01209420
v -0.00074209 0.04110115 0.01394021
v -0.00111898 0.04178643 0.01423489
v -0.00074209 0.04142934 0.01411471
v -0.00136770 0.03951459 0.01296524
v -0.00086815 0.04143770 0.01409899
v -0.00018345 0.03997969 0.01327815
v -0.00111898 0.03981721 0.01318784
v -0.00048896 0.04076006 0.01378994
v -0.00138649 0.04095501 0.01381917
v -0.00099380 0.04013452 0.01338284
v -0.00086815 0.03946849 0.01305194
v -0.00149112 0.04182667 0.01415922
v -0.00124363 0.04081399 0.01368851
v -0.00116296 0.03937245 0.01283668
v -0.00124363 0.03982937 0.01316498
v -0.00136770 0.04082740 0.01366328
v -0.00099380 0.04111914 0.01390638
v -0.00074209 0.04011653 0.01341667
v -0.00161384 0.03954516 0.01290774
v -0.00111898 0.04145823 0.01406038
v -0.00086815 0.04012489 0.01340096
v -0.00086815 0.03979669 0.01322645
v -0.00111898 0.04113004 0.01388588
v -0.00124363 0.04179859 0.01421203
v -0.00136770 0.04181201 0.01418680
v -0.00149112 0.03952925 0.01293766
v -0.00068795 0.03958503 0.01322864
v -0.00113441 0.03961627 0.01316988
v -0.00409298 0.04274568 0.01282668
v -0.00099380 0.03947812 0.01303383
v -0.00149112 0.04084207 0.01363570
v -0.00136770 0.04148380 0.01401229
v -0.00161384 0.04184258 0.01412930
v -0.00111898 0.04014541 0.01336235
v -0.00445133 0.04050494 0.01149853
v -0.00161384 0.04085798 0.01360578
v -0.00136770 0.04115561 0.01383779
v -0.00111898 0.03948902 0.01301334
v -0.00124363 0.04114219 0.01386302
v -0.00462788 0.04049704 0.01111752
v -0.00499385 0.04303881 0.01187952
v -0.00149112 0.04117027 0.01381021
v -0.00099380 0.03980631 0.01320834
v -0.00062292 0.04155502 0.01427421
v -0.00470552 0.04054441 0.01102843
v -0.00099380 0.04144733 0.01408088
v -0.00124363 0.04147038 0.01403752
v -0.00462788 0.04180986 0.01181556
v -0.00470552 0.04087261 0.01120294
v -0.00149112 0.04149846 0.01398471
v -0.00462788 0.04279445 0.01233908
v -0.00470552 0.04284183 0.01224999
v -0.00498188 0.04279785 0.01193680
v -0.00124363 0.03950118 0.01299047
v -0.00495320 0.04081033 0.01092418
v -0.00124363 0.04015757 0.01333949
v -0.00462788 0.04082524 0.01129203
v -0.00506021 0.04210522 0.01126006
v -0.00506021 0.04079240 0.01056203
v -0.00136770 0.03984278 0.01313975
v -0.00470552 0.04218543 0.01190098
v -0.00470552 0.04185723 0.01172647
v -0.00506021 0.04112060 0.01073653
v -0.00161384 0.04118618 0.01378029
v -0.00513560 0.04077842 0.01019244
v 0.00153062 0.04182606 0.01416037
v -0.00209659 0.04191849 0.01398654
v -0.00173581 0.03989050 0.01305000
v -0.00197723 0.04156948 0.01385115
v -0.00185696 0.04154989 0.01388799
v -0.00131463 0.04136034 0.01384861
v -0.00197723 0.04124129 0.01367664
v -0.00221496 0.03997127 0.01289810
v -0.00185696 0.04023708 0.01318996
v -0.00512421 0.04215689 0.01116289
v -0.00209659 0.04159028 0.01381203
v -0.00149112 0.04018565 0.01328668
v -0.00161384 0.04020156 0.01325676
v -0.00221496 0.03964308 0.01272359
v 0.00128308 0.03950066 0.01299143
v -0.00152848 0.04007032 0.01310770
v -0.00221496 0.04128409 0.01359614
v 0.00115841 0.03948855 0.01301421
v -0.00233230 0.04097908 0.01337801
v -0.00173581 0.04021870 0.01322451
v -0.00194217 0.04168985 0.01402064
v -0.00233230 0.04163548 0.01372702
v -0.00221496 0.04095589 0.01342163
v 0.00177536 0.04021799 0.01322585
v -0.00270986 0.04029432 0.01268641
v 0.00045808 0.03932293 0.01292983
v 0.00140717 0.04181144 0.01418786
v 0.00103320 0.03947771 0.01303460
v -0.00506021 0.04243342 0.01143457
v -0.00512421 0.04248509 0.01133740
v 0.00090754 0.03946813 0.01305262
v -0.00506021 0.04276161 0.01160907
v -0.00221496 0.04161229 0.01377064
v -0.00197723 0.04025667 0.01315311
v -0.00209659 0.04027747 0.01311399
v -0.00233230 0.04032267 0.01302899
v -0.00512421 0.04281328 0.01151190
v 0.00115841 0.03981675 0.01318871
v 0.00115841 0.04178597 0.01423576
v -0.00233230 0.03999446 0.01285448
v 0.00115841 0.04112957 0.01388675
v 0.00128308 0.03982886 0.01316594
v 0.00128308 0.04114168 0.01386398
v 0.00128308 0.04081348 0.01368947
v -0.00233230 0.04130729 0.01355252
v 0.00128308 0.04179808 0.01421299
v 0.00090754 0.04176554 0.01427418
v 0.00103320 0.03980590 0.01320911
v 0.00065503 0.03945279 0.01308147
v 0.00191785 0.04102694 0.01368388
v 0.00115841 0.04080137 0.01371224
v 0.00078146 0.03945982 0.01306824
v 0.00090754 0.03979633 0.01322712
v 0.00059957 0.03957567 0.01324624
v 0.00103320 0.04111873 0.01390715
v 0.00090754 0.04110915 0.01392516
v 0.00098263 0.03960157 0.01319753
v 0.00103320 0.04177513 0.01425616
v 0.00103320 0.04079052 0.01373264
v 0.00078146 0.04077264 0.01376628
v 0.00090754 0.04078095 0.01375066
v 0.00065503 0.03978099 0.01325597
v 0.00078146 0.03978802 0.01324275
v -0.00221496 0.04029947 0.01307261
v 0.00145166 0.04006089 0.01312543
v 0.00128308 0.04015706 0.01334045
v 0.00034216 0.04153582 0.01431034
v 0.00065503 0.04076561 0.01377950
v 0.00128308 0.04146987 0.01403848
v 0.00155081 0.04162596 0.01414080
v 0.00147422 0.04203319 0.01416669
v 0.00065503 0.04175021 0.01430302
v 0.00078146 0.04175724 0.01428980
v 0.00115841 0.04014495 0.01336322
v 0.00040135 0.03944257 0.01310069
v 0.00052831 0.03944704 0.01309229
v 0.00090754 0.04012453 0.01340163
v 0.00052831 0.03977523 0.01326679
v 0.00115841 0.04145776 0.01406125
v 0.00040135 0.04173998 0.01432225
v 0.00052831 0.04075985 0.01379032
v 0.00052831 0.04174445 0.01431384
v 0.00040135 0.03977076 0.01327520
v 0.00044189 0.04129578 0.01397003
v -0.00333294 0.03992664 0.01219029
v 0.00022341 0.03997280 0.01329110
v -0.00343702 0.03996106 0.01212556
v 0.00103320 0.04144692 0.01408165
v 0.00065503 0.04142200 0.01412851
v 0.00027422 0.03943938 0.01310669
v 0.00103320 0.04013411 0.01338362
v 0.00040135 0.04075538 0.01379873
v 0.00014697 0.03943748 0.01311027
v 0.00014697 0.03976567 0.01328478
v -0.00383686 0.04240642 0.01306886
v 0.00065503 0.04010919 0.01343048
v 0.00090754 0.04143734 0.01409967
v -0.00404631 0.04009007 0.01148703
v -0.00364033 0.04003301 0.01199023
v 0.00078146 0.04110084 0.01394079
v -0.00393885 0.04223312 0.01299889
v -0.00343702 0.04028925 0.01230006
v 0.00065503 0.04109381 0.01395401
v -0.00373947 0.04236793 0.01314126
v -0.00017377 0.03956671 0.01326309
v 0.00040135 0.04141178 0.01414774
v 0.00052831 0.04010344 0.01344130
v 0.00040135 0.04009897 0.01344971
v -0.00333294 0.04025484 0.01236480
v 0.00078146 0.04011622 0.01341726
v 0.00027422 0.03976757 0.01328120
v 0.00078146 0.04142903 0.01411529
v -0.00364033 0.04233043 0.01321179
v -0.00353950 0.04229394 0.01328042
v 0.00014697 0.04009387 0.01345928
v -0.00363662 0.04146324 0.01286333
v -0.00573019 0.04386184 0.01033163
v 0.00027422 0.04009578 0.01345570
v -0.00283134 0.04229687 0.01367077
v -0.00373947 0.04138333 0.01261774
v 0.00052831 0.04141625 0.01413933
v -0.00383686 0.04142183 0.01254534
v -0.00575866 0.04392009 0.01022206
v -0.00312016 0.04150201 0.01318630
v -0.00023489 0.03976768 0.01328100
v 0.00059903 0.04154748 0.01428841
v 0.00588942 0.04316862 0.00926010
v 0.00368075 0.04068793 0.01234203
v 0.00014697 0.04140669 0.01415732
v 0.00056676 0.04089076 0.01394000
v 0.00027422 0.04140859 0.01415374
v 0.00601246 0.04359195 0.00885980
v -0.00010764 0.04075034 0.01380821
v 0.00397310 0.04211609 0.01282313
v 0.00377996 0.04072539 0.01227158
v 0.00337336 0.04046940 0.01235713
v -0.00023489 0.04173690 0.01432805
v -0.00023489 0.03943948 0.01310650
v 0.00387742 0.04076384 0.01219925
v -0.00043136 0.04154216 0.01429841
v -0.00036201 0.03944272 0.01310041
v 0.00040135 0.04108359 0.01397324
v -0.00036201 0.03977092 0.01327491
v 0.00083196 0.04131102 0.01394136
v 0.00014697 0.04075029 0.01380831
v -0.00010764 0.04173494 0.01433173
v 0.00052831 0.04108806 0.01396483
v 0.00001966 0.04173427 0.01433299
v 0.00027422 0.04075219 0.01380473
v 0.00387742 0.04207665 0.01289729
v 0.00588942 0.04415321 0.00978362
v 0.00397310 0.04080327 0.01212510
v 0.00294156 0.04209593 0.01365281
v -0.00010764 0.03943753 0.01311017
v 0.00415893 0.04219780 0.01266945
v 0.00431770 0.04216803 0.01232956
v 0.00283015 0.04206700 0.01370722
v 0.00001966 0.03943686 0.01311143
v 0.00013253 0.03956380 0.01326857
v 0.00377996 0.04039719 0.01209707
v 0.00406696 0.04182828 0.01257267
v 0.00001966 0.03976506 0.01328594
v -0.00040339 0.03932034 0.01293470
v 0.00443479 0.04244570 0.01259909
v 0.00390356 0.04066453 0.01199014
v 0.00415893 0.04186961 0.01249495
v 0.00316027 0.04117253 0.01301419
v 0.00027422 0.04173680 0.01432825
v 0.00305161 0.04114138 0.01307278
v 0.00014697 0.04173489 0.01433183
v -0.00010764 0.03976572 0.01328468
v 0.00406696 0.04215647 0.01274717
v 0.00368075 0.04035973 0.01216752
v 0.00387743 0.04043564 0.01202475
v 0.00397310 0.04047507 0.01195059
v 0.00325553 0.04000943 0.01243045
v 0.00271744 0.04203920 0.01375950
v 0.00395909 0.04200340 0.01263920
v 0.00316027 0.03985972 0.01231615
v 0.00424900 0.04224005 0.01259000
v 0.00406696 0.04084366 0.01204914
v 0.00294156 0.04111134 0.01312929
v 0.00283015 0.04108240 0.01318370
v 0.00433710 0.04228319 0.01250885
v 0.00260349 0.04201255 0.01380963
v 0.00294156 0.03979852 0.01243125
v 0.00283015 0.03976959 0.01248566
v 0.00397310 0.04014688 0.01177608
v 0.00397310 0.04145969 0.01247412
v 0.00248834 0.04198706 0.01385757
v 0.00406696 0.04051546 0.01187463
v 0.00415893 0.04088499 0.01197141
v 0.00415893 0.04055678 0.01179691
v 0.00241565 0.03980118 0.01282212
v 0.00387742 0.04142026 0.01254828
v 0.00316027 0.04150074 0.01318869
v 0.00271744 0.03974179 0.01253794
v 0.00305161 0.04146958 0.01324728
v -0.00106203 0.04133505 0.01389617
v 0.00387742 0.04010745 0.01185024
v 0.00271744 0.04105461 0.01323598
v 0.00283015 0.04009778 0.01266017
v 0.00450728 0.04237210 0.01234164
v 0.00407217 0.04030444 0.01187562
v 0.00260349 0.03971514 0.01258807
v 0.00442321 0.04232722 0.01242605
v 0.00283015 0.04042598 0.01283467
v 0.00237205 0.04196273 0.01390332
v 0.00283015 0.04173880 0.01353271
v 0.00305161 0.04179778 0.01342179
v 0.00415893 0.04154141 0.01232044
v 0.00216460 0.04171876 0.01396626
v 0.00433710 0.04097038 0.01181082
v 0.00406696 0.04150008 0.01239816
v 0.00316027 0.04182893 0.01336320
v 0.00424900 0.04092724 0.01189196
v 0.00450728 0.04105929 0.01164360
v 0.00314871 0.04194457 0.01354157
v 0.00406696 0.04018727 0.01170012
v 0.00433710 0.04195500 0.01233435
v 0.00380158 0.03996790 0.01171680
v 0.00433710 0.04064218 0.01163631
v 0.00304829 0.04126369 0.01323863
v 0.00415893 0.04022859 0.01162240
v 0.00260349 0.04102795 0.01328610
v 0.00424900 0.04191186 0.01241549
v 0.00427287 0.04170496 0.01240872
v 0.00140717 0.04017042 0.01331531
v 0.00283015 0.04141060 0.01335821
v 0.00294156 0.04143953 0.01330380
v 0.00388148 0.04219204 0.01307616
v 0.00294156 0.04176773 0.01347830
v 0.00406696 0.04248468 0.01292168
v 0.00424900 0.04059903 0.01171745
v 0.00483726 0.04070774 0.01111712
v 0.00271744 0.04039819 0.01288695
v 0.00346968 0.04182020 0.01298373
v 0.00248834 0.03968964 0.01263602
v 0.00257881 0.04114652 0.01345899
v 0.00260349 0.04037153 0.01293708
v 0.00415893 0.04252601 0.01284396
v 0.00289255 0.04230058 0.01366380
v 0.00271744 0.04006999 0.01271245
v 0.00424900 0.04158365 0.01224099
v 0.00442321 0.04101440 0.01172802
v 0.00271744 0.04171100 0.01358499
v 0.00260349 0.04004333 0.01276257
v 0.00250744 0.04154580 0.01349981
v 0.00213625 0.04191763 0.01398815
v 0.00172968 0.03944197 0.01270594
v 0.00450728 0.04204391 0.01216713
v -0.00185696 0.04187809 0.01406250
v 0.00433710 0.04031398 0.01146180
v 0.00260349 0.04168435 0.01363511
v 0.00237205 0.03999351 0.01285627
v 0.00237205 0.03966532 0.01268177
v 0.00442321 0.04199903 0.01225155
v 0.00433710 0.04162680 0.01215984
v 0.00260349 0.04135615 0.01346061
v 0.00424900 0.04027084 0.01154295
v 0.00248834 0.04001784 0.01281052
v 0.00237205 0.04097813 0.01337980
v 0.00153062 0.04149785 0.01398586
v 0.00248834 0.04100246 0.01333405
v 0.00433710 0.04261140 0.01268336
v 0.00424900 0.04256825 0.01276451
v 0.00443008 0.04091665 0.01151597
v 0.00206494 0.04146154 0.01365827
v -0.00173581 0.04185972 0.01409706
v 0.00450728 0.04171571 0.01199263
v 0.00213625 0.04093303 0.01346462
v -0.00185696 0.03958068 0.01284095
v -0.00212257 0.03950734 0.01258299
v 0.00471328 0.04306651 0.01222330
v 0.00248834 0.04034604 0.01298503
v 0.00271744 0.04138281 0.01341049
v 0.00442321 0.04167083 0.01207704
v 0.00153062 0.04018504 0.01328782
v 0.00478236 0.04198312 0.01188557
v 0.00140717 0.04148324 0.01401335
v 0.00237205 0.04130634 0.01355431
v -0.00173581 0.03956231 0.01287550
v 0.00248834 0.04133066 0.01350856
v -0.00185696 0.04089350 0.01353898
v 0.00177536 0.04153081 0.01392388
v 0.00248834 0.04165885 0.01368306
v -0.00197723 0.04189769 0.01402566
v 0.00153062 0.04116966 0.01381136
v 0.00237205 0.04163453 0.01372881
v 0.00442321 0.04035801 0.01137900
v 0.00213625 0.04126123 0.01363913
v 0.00442321 0.04068621 0.01155351
v 0.00450728 0.04040289 0.01129459
v 0.00153062 0.03985684 0.01311332
v 0.00450728 0.04073109 0.01146910
v -0.00242187 0.04177867 0.01385360
v 0.00442321 0.04265542 0.01260056
v -0.00173581 0.04087512 0.01357354
v 0.00140717 0.04115504 0.01383884
v 0.00450728 0.04270031 0.01251614
v 0.00225467 0.04128319 0.01359784
v 0.00165337 0.04118552 0.01378153
v 0.00140717 0.03984223 0.01314080
v 0.00173783 0.04099305 0.01374762
v 0.00522784 0.04155066 0.01071946
v -0.00185696 0.03990887 0.01301545
v 0.00556094 0.04326954 0.01104967
v 0.00237205 0.04032172 0.01303078
v 0.00509007 0.04266741 0.01139037
v -0.00161384 0.03987336 0.01308225
v 0.00070248 0.04089905 0.01392441
v 0.00458928 0.04274603 0.01243015
v 0.00145708 0.03964548 0.01311494
v -0.00149112 0.03985745 0.01311217
v -0.00185696 0.04122170 0.01371349
v 0.00165337 0.03987270 0.01308349
v 0.00218348 0.03975804 0.01290324
v -0.00209486 0.04105781 0.01362582
v 0.00528715 0.04291636 0.01131803
v -0.00197723 0.03960027 0.01280410
v -0.00209659 0.03994927 0.01293948
v 0.00177536 0.03988979 0.01305134
v -0.00173581 0.04120332 0.01374805
v 0.00225467 0.04161138 0.01377235
v 0.00153062 0.03952864 0.01293881
v 0.00534402 0.04296984 0.01121746
v -0.00165103 0.04098880 0.01375563
v 0.00516612 0.04149839 0.01081778
v 0.00466915 0.04279257 0.01234262
v -0.00209659 0.03962107 0.01276498
v -0.00194217 0.03972064 0.01297359
v -0.00169677 0.03968343 0.01304358
v 0.00213625 0.04158942 0.01381364
v -0.00209659 0.04093389 0.01346301
v 0.00528715 0.04258817 0.01114353
v -0.00197723 0.03992847 0.01297861
v 0.00534402 0.04132883 0.01034491
v -0.00212257 0.04147655 0.01363004
v 0.00528715 0.04127535 0.01044549
v -0.00197723 0.04091309 0.01350213
v -0.00173581 0.04153151 0.01392255
v -0.00209659 0.04126209 0.01363752
v 0.00165337 0.04184192 0.01413054
v 0.00165337 0.03954450 0.01290899
v -0.00512421 0.04084407 0.01046485
v -0.00233230 0.03966627 0.01267998
v 0.00140717 0.04082685 0.01366434
v 0.00140717 0.03951403 0.01296630
v 0.00153062 0.04084146 0.01363685
v 0.00250975 0.04023069 0.01280608
v 0.00294156 0.04045491 0.01278026
v -0.00036201 0.04141193 0.01414745
v -0.00023489 0.04140869 0.01415354
v 0.00294156 0.04012671 0.01260576
v -0.00048896 0.04010364 0.01344091
v -0.00061567 0.04010944 0.01343000
v -0.00036201 0.04108374 0.01397295
v -0.00023489 0.04108050 0.01397904
v -0.00010764 0.04140674 0.01415722
v -0.00023489 0.04009588 0.01345551
v 0.00318396 0.04041046 0.01246798
v 0.00001966 0.04140607 0.01415848
v -0.00023489 0.04075230 0.01380453
v -0.00010764 0.04107855 0.01398272
v -0.00061567 0.03978125 0.01325549
v -0.00048896 0.03977544 0.01326640
v 0.00305161 0.03982856 0.01237474
v -0.00036201 0.04009912 0.01344942
v -0.00036201 0.04075554 0.01379844
v -0.00066819 0.03999093 0.01325701
v -0.00043128 0.04088609 0.01394879
v -0.00010764 0.04009392 0.01345919
v 0.00001966 0.04074968 0.01380947
v 0.00326747 0.04022016 0.01243001
v 0.00305161 0.04212598 0.01359630
v 0.00027422 0.04108040 0.01397924
v -0.00036201 0.04174014 0.01432196
v 0.00001966 0.04009326 0.01346044
v 0.00316027 0.04215713 0.01353771
v 0.00014697 0.04107849 0.01398282
v 0.00382040 0.04260011 0.01310046
v 0.00357985 0.04229249 0.01328313
v 0.00368075 0.04232895 0.01321458
v 0.00377996 0.04236641 0.01314412
v 0.00580200 0.04391775 0.01022646
v 0.00590451 0.04421256 0.00967201
v 0.00582790 0.04397627 0.01011640
v 0.00545034 0.04176564 0.01031515
v 0.00458928 0.04241782 0.01225564
v 0.00539843 0.04171106 0.01041779
v 0.00466915 0.04115155 0.01147007
v 0.00466915 0.04213617 0.01199361
v 0.00466915 0.04246437 0.01216811
v 0.00458928 0.04208963 0.01208114
v 0.00458928 0.04110501 0.01155761
v 0.00539843 0.04269569 0.01094132
v 0.00554661 0.04253272 0.01045606
v 0.00549974 0.04116433 0.00986254
v 0.00554661 0.04121990 0.00975802
v 0.00466915 0.04180798 0.01181910
v 0.00545034 0.04143744 0.01014064
v 0.00549974 0.04247715 0.01056057
v 0.00458928 0.04044861 0.01120859
v 0.00458928 0.04176143 0.01190663
v 0.00539843 0.04302388 0.01111583
v 0.00513405 0.04287942 0.01178339
v 0.00482242 0.04223163 0.01181409
v 0.00482242 0.04255982 0.01198859
v 0.00534402 0.04165703 0.01051942
v 0.00466915 0.04082336 0.01129557
v 0.00505675 0.04132963 0.01073927
v 0.00545034 0.04275026 0.01083868
v 0.00528715 0.04160355 0.01061999
v 0.00474688 0.04119889 0.01138104
v 0.00539843 0.04138286 0.01024328
v 0.00539843 0.04236748 0.01076681
v 0.00545034 0.04307845 0.01101319
v 0.00487646 0.04250443 0.01169688
v 0.00429316 0.04085074 0.01163993
v 0.00482242 0.04124701 0.01129056
v 0.00474688 0.04251171 0.01207908
v 0.00474688 0.04218351 0.01190458
v 0.00458928 0.04077681 0.01138310
v 0.00554661 0.04351731 0.01097958
v 0.00545034 0.04242206 0.01066418
v 0.00482242 0.04190343 0.01163958
v 0.00466915 0.04049516 0.01112106
v 0.00539843 0.04105467 0.01006878
v 0.00474688 0.04185531 0.01173007
v 0.00593363 0.04298932 0.00801373
v 0.00523504 0.04230050 0.01128867
v 0.00582786 0.04255526 0.00843421
v 0.00534402 0.04264165 0.01104295
v 0.00549974 0.04346174 0.01108409
v 0.00545034 0.04110924 0.00996614
v 0.00474688 0.04283991 0.01225359
v 0.00591731 0.04409323 0.00831292
v 0.00482242 0.04091880 0.01111605
v 0.00474688 0.04087069 0.01120654
v 0.00591731 0.04442142 0.00848742
v 0.00512799 0.04139521 0.01061594
v 0.00590506 0.04415273 0.00820103
v 0.00590506 0.04448092 0.00837553
v 0.00534402 0.04231345 0.01086845
v 0.00165337 0.04020090 0.01325800
v 0.00516612 0.04281120 0.01151582
v 0.00522784 0.04286348 0.01141750
v 0.00528968 0.04285085 0.01104536
v 0.00516612 0.04248301 0.01134131
v 0.00177536 0.03956160 0.01287684
v 0.00522784 0.04253528 0.01124299
v 0.00534402 0.04100063 0.01017041
v 0.00522784 0.04122246 0.01054495
v 0.00165337 0.04151371 0.01395603
v 0.00528715 0.04094715 0.01027098
v 0.00189655 0.04023632 0.01319139
v 0.00516612 0.04117018 0.01064327
v 0.00177536 0.04120261 0.01374938
v 0.00189655 0.04154913 0.01388942
v 0.00201686 0.04025586 0.01315464
v 0.00522784 0.04220708 0.01106849
v 0.00516612 0.04084199 0.01046877
v 0.00528715 0.04324457 0.01149254
v 0.00516612 0.04215480 0.01116681
v 0.00541532 0.04114845 0.01028827
v 0.00522784 0.04089427 0.01037045
v 0.00225467 0.04029857 0.01307431
v 0.00240351 0.04176446 0.01388032
v 0.00213625 0.04027661 0.01311560
v 0.00156806 0.04138251 0.01380692
v 0.00534402 0.04329804 0.01139197
v 0.00143633 0.04005907 0.01312884
v 0.00201686 0.04156867 0.01385267
v 0.00165337 0.04085732 0.01360702
v 0.00189655 0.04122094 0.01371492
v 0.00201686 0.04124048 0.01367817
v 0.00201686 0.03992766 0.01298012
v 0.00177536 0.04087441 0.01357487
v 0.00510203 0.04210316 0.01126393
v 0.00516612 0.04313940 0.01169033
v 0.00554661 0.04318911 0.01080507
v 0.00553817 0.04183954 0.00978027
v 0.00189655 0.03990811 0.01301688
v 0.00536289 0.04358849 0.01124160
v 0.00601283 0.04446781 0.00879606
v 0.00549974 0.04313354 0.01090958
v 0.00522784 0.04319168 0.01159201
v 0.00591687 0.04263103 0.00868758
v 0.00326747 0.04186117 0.01330255
v 0.00201686 0.03959946 0.01280562
v 0.00358037 0.04142759 0.01293038
v 0.00372976 0.04213558 0.01318234
v 0.00201686 0.04091228 0.01350366
v 0.00213625 0.03994841 0.01294109
v 0.00239568 0.04020613 0.01285226
v 0.00582790 0.04233526 0.00924386
v 0.00580200 0.04227674 0.00935392
v 0.00549974 0.04280534 0.01073508
v 0.00337316 0.04189449 0.01323989
v 0.00592651 0.04269063 0.00857549
v 0.00554661 0.04286092 0.01063056
v 0.00177536 0.04185901 0.01409839
v 0.00131556 0.04159962 0.01419034
v 0.00189655 0.03957992 0.01284238
v 0.00189655 0.04089274 0.01354041
v 0.00326747 0.04153298 0.01312805
v 0.00225467 0.03997036 0.01289980
v 0.00387742 0.04174846 0.01272278
v 0.00397310 0.04178789 0.01264863
v 0.00305161 0.04048496 0.01272375
v 0.00585111 0.04370684 0.00983136
v 0.00213625 0.03962022 0.01276659
v 0.00225467 0.04095498 0.01342334
v 0.00336296 0.04004290 0.01236750
v 0.00337316 0.04156630 0.01306539
v 0.00316027 0.04051612 0.01266516
v 0.00582790 0.04299168 0.00959288
v 0.00592651 0.04236243 0.00840098
v 0.00569983 0.04340583 0.01000160
v 0.00585111 0.04337864 0.00965686
v 0.00587162 0.04376583 0.00972042
v 0.00591687 0.04230283 0.00851307
v 0.00592651 0.04367525 0.00909902
v 0.00357985 0.04065148 0.01241058
v 0.00574186 0.04284802 0.01025893
v 0.00347731 0.04061606 0.01247720
v 0.00595157 0.04327548 0.00945499
v 0.00580200 0.04194853 0.00917941
v 0.00587162 0.04343763 0.00954592
v 0.00591687 0.04361565 0.00921111
v 0.00225467 0.03964217 0.01272530
v 0.00580200 0.04293315 0.00970294
v 0.00580200 0.04162034 0.00900490
v 0.00189655 0.04187733 0.01406393
v 0.00201686 0.04189688 0.01402718
v 0.00592651 0.04400345 0.00927353
v 0.00598991 0.04405935 0.00956426
v 0.00316027 0.04018791 0.01249065
v 0.00591687 0.04394384 0.00938561
v 0.00377996 0.04006899 0.01192256
v 0.00590451 0.04257154 0.00879946
v 0.00225467 0.04193959 0.01394686
v 0.00582790 0.04167886 0.00889484
v 0.00588942 0.04251220 0.00891108
v 0.00582790 0.04200706 0.00906935
v 0.00601888 0.04228660 0.00814772
v 0.00377996 0.04171001 0.01279511
v 0.00337316 0.04123810 0.01289088
v 0.00357985 0.04032328 0.01223607
v 0.00326747 0.04120478 0.01295354
v 0.00357985 0.04196429 0.01310862
v 0.00305161 0.04015676 0.01254924
v 0.00587162 0.04245301 0.00902239
v 0.00368075 0.04003153 0.01199301
v 0.00368075 0.04167255 0.01286556
v 0.00593341 0.04439133 0.00933579
v 0.00377996 0.04203820 0.01296961
v 0.00347731 0.04192887 0.01317524
v 0.00316813 0.04171447 0.01318259
v 0.00593757 0.04445107 0.00922344
v 0.00309256 0.04192962 0.01356969
v 0.00585074 0.04261738 0.00831737
v 0.00591687 0.04197464 0.00833857
v 0.00347731 0.04028786 0.01230269
v 0.00585111 0.04239402 0.00913333
v 0.00590451 0.04355617 0.00932299
v 0.00278861 0.03964164 0.01233042
v 0.00368075 0.04200074 0.01304006
v 0.00337316 0.04058168 0.01254186
v 0.00592651 0.04334705 0.00892452
v 0.00592651 0.04203423 0.00822648
v 0.00357985 0.04163610 0.01293411
v 0.00590451 0.04388436 0.00949749
v 0.00377996 0.04138181 0.01262060
v 0.00587162 0.04409403 0.00989493
v 0.00585111 0.04403504 0.01000587
v 0.00585111 0.04206582 0.00895882
v 0.00585111 0.04305044 0.00948235
v 0.00591687 0.04328745 0.00903660
v 0.00593475 0.04191025 0.00885553
v 0.00588942 0.04382501 0.00960911
v 0.00588942 0.04349682 0.00943461
v 0.00326747 0.04054836 0.01260452
v 0.00347731 0.04160068 0.01300073
v 0.00347731 0.03995966 0.01212819
v 0.00587162 0.04212481 0.00884788
v 0.00357985 0.03999508 0.01206157
v 0.00387742 0.04240486 0.01307180
v 0.00590451 0.04224334 0.00862495
v 0.00397310 0.04244429 0.01299764
v 0.00582790 0.04331988 0.00976739
v 0.00580200 0.04326136 0.00987745
v 0.00587162 0.04310943 0.00937141
v 0.00580656 0.04368825 0.00947045
v 0.00397573 0.04026427 0.01195117
v 0.00357985 0.04130790 0.01275961
v 0.00574424 0.04152999 0.00877895
v 0.00587162 0.04179662 0.00867337
v 0.00347731 0.04127248 0.01282622
v 0.00591687 0.04427205 0.00956012
v 0.00584529 0.04452775 0.00947511
v 0.00592531 0.04387255 0.00991558
v 0.00592651 0.04433165 0.00944804
v 0.00585111 0.04173763 0.00878432
v 0.00368075 0.04134435 0.01269105
v 0.00410878 0.04163213 0.01254568
v 0.00588942 0.04218400 0.00873657
v 0.00337316 0.04222270 0.01341440
v 0.00337316 0.04025348 0.01236735
v 0.00594234 0.04323783 0.00952581
v 0.00590451 0.04191515 0.00845045
v 0.00326747 0.04218938 0.01347706
v 0.00590451 0.04322797 0.00914848
v 0.00588942 0.04185580 0.00856207
v 0.00326747 0.03989196 0.01225551
v 0.00347731 0.04225707 0.01334975
v 0.00337316 0.03992528 0.01219284
v 0.00567179 0.04171747 0.00961397
v 0.00135509 0.04200573 0.00748830
v 0.00574219 0.04150415 0.00922342
v 0.00570831 0.04177473 0.00950628
v 0.00559092 0.04193233 0.01000165
v 0.00563265 0.04198880 0.00989545
v 0.00570831 0.04308755 0.01020432
v 0.00559092 0.04324514 0.01069968
v 0.00593686 0.04192543 0.00882698
v 0.00567179 0.04303030 0.01031201
v 0.00577343 0.04156210 0.00911445
v 0.00563265 0.04330161 0.01059348
v 0.00574219 0.04314517 0.01009597
v 0.00568260 0.04277355 0.01039899
v 0.00439084 0.04692205 0.00568040
v 0.00574219 0.04183235 0.00939793
v 0.00577343 0.04189029 0.00928895
v 0.00570831 0.04144654 0.00933178
v 0.00563265 0.04166060 0.00972094
v 0.00583197 0.04365762 0.01031981
v 0.00559092 0.04160413 0.00982714
v 0.00541874 0.04298496 0.01079314
v 0.00554661 0.04187630 0.01010703
v 0.00563265 0.04297342 0.01041898
v 0.00572664 0.04215051 0.00919543
v 0.00549974 0.04182072 0.01021155
v 0.00559092 0.04291695 0.01052518
v 0.00577343 0.04287491 0.00981248
v 0.00567179 0.04138928 0.00943946
v 0.00574219 0.04281697 0.00992146
v 0.00577343 0.04385951 0.01033600
v 0.00563897 0.04329165 0.01021633
v 0.00574219 0.04380156 0.01044498
v 0.00534928 0.04094973 0.00987026
v 0.00580309 0.04346295 0.00712296
v 0.00570971 0.04494961 0.00749405
v 0.00564112 0.04336860 0.01086337
v 0.00570971 0.04462142 0.00731955
v 0.00549974 0.04149253 0.01003704
v 0.00574349 0.04456379 0.00742793
v 0.00554661 0.04154810 0.00993252
v 0.00549054 0.04175384 0.00994145
v 0.00577462 0.04352121 0.00701340
v 0.00356274 0.04726325 0.00503871
v 0.00574349 0.04489198 0.00760243
v 0.00570831 0.04275936 0.01002981
v 0.00567179 0.04270209 0.01013750
v 0.00176555 0.04766264 0.00427888
v 0.00224420 0.04760446 0.00439698
v 0.00563265 0.04264522 0.01024447
v 0.00580309 0.04444757 0.00764650
v 0.00577302 0.04423542 0.01002489
v 0.00456319 0.04230197 0.01207765
v 0.00570971 0.04429321 0.00714504
v 0.00563265 0.04133240 0.00954643
v 0.00580309 0.04477577 0.00782100
v 0.00570831 0.04374395 0.01055333
v 0.00533771 0.04108204 0.01041317
v 0.00559092 0.04127593 0.00965264
v 0.00577462 0.04450583 0.00753693
v 0.00559092 0.04258875 0.01035067
v 0.00567179 0.04368670 0.01066102
v 0.00577462 0.04483403 0.00771143
v 0.00574349 0.04423559 0.00725342
v 0.00290399 0.04745787 0.00467268
v 0.00584718 0.04305270 0.00670690
v 0.00563265 0.04362982 0.01076799
v 0.00489574 0.04129587 0.01119866
v 0.00510203 0.04275956 0.01161294
v 0.00175393 0.04768501 0.00424549
v 0.00559092 0.04357335 0.01087419
v 0.00577462 0.04286481 0.00666439
v 0.00496680 0.04134546 0.01110539
v 0.00570971 0.04298040 0.00644700
v 0.00580309 0.04313475 0.00694846
v 0.00574349 0.04292277 0.00655538
v 0.00489574 0.04228049 0.01172219
v 0.00573790 0.04152786 0.00957471
v 0.00577462 0.04319301 0.00683889
v 0.00489574 0.04260868 0.01189669
v 0.00496680 0.04265827 0.01180343
v 0.00496680 0.04233008 0.01162892
v 0.00477926 0.04197950 0.01189237
v 0.00510203 0.04144674 0.01091491
v 0.00503558 0.04139576 0.01101079
v 0.00489574 0.04096767 0.01102415
v 0.00489574 0.04195229 0.01154768
v 0.00577462 0.04417763 0.00736242
v 0.00496680 0.04200188 0.01145442
v 0.00580309 0.04280656 0.00677395
v 0.00590506 0.04316811 0.00767750
v 0.00482242 0.04059061 0.01094155
v 0.00476860 0.04066100 0.01120504
v 0.00503558 0.04270858 0.01170882
v 0.00570971 0.04527782 0.00766856
v 0.00580309 0.04411937 0.00747199
v 0.00503558 0.04238038 0.01153432
v 0.00496680 0.04101726 0.01093088
v 0.00580623 0.04231677 0.00729923
v 0.00510203 0.04243136 0.01143844
v 0.00536240 0.04241443 0.01107440
v 0.00581035 0.04304366 0.00751565
v 0.00489574 0.04293689 0.01207120
v 0.00496680 0.04068906 0.01075638
v 0.00587239 0.04427127 0.00797808
v 0.00563193 0.04473685 0.00749832
v -0.00116887 0.04774811 0.00412681
v 0.00585198 0.04465846 0.00804162
v 0.00574349 0.04522019 0.00777694
v 0.00510202 0.04111854 0.01074040
v 0.00591731 0.04310861 0.00778939
v 0.00107422 0.04774325 0.00412745
v 0.00503558 0.04205218 0.01135981
v 0.00025629 0.04778230 0.00405423
v 0.00503557 0.04106756 0.01083628
v 0.00589008 0.04454027 0.00826390
v 0.00455684 0.04033979 0.01101738
v 0.00590506 0.04283990 0.00750299
v 0.00503557 0.04073936 0.01066178
v 0.00592112 0.04485894 0.00806046
v 0.00587239 0.04459946 0.00815258
v 0.00589008 0.04421208 0.00808940
v 0.00489574 0.04063947 0.01084965
v 0.00496680 0.04298648 0.01197794
v 0.00601071 0.04376598 0.00853251
v 0.00591731 0.04278041 0.00761488
v 0.00510202 0.04079035 0.01056589
v 0.00474688 0.04054249 0.01103203
v 0.00592684 0.04304901 0.00790148
v 0.00539843 0.04335208 0.01129034
v 0.00521486 0.04294485 0.01166034
v 0.00482242 0.04288802 0.01216310
v 0.00528715 0.04225997 0.01096902
v 0.00593363 0.04430214 0.00871177
v 0.00593900 0.04286982 0.00823849
v 0.00545034 0.04340665 0.01118770
v 0.00590506 0.04382452 0.00802652
v 0.00453411 0.04249540 0.01250563
v 0.00591731 0.04474963 0.00866193
v 0.00584166 0.04395243 0.00897359
v 0.00593768 0.04292959 0.00812609
v 0.00601264 0.04228668 0.00814757
v 0.00592684 0.04436182 0.00859952
v 0.00593363 0.04266112 0.00783923
v 0.00591731 0.04376503 0.00813841
v 0.00592684 0.04403363 0.00842501
v 0.00597354 0.04270971 0.00735197
v 0.00590506 0.04480912 0.00855004
v 0.00592684 0.04272081 0.00772698
v 0.00593363 0.04397395 0.00853726
v 0.00592684 0.04239261 0.00755247
v 0.00593363 0.04233292 0.00766472
v 0.00592684 0.04469003 0.00877402
v 0.00593757 0.04281005 0.00835089
v 0.00593768 0.04391421 0.00864962
v 0.00593900 0.04418263 0.00893653
v 0.00577752 0.04311587 0.00737984
v 0.00592684 0.04370543 0.00825051
v 0.00593768 0.04227319 0.00777707
v 0.00598475 0.04398503 0.00812054
v 0.00593768 0.04424240 0.00882412
v 0.00593757 0.04412286 0.00904893
v 0.00593363 0.04463034 0.00888628
v 0.00593341 0.04275031 0.00846325
v 0.00601750 0.04425583 0.00919473
v 0.00593363 0.04364574 0.00836276
v 0.00593900 0.04385444 0.00876202
v 0.00593768 0.04358600 0.00847511
v 0.00593900 0.04254162 0.00806398
v 0.00593341 0.04242211 0.00828874
v 0.00593768 0.04260138 0.00795158
v 0.00584551 0.04410682 0.00868323
v 0.00593341 0.04406313 0.00916128
v 0.00593341 0.04373493 0.00898678
v 0.00593900 0.04352624 0.00858752
v 0.00593900 0.04221342 0.00788948
v 0.00583214 0.04488076 0.00881119
v 0.00593757 0.04379467 0.00887443
v 0.00580200 0.04358955 0.01005195
v 0.00593757 0.04248185 0.00817639
v 0.00582790 0.04364807 0.00994189
v 0.00593900 0.04451084 0.00911104
v 0.00593757 0.04215365 0.00800188
v 0.00593341 0.04340673 0.00881227
v 0.00583849 0.04184330 0.00818970
v 0.00593341 0.04209391 0.00811423
v 0.00574219 0.04347336 0.01027047
v 0.00577343 0.04221849 0.00946346
v 0.00574219 0.04216055 0.00957244
v 0.00593757 0.04346647 0.00869992
v 0.00488394 0.04664914 0.00619368
v 0.00593768 0.04457060 0.00899863
v 0.00570831 0.04210293 0.00968079
v 0.00567179 0.04335849 0.01048651
v 0.00573030 0.04151310 0.00960247
v 0.00567179 0.04204568 0.00978848
v 0.00570831 0.04341575 0.01037883
v 0.00577343 0.04320311 0.00998699
v 0.00577343 0.04353130 0.01016149
v 0.00287495 0.04745848 0.00466303
v 0.00431753 0.04694648 0.00562595
v 0.00549103 0.04365755 0.00636110
v 0.00550167 0.04523190 0.00696313
v 0.00559264 0.04380745 0.00647507
v 0.00549103 0.04497036 0.00705914
v 0.00539445 0.04559598 0.00667428
v -0.00178625 0.04226698 0.01443531
v 0.00554844 0.04386350 0.00636965
v 0.00550167 0.04490371 0.00678863
v 0.00567330 0.04369407 0.00668830
v -0.00249727 0.04239597 0.01419271
v 0.00550167 0.04391909 0.00626510
v 0.00550167 0.04359089 0.00609059
v 0.00567330 0.04500688 0.00738633
v 0.00559264 0.04479207 0.00699860
v 0.00559264 0.04347925 0.00630056
v -0.00008202 0.04214471 0.01465651
v 0.00563427 0.04506378 0.00727934
v 0.00568507 0.04335456 0.00693093
v 0.00563427 0.04375096 0.00658130
v 0.00554844 0.04517631 0.00706769
v 0.00580036 0.04312521 0.00657052
v -0.00127460 0.04221064 0.01453247
v 0.00008455 0.04213619 0.01468129
v -0.00049911 0.04214745 0.01466011
v -0.00120590 0.04219465 0.01457135
v 0.00550167 0.04457551 0.00661412
v -0.00000766 0.04780378 0.00402210
v 0.00563427 0.04342276 0.00640679
v 0.00554844 0.04484812 0.00689318
v 0.00586342 0.04432063 0.00748935
v 0.00570971 0.04363680 0.00679602
v 0.00575174 0.04451607 0.00791355
v 0.00574349 0.04357917 0.00690440
v 0.00550167 0.04556011 0.00713764
v 0.00554844 0.04320710 0.00602064
v 0.00559264 0.04512026 0.00717310
v 0.00162370 0.04223760 0.01449056
v 0.00554844 0.04353530 0.00619514
v 0.00225740 0.04234098 0.01428800
v 0.00559264 0.04315105 0.00612606
v 0.00585198 0.04334565 0.00734359
v 0.00567330 0.04467869 0.00721183
v 0.00079642 0.04216060 0.01463538
v -0.00021459 0.04778165 0.00405525
v 0.00576481 0.04515262 0.00750813
v 0.00555128 0.04291746 0.00616949
v 0.00563427 0.04473558 0.00710483
v 0.00559264 0.04544846 0.00734761
v 0.00096727 0.04218155 0.01458748
v 0.00554844 0.04451992 0.00671868
v 0.00567330 0.04336587 0.00651379
v 0.00548596 0.04365667 0.00636276
v 0.00513132 0.04597764 0.00674826
v 0.00559264 0.04446387 0.00682409
v 0.00550167 0.04326269 0.00591609
v -0.00103183 0.04774404 0.00412518
v 0.00589008 0.04322746 0.00756587
v 0.00570971 0.04330859 0.00662151
v 0.00574349 0.04325097 0.00672989
v 0.00575297 0.04517465 0.00746668
v 0.00567330 0.04435049 0.00703732
v 0.00458583 0.04311623 0.01283810
v 0.00563427 0.04440738 0.00693033
v 0.00582888 0.04471724 0.00793108
v 0.00563427 0.04539198 0.00745385
v 0.00096155 0.04776548 0.00409414
v 0.00536663 0.04496689 0.00627391
v 0.00563427 0.04309456 0.00623229
v 0.00567330 0.04303767 0.00633929
v 0.00412168 0.04289272 0.01325847
v 0.00567330 0.04533509 0.00756084
v 0.00582888 0.04340442 0.00723304
v 0.00228362 0.04234375 0.01429092
v 0.00585198 0.04433027 0.00786712
v 0.00564228 0.04335564 0.00613715
v 0.00582888 0.04307622 0.00705854
v 0.00585198 0.04301744 0.00716908
v 0.00554844 0.04550451 0.00724220
v 0.00582888 0.04438904 0.00775658
v 0.00587238 0.04328665 0.00745455
v 0.00334227 0.04261753 0.01376734
v 0.00598388 0.04267977 0.00740827
v -0.00047776 0.04779298 0.00404242
v -0.00185855 0.04764285 0.00431688
v 0.00582016 0.04440916 0.00732285
v 0.00585198 0.04400207 0.00769261
v 0.00587238 0.04295845 0.00728004
v -0.00216498 0.04761126 0.00438418
v 0.00348030 0.04264759 0.01371950
v -0.00274034 0.04747224 0.00463689
v 0.00589008 0.04289926 0.00739136
v 0.00587239 0.04394307 0.00780357
v 0.00589008 0.04257106 0.00721685
v 0.00510203 0.04308776 0.01178745
v 0.00590506 0.04251171 0.00732848
v 0.00591731 0.04245221 0.00744037
v 0.00589008 0.04388388 0.00791489
v 0.00503558 0.04303678 0.01188333
v 0.00582888 0.04504544 0.00810559
v 0.00585198 0.04498667 0.00821613
v 0.00587238 0.04263025 0.00710553
v 0.00597268 0.04468648 0.00838479
v 0.00567642 0.04533794 0.00795135
v 0.00587238 0.04492767 0.00832709
v 0.00589008 0.04486848 0.00843841
v -0.00219699 0.04234708 0.01427634
v -0.00435844 0.04303902 0.01297483
v -0.00396038 0.04284347 0.01335110
v -0.00338419 0.04263223 0.01373988
v 0.00291562 0.04248242 0.01403013
v 0.00415142 0.04291374 0.01321072
v -0.00459634 0.04679517 0.00591903
v 0.00498339 0.04335701 0.01238526
v 0.00509277 0.04344521 0.01221088
v -0.00266933 0.04750612 0.00458193
v 0.00580309 0.04510397 0.00799551
v 0.00585198 0.04268925 0.00699458
v -0.00320694 0.04736427 0.00484871
v 0.00577462 0.04516223 0.00788594
v 0.00582888 0.04274803 0.00688403
v 0.00509169 0.04647781 0.00650705
v 0.00582888 0.04406084 0.00758207
v -0.00182859 0.04766764 0.00427816
v 0.00530403 0.04634130 0.00677263
v 0.00556674 0.04608785 0.00724930
v -0.00559308 0.04392862 0.01131023
v -0.00592668 0.04448541 0.01026305
v -0.00576293 0.04415910 0.01087676
v -0.00554301 0.04390179 0.01135237
v -0.00497472 0.04339582 0.01230345
v -0.00444973 0.04306599 0.01293259
v -0.00185367 0.04599625 0.00743245
v 0.00538438 0.04367031 0.01179604
v 0.00574334 0.04407013 0.01104407
v 0.00560735 0.04393092 0.01129741
v 0.00556127 0.04384178 0.01147355
v -0.00550979 0.04608019 0.00725554
v -0.00405730 0.04705914 0.00542258
v -0.00492022 0.04656718 0.00633892
v -0.00517716 0.04640978 0.00664384
v -0.00483755 0.04665149 0.00618925
v -0.00598153 0.04469719 0.00986475
v -0.00406291 0.04704781 0.00543613
v -0.00591322 0.04541564 0.00850505
v -0.00599925 0.04515371 0.00900617
v -0.00593034 0.04544138 0.00846514
v -0.00601548 0.04497097 0.00934985
v -0.00598214 0.04493444 0.00941005
v -0.00582457 0.04567231 0.00803082
v -0.00468219 0.04319330 0.01269315
v -0.00536374 0.04369301 0.01175333
v -0.00507824 0.04345375 0.01220333
v -0.00568158 0.04589880 0.00760485
v -0.00546006 0.04615257 0.00712758
v -0.00330545 0.04260645 0.01379686
v -0.00588801 0.04444874 0.01032353
v 0.00605096 0.04512092 0.00906783
v 0.00587904 0.04433752 0.01053269
v 0.00594242 0.04442341 0.01037967
v 0.00604914 0.04483906 0.00959794
v 0.00032907 0.04539010 0.00857246
v 0.00492173 0.04380780 0.01154833
v 0.00597051 0.04538165 0.00856839
v 0.00598604 0.04540887 0.00852627
v 0.00602187 0.04481787 0.00962929
v 0.00558814 0.04604030 0.00733135
v 0.00586134 0.04568460 0.00800771
v -0.00122670 0.04246098 0.01408133
v -0.00002302 0.04477183 0.00979255
f 711 703 707
f 84 21 129
f 1144 45 46
f 1183 52 55
f 5 4 2
f 1198 42 45
f 1186 40 47
f 632 420 770
f 4 470 6
f 1133 435 409
f 6 2 4
f 10 100 11
f 887 863 866
f 7 9 8
f 338 224 342
f 961 950 995
f 3 7 8
f 1075 1069 1114
f 900 759 753
f 934 915 894
f 828 830 746
f 11 95 91
f 430 431 447
f 989 945 949
f 1013 936 935
f 910 1014 846
f 1059 1056 1031
f 772 774 701
f 849 1009 848
f 335 379 380
f 1001 940 937
f 340 338 342
f 529 503 489
f 864 877 898
f 11 13 10
f 1071 1094 1091
f 901 867 888
f 901 874 815
f 766 657 768
f 1174 1176 415
f 461 6 460
f 429 425 424
f 371 378 1049
f 419 1190 1189
f 37 42 49
f 1137 1191 411
f 647 769 700
f 1119 1115 537
f 41 44 33
f 433 34 44
f 1 925 151
f 1 151 16
f 1173 392 18
f 14 15 19
f 776 262 230
f 974 969 1017
f 1068 1202 911
f 1053 1028 1026
f 19 15 17
f 22 20 31
f 948 958 994
f 928 852 853
f 35 24 23
f 982 956 947
f 928 929 852
f 640 661 639
f 796 23 25
f 23 24 25
f 27 74 29
f 74 32 29
f 30 74 39
f 74 27 39
f 178 17 15
f 1041 999 988
f 690 674 695
f 849 860 1012
f 700 769 724
f 856 868 827
f 382 1124 1120
f 913 909 931
f 642 640 639
f 931 895 906
f 908 981 955
f 924 1004 1047
f 849 848 1017
f 1049 1089 1023
f 1120 1124 1086
f 433 38 34
f 41 433 44
f 37 40 36
f 433 37 36
f 433 36 38
f 37 43 42
f 585 98 79
f 43 37 112
f 42 43 45
f 43 112 46
f 43 46 45
f 37 49 47
f 37 47 40
f 1170 142 150
f 1006 870 1016
f 234 231 232
f 1093 1072 1022
f 234 232 367
f 900 904 759
f 805 742 239
f 668 690 695
f 417 404 402
f 1158 1087 974
f 698 710 713
f 325 745 324
f 635 810 693
f 944 943 861
f 718 257 258
f 41 48 433
f 48 747 433
f 864 881 1002
f 499 50 106
f 221 220 217
f 752 1101 1092
f 905 906 826
f 952 954 849
f 747 56 433
f 487 499 106
f 756 844 796
f 946 1010 919
f 1046 1043 1025
f 1168 1207 1115
f 273 371 283
f 266 357 354
f 1096 796 25
f 483 481 377
f 1166 39 27
f 112 37 433
f 1108 1097 30
f 51 57 52
f 57 55 52
f 1184 581 389
f 46 112 57
f 407 413 421
f 46 57 54
f 57 51 54
f 445 1172 510
f 877 867 899
f 508 500 507
f 865 866 818
f 58 133 59
f 73 103 75
f 58 59 831
f 472 506 467
f 65 58 62
f 505 557 596
f 977 1039 1042
f 866 863 813
f 349 270 307
f 58 10 133
f 61 925 60
f 135 61 193
f 700 724 731
f 115 86 84
f 380 379 1058
f 500 529 534
f 478 500 534
f 623 617 624
f 1001 994 940
f 1085 1025 1048
f 263 224 265
f 408 437 459
f 63 67 71
f 67 70 71
f 937 891 895
f 641 774 819
f 931 937 895
f 303 316 312
f 792 418 490
f 312 316 806
f 996 988 1030
f 667 660 658
f 943 856 861
f 832 777 718
f 71 70 422
f 888 921 1039
f 72 69 90
f 395 536 554
f 859 814 880
f 653 670 690
f 69 72 66
f 72 74 30
f 72 30 66
f 103 76 75
f 1114 1113 1079
f 772 701 705
f 724 1121 1123
f 1165 1064 178
f 74 124 824
f 813 886 792
f 126 122 123
f 950 991 995
f 73 422 103
f 32 74 824
f 834 826 744
f 819 880 775
f 1152 968 976
f 827 838 786
f 1048 983 948
f 283 371 356
f 92 99 90
f 948 994 1001
f 957 947 916
f 642 787 910
f 957 916 920
f 9 7 82
f 325 806 745
f 82 81 83
f 792 847 418
f 486 389 450
f 690 682 656
f 83 159 85
f 83 85 82
f 85 9 82
f 529 466 478
f 799 806 325
f 909 937 931
f 585 78 81
f 78 159 83
f 650 655 664
f 78 83 81
f 517 401 389
f 624 617 703
f 68 480 12
f 806 319 745
f 692 279 291
f 456 469 468
f 67 63 89
f 89 141 125
f 67 89 94
f 89 96 88
f 89 88 94
f 126 96 89
f 88 93 97
f 88 97 94
f 97 70 67
f 689 318 693
f 97 67 94
f 80 13 11
f 479 757 764
f 80 11 91
f 11 100 95
f 95 93 88
f 259 306 240
f 95 88 91
f 88 96 80
f 758 760 53
f 88 80 91
f 80 126 128
f 101 21 84
f 84 86 102
f 788 565 910
f 84 102 101
f 102 99 101
f 99 21 101
f 87 72 90
f 90 99 102
f 102 86 87
f 102 87 90
f 512 509 510
f 92 21 99
f 1169 166 14
f 116 120 121
f 98 470 4
f 1170 1201 142
f 117 116 121
f 403 1179 1184
f 98 4 5
f 98 5 79
f 100 159 585
f 100 585 79
f 1119 537 1188
f 469 81 82
f 841 791 843
f 685 303 802
f 690 669 682
f 480 77 12
f 475 452 539
f 934 894 885
f 1027 1029 978
f 949 945 1003
f 835 785 784
f 753 759 742
f 103 108 76
f 104 108 103
f 108 104 105
f 76 108 110
f 106 53 111
f 134 119 131
f 111 107 106
f 106 107 522
f 106 522 487
f 736 321 689
f 1067 1036 1030
f 35 791 841
f 293 227 289
f 1084 1011 872
f 1032 911 1011
f 963 1001 909
f 955 957 920
f 956 909 913
f 378 380 1045
f 137 148 18
f 1025 1023 983
f 266 382 357
f 148 1173 18
f 883 878 902
f 756 902 844
f 1206 924 1047
f 1107 22 31
f 1135 459 437
f 92 31 21
f 112 477 57
f 426 410 1131
f 1172 512 510
f 57 477 116
f 1169 14 19
f 117 57 116
f 55 57 113
f 57 117 113
f 1107 1102 22
f 296 353 222
f 627 720 663
f 898 899 842
f 831 829 58
f 805 239 241
f 72 131 124
f 131 119 73
f 635 807 810
f 119 114 73
f 320 316 291
f 1079 971 965
f 141 63 132
f 63 71 132
f 627 722 720
f 132 114 119
f 1062 1095 1033
f 119 141 132
f 114 132 422
f 132 71 422
f 74 72 124
f 256 800 254
f 114 422 73
f 118 13 80
f 118 80 128
f 80 96 126
f 126 123 128
f 865 821 882
f 972 1160 1071
f 123 127 118
f 977 980 1039
f 123 118 128
f 89 63 141
f 141 119 134
f 334 234 336
f 778 879 773
f 1128 1125 1077
f 141 134 125
f 1005 973 972
f 134 122 126
f 134 126 125
f 126 89 125
f 131 72 87
f 87 86 115
f 87 115 131
f 115 122 134
f 115 134 130
f 134 131 130
f 129 127 123
f 129 123 136
f 123 122 115
f 123 115 136
f 115 84 129
f 824 747 48
f 319 278 797
f 10 149 140
f 312 806 799
f 13 118 146
f 118 127 146
f 888 884 874
f 578 569 1128
f 10 13 146
f 129 21 20
f 338 337 350
f 21 31 20
f 149 10 146
f 146 127 129
f 146 129 149
f 686 809 738
f 133 10 140
f 324 256 254
f 133 140 35
f 803 660 686
f 59 133 147
f 133 139 147
f 28 26 135
f 28 135 143
f 781 792 490
f 438 436 466
f 293 222 227
f 26 61 135
f 674 617 623
f 703 674 707
f 1116 969 1157
f 741 750 749
f 819 817 942
f 137 64 145
f 976 953 954
f 1185 1126 1202
f 142 137 150
f 137 145 150
f 137 142 148
f 144 9 85
f 144 85 10
f 85 159 10
f 1040 992 1041
f 78 585 159
f 832 834 777
f 880 814 787
f 225 227 230
f 391 373 390
f 159 100 10
f 878 907 902
f 1077 1063 1050
f 865 3 65
f 8 9 144
f 381 374 394
f 10 65 144
f 3 381 394
f 975 1019 1018
f 65 3 8
f 65 8 144
f 10 58 65
f 879 772 773
f 892 830 828
f 682 664 656
f 374 558 456
f 217 223 228
f 668 669 690
f 624 703 597
f 1089 990 985
f 955 920 918
f 925 61 26
f 64 137 18
f 151 925 26
f 470 98 585
f 273 378 371
f 541 593 594
f 152 167 158
f 152 158 264
f 156 166 164
f 156 164 179
f 165 174 160
f 165 160 163
f 161 155 157
f 315 691 207
f 161 157 154
f 171 1167 199
f 171 199 168
f 180 173 169
f 180 169 306
f 172 196 197
f 172 197 274
f 185 162 175
f 250 249 364
f 185 175 285
f 285 176 822
f 190 202 205
f 190 205 194
f 198 189 188
f 198 188 260
f 201 214 210
f 201 210 261
f 187 184 207
f 187 212 184
f 204 182 183
f 204 183 186
f 1065 19 192
f 206 178 28
f 996 1041 988
f 206 28 143
f 303 684 291
f 1019 848 851
f 1113 1084 1079
f 143 135 200
f 332 328 369
f 143 200 206
f 60 208 61
f 307 270 306
f 193 61 208
f 193 138 135
f 430 578 580
f 193 208 191
f 178 203 17
f 17 203 192
f 908 918 938
f 911 1010 1011
f 17 192 19
f 193 213 138
f 138 213 200
f 138 200 135
f 925 209 60
f 1051 1078 1083
f 60 209 208
f 191 213 193
f 329 346 330
f 1103 1185 1068
f 826 741 743
f 211 219 354
f 699 731 724
f 611 545 535
f 248 250 366
f 218 216 314
f 608 538 606
f 314 215 218
f 201 260 188
f 608 543 538
f 223 565 228
f 567 590 729
f 565 221 228
f 221 217 228
f 191 208 1109
f 811 817 774
f 809 684 685
f 422 443 561
f 719 699 723
f 226 305 308
f 327 331 341
f 693 645 687
f 227 222 230
f 230 224 225
f 496 476 757
f 760 76 110
f 789 857 835
f 75 760 758
f 760 110 754
f 190 242 246
f 583 556 587
f 161 195 160
f 922 923 1007
f 922 1208 923
f 234 233 231
f 951 949 1013
f 156 235 264
f 231 233 156
f 231 156 179
f 901 815 831
f 926 900 897
f 754 808 107
f 154 333 161
f 229 237 154
f 463 457 453
f 457 465 508
f 239 238 241
f 238 163 241
f 59 147 842
f 972 973 1160
f 165 238 239
f 1209 1118 1208
f 238 165 163
f 523 489 502
f 949 1003 1013
f 519 762 764
f 105 104 761
f 274 306 172
f 831 842 899
f 1007 1088 915
f 105 761 737
f 75 76 760
f 546 638 613
f 245 326 236
f 244 326 245
f 236 326 240
f 858 934 885
f 249 326 244
f 250 326 249
f 198 253 194
f 253 242 190
f 253 190 194
f 248 242 326
f 248 326 250
f 246 242 248
f 840 147 139
f 379 1127 1058
f 1081 1083 966
f 493 416 417
f 379 372 1127
f 723 1123 1091
f 495 497 68
f 810 803 645
f 332 279 692
f 624 678 623
f 1159 1032 1113
f 1075 1114 1051
f 897 753 740
f 874 823 815
f 699 724 723
f 939 941 889
f 254 255 251
f 313 302 292
f 326 629 259
f 326 259 240
f 251 318 254
f 386 387 455
f 110 808 754
f 520 472 467
f 935 936 904
f 326 242 253
f 516 555 577
f 526 573 572
f 260 253 198
f 261 260 201
f 253 260 261
f 618 621 644
f 1113 1032 1084
f 257 224 258
f 224 230 262
f 224 262 258
f 369 328 271
f 224 257 265
f 861 856 812
f 478 436 412
f 810 645 693
f 267 334 273
f 943 893 856
f 267 273 283
f 724 769 1121
f 266 267 287
f 819 774 817
f 965 971 893
f 1067 1037 1064
f 825 832 718
f 354 383 267
f 383 334 267
f 1036 1024 980
f 1071 1091 1158
f 975 974 1019
f 50 758 106
f 713 716 712
f 1022 1024 1066
f 489 508 502
f 235 1173 264
f 1071 1117 1094
f 598 727 648
f 1071 1160 1117
f 801 75 758
f 334 383 234
f 626 778 773
f 1022 980 1024
f 457 441 442
f 560 457 507
f 269 272 271
f 271 328 651
f 1067 1064 1165
f 651 269 271
f 466 436 478
f 719 627 563
f 888 874 901
f 270 268 306
f 1208 1160 973
f 107 737 522
f 292 268 270
f 638 702 613
f 180 306 168
f 306 268 171
f 306 171 168
f 1072 1057 1034
f 234 355 372
f 925 933 865
f 278 279 286
f 279 332 286
f 965 893 943
f 865 833 823
f 65 833 865
f 274 185 285
f 274 285 822
f 784 785 625
f 355 367 1070
f 323 311 310
f 280 223 217
f 551 1100 1098
f 217 220 288
f 217 288 280
f 1062 1057 1105
f 288 323 280
f 508 503 500
f 323 310 280
f 489 503 508
f 276 272 269
f 653 696 717
f 276 269 282
f 269 651 277
f 269 277 282
f 277 281 295
f 1165 1129 1067
f 277 295 282
f 469 82 468
f 295 290 276
f 295 276 282
f 992 1044 1041
f 1005 972 975
f 275 305 226
f 1093 1162 191
f 1098 1100 1069
f 226 284 275
f 778 816 879
f 227 225 294
f 294 350 351
f 227 294 289
f 294 290 295
f 294 295 289
f 295 281 293
f 295 293 289
f 268 302 181
f 904 755 759
f 292 270 300
f 300 297 313
f 300 313 292
f 1021 989 987
f 302 268 292
f 301 237 229
f 302 313 229
f 455 387 523
f 764 762 416
f 313 297 301
f 888 1039 1076
f 313 301 229
f 302 229 181
f 583 616 637
f 309 353 296
f 309 296 304
f 275 673 298
f 314 216 299
f 299 309 304
f 299 304 314
f 298 305 275
f 218 675 311
f 218 311 299
f 311 309 299
f 187 691 186
f 299 216 218
f 352 353 309
f 352 309 311
f 879 811 772
f 783 781 491
f 298 308 305
f 565 567 910
f 619 554 1185
f 354 267 266
f 1079 1084 971
f 864 903 881
f 974 1017 1019
f 1089 1090 990
f 660 667 686
f 291 316 303
f 291 279 278
f 291 278 320
f 664 651 650
f 316 320 319
f 418 375 490
f 320 278 319
f 689 321 322
f 322 325 689
f 596 1103 1100
f 813 792 781
f 689 325 324
f 689 324 254
f 318 689 254
f 840 842 147
f 835 837 785
f 935 904 900
f 571 663 720
f 252 646 317
f 553 648 530
f 1029 917 978
f 691 187 207
f 579 513 598
f 253 261 691
f 691 326 253
f 691 261 204
f 172 169 196
f 691 204 186
f 437 397 436
f 1002 881 992
f 1030 988 1037
f 436 397 412
f 994 997 939
f 431 440 444
f 892 889 830
f 875 811 879
f 332 692 328
f 343 224 348
f 389 486 517
f 713 710 704
f 557 582 395
f 703 708 597
f 271 272 346
f 271 346 369
f 346 347 369
f 341 331 365
f 1058 1020 1090
f 369 347 349
f 1002 993 877
f 369 349 332
f 990 950 961
f 500 503 529
f 300 270 349
f 349 347 329
f 349 329 345
f 329 331 327
f 854 898 840
f 329 327 345
f 327 297 300
f 622 580 1112
f 327 300 349
f 697 576 666
f 346 272 276
f 346 276 330
f 664 655 653
f 276 290 365
f 276 365 330
f 365 331 329
f 365 329 330
f 329 347 346
f 294 225 350
f 994 939 940
f 350 337 341
f 350 341 351
f 341 365 351
f 365 290 294
f 365 294 351
f 1185 1202 1068
f 340 237 301
f 912 1018 870
f 1098 1069 1075
f 301 297 327
f 1094 723 1091
f 301 327 340
f 327 341 339
f 341 337 340
f 341 340 339
f 997 941 939
f 350 225 338
f 225 224 338
f 958 997 994
f 830 794 746
f 154 237 333
f 440 505 551
f 224 243 342
f 237 340 333
f 1161 1162 1066
f 340 337 338
f 795 344 343
f 247 243 224
f 247 224 344
f 972 1158 975
f 506 559 494
f 224 343 344
f 224 263 348
f 273 334 335
f 819 775 779
f 380 1058 1045
f 442 454 453
f 463 464 462
f 729 697 624
f 679 628 706
f 631 731 699
f 467 506 771
f 986 951 950
f 53 754 111
f 1050 1051 1083
f 352 311 323
f 1060 1027 1021
f 595 598 648
f 381 780 558
f 1090 1020 986
f 288 220 352
f 698 679 706
f 200 213 1162
f 352 323 288
f 986 987 951
f 230 222 353
f 353 352 230
f 1051 1114 1078
f 1013 1003 936
f 221 565 788
f 221 788 220
f 788 352 220
f 996 977 1042
f 230 352 788
f 807 658 810
f 1073 1077 1054
f 336 372 379
f 1061 1073 1052
f 354 219 383
f 720 722 1117
f 675 310 311
f 822 177 236
f 152 264 1173
f 152 1173 167
f 156 264 158
f 612 568 566
f 156 158 170
f 165 239 370
f 165 370 174
f 161 160 155
f 154 157 153
f 694 589 606
f 229 154 153
f 171 268 1167
f 180 168 199
f 180 199 173
f 172 306 169
f 185 274 197
f 185 197 162
f 285 175 176
f 236 177 359
f 245 236 359
f 245 359 362
f 244 245 362
f 244 362 363
f 249 244 363
f 249 363 364
f 250 364 366
f 248 366 368
f 246 248 368
f 246 368 361
f 190 246 361
f 190 361 202
f 198 194 205
f 198 205 189
f 201 188 214
f 204 261 210
f 204 210 182
f 315 207 184
f 315 184 360
f 187 186 183
f 187 183 212
f 234 367 355
f 232 231 358
f 232 358 367
f 273 335 380
f 266 287 376
f 273 380 378
f 335 334 379
f 732 696 733
f 1159 1068 1032
f 266 376 382
f 287 267 356
f 287 356 376
f 725 769 647
f 924 179 164
f 179 358 231
f 234 372 336
f 1095 209 925
f 336 379 334
f 283 356 267
f 766 748 654
f 445 1187 1172
f 421 420 1143
f 426 1154 471
f 384 6 461
f 1134 407 421
f 1181 38 36
f 434 1140 425
f 1153 428 435
f 1193 49 42
f 384 2 6
f 434 428 1151
f 1180 51 52
f 1148 54 51
f 1140 473 425
f 374 7 394
f 7 3 394
f 3 780 381
f 381 558 374
f 865 780 3
f 916 930 929
f 1011 871 872
f 741 749 743
f 1202 919 911
f 1070 1029 1027
f 885 894 855
f 860 846 1014
f 716 732 649
f 966 964 944
f 795 746 344
f 773 705 734
f 500 560 507
f 1073 1054 1052
f 387 386 427
f 386 377 427
f 1022 1072 1038
f 427 375 387
f 492 116 485
f 1204 1170 150
f 435 413 409
f 354 357 1053
f 399 405 1177
f 403 415 1176
f 1188 537 385
f 373 1 16
f 373 16 390
f 392 1173 446
f 484 482 525
f 947 913 916
f 395 398 385
f 395 385 393
f 1048 948 963
f 981 979 957
f 1043 1049 1023
f 908 938 967
f 401 517 403
f 983 958 948
f 979 982 947
f 1177 405 406
f 696 655 650
f 405 388 406
f 388 405 415
f 405 399 415
f 474 767 414
f 411 474 414
f 412 397 408
f 654 752 652
f 426 474 410
f 474 411 410
f 903 907 876
f 954 953 846
f 1116 1157 1121
f 376 1046 1124
f 1086 1085 984
f 770 413 477
f 420 413 770
f 421 413 420
f 419 515 1190
f 434 413 428
f 413 435 428
f 445 510 446
f 409 413 407
f 1069 1159 1113
f 1103 1068 1159
f 663 563 627
f 1094 1117 722
f 912 915 1088
f 65 62 833
f 873 855 894
f 1078 1079 965
f 780 427 558
f 984 963 956
f 477 56 770
f 770 56 423
f 661 640 662
f 402 487 417
f 696 713 717
f 647 652 752
f 510 509 396
f 839 786 838
f 924 1059 1035
f 484 432 482
f 1124 1085 1086
f 766 768 765
f 1122 1135 437
f 477 413 425
f 425 413 434
f 425 473 424
f 120 116 524
f 433 56 477
f 719 631 699
f 865 882 998
f 372 355 1060
f 768 657 211
f 671 716 702
f 454 464 463
f 641 701 774
f 1046 1025 1085
f 1053 1120 1028
f 776 721 262
f 1092 1074 1152
f 908 1053 1026
f 582 431 439
f 942 869 1009
f 497 480 68
f 442 441 443
f 70 442 443
f 888 959 884
f 70 443 422
f 959 962 882
f 438 475 437
f 438 437 436
f 905 826 834
f 908 967 836
f 437 475 1122
f 408 397 437
f 750 795 749
f 1040 993 1002
f 422 506 472
f 626 625 785
f 988 999 1031
f 752 748 1101
f 652 657 654
f 471 770 474
f 474 426 471
f 770 471 632
f 1045 1090 1089
f 1110 1101 748
f 68 12 451
f 495 68 451
f 1023 1089 985
f 1116 1092 1152
f 392 446 396
f 585 81 470
f 918 920 928
f 81 469 470
f 469 514 470
f 35 793 791
f 1126 1207 1202
f 82 7 374
f 82 374 468
f 374 456 468
f 321 802 799
f 456 514 469
f 886 812 847
f 457 442 453
f 442 70 454
f 454 463 453
f 463 465 457
f 721 258 262
f 489 501 486
f 386 455 458
f 737 761 109
f 455 465 463
f 455 463 458
f 508 455 502
f 463 462 458
f 959 882 884
f 462 377 386
f 462 386 458
f 438 466 452
f 466 448 452
f 942 859 880
f 960 908 788
f 788 846 953
f 475 438 452
f 942 817 869
f 450 389 539
f 452 448 450
f 452 450 539
f 475 539 1122
f 498 449 495
f 495 451 498
f 481 514 377
f 451 12 77
f 1171 1190 515
f 1205 1169 19
f 460 481 483
f 92 1107 31
f 460 483 461
f 498 451 77
f 6 470 460
f 398 1189 1188
f 470 481 460
f 377 514 427
f 623 668 695
f 497 495 449
f 1007 915 934
f 989 978 945
f 1070 1055 1029
f 104 476 496
f 103 472 104
f 472 520 476
f 472 476 104
f 476 520 519
f 996 1042 1040
f 521 487 522
f 522 109 521
f 478 494 500
f 493 417 521
f 521 479 493
f 1100 1103 1159
f 645 738 687
f 521 417 487
f 662 734 641
f 487 402 499
f 849 954 860
f 482 432 525
f 1206 932 878
f 1102 25 22
f 112 433 477
f 1097 66 30
f 116 492 524
f 477 425 116
f 116 425 429
f 116 429 485
f 719 722 627
f 688 310 675
f 561 559 422
f 1033 1057 1062
f 441 560 561
f 560 494 561
f 494 559 561
f 561 443 441
f 649 692 667
f 494 478 506
f 685 802 736
f 506 422 559
f 529 448 466
f 560 441 457
f 457 508 507
f 500 494 560
f 889 740 830
f 455 523 502
f 523 501 489
f 508 465 455
f 450 448 529
f 450 529 486
f 456 558 427
f 738 809 683
f 529 489 518
f 489 486 518
f 523 387 488
f 387 375 488
f 488 501 523
f 602 551 1098
f 985 990 961
f 504 375 400
f 734 597 735
f 486 501 488
f 486 488 504
f 488 375 504
f 319 797 745
f 418 400 375
f 1123 1157 1087
f 375 491 490
f 1008 869 862
f 491 375 427
f 794 805 241
f 557 395 511
f 440 431 557
f 440 557 505
f 419 396 509
f 419 509 515
f 509 512 515
f 557 431 582
f 718 777 257
f 1043 1023 1025
f 849 1017 952
f 481 470 514
f 1047 927 932
f 983 985 958
f 881 876 927
f 514 456 427
f 952 976 954
f 597 706 735
f 1 373 439
f 439 431 430
f 439 373 391
f 775 639 661
f 908 955 918
f 582 439 391
f 777 265 257
f 779 661 662
f 396 446 510
f 541 594 601
f 527 533 530
f 527 530 648
f 579 531 513
f 571 562 663
f 583 587 542
f 583 542 532
f 516 556 586
f 516 586 555
f 676 581 584
f 676 584 577
f 599 633 544
f 546 540 528
f 526 540 573
f 546 528 638
f 564 566 568
f 564 568 751
f 612 570 588
f 612 588 604
f 592 591 621
f 592 621 618
f 621 591 632
f 621 632 644
f 547 549 592
f 547 592 618
f 600 549 547
f 600 547 634
f 599 614 600
f 599 600 634
f 611 615 544
f 611 544 545
f 608 610 543
f 548 605 603
f 548 603 535
f 215 575 218
f 550 552 606
f 550 606 589
f 315 360 607
f 315 607 609
f 395 393 536
f 1087 1157 969
f 393 385 537
f 393 537 536
f 916 913 930
f 440 551 602
f 505 596 551
f 430 447 578
f 447 431 569
f 447 569 578
f 1 439 622
f 395 554 619
f 395 619 511
f 958 961 997
f 511 619 596
f 511 596 557
f 732 692 649
f 440 602 620
f 644 630 629
f 440 620 444
f 444 620 569
f 444 569 431
f 430 580 622
f 657 730 211
f 430 622 439
f 730 219 211
f 1063 1075 1051
f 564 644 632
f 599 544 615
f 574 575 215
f 575 675 218
f 223 576 590
f 576 729 590
f 590 567 565
f 565 223 590
f 802 303 312
f 803 686 738
f 733 651 328
f 672 665 698
f 1118 1117 1160
f 624 597 640
f 1003 820 936
f 519 520 762
f 358 1203 1055
f 1209 571 720
f 1173 235 636
f 636 598 595
f 636 595 1173
f 789 835 784
f 778 837 816
f 648 541 601
f 555 628 577
f 628 676 577
f 677 676 628
f 816 855 873
f 626 637 532
f 626 532 625
f 829 833 62
f 306 274 240
f 998 882 962
f 532 637 616
f 583 532 616
f 612 751 568
f 604 751 612
f 865 783 780
f 59 842 831
f 753 742 805
f 945 1015 1003
f 634 633 599
f 714 326 659
f 681 575 574
f 633 545 544
f 618 634 547
f 742 755 239
f 633 618 644
f 634 618 633
f 941 897 889
f 620 602 1106
f 604 630 751
f 682 651 664
f 715 635 693
f 597 708 706
f 367 1055 1070
f 318 715 693
f 1128 1077 1073
f 761 104 496
f 646 252 709
f 644 714 633
f 527 648 601
f 548 714 543
f 714 538 543
f 545 714 548
f 545 548 535
f 532 790 789
f 714 545 633
f 1029 1203 917
f 526 638 528
f 662 640 734
f 640 597 734
f 688 728 697
f 652 631 657
f 631 652 731
f 831 815 829
f 648 553 595
f 651 733 650
f 862 869 817
f 1050 1083 1081
f 638 526 572
f 643 671 638
f 764 416 493
f 638 572 643
f 1076 1000 959
f 649 667 658
f 1000 1080 962
f 758 53 106
f 291 684 692
f 841 139 133
f 728 675 681
f 691 659 326
f 251 715 318
f 576 223 280
f 576 280 666
f 280 310 688
f 1109 1057 1072
f 280 688 666
f 688 697 666
f 697 729 576
f 675 728 688
f 889 897 740
f 1022 1038 1000
f 664 653 656
f 653 690 656
f 674 623 695
f 623 678 668
f 690 670 674
f 677 628 679
f 679 665 680
f 679 680 677
f 912 1088 1005
f 680 572 676
f 680 676 677
f 672 671 643
f 672 643 680
f 355 1070 1060
f 643 572 680
f 680 665 672
f 676 572 539
f 275 284 673
f 678 728 681
f 678 681 574
f 1036 980 977
f 898 842 840
f 551 596 1100
f 873 894 1006
f 684 667 692
f 1165 178 206
f 684 303 685
f 886 847 792
f 940 939 892
f 667 684 686
f 861 812 886
f 693 687 689
f 964 943 944
f 1100 1159 1069
f 687 683 689
f 944 861 863
f 1030 1036 977
f 1104 1073 1061
f 1112 1061 925
f 252 317 709
f 858 885 857
f 326 644 629
f 583 637 556
f 714 644 326
f 694 714 659
f 1206 820 1015
f 589 659 691
f 589 691 609
f 516 577 584
f 691 315 609
f 538 714 694
f 538 694 606
f 694 659 589
f 1030 977 996
f 733 328 692
f 1069 1113 1114
f 696 650 733
f 891 828 750
f 733 692 732
f 704 710 711
f 750 828 795
f 702 638 671
f 703 617 674
f 851 848 1009
f 674 670 704
f 1068 911 1032
f 674 704 707
f 704 711 707
f 711 708 703
f 653 655 696
f 696 732 713
f 713 704 717
f 704 670 653
f 1037 1056 1064
f 704 653 717
f 716 671 672
f 672 698 716
f 698 713 712
f 713 732 716
f 1114 1079 1078
f 706 708 711
f 706 711 726
f 711 710 698
f 711 698 726
f 698 665 679
f 620 1106 1125
f 816 875 879
f 1125 1106 1063
f 1019 1017 848
f 706 628 555
f 773 772 705
f 847 798 406
f 971 872 890
f 966 944 887
f 1093 1109 1072
f 1106 1075 1063
f 734 735 626
f 1022 1066 1093
f 1127 1021 1020
f 554 536 1126
f 641 734 701
f 734 705 701
f 1022 1000 1076
f 731 652 700
f 1005 975 1018
f 936 820 904
f 541 727 513
f 727 598 513
f 648 727 541
f 697 728 624
f 739 404 417
f 923 1088 1007
f 991 1013 935
f 728 678 624
f 624 567 729
f 640 567 624
f 631 730 657
f 967 825 836
f 1209 720 1118
f 1118 1160 1208
f 1208 973 923
f 815 823 833
f 681 675 575
f 553 530 533
f 553 533 595
f 541 513 531
f 541 531 593
f 527 601 594
f 563 663 562
f 526 528 540
f 612 566 570
f 546 613 588
f 564 751 644
f 599 615 614
f 548 543 610
f 548 610 605
f 611 535 603
f 608 606 552
f 550 589 609
f 550 609 607
f 647 752 725
f 647 700 652
f 766 654 657
f 654 748 752
f 1035 1031 999
f 767 474 770
f 423 767 770
f 881 927 992
f 988 1031 1037
f 416 762 739
f 416 739 417
f 739 771 404
f 602 1098 1106
f 762 520 467
f 762 467 739
f 467 771 739
f 109 761 763
f 109 763 521
f 763 757 479
f 763 479 521
f 1076 959 888
f 761 496 763
f 496 757 763
f 110 108 808
f 757 476 519
f 757 519 764
f 479 764 493
f 808 108 105
f 808 105 737
f 107 808 737
f 737 109 522
f 1000 962 959
f 53 760 754
f 754 107 111
f 998 962 1080
f 801 73 75
f 995 926 941
f 50 801 758
f 372 1060 1127
f 569 1125 1128
f 41 824 48
f 824 124 747
f 596 619 1103
f 878 876 907
f 240 274 822
f 358 179 1203
f 822 236 240
f 259 307 306
f 256 797 800
f 800 804 255
f 800 255 254
f 797 278 286
f 802 312 799
f 797 286 800
f 286 332 804
f 286 804 800
f 321 799 322
f 799 325 322
f 806 316 319
f 809 685 736
f 745 797 256
f 745 256 324
f 686 684 809
f 683 809 736
f 683 736 689
f 736 802 321
f 645 803 738
f 738 683 687
f 658 660 803
f 658 803 810
f 807 649 658
f 751 630 644
f 746 794 247
f 998 1034 1033
f 103 422 472
f 35 23 793
f 796 793 23
f 370 239 755
f 794 241 163
f 746 247 344
f 749 795 343
f 749 343 348
f 743 749 348
f 743 348 263
f 744 743 263
f 744 263 265
f 777 744 265
f 721 718 258
f 642 639 787
f 642 910 567
f 641 779 662
f 642 567 640
f 775 787 639
f 779 775 661
f 641 819 779
f 626 773 734
f 1042 1039 921
f 1104 1128 1073
f 626 785 778
f 784 625 532
f 532 789 784
f 532 542 790
f 1177 786 839
f 798 786 1177
f 984 1048 963
f 1035 999 1004
f 798 1177 406
f 847 406 388
f 781 490 491
f 783 491 427
f 780 783 427
f 778 785 837
f 926 935 900
f 987 989 949
f 829 62 58
f 1006 894 915
f 841 840 139
f 35 841 133
f 791 793 782
f 791 782 843
f 844 782 793
f 844 793 796
f 759 755 742
f 740 753 805
f 740 805 794
f 865 823 821
f 830 740 794
f 818 781 783
f 1038 1034 1080
f 828 746 795
f 826 743 744
f 834 744 777
f 908 836 776
f 825 718 721
f 836 825 721
f 836 721 776
f 908 776 230
f 910 787 814
f 880 787 775
f 811 774 772
f 827 786 798
f 812 827 798
f 812 798 847
f 818 813 781
f 865 818 783
f 815 833 829
f 831 899 901
f 854 840 841
f 841 843 854
f 843 782 907
f 843 907 903
f 902 907 782
f 902 782 844
f 756 883 902
f 904 820 755
f 897 900 753
f 891 892 828
f 895 891 750
f 895 750 741
f 906 895 741
f 906 741 826
f 852 905 834
f 852 834 832
f 853 852 832
f 853 832 825
f 967 853 825
f 910 814 845
f 859 845 814
f 942 880 819
f 862 817 811
f 875 862 811
f 816 873 875
f 816 837 855
f 857 855 837
f 857 837 835
f 789 858 857
f 839 838 850
f 1206 1047 932
f 839 850 1175
f 868 850 838
f 868 838 827
f 1047 1044 927
f 856 827 812
f 863 861 886
f 863 886 813
f 866 813 818
f 1072 1034 1038
f 874 821 823
f 901 899 867
f 951 1013 991
f 877 899 898
f 864 898 854
f 854 843 903
f 854 903 864
f 903 876 881
f 883 1206 878
f 941 926 897
f 939 889 892
f 940 892 891
f 893 868 856
f 937 940 891
f 942 1009 849
f 930 931 906
f 930 906 905
f 929 930 905
f 929 905 852
f 938 928 853
f 938 853 967
f 788 908 230
f 910 845 1014
f 1012 1014 845
f 1012 845 859
f 942 1012 859
f 1008 1009 869
f 1016 1008 862
f 1016 862 875
f 873 1006 1016
f 873 1016 875
f 1106 1098 1075
f 885 855 857
f 1175 850 896
f 890 896 850
f 890 850 868
f 918 928 938
f 893 890 868
f 887 944 863
f 865 887 866
f 998 925 865
f 884 882 821
f 884 821 874
f 888 867 921
f 993 921 867
f 993 867 877
f 1002 877 864
f 932 927 876
f 920 929 928
f 932 876 878
f 1003 1015 820
f 991 935 926
f 995 991 926
f 997 995 941
f 909 1001 937
f 913 931 930
f 920 916 929
f 872 896 890
f 910 846 788
f 860 1014 1012
f 192 203 1056
f 849 1012 942
f 851 1009 1008
f 870 851 1008
f 870 1008 1016
f 1006 912 870
f 1006 915 912
f 858 914 934
f 1175 896 871
f 1175 871 946
f 872 871 896
f 1026 979 981
f 971 890 893
f 964 965 943
f 933 966 887
f 933 887 865
f 1042 921 993
f 1040 1042 993
f 1165 1161 1129
f 1002 992 1040
f 1030 1037 1067
f 992 927 1044
f 1037 1031 1056
f 945 917 1015
f 950 951 991
f 961 995 997
f 963 948 1001
f 956 963 909
f 947 956 913
f 788 953 960
f 954 846 860
f 1018 1019 851
f 1018 851 870
f 912 1005 1018
f 914 922 1007
f 914 1007 934
f 946 871 1010
f 1011 1010 871
f 1028 982 979
f 1084 872 971
f 1078 965 964
f 1083 1078 964
f 1083 964 966
f 191 1109 1093
f 1081 966 933
f 1082 1081 933
f 1082 933 925
f 1076 1039 980
f 1076 980 1022
f 1040 1041 996
f 1041 1044 999
f 1004 999 1044
f 1004 1044 1047
f 978 917 945
f 987 949 951
f 990 986 950
f 985 961 958
f 982 984 956
f 979 947 957
f 981 957 955
f 960 953 968
f 960 968 970
f 976 968 953
f 952 1017 969
f 952 969 1116
f 192 1056 1059
f 1005 1088 973
f 923 973 1088
f 946 919 1168
f 911 919 1010
f 1032 1011 1084
f 1054 1050 1081
f 1054 1081 1082
f 1052 1054 1082
f 1 622 925
f 1052 1082 925
f 998 1080 1034
f 1033 925 998
f 1038 1080 1000
f 924 1035 1004
f 1027 978 989
f 1021 1027 989
f 1020 1021 987
f 1020 987 986
f 1090 986 990
f 1023 985 983
f 1025 983 1048
f 970 765 960
f 1085 1048 984
f 1086 984 982
f 1028 1086 982
f 970 1074 765
f 1026 1028 979
f 908 1026 981
f 970 968 1074
f 1116 976 952
f 1126 1115 1207
f 1152 1074 968
f 1116 1152 976
f 536 537 1115
f 1087 969 974
f 1158 974 975
f 972 1071 1158
f 1063 1051 1050
f 922 1209 1208
f 1168 919 1207
f 1202 1207 919
f 1077 1050 1054
f 1061 1052 925
f 1094 719 723
f 1033 1034 1057
f 1127 1060 1021
f 1129 1066 1024
f 1129 1024 1036
f 1067 1129 1036
f 1059 1031 1035
f 924 1065 1059
f 1055 1203 1029
f 1060 1070 1027
f 1058 1127 1020
f 1045 1058 1090
f 1049 1045 1089
f 1116 1121 725
f 1124 1046 1085
f 1120 1086 1028
f 765 1074 1101
f 765 1101 1110
f 1092 1101 1074
f 1123 1121 1157
f 1091 1123 1087
f 1091 1087 1158
f 1168 1115 1119
f 1125 1063 1077
f 1112 1104 1061
f 622 1112 925
f 1062 1105 1095
f 1109 1105 1057
f 1093 1066 1162
f 1161 1066 1129
f 1064 1056 203
f 1064 203 178
f 1065 192 1059
f 1203 179 924
f 367 358 1055
f 378 1045 1049
f 371 1049 1043
f 357 382 1120
f 356 371 1043
f 356 1043 1046
f 725 1092 1116
f 376 356 1046
f 382 376 1124
f 357 1120 1053
f 354 1053 908
f 211 354 908
f 768 211 908
f 768 908 960
f 765 768 960
f 1110 766 765
f 1110 748 766
f 725 752 1092
f 725 1121 769
f 723 724 1123
f 1094 722 719
f 720 1117 1118
f 536 1115 1126
f 554 1126 1185
f 619 1185 1103
f 569 620 1125
f 578 1128 1104
f 580 578 1104
f 580 1104 1112
f 1095 925 1033
f 1095 1105 209
f 208 209 1105
f 208 1105 1109
f 191 1162 213
f 200 1162 1161
f 206 200 1161
f 206 1161 1165
f 1096 25 1111
f 1102 1111 25
f 181 92 90
f 408 1137 412
f 1167 90 69
f 1099 1167 69
f 1097 1099 66
f 1099 69 66
f 1108 30 39
f 1166 1108 39
f 1164 1166 27
f 1164 27 29
f 1163 1164 29
f 1163 29 32
f 1195 1163 32
f 1195 32 824
f 1194 1195 824
f 403 1176 1179
f 41 177 824
f 1200 177 41
f 1200 41 33
f 1199 1200 33
f 1199 33 44
f 1197 1199 44
f 1197 44 34
f 1192 1197 34
f 1192 34 38
f 1181 1192 38
f 1196 1181 36
f 1196 36 40
f 1186 1196 40
f 1182 1186 47
f 1182 47 49
f 1193 1182 49
f 1198 1193 42
f 1144 1198 45
f 1146 1144 46
f 1146 46 54
f 1148 1146 54
f 1180 1148 51
f 1183 1180 52
f 1178 1183 55
f 1178 55 113
f 1141 1178 113
f 1141 113 117
f 1156 424 473
f 1139 1141 117
f 1139 117 121
f 1136 1139 121
f 1136 121 120
f 1149 1136 120
f 1149 120 524
f 492 1147 1149
f 492 1149 524
f 492 485 1150
f 492 1150 1147
f 429 1132 1150
f 429 1150 485
f 429 424 1142
f 429 1142 1132
f 1156 1142 424
f 1140 1156 473
f 434 1155 1140
f 434 1151 1155
f 1153 1151 428
f 1133 1153 435
f 409 407 1145
f 409 1145 1133
f 1134 1145 407
f 421 1143 1134
f 632 1143 420
f 426 1131 1154
f 1191 1131 410
f 1191 410 411
f 1137 411 414
f 408 1138 1137
f 408 459 1130
f 408 1130 1138
f 1135 1130 459
f 581 539 389
f 1184 389 401
f 403 1184 401
f 1174 415 399
f 789 1177 839
f 789 839 1175
f 1065 1205 19
f 562 946 1168
f 562 1168 1119
f 562 1119 1188
f 398 1188 385
f 1171 515 512
f 1172 1171 512
f 445 446 1187
f 1201 1173 148
f 1201 148 142
f 1204 150 145
f 1096 370 796
f 174 1096 1111
f 1179 584 1184
f 1179 1176 556
f 174 1111 160
f 155 160 1111
f 155 1111 1102
f 157 155 1102
f 594 593 1171
f 157 1102 1107
f 153 157 1107
f 153 1107 92
f 229 153 92
f 922 946 562
f 181 229 92
f 196 169 1108
f 570 566 1131
f 588 1191 1137
f 914 1175 946
f 268 181 90
f 1138 546 588
f 268 90 1167
f 1138 588 1137
f 1138 1130 540
f 199 1167 1099
f 573 1130 1135
f 173 199 1099
f 572 573 1135
f 173 1099 1097
f 169 173 1097
f 588 570 1191
f 169 1097 1108
f 196 1108 1166
f 197 196 1166
f 197 1166 1164
f 162 197 1164
f 162 1164 1163
f 175 162 1163
f 175 1163 1195
f 570 1131 1191
f 176 175 1195
f 1209 922 562
f 176 1195 1194
f 822 176 1194
f 177 822 1194
f 922 914 946
f 177 1194 824
f 359 177 1200
f 359 1200 1199
f 362 359 1199
f 362 1199 1197
f 363 362 1197
f 363 1197 1192
f 364 363 1192
f 914 858 1175
f 364 1192 1181
f 366 364 1181
f 366 1181 1196
f 368 366 1196
f 605 610 1142
f 368 1196 1186
f 361 368 1186
f 361 1186 1182
f 202 361 1182
f 1132 610 608
f 202 1182 1193
f 205 202 1193
f 1132 608 552
f 205 1193 1198
f 189 205 1198
f 189 1198 1144
f 188 189 1144
f 1147 552 550
f 188 1144 1146
f 614 1151 1153
f 214 188 1146
f 756 755 820
f 214 1146 1148
f 1155 1151 615
f 210 214 1148
f 1187 594 1172
f 210 1148 1180
f 592 1145 1134
f 594 1171 1172
f 182 210 1180
f 182 1180 1183
f 600 1153 1133
f 183 182 1183
f 183 1183 1178
f 1155 603 1140
f 212 183 1178
f 212 1178 1141
f 184 212 1141
f 605 1142 1156
f 184 1141 1139
f 360 184 1139
f 360 1139 1136
f 607 360 1136
f 607 1136 1149
f 1147 550 607
f 1147 607 1149
f 1147 1150 552
f 790 542 399
f 1132 552 1150
f 1132 1142 610
f 789 790 1177
f 603 605 1156
f 1155 611 603
f 603 1156 1140
f 1155 615 611
f 614 615 1151
f 600 614 1153
f 1133 1145 549
f 1133 549 600
f 592 549 1145
f 1134 1143 591
f 1134 591 592
f 1206 1015 917
f 632 591 1143
f 1206 917 1203
f 1173 595 446
f 1154 564 632
f 1154 632 471
f 1154 1131 566
f 1154 566 564
f 1138 540 546
f 573 540 1130
f 1122 572 1135
f 539 572 1122
f 1206 1203 924
f 581 676 539
f 1179 516 584
f 584 581 1184
f 1179 556 516
f 587 556 1176
f 587 1176 1174
f 542 587 1174
f 542 1174 399
f 790 399 1177
f 858 789 1175
f 571 1209 562
f 593 1190 1171
f 1189 563 562
f 1189 562 1188
f 1189 1190 531
f 1189 531 579
f 593 531 1190
f 1187 527 594
f 1187 446 533
f 1187 533 527
f 595 533 446
f 167 1173 1201
f 158 167 1201
f 158 1201 1170
f 170 158 1170
f 170 1170 1204
f 164 166 1169
f 164 1169 1205
f 1065 924 164
f 1065 164 1205
f 883 820 1206
f 756 820 883
f 796 755 756
f 370 755 796
f 174 370 1096
f 1267 1210 1211
f 1267 1211 1322
f 1265 1268 1252
f 1267 1357 1215
f 1267 1215 1210
f 1267 1212 1323
f 1267 1323 1357
f 1213 1321 1221
f 1213 1221 1212
f 1213 1212 1267
f 1213 1225 1335
f 1213 1335 1321
f 1324 1219 1217
f 1213 1217 1219
f 1213 1219 1225
f 1324 1326 1330
f 1213 1224 1217
f 1324 1217 1326
f 1324 1230 1227
f 1228 1227 1230
f 1228 1230 1224
f 1228 1224 1213
f 1324 1330 1230
f 1327 1331 1359
f 1228 1359 1331
f 1228 1331 1227
f 1342 1234 1226
f 1231 1226 1234
f 1231 1234 1359
f 1231 1359 1228
f 1288 1290 1304
f 1231 1361 1337
f 1231 1337 1226
f 1342 1226 1337
f 1231 1232 1358
f 1231 1358 1361
f 1342 1361 1358
f 1351 1260 1255
f 1231 1235 1344
f 1231 1344 1232
f 1238 1239 1365
f 1238 1235 1231
f 1238 1365 1235
f 1351 1367 1350
f 1240 1338 1369
f 1240 1369 1239
f 1240 1239 1238
f 1351 1349 1367
f 1240 1237 1249
f 1329 1211 1210
f 1240 1249 1338
f 1242 1241 1360
f 1242 1360 1237
f 1242 1237 1240
f 1242 1244 1247
f 1242 1247 1241
f 1242 1246 1333
f 1242 1333 1244
f 1251 1253 1246
f 1251 1246 1242
f 1364 1366 1253
f 1251 1260 1257
f 1251 1257 1253
f 1251 1349 1255
f 1236 1245 1316
f 1251 1255 1260
f 1252 1268 1367
f 1252 1367 1251
f 1251 1367 1349
f 1265 1356 1347
f 1265 1347 1268
f 1265 1262 1263
f 1265 1263 1356
f 1265 1261 1274
f 1265 1274 1262
f 1265 1271 1261
f 1270 1372 1269
f 1270 1271 1265
f 1270 1269 1271
f 1270 1355 1273
f 1270 1273 1372
f 1267 1322 1355
f 1267 1355 1270
f 1324 1227 1331
f 1275 1280 1279
f 1342 1337 1361
f 1280 1277 1279
f 1280 1278 1277
f 1279 1277 1304
f 1278 1281 1284
f 1324 1225 1219
f 1278 1284 1277
f 1277 1284 1304
f 1281 1283 1282
f 1281 1282 1284
f 1284 1282 1304
f 1334 1241 1247
f 1283 1286 1285
f 1283 1285 1282
f 1282 1285 1304
f 1329 1322 1211
f 1320 1323 1212
f 1363 1362 1239
f 1286 1288 1285
f 1285 1288 1304
f 1286 1287 1288
f 1287 1294 1288
f 1339 1363 1369
f 1294 1290 1288
f 1294 1296 1290
f 1272 1317 1318
f 1296 1291 1290
f 1329 1355 1322
f 1291 1292 1290
f 1340 1247 1244
f 1290 1292 1304
f 1340 1244 1333
f 1291 1289 1292
f 1340 1333 1332
f 1348 1332 1341
f 1348 1341 1366
f 1292 1293 1304
f 1289 1293 1292
f 1289 1301 1293
f 1301 1298 1293
f 1298 1295 1293
f 1362 1336 1239
f 1293 1295 1304
f 1298 1299 1306
f 1298 1306 1295
f 1295 1306 1304
f 1316 1310 1311
f 1350 1367 1268
f 1299 1308 1306
f 1299 1297 1308
f 1306 1308 1304
f 1297 1302 1308
f 1302 1303 1308
f 1308 1303 1304
f 1302 1300 1303
f 1300 1305 1303
f 1305 1275 1279
f 1305 1279 1303
f 1303 1279 1304
f 1334 1370 1360
f 1334 1339 1249
f 1214 1307 1309
f 1309 1307 1311
f 1220 1214 1309
f 1339 1365 1336
f 1216 1220 1309
f 1216 1309 1312
f 1312 1309 1311
f 1218 1216 1312
f 1218 1312 1313
f 1313 1312 1311
f 1223 1218 1313
f 1354 1368 1353
f 1229 1223 1313
f 1222 1229 1313
f 1327 1359 1234
f 1233 1313 1310
f 1339 1338 1249
f 1233 1222 1313
f 1310 1313 1311
f 1248 1233 1310
f 1245 1248 1310
f 1245 1310 1316
f 1342 1358 1232
f 1259 1236 1316
f 1329 1215 1357
f 1259 1316 1319
f 1319 1316 1311
f 1352 1347 1356
f 1352 1356 1263
f 1254 1259 1319
f 1254 1319 1314
f 1314 1319 1311
f 1243 1254 1314
f 1354 1371 1368
f 1258 1243 1314
f 1258 1314 1315
f 1315 1314 1311
f 1250 1258 1315
f 1256 1250 1315
f 1256 1315 1317
f 1317 1315 1311
f 1264 1256 1317
f 1272 1264 1317
f 1318 1317 1311
f 1266 1272 1318
f 1266 1318 1328
f 1328 1318 1311
f 1276 1266 1328
f 1276 1328 1325
f 1325 1328 1311
f 1214 1276 1325
f 1214 1325 1307
f 1307 1325 1311
f 1329 1210 1215
f 1320 1329 1357
f 1320 1357 1323
f 1320 1212 1221
f 1339 1336 1362
f 1320 1221 1321
f 1257 1343 1253
f 1324 1320 1321
f 1324 1321 1335
f 1324 1335 1225
f 1346 1372 1273
f 1354 1352 1261
f 1327 1324 1331
f 1342 1327 1234
f 1342 1232 1344
f 1342 1344 1345
f 1345 1344 1235
f 1339 1342 1345
f 1339 1345 1365
f 1339 1362 1363
f 1339 1369 1338
f 1334 1249 1370
f 1334 1360 1241
f 1340 1334 1247
f 1371 1261 1271
f 1348 1340 1332
f 1348 1366 1364
f 1351 1348 1364
f 1351 1364 1343
f 1351 1343 1257
f 1351 1257 1260
f 1351 1255 1349
f 1352 1351 1350
f 1352 1350 1347
f 1352 1263 1262
f 1352 1262 1274
f 1352 1274 1261
f 1354 1261 1371
f 1346 1354 1353
f 1353 1271 1269
f 1346 1353 1372
f 1346 1273 1355
f 1329 1346 1355
f 1326 1217 1224
f 1330 1326 1224
f 1230 1330 1224
f 1372 1353 1269
f 1365 1345 1235
f 1336 1365 1239
f 1369 1363 1239
f 1370 1249 1237
f 1360 1370 1237
f 1332 1333 1246
f 1341 1332 1246
f 1341 1246 1253
f 1366 1341 1253
f 1343 1364 1253
f 1347 1350 1268
f 1368 1371 1271
f 1353 1368 1271
f 4486 4800 4782
f 4893 4923 4900
f 4536 4694 4676
f 2063 2068 2058
f 3230 3285 3396
f 4772 4470 4498
f 3660 4086 4091
f 4788 4790 4798
f 2337 2732 2737
f 1619 1621 1624
f 3671 3670 3922
f 2191 2189 2242
f 3674 3503 3902
f 3484 3483 3461
f 4229 4228 4219
f 2164 2253 2242
f 2078 2160 2157
f 4252 4250 4545
f 4404 4261 4405
f 2595 2784 2591
f 4329 4362 2114
f 3101 3135 2570
f 4512 4529 4358
f 4124 4317 4334
f 2757 2587 2039
f 4103 4130 4111
f 4161 4162 2383
f 2707 2714 2099
f 2959 3102 2902
f 3041 2855 2814
f 3971 3941 3978
f 4327 4400 4068
f 2834 3006 2990
f 3915 3846 3864
f 1552 1569 1556
f 3909 3880 2376
f 3099 3153 3146
f 4833 4827 4811
f 4814 4494 4904
f 4848 4972 4976
f 4682 4674 4749
f 4582 4688 4696
f 3728 3732 2409
f 4930 4931 4828
f 3554 3597 3281
f 3274 3272 2292
f 4700 4726 4749
f 4705 4730 4726
f 3790 4041 3745
f 4729 4710 4712
f 3264 3194 3216
f 3218 3229 2128
f 4755 4756 2477
f 4054 3562 3609
f 2454 2443 2688
f 3646 3611 3906
f 3388 3350 3470
f 1616 1615 1692
f 3635 3913 3918
f 3706 3428 2236
f 3305 3974 3969
f 3796 3313 3312
f 4435 4438 4437
f 2460 2457 3081
f 2660 2792 2094
f 2771 2572 2759
f 2682 2582 2457
f 4568 4256 4408
f 2790 2661 2641
f 4286 4264 4613
f 2619 2622 2094
f 4214 4227 4415
f 3332 3801 3587
f 2731 2464 2463
f 3931 3624 3625
f 4764 4492 4757
f 4748 4753 4754
f 4399 3582 3599
f 2503 4927 2438
f 4536 4442 4697
f 2438 4927 4947
f 4772 4451 4456
f 4875 4891 2498
f 4705 4700 4689
f 2478 2413 2551
f 1427 1479 1412
f 1658 1661 1644
f 2229 2233 2235
f 4893 4948 4746
f 4158 4167 3869
f 2374 2370 2431
f 2834 2990 2994
f 2107 2212 2119
f 1579 1635 1711
f 2124 2193 2285
f 3013 3299 2897
f 4017 3996 4032
f 2915 2916 2306
f 4184 4199 4427
f 4198 4201 4196
f 3957 4126 4136
f 4184 4114 4122
f 4180 4151 4166
f 4125 4055 4081
f 1570 1557 1530
f 2736 2799 2733
f 4528 4532 2321
f 2594 2868 2869
f 4621 4241 4240
f 4190 4580 4578
f 1522 1523 1691
f 4275 4608 4594
f 2719 2673 2672
f 4270 4246 2424
f 2586 2675 2718
f 1464 1477 1675
f 2675 2678 2684
f 2282 2222 2280
f 3796 3337 3352
f 3931 3625 3679
f 3471 3469 3423
f 4465 4756 4755
f 3596 3608 2417
f 4502 4466 4450
f 1479 1527 1696
f 4536 4859 4551
f 4866 4687 4688
f 2214 2220 2307
f 4817 4491 4796
f 3175 3120 2172
f 3891 3886 3912
f 3377 3404 3431
f 3838 3877 3847
f 3849 3871 3842
f 3185 3186 2087
f 4079 3888 3875
f 1428 1430 1677
f 3448 3453 3455
f 3117 3186 3185
f 3685 3881 3897
f 3099 3452 3142
f 3258 3270 2087
f 4079 3907 3910
f 2325 2206 2210
f 4018 3708 3702
f 1638 1655 1639
f 4579 4699 4701
f 3823 3728 4037
f 1545 1612 1617
f 3618 3263 3047
f 1454 1450 1671
f 1470 1469 1673
f 3441 3462 2271
f 3650 3596 3612
f 4474 4468 2477
f 2395 2387 2295
f 3600 3626 3789
f 3370 3388 3335
f 4473 4449 4445
f 3652 3904 3900
f 3669 3679 2289
f 3931 3928 3929
f 3567 3589 2302
f 4245 4229 4219
f 4628 4249 2462
f 4641 4639 4230
f 2560 2832 2641
f 4277 4221 4223
f 2805 2800 3081
f 3064 3063 2739
f 2596 2590 2819
f 2787 2576 2569
f 4526 4078 4510
f 2909 2725 2796
f 1547 1521 1715
f 4196 4201 4365
f 2896 2888 2890
f 4410 4007 2239
f 3993 4015 4386
f 2124 2285 2118
f 2961 3173 3083
f 3945 3925 2205
f 1540 1563 1682
f 4655 4610 4657
f 3156 3107 2172
f 2402 2208 2246
f 4668 4652 4680
f 3535 3098 3141
f 1413 1412 1694
f 1412 1479 1694
f 3256 3551 3546
f 3762 3765 3741
f 4579 4721 4732
f 3797 3768 3564
f 4455 4469 4495
f 2082 2173 2168
f 2337 2335 2789
f 2442 2416 2432
f 2337 2798 2611
f 2554 2773 2316
f 3704 3437 3434
f 3939 3637 3634
f 4218 4447 4443
f 1416 1389 1669
f 3508 3758 3760
f 4247 4245 4219
f 3201 3372 3369
f 4218 4209 4226
f 4546 4204 4611
f 2968 2966 2962
f 2451 2449 2655
f 4275 4671 4639
f 2071 2161 2160
f 2662 2460 3081
f 4264 4269 4613
f 2827 2562 2838
f 4568 4408 4606
f 2362 2363 2505
f 2807 2604 2059
f 2827 2595 2559
f 2179 2176 2138
f 4263 4286 4302
f 2661 2668 2641
f 2679 2637 2635
f 2435 2447 2802
f 4638 4626 4545
f 2056 2188 2260
f 4312 4331 2462
f 3677 3366 3325
f 4454 4483 2456
f 3238 3235 3423
f 3370 3212 3647
f 1551 1470 1472
f 4939 2531 2550
f 4502 4555 4552
f 4880 2345 2329
f 2224 2221 2237
f 4538 4733 4738
f 4933 4935 2482
f 2218 2254 2308
f 4702 4439 4656
f 4971 4988 4917
f 3125 3309 3225
f 4957 4759 4767
f 4624 4855 2332
f 2946 3147 3225
f 1561 1546 1697
f 3182 3178 2197
f 3038 2985 3011
f 4099 4071 4372
f 2993 3003 2977
f 4003 4008 4015
f 3251 3326 3329
f 3363 3334 3060
f 3058 3068 2818
f 3037 3282 3100
f 1439 1438 1681
f 3983 3982 3970
f 2959 2866 2872
f 4126 4127 4121
f 4145 4131 2412
f 2181 2159 2083
f 2766 2751 2793
f 2787 3136 2825
f 2181 2175 2106
f 4240 4241 4230
f 1536 1523 1522
f 2620 2580 2607
f 1451 1510 1453
f 3587 3801 3521
f 3332 3483 3484
f 1657 1650 1693
f 2144 2074 2076
f 4273 4242 4649
f 3750 3714 2236
f 2144 2041 2052
f 4218 4234 4209
f 4260 4257 4724
f 4480 4758 2456
f 2685 2694 2061
f 3652 3629 3611
f 3217 3433 3429
f 2640 2846 2333
f 3792 3614 4042
f 4328 4541 4534
f 2490 2483 2489
f 3848 3830 3833
f 4772 4456 4479
f 3227 3286 3550
f 1659 1660 1661
f 3746 3726 3767
f 4635 4627 4811
f 2218 2249 2304
f 4633 4624 2332
f 4186 4837 4839
f 1589 1588 1591
f 3143 3105 2197
f 1925 1865 1826
f 3934 3927 3903
f 3895 3867 3884
f 3895 3878 3867
f 3138 3443 3475
f 2112 2100 2091
f 3875 3888 2205
f 3450 3451 2945
f 2234 2350 2348
f 3849 4153 3917
f 3446 3089 3096
f 2640 2639 2345
f 3446 3292 3211
f 3301 3190 3415
f 4517 4525 4802
f 4939 2816 2544
f 2434 2444 2489
f 3660 3603 3602
f 2150 2145 2043
f 3217 3406 3500
f 4349 4346 4321
f 4218 4257 4260
f 4311 4305 4754
f 1499 1500 1683
f 3354 3386 3368
f 3489 3373 3374
f 2581 2941 2939
f 3332 3580 3801
f 3560 3343 2060
f 2665 2624 2447
f 2559 2595 2591
f 4561 4548 4119
f 2739 3101 3110
f 1611 1610 1695
f 4125 4303 4589
f 4370 4348 4119
f 2726 2728 2747
f 2856 2740 2720
f 3236 2932 2054
f 3166 3207 2929
f 3957 4431 3965
f 1517 1574 1525
f 3106 2872 3060
f 3895 3861 3853
f 1566 1607 1569
f 3278 3277 3199
f 3132 3070 3057
f 2325 2513 2521
f 4640 4631 4696
f 4738 4733 4708
f 2522 2479 2509
f 3446 3641 3336
f 1654 1653 1702
f 1468 1472 1673
f 3655 3784 3830
f 1849 1749 1792
f 4877 2579 2903
f 4502 4389 4505
f 3806 4048 3599
f 4511 4781 4495
f 3397 3392 3420
f 4788 4763 4794
f 3262 3681 3222
f 4366 4383 4809
f 2455 2452 2440
f 2319 2452 2455
f 2593 2722 2730
f 3677 3323 3422
f 3397 3219 3412
f 4346 4276 4321
f 2282 2252 2250
f 3314 3799 3572
f 3592 3567 2302
f 1451 1453 1467
f 2950 2791 2669
f 4296 4670 4662
f 4560 4569 4545
f 4291 4569 4560
f 2625 2622 2619
f 2780 2833 2591
f 1379 1406 1411
f 3062 2835 2832
f 2447 2624 2802
f 2832 2835 2641
f 2366 2324 2507
f 2086 2070 2157
f 2649 2760 2763
f 2654 2592 2936
f 4243 4268 2462
f 2454 2688 2686
f 2538 2529 2684
f 3657 3676 2236
f 3631 3622 3630
f 2040 2154 2043
f 3459 3705 3497
f 4729 4511 4507
f 3265 3190 3301
f 4957 4926 4935
f 3304 3316 3311
f 4536 4676 4677
f 4651 4682 4587
f 1661 1660 1741
f 3797 3756 3786
f 4852 4565 4573
f 3375 3619 3641
f 2325 2213 2504
f 4791 4792 4787
f 1578 1571 1737
f 1582 1587 1583
f 1553 1556 1697
f 2995 3181 2945
f 3915 4071 4099
f 2885 3032 2843
f 2297 2107 2110
f 4025 4020 2113
f 3300 2815 2813
f 1443 1455 1679
f 4033 4183 4416
f 2847 2878 2931
f 4148 4216 3995
f 1394 1436 1440
f 2421 2428 2269
f 4378 4343 4302
f 4262 4244 4266
f 2682 2457 2460
f 3314 3328 3330
f 3524 3526 2209
f 3323 3325 3552
f 4328 4966 4970
f 4054 3610 3578
f 3705 3180 3260
f 4705 4798 4516
f 4328 4534 4966
f 4516 4798 4289
f 4883 4879 2632
f 3628 3116 2172
f 3094 3091 3311
f 4890 4944 4706
f 3140 3309 3125
f 3148 3157 3122
f 3161 3174 3380
f 3209 3210 2945
f 3139 3143 2197
f 3744 3919 3905
f 3151 3148 3122
f 3117 2942 3119
f 3157 2953 3122
f 3899 3989 3908
f 4854 4857 4600
f 4954 4789 4963
f 4782 4800 2248
f 4153 3980 3959
f 3744 3754 3722
f 4843 4849 4845
f 3140 3121 3168
f 4591 4627 4635
f 4018 3747 3737
f 1659 1450 1454
f 4879 4875 2632
f 4939 4922 4926
f 3244 3096 2271
f 1452 1380 1450
f 3263 3230 3396
f 1659 1452 1450
f 1452 1381 1382
f 1452 1382 1380
f 3269 3216 3396
f 3275 3246 3528
f 1377 1383 1390
f 1452 1377 1390
f 3265 3416 3409
f 1452 1390 1381
f 1377 1388 1383
f 3939 3605 3615
f 3650 3608 3596
f 1387 1384 1378
f 4739 4474 2477
f 1377 1387 1378
f 1377 1378 1388
f 3514 3488 2152
f 3500 3406 3355
f 1387 1422 1384
f 2454 2508 2511
f 1423 1416 1422
f 3432 3425 3428
f 1387 1423 1422
f 1500 1489 1683
f 1423 1386 1389
f 1423 1389 1416
f 3714 3696 2236
f 1385 1421 1386
f 1423 1385 1386
f 4328 4319 4320
f 1385 1420 1417
f 2665 2968 2659
f 1385 1417 1421
f 1419 1414 1420
f 1385 1419 1420
f 3773 3478 3902
f 2366 2507 2512
f 1419 1409 1376
f 1419 1376 1414
f 1379 1411 1409
f 1419 1379 1409
f 4580 4623 2247
f 2116 1663 1965
f 2677 2679 2635
f 1379 1410 1405
f 1379 1405 1406
f 1410 1407 1476
f 1410 1476 1405
f 2567 2571 2582
f 1410 1403 1478
f 1410 1478 1407
f 1473 1457 1403
f 1410 1473 1403
f 1473 1396 1399
f 1473 1399 1457
f 4566 4544 4371
f 1402 1404 1415
f 1473 1402 1415
f 1473 1415 1396
f 1402 1408 1398
f 1402 1398 1404
f 1397 1391 1456
f 1402 1397 1456
f 1402 1456 1408
f 1397 1458 1395
f 1397 1395 1391
f 1394 1459 1401
f 1397 1394 1401
f 1397 1401 1458
f 2397 2421 2269
f 1394 1400 1459
f 2585 3240 3239
f 4108 4165 4137
f 1394 1440 1400
f 1444 1443 1436
f 1394 1444 1436
f 1444 1455 1443
f 2912 2706 2916
f 1517 1525 1511
f 1392 1393 1455
f 1444 1392 1455
f 1392 1441 1446
f 1392 1446 1393
f 1442 1438 1439
f 1392 1442 1439
f 1392 1439 1441
f 3957 3953 3941
f 1442 1505 1504
f 1442 1504 1438
f 4032 3996 4070
f 1502 1515 1506
f 1442 1502 1506
f 1442 1506 1505
f 4004 4049 4070
f 1502 1432 1437
f 1502 1437 1515
f 1431 1434 1432
f 1502 1431 1432
f 1431 1433 1447
f 1431 1447 1434
f 1431 1445 1448
f 1431 1448 1433
f 1566 1572 1607
f 1429 1428 1445
f 1431 1429 1445
f 1429 1425 1424
f 1429 1424 1430
f 1429 1430 1428
f 3685 3894 3914
f 3883 3896 3869
f 1425 1426 1424
f 1663 1374 1965
f 1425 1485 1435
f 1425 1435 1426
f 3946 3977 3924
f 1425 1486 1485
f 3403 3376 3093
f 1484 1418 1486
f 3132 3057 3112
f 1425 1484 1486
f 3739 3966 3942
f 2494 2200 2388
f 1484 1413 1418
f 4590 4844 4811
f 2492 2545 2318
f 1427 1412 1413
f 1484 1427 1413
f 4770 4967 4965
f 4865 4868 4573
f 1524 1527 1479
f 1427 1524 1479
f 3446 3336 3284
f 2404 2224 2230
f 1524 1548 1527
f 3815 3824 3720
f 4925 2558 4906
f 4536 4444 4442
f 1551 1468 1548
f 4710 4455 4495
f 1524 1551 1548
f 4083 3848 3833
f 2808 2527 2450
f 1551 1472 1468
f 3446 3735 3462
f 1466 1469 1470
f 4705 4516 4520
f 1551 1466 1470
f 4460 4501 4500
f 1466 1474 1471
f 1466 1471 1469
f 3643 3602 3805
f 3392 3440 2073
f 3437 3631 3630
f 3673 3657 3663
f 3464 3527 3396
f 1480 1481 1483
f 1466 1480 1483
f 1466 1483 1474
f 1480 1460 1463
f 1480 1463 1481
f 1462 1461 1460
f 1480 1462 1460
f 3568 3331 3402
f 2454 2678 2675
f 1462 1464 1461
f 3796 3381 3313
f 1462 1475 1477
f 1462 1477 1464
f 2682 2963 2980
f 1462 1516 1475
f 1449 1465 1516
f 1462 1449 1516
f 1449 1451 1467
f 1514 1691 1690
f 1449 1467 1465
f 1512 1514 1510
f 1451 1512 1510
f 1512 1536 1522
f 1512 1522 1514
f 1531 1519 1518
f 1536 1531 1518
f 1536 1518 1523
f 2654 2643 2642
f 1531 1495 1498
f 2071 2160 2078
f 1531 1498 1519
f 1501 1503 1497
f 2070 2078 2157
f 1531 1501 1497
f 1531 1497 1495
f 1501 1507 1494
f 1501 1494 1503
f 1507 1496 1494
f 1492 1488 1496
f 1507 1492 1496
f 2975 2939 2607
f 3306 3576 3573
f 2654 2933 2636
f 3526 3480 2209
f 2194 2189 2191
f 3798 3503 3674
f 1492 1491 1488
f 3710 3671 3922
f 2144 2052 2044
f 2564 2664 2934
f 1487 1500 1499
f 4328 4354 4351
f 1492 1487 1499
f 1492 1499 1491
f 1487 1490 1489
f 1487 1489 1500
f 2553 2493 2061
f 1487 1482 1537
f 1487 1537 1490
f 4925 2547 2695
f 1550 1543 1482
f 4465 4739 4744
f 1487 1550 1482
f 1550 1493 1543
f 3612 3596 2417
f 1550 1603 1493
f 1550 1606 1603
f 4939 2544 2531
f 3446 3279 3242
f 4482 4506 4519
f 1545 1538 1606
f 1550 1545 1606
f 1545 1617 1538
f 3540 3517 3550
f 1613 1614 1612
f 1545 1613 1612
f 1660 1662 1671
f 2356 2540 2533
f 3899 3726 3746
f 3816 3719 3788
f 1613 1564 1568
f 3741 3765 2409
f 1613 1568 1614
f 4674 4689 4749
f 4631 4599 4696
f 1559 1558 1562
f 4647 4181 2332
f 1613 1559 1562
f 1613 1562 1564
f 2206 2216 2520
f 1559 1540 1542
f 1559 1542 1558
f 1567 1561 1563
f 1559 1567 1563
f 1559 1563 1540
f 4823 4830 4600
f 3762 3940 3961
f 1567 1549 1546
f 1567 1546 1561
f 1374 1375 1965
f 1426 1435 1676
f 1552 1556 1553
f 1567 1552 1553
f 3183 3171 3210
f 1567 1553 1549
f 1941 1857 1858
f 1552 1566 1569
f 4173 3879 3857
f 1566 1573 1572
f 2965 2972 3380
f 1509 1508 1573
f 1566 1509 1573
f 1509 1541 1533
f 4087 4065 4392
f 1509 1533 1508
f 1539 1544 1541
f 1509 1539 1541
f 1539 1579 1544
f 3026 3299 3013
f 1539 1635 1579
f 4033 4009 4036
f 4033 4035 4009
f 1626 1577 1628
f 1539 1626 1628
f 1539 1628 1635
f 1626 1629 1577
f 1626 1517 1511
f 1626 1511 1513
f 1626 1513 1629
f 2899 2883 2904
f 1526 1576 1575
f 1517 1526 1575
f 1517 1575 1574
f 1526 1520 1535
f 3231 2691 2917
f 1526 1535 1576
f 4169 4432 2383
f 4185 4160 4138
f 1532 1554 1560
f 1526 1532 1560
f 1526 1560 1520
f 1532 1547 1554
f 1532 1521 1547
f 1532 1530 1521
f 1532 1570 1530
f 4322 4529 4512
f 1570 1611 1609
f 1570 1609 1557
f 2265 2270 2313
f 1555 1608 1610
f 1570 1555 1610
f 1570 1610 1611
f 2726 2705 2703
f 1555 1565 1608
f 4304 4310 4292
f 1594 1600 1602
f 1555 1594 1602
f 1555 1602 1565
f 1594 1605 1600
f 4522 4300 4308
f 1594 1599 1601
f 1594 1601 1604
f 1594 1604 1605
f 4190 4570 4637
f 1599 1645 1648
f 1599 1648 1601
f 1647 1646 1652
f 1599 1647 1652
f 1599 1652 1645
f 1647 1651 1646
f 1647 1657 1651
f 2738 2954 2715
f 3477 3493 3467
f 1649 1650 1657
f 1647 1649 1657
f 1649 1624 1618
f 1649 1618 1650
f 1649 1619 1624
f 4473 4271 4449
f 1619 1615 1616
f 1619 1616 1621
f 3938 3634 3911
f 1490 1537 1683
f 1623 1625 1615
f 1619 1623 1615
f 2746 2491 2626
f 2454 2529 2538
f 3465 3464 3396
f 1623 1633 1625
f 2296 2288 2295
f 1627 1634 1620
f 1623 1627 1620
f 1623 1620 1633
f 3257 3275 3528
f 1627 1622 1630
f 1627 1630 1634
f 4463 4467 2481
f 1632 1631 1622
f 4705 4506 4482
f 1627 1632 1622
f 3655 3848 4083
f 1632 1654 1631
f 1638 1640 1653
f 1632 1638 1653
f 1632 1653 1654
f 4931 4750 4828
f 1638 1639 1640
f 4777 4776 4793
f 1637 1528 1580
f 1638 1637 1580
f 1638 1580 1655
f 2540 2600 2326
f 3765 3711 2418
f 1637 1636 1529
f 1637 1529 1528
f 5035 5029 5037
f 1534 1571 1578
f 1637 1534 1578
f 1637 1578 1636
f 1534 1583 1584
f 3942 3966 3926
f 1534 1584 1571
f 1534 1582 1583
f 1582 1581 1593
f 1582 1593 1587
f 1586 1592 1581
f 1582 1586 1581
f 1586 1585 1592
f 4156 3930 3912
f 1586 1590 1597
f 1586 1597 1585
f 4139 4141 3959
f 1586 1589 1591
f 1586 1591 1590
f 1589 1598 1588
f 1595 1596 1598
f 1589 1595 1598
f 1595 1642 1641
f 1595 1641 1596
f 1658 1643 1656
f 1595 1658 1656
f 1595 1656 1642
f 4486 4542 4554
f 1658 1644 1643
f 4723 4654 4440
f 4648 4584 4620
f 4646 4645 4581
f 2402 2233 2229
f 1658 1659 1661
f 4723 4439 4702
f 4678 4684 4685
f 1659 1454 1662
f 1659 1662 1660
f 4866 4672 4675
f 4627 4593 4811
f 3693 3702 3721
f 3744 3722 3724
f 4866 4712 4692
f 4777 4886 4919
f 3214 3289 3250
f 4727 4734 4904
f 4932 4707 4716
f 1612 1614 1705
f 1644 1661 1741
f 5033 5030 5007
f 3256 3540 3249
f 4538 4478 4488
f 4361 4679 4535
f 4488 4478 4708
f 3252 3255 3281
f 2399 2403 2407
f 3241 3243 3128
f 2251 2068 2063
f 4772 4498 4804
f 4086 3860 3720
f 3821 3806 3599
f 2584 2627 2047
f 2575 2497 2574
f 2077 2151 2147
f 2453 2801 2450
f 3668 3514 3672
f 3624 3659 2289
f 4757 4492 4495
f 2057 2276 2134
f 4788 4775 4790
f 1482 1543 1708
f 4788 4794 4775
f 3623 3667 3604
f 3217 3191 3406
f 3501 3500 3528
f 4473 4445 4468
f 2459 2458 2724
f 2593 2730 2458
f 4218 4462 4475
f 4458 4454 2456
f 4443 4447 4724
f 3707 3439 3427
f 2678 2511 2684
f 3675 3656 3630
f 2190 2389 2393
f 4276 4288 4321
f 2461 2469 2607
f 2470 2465 2626
f 4788 4344 4347
f 3373 3359 2303
f 3677 3387 3366
f 3556 3589 3567
f 3342 3322 3413
f 2650 2633 2061
f 3508 3760 3775
f 2654 2650 2467
f 2676 2680 2626
f 2682 2980 2667
f 4438 4642 4285
f 3318 3553 3552
f 3432 3319 3498
f 3332 3315 3483
f 3477 3487 3492
f 3670 3468 3531
f 4608 4641 4649
f 4190 4578 4182
f 4291 4562 4601
f 4473 4189 4193
f 1420 1414 1668
f 2379 2510 2380
f 4639 4671 4230
f 4277 4650 4653
f 2682 2634 2449
f 2682 2623 2634
f 2833 2838 2591
f 4296 4666 4433
f 2647 2645 2059
f 4421 4240 4230
f 2859 2653 2802
f 2668 2561 2641
f 4291 4252 4284
f 4322 4283 4330
f 4248 4297 4256
f 4279 4255 2472
f 4325 4567 2321
f 4526 4514 4523
f 4547 4325 2321
f 4527 4387 4302
f 2764 2761 2570
f 2736 2781 2777
f 2744 2742 2728
f 2777 2781 2570
f 4282 4120 2412
f 1521 1530 1753
f 2774 2803 2794
f 2932 2698 2054
f 2744 2924 2853
f 4198 4109 4110
f 2690 2700 2910
f 4130 4129 4213
f 4416 4183 4138
f 2129 2093 2293
f 1535 1520 1751
f 4180 4185 4183
f 4225 4179 3995
f 2901 2849 2883
f 2872 2866 3060
f 2708 2871 2867
f 4012 4006 3998
f 3037 2848 3282
f 4010 3999 2239
f 2901 2875 2852
f 3302 3052 3296
f 3351 3356 2306
f 2297 2291 2290
f 4019 4027 4016
f 3810 3971 3991
f 2901 3020 3016
f 2885 2823 2822
f 3015 3022 2824
f 2843 3032 3011
f 3012 3014 2263
f 2987 2989 2824
f 1432 1434 1700
f 4063 4088 2420
f 4390 4375 3839
f 3302 2986 2973
f 4360 4390 4070
f 3017 2839 2830
f 4375 4062 3839
f 3463 2989 2987
f 3882 3887 4392
f 3870 3868 2420
f 3024 3038 2997
f 2111 2275 2091
f 3455 3453 2197
f 1445 1428 1716
f 3456 3457 3431
f 3852 3874 3959
f 3117 3185 3270
f 1430 1424 1677
f 2120 2092 2100
f 3448 3143 3139
f 3178 3139 2197
f 3946 3924 3925
f 1585 1597 1740
f 3466 3084 2953
f 3133 3115 3475
f 1590 1591 1740
f 4791 4779 4792
f 3899 3973 3967
f 2494 2499 2314
f 2388 2200 2318
f 4186 4624 4633
f 3744 3944 3949
f 4657 4610 4836
f 3816 3730 3719
f 4651 4652 4668
f 3581 3104 3103
f 4664 4632 4571
f 3730 3749 3926
f 4691 4858 4868
f 4579 4701 4717
f 1614 1568 1705
f 4723 4441 4439
f 4703 4646 4869
f 4746 4948 4828
f 2218 2088 2089
f 3126 3590 3565
f 4919 4886 4902
f 3284 3336 2104
f 4975 4937 4943
f 4018 3737 3717
f 4893 4930 4923
f 2522 2473 2471
f 3590 3304 3311
f 2218 2255 2305
f 4890 4903 4881
f 3785 4050 3729
f 3802 3570 2187
f 4579 4732 4451
f 4676 4694 2396
f 4555 4698 4685
f 4877 2631 2629
f 2399 2406 2403
f 4471 4540 4693
f 4538 4807 4801
f 3784 3785 3729
f 4091 4086 3805
f 1622 1722 1717
f 2336 2339 2335
f 4054 3582 4399
f 1889 1870 1864
f 2452 2434 2440
f 4460 4751 4462
f 2454 2453 2443
f 2688 2443 2450
f 3607 3604 3662
f 4775 4794 4289
f 3436 3680 3642
f 4210 4476 4446
f 2488 2487 2440
f 1893 1881 1880
f 2630 2546 2055
f 3673 3676 3657
f 3420 3392 2073
f 3682 3633 3678
f 3658 3616 3691
f 2277 2280 2231
f 3489 3365 3460
f 2319 2455 2487
f 2276 2219 2231
f 2466 2338 2495
f 3331 3341 2073
f 2541 2564 2557
f 3928 3700 2203
f 4177 4171 3911
f 3359 3360 2303
f 3382 3422 3423
f 2074 2075 2157
f 3577 3480 3526
f 3831 3800 3591
f 3371 3583 3574
f 2196 2191 2242
f 3332 3587 3389
f 3758 3342 3364
f 1518 1519 1691
f 1651 1657 1693
f 3319 3560 2060
f 1498 1495 1706
f 4546 4611 4622
f 2071 2078 2070
f 4604 4602 2472
f 2771 2620 2637
f 2649 2610 2863
f 2950 2780 2791
f 2617 2905 2802
f 2682 2460 2662
f 4296 4433 4429
f 2827 2559 2562
f 2842 2601 2604
f 2366 2360 2364
f 2009 1813 1804
f 2842 2647 2601
f 1604 1601 1752
f 2608 2660 2094
f 4291 4250 4252
f 4284 4252 4545
f 2682 2662 2656
f 1936 1991 1990
f 2649 2863 2861
f 2771 2637 2679
f 1855 1725 1727
f 2071 2182 2161
f 2654 2619 2643
f 2366 2510 2379
f 2950 2666 2957
f 4578 4580 2247
f 2163 2260 2242
f 3538 3303 3485
f 2649 2612 2610
f 2649 2958 2760
f 3775 3760 3364
f 3589 3401 2302
f 4275 4242 4273
f 2053 2162 2242
f 4242 4254 4649
f 2056 2260 2163
f 3472 3519 3591
f 2950 2957 2956
f 2454 2511 2678
f 3931 3701 3700
f 2581 2687 2941
f 3354 3368 3353
f 3489 3333 3365
f 3432 3714 3750
f 2546 2539 2055
f 3370 3430 3458
f 1936 1987 1993
f 2194 2390 2389
f 4445 4449 2477
f 2466 2515 2338
f 3625 3624 2289
f 4786 4769 4495
f 3235 3686 3423
f 3609 3562 3599
f 3429 3433 3528
f 3430 3499 3470
f 3652 3611 3646
f 3659 3661 2289
f 2598 2603 2500
f 3273 3465 3396
f 2057 2066 2136
f 3660 4091 3603
f 3459 3254 3259
f 2082 2038 2173
f 4534 4541 4802
f 3655 4084 3620
f 4084 4083 3833
f 4465 4359 4467
f 2065 2067 2058
f 2503 2441 2524
f 3598 4030 4042
f 2646 2328 2329
f 3126 3301 3234
f 2442 2359 2354
f 3797 3844 3768
f 2355 2415 2551
f 3660 3815 3771
f 4044 3779 4038
f 2405 2232 2221
f 3618 3067 3549
f 2221 2232 2237
f 4681 4678 4685
f 2471 2473 2651
f 4709 4914 4902
f 1639 1704 1703
f 3816 3759 3787
f 4714 4706 2498
f 4777 4731 4722
f 3744 3777 3740
f 4536 4860 4859
f 3606 3549 3225
f 4975 4780 4991
f 1925 1924 1789
f 2325 2522 2514
f 4691 4565 4852
f 3899 3715 3973
f 4856 4617 4625
f 3579 3103 3128
f 2494 2388 2545
f 4988 4991 4917
f 3899 3718 3715
f 4863 4834 4836
f 4821 4817 4796
f 3104 3074 3475
f 3095 3118 3311
f 4967 4968 4818
f 1592 1740 1732
f 3744 3952 3944
f 1584 1583 1737
f 1934 1848 1935
f 3962 3923 3926
f 3966 3962 3926
f 3099 3137 3174
f 3154 3158 3475
f 3739 3914 3927
f 3424 2965 3454
f 3394 2960 2824
f 4385 3825 4094
f 3200 3203 2087
f 3863 4388 4077
f 4068 4400 3859
f 4073 4077 2113
f 4075 4065 4087
f 3039 2984 3199
f 2834 2984 3039
f 2901 2993 2978
f 3037 3036 3034
f 4053 4031 3998
f 1936 1894 1895
f 3056 3092 3090
f 3037 3293 2967
f 2297 2141 2291
f 4009 4035 4253
f 3131 2877 2306
f 2902 3102 3060
f 1525 1574 1698
f 3037 3025 2829
f 3982 3997 2351
f 4033 4406 3987
f 1575 1576 1751
f 4080 4208 4212
f 4033 4413 4407
f 3983 4187 4417
f 3025 2870 2887
f 3979 4418 4412
f 2923 2691 3231
f 3947 4434 4365
f 2714 2908 2099
f 4146 4135 2261
f 2923 3231 3226
f 4203 4146 2261
f 4131 4164 2412
f 4080 4130 4103
f 2744 2884 2924
f 2924 2884 2133
f 4092 4102 4119
f 3061 2914 2927
f 4102 4107 4119
f 4098 4401 2261
f 4105 4098 2261
f 4104 4098 4105
f 2736 2566 2565
f 2272 2265 2313
f 4332 4282 2412
f 2268 2267 2313
f 4078 4499 2114
f 2741 2919 2794
f 4504 4398 4371
f 4526 4499 4078
f 2739 2764 2882
f 4523 4514 2114
f 2827 2879 3063
f 2782 3053 3050
f 2786 2836 2094
f 4340 4308 4302
f 4296 4239 4244
f 4335 4337 4293
f 1600 1605 1752
f 4239 4231 4615
f 2792 2786 2094
f 4568 4606 4592
f 1936 1990 1961
f 2860 2653 2859
f 2645 2861 2059
f 2561 2560 2641
f 4623 4637 2247
f 2182 2177 2138
f 4221 4604 2472
f 4428 4592 4415
f 4190 4637 4623
f 1891 1876 1846
f 1846 1876 1877
f 1503 1494 1706
f 4193 4189 2247
f 4611 4204 4232
f 2597 2599 2715
f 2674 2667 2655
f 2682 2667 2674
f 4235 4206 2424
f 4258 4228 4229
f 4601 4562 4545
f 3468 3476 3531
f 2464 2681 2962
f 3699 3710 3922
f 3188 3389 3367
f 4258 4247 4288
f 1496 1488 1686
f 3503 3502 3902
f 4215 4220 4281
f 3306 3344 3340
f 3485 3303 3935
f 2282 2250 2258
f 3796 3352 3381
f 1491 1499 1683
f 3358 3353 3378
f 2282 2278 2222
f 1461 1464 1675
f 2448 2445 2486
f 2439 2436 2061
f 4280 4274 4281
f 3507 3447 3444
f 4238 4260 4724
f 2511 2508 2684
f 3198 3410 3419
f 3386 3379 3378
f 3652 3699 3666
f 3439 3436 3642
f 2194 2389 2190
f 3248 3527 3464
f 3489 3418 3488
f 2134 2276 2211
f 4460 4765 4752
f 3644 3654 2430
f 3397 3440 3392
f 4803 4774 4802
f 3265 3471 3665
f 1481 1463 1672
f 3627 3644 2430
f 2337 2789 2798
f 3264 3276 3194
f 4784 4533 2312
f 4939 2574 2817
f 3613 3620 3833
f 1983 1911 1906
f 4044 4052 3834
f 4538 4525 4517
f 2067 2165 2211
f 4705 4489 4452
f 4502 4552 4466
f 4487 4685 4485
f 2554 2323 2331
f 3127 3280 3215
f 2640 2646 2639
f 3814 3738 3729
f 2405 2224 2404
f 3745 4041 4042
f 4975 4766 4780
f 4717 4701 2605
f 3787 3759 3720
f 4733 4728 4708
f 3214 3307 3289
f 4816 4808 2480
f 1562 1558 1682
f 4152 3748 3703
f 3112 3057 2281
f 4831 4816 4829
f 4595 4598 2369
f 3967 3973 3767
f 4954 4797 4789
f 4965 4967 4818
f 4643 4661 4696
f 1591 1588 1740
f 3088 3380 3141
f 3925 3924 2205
f 3117 3145 2942
f 3940 3898 2376
f 3581 3176 3115
f 3927 3914 3903
f 1435 1485 1676
f 3685 3897 3894
f 3915 3920 3916
f 3448 3139 3178
f 3183 3451 3450
f 3117 3270 3258
f 3158 3138 3475
f 3838 3891 3876
f 3876 3891 3912
f 3849 3852 3871
f 1556 1569 1712
f 3884 3867 2376
f 3183 3450 3187
f 3466 3151 3221
f 1901 1905 1921
f 3183 3209 3451
f 3466 3148 3151
f 5015 4990 4962
f 2101 2223 2225
f 3944 3952 4170
f 3581 3133 3134
f 2166 2220 2214
f 3070 3066 2281
f 1980 1787 1785
f 3054 3051 3122
f 4848 4810 4824
f 3087 3113 3093
f 3697 3703 4024
f 1789 1924 1824
f 4918 4743 4747
f 3731 3786 2187
f 3089 3055 2271
f 4038 3779 3822
f 4538 4488 4807
f 4705 4482 4489
f 2442 2354 2483
f 3834 4052 3662
f 2327 2903 2724
f 4729 4781 4511
f 2578 2696 2618
f 3562 3578 3906
f 4054 3578 3562
f 3688 3435 3260
f 3633 3640 3642
f 3635 3658 3667
f 2145 2139 2043
f 2541 2528 2717
f 3383 3369 3541
f 1618 1624 1693
f 3577 3524 3510
f 2835 2597 2715
f 2771 2580 2620
f 2571 2805 3081
f 2567 2886 3077
f 2909 2795 2751
f 4055 4397 4557
f 2083 2159 2153
f 2155 2084 2127
f 3232 2693 2716
f 3994 3992 4253
f 2885 3348 3068
f 2901 3326 3251
f 4020 4005 2351
f 3014 2971 2263
f 2839 3019 3199
f 4384 4068 3859
f 2992 2964 2979
f 3832 3811 3859
f 3448 3182 3453
f 3400 3376 3403
f 4820 4815 4828
f 4989 4973 4818
f 4813 4572 4841
f 4959 4963 4828
f 2600 2502 2318
f 4691 4870 4858
f 1777 1789 1824
f 4918 4941 4940
f 2356 2534 2535
f 4536 4697 4694
f 3047 3263 3225
f 3790 3753 3819
f 2523 2525 4924
f 4359 4382 2481
f 4465 4755 4382
f 3217 3220 3266
f 2337 2611 2613
f 3397 3462 3441
f 1373 1664 2034
f 4210 4280 4220
f 3332 3484 3588
f 3577 3512 3563
f 3529 3770 3364
f 2665 2447 2435
f 4277 4602 4604
f 2366 2364 2363
f 1374 1373 2062
f 2838 2562 2591
f 1936 1961 1891
f 2035 1374 2062
f 4277 4653 4602
f 2637 2620 2607
f 3062 2597 2835
f 4296 4436 4670
f 4670 4436 4285
f 4275 4594 4254
f 2252 2053 2242
f 3799 3516 3772
f 3432 3560 3319
f 3188 3320 3349
f 2532 2470 2626
f 2541 2717 2547
f 4328 4795 4774
f 3704 3643 3649
f 3262 3218 3184
f 3271 3409 3415
f 4898 2552 2183
f 3370 3233 3247
f 2330 4883 2632
f 3766 4051 2409
f 3899 3755 3726
f 4941 4745 4947
f 4684 4869 4685
f 4723 4205 4629
f 4648 4583 4574
f 4843 4496 4491
f 4848 4824 4834
f 2166 2095 2215
f 3915 4178 3937
f 3466 3221 3224
f 3862 3847 3912
f 2961 3377 2974
f 4327 3835 3811
f 2120 2275 2111
f 2834 3039 3019
f 2885 2811 2812
f 3034 3036 3033
f 3511 2810 2826
f 1628 1710 1711
f 2890 2888 2931
f 2923 2704 2691
f 2739 2797 2851
f 4296 4211 4231
f 2506 2379 2505
f 2581 2975 2976
f 4568 4603 4227
f 4331 4324 2462
f 3460 3365 2152
f 2501 2439 2493
f 2399 2300 2387
f 3850 3826 3855
f 3778 3813 3822
f 3126 3283 3223
f 4843 4817 4821
f 4152 3980 4153
f 2215 2095 2307
f 1941 1860 1857
f 2373 2386 2372
f 3849 3874 3852
f 2092 2167 2225
f 3153 3161 3380
f 1888 1962 1966
f 3127 3123 3124
f 4664 4647 4632
f 1580 1528 1704
f 4951 4722 4902
f 4723 4440 4205
f 2216 2384 2520
f 3924 3977 2205
f 3739 3923 3962
f 3117 3119 3120
f 3083 3173 3093
f 1960 1958 1966
f 3145 3258 2087
f 3176 3443 3138
f 3024 3187 3181
f 3424 3454 3452
f 3915 3866 3920
f 3842 3871 3859
f 4173 3841 3879
f 1826 1865 1833
f 3849 3917 4141
f 3183 3170 3171
f 2257 2353 2235
f 4539 4497 4494
f 4840 4851 4616
f 4439 4441 4656
f 4770 4968 4967
f 3214 3059 3530
f 2441 2446 4947
f 4054 4399 4048
f 4765 4740 4363
f 3974 3675 3630
f 3371 3574 3571
f 4291 4215 4563
f 2665 2966 2968
f 4435 4437 4436
f 2562 2559 2591
f 4405 4261 2365
f 2361 2362 2505
f 4529 4530 4358
f 4104 4528 4403
f 2754 2774 2794
f 4164 4150 2383
f 3155 2982 3033
f 3007 2974 2943
f 4173 3827 3851
f 2943 2974 3431
f 3885 3875 2205
f 2353 2352 2372
f 3930 3908 3912
f 3739 3942 3955
f 3739 3749 3730
f 4619 4550 2369
f 1606 1538 1705
f 2411 2408 2230
f 2331 2323 2632
f 3294 3268 2128
f 4444 4463 2481
f 1932 1902 1903
f 2173 2038 2147
f 4538 4517 4541
f 3790 3792 3794
f 3931 3659 3624
f 3357 3358 3378
f 2981 2672 2033
f 1477 1475 1675
f 2052 2041 2072
f 3330 3328 3552
f 3483 3315 3461
f 2319 2320 2324
f 2863 2610 2033
f 4653 4650 2462
f 4277 4604 4221
f 1406 1405 1684
f 2860 2573 2652
f 2623 2656 2655
f 1374 1664 1373
f 3490 3831 3496
f 2933 2936 2061
f 3559 3522 3531
f 2222 2278 2231
f 4319 4351 4809
f 3969 3974 3630
f 2857 2598 2500
f 3790 3598 3614
f 3217 3246 3275
f 3823 3820 3804
f 1664 1374 2034
f 3336 3641 2104
f 4913 4952 2248
f 3085 3087 3093
f 3907 3943 2205
f 2034 1663 2079
f 3463 3399 3445
f 4374 4384 4386
f 2212 2109 2119
f 4039 4021 4253
f 4424 4007 4410
f 2884 2893 2133
f 3195 2702 2699
f 2756 2758 2910
f 2782 3030 2844
f 3053 2844 2080
f 2625 2786 2792
f 1724 1726 1773
f 2253 2163 2242
f 3508 3522 3559
f 3347 3395 3419
f 1460 1461 1675
f 3677 3422 3382
f 3384 3192 3260
f 2194 2398 2390
f 2719 2539 2546
f 4764 4493 4492
f 3217 3500 3501
f 3623 3604 3607
f 2335 2339 2537
f 4777 4880 4901
f 4677 4676 2396
f 3899 3733 3755
f 1942 1923 1921
f 3307 3308 3128
f 3762 3725 3694
f 4658 4597 4680
f 4815 4842 4828
f 4831 4964 4969
f 2200 2311 2315
f 2352 2348 2372
f 3744 3905 3956
f 2961 3456 3404
f 3187 3450 2945
f 3142 3452 3380
f 4079 3910 3901
f 3894 3897 3903
f 2234 2377 2350
f 1549 1553 1697
f 3448 3114 3076
f 1953 1978 1945
f 3744 3949 3727
f 4831 4958 4964
f 3132 3536 3108
f 2509 2479 2651
f 3565 3590 3311
f 4937 4920 4917
f 3268 3245 2128
f 2503 2524 2527
f 2251 2067 2065
f 4382 4755 2477
f 3204 3179 3419
f 4462 4751 4724
f 2719 2630 2475
f 3543 3495 3591
f 2319 2381 2375
f 3791 3357 3345
f 4605 4232 4613
f 2861 2863 2033
f 4871 4736 4715
f 1990 1720 1719
f 4621 4240 4421
f 4322 4337 4335
f 2181 2045 2140
f 4356 4512 4358
f 4124 4513 4339
f 4120 4128 2412
f 4128 4145 2412
f 2131 2097 2105
f 3975 3970 2351
f 4036 4009 4253
f 4005 4002 2351
f 3810 4001 4022
f 4089 4118 2420
f 3024 2995 2985
f 3863 4073 3840
f 1936 1933 1940
f 4173 3896 3883
f 3080 3082 3141
f 4018 4158 4149
f 4629 4205 4656
f 4486 4835 4825
f 2533 2540 2326
f 2035 1375 1374
f 3830 3784 3729
f 1889 1864 1896
f 4505 4389 4485
f 4970 4966 4802
f 2466 2495 2485
f 1738 1739 1748
f 4210 4305 4311
f 3341 3408 2073
f 2512 2507 2380
f 3490 3496 3519
f 2634 2623 2655
f 2366 2506 2360
f 1601 1648 1752
f 1841 1756 1755
f 1991 1720 1990
f 2682 2656 2623
f 2683 2658 2962
f 3556 3567 3592
f 2436 2467 2061
f 3939 3634 3938
f 3418 3460 2152
f 3939 3794 3605
f 3638 3627 2430
f 4502 4487 4389
f 4536 4463 4444
f 2437 2614 2618
f 4932 4874 4892
f 4723 4702 4704
f 3748 3752 4024
f 2233 2259 2235
f 4797 4820 4828
f 1663 2034 1374
f 4839 4837 2480
f 4539 4805 4832
f 3949 3944 4170
f 3463 2951 2960
f 3810 4056 3809
f 4075 4059 4058
f 4003 4043 4027
f 4003 4027 4019
f 2841 2840 2897
f 4033 4407 4406
f 4184 4427 4187
f 2894 2880 2854
f 4144 4147 4213
f 3177 2858 3205
f 4125 4101 4127
f 3177 2749 2743
f 2935 2689 2819
f 2759 2572 2635
f 4602 4653 2472
f 4569 4638 4545
f 2116 2079 1663
f 3522 3505 3531
f 2680 2674 2655
f 4660 4265 4268
f 2064 2134 2211
f 3459 3180 3705
f 4506 4509 4519
f 4925 2615 2496
f 1896 1874 1861
f 3797 3786 3731
f 5030 5006 5007
f 4927 4907 4947
f 2359 2355 2551
f 3655 3620 3613
f 1450 1685 1671
f 1450 1380 1685
f 3826 3837 2430
f 1380 1382 1685
f 1382 1381 1685
f 1381 1390 1685
f 1390 1383 1685
f 1383 1670 1685
f 1383 1388 1670
f 1388 1378 1670
f 3672 3514 2152
f 2497 2685 2183
f 1378 1384 1670
f 3635 3918 3651
f 1384 1422 1670
f 3652 3666 3664
f 2194 2240 2245
f 1422 1416 1669
f 3421 3208 3355
f 1422 1669 1670
f 1389 1386 1669
f 2144 2076 2041
f 3314 3330 3553
f 1386 1421 1669
f 3328 3572 3772
f 1421 1417 1669
f 1417 1420 1668
f 2260 2188 2242
f 1417 1668 1669
f 1414 1376 1668
f 1376 1409 1668
f 2366 2512 2510
f 1409 1411 1684
f 1409 1684 1668
f 1411 1406 1684
f 4408 4256 4415
f 1405 1476 1684
f 1476 1407 1684
f 1407 1478 1684
f 1478 1403 1684
f 1403 1667 1684
f 1602 1600 1695
f 1403 1457 1667
f 2590 3035 2819
f 1457 1399 1667
f 1399 1396 1667
f 1396 1415 1667
f 1415 1404 1667
f 1404 1398 1667
f 1398 1408 1666
f 1398 1666 1667
f 1408 1456 1666
f 3061 2754 2769
f 1456 1391 1666
f 2181 2155 2159
f 1391 1395 1666
f 1395 1458 1665
f 2585 2758 2756
f 1395 1665 1666
f 1458 1401 1665
f 1401 1459 1665
f 1459 1400 1665
f 1400 1440 1665
f 1440 1436 1665
f 1436 1679 1665
f 1436 1443 1679
f 2704 2906 2917
f 1455 1681 1679
f 1455 1393 1681
f 4197 4420 3995
f 1393 1446 1681
f 1446 1441 1681
f 2286 2287 2180
f 2284 2286 2180
f 1441 1439 1681
f 1438 1504 1680
f 1438 1680 1681
f 1504 1505 1680
f 1505 1506 1680
f 1506 1515 1680
f 1515 1437 1700
f 1515 1700 1680
f 1437 1432 1700
f 4385 4364 4368
f 3052 3049 2263
f 3463 3029 2999
f 3000 2944 3033
f 4377 4053 3998
f 1434 1447 1716
f 1434 1716 1700
f 1447 1433 1716
f 1433 1448 1716
f 1448 1445 1716
f 1428 1677 1716
f 1424 1426 1677
f 3838 3889 3891
f 1426 1676 1677
f 1485 1486 1676
f 3099 3146 3088
f 1486 1674 1676
f 1486 1418 1674
f 3955 3942 3926
f 2545 2388 2318
f 1418 1413 1694
f 1418 1694 1674
f 4539 4814 4805
f 3144 3134 3475
f 4762 4782 2248
f 1479 1696 1694
f 1527 1548 1696
f 4730 4453 4749
f 4734 4716 4904
f 1548 1468 1696
f 3055 3284 2104
f 4900 4923 4924
f 2226 2235 2237
f 1468 1673 1696
f 4901 4880 2329
f 1472 1470 1673
f 1469 1471 1673
f 1471 1474 1673
f 3850 3654 3644
f 3655 3613 3639
f 3582 3609 3599
f 1474 1483 1673
f 1483 1481 1672
f 1483 1672 1673
f 1463 1460 1672
f 5001 5023 4998
f 4448 4446 4754
f 1460 1675 1672
f 4473 4468 4474
f 1879 1871 1872
f 4218 4260 4238
f 2390 2398 2393
f 2717 2528 2526
f 2554 2577 2340
f 1475 1689 1675
f 3769 3345 3361
f 1475 1516 1689
f 3557 3555 3361
f 1516 1465 1689
f 1465 1467 1689
f 3568 3341 3331
f 1467 1453 1690
f 1467 1690 1689
f 4210 4274 4280
f 1453 1510 1690
f 1510 1514 1690
f 3320 3367 3355
f 3327 3474 3935
f 3432 3473 3547
f 2495 2338 2537
f 1514 1522 1691
f 2454 2538 2508
f 1846 1877 1875
f 1993 1772 1766
f 1523 1518 1691
f 3062 2599 2597
f 4605 4622 4232
f 4660 4659 4650
f 3477 3518 3487
f 1519 1498 1706
f 1519 1706 1691
f 3652 3476 3468
f 1495 1497 1706
f 1497 1503 1706
f 3312 3313 3413
f 1494 1496 1686
f 1494 1686 1706
f 2539 2316 2047
f 3370 3458 3350
f 3585 3545 3541
f 3556 3595 3621
f 4794 4763 4289
f 2713 2718 2715
f 1488 1491 1683
f 1488 1683 1686
f 3673 3690 3676
f 3611 3629 3906
f 2722 2549 2962
f 3188 3208 3421
f 1489 1490 1683
f 1537 1482 1683
f 1482 1708 1683
f 2602 2606 2724
f 2593 2459 2606
f 2577 2584 2047
f 1543 1493 1708
f 2554 2331 2621
f 3297 3257 3528
f 1493 1603 1708
f 1678 1707 1775
f 1603 1606 1708
f 3217 3297 3280
f 2354 2359 2551
f 2558 2437 2618
f 1606 1705 1708
f 4893 4900 4887
f 4759 4735 2482
f 1538 1617 1705
f 2251 2301 2255
f 3740 3777 3729
f 4957 4933 4725
f 1617 1612 1705
f 3747 3693 3721
f 1568 1564 1682
f 1568 1682 1705
f 3132 3108 3066
f 3973 3715 3767
f 1564 1562 1682
f 1558 1542 1682
f 4634 4640 4661
f 4486 4554 4835
f 1542 1540 1682
f 1563 1561 1682
f 1561 1697 1682
f 1593 1581 1732
f 1546 1549 1697
f 1556 1712 1697
f 2834 3277 3278
f 1569 1607 1712
f 1607 1572 1712
f 1572 1573 1712
f 1573 1508 1712
f 1508 1533 1712
f 1533 1541 1712
f 3863 4394 4388
f 1541 1544 1713
f 1541 1713 1712
f 1544 1579 1709
f 1544 1709 1713
f 1579 1711 1709
f 2959 3090 3334
f 1635 1628 1711
f 3810 3991 4013
f 1628 1577 1710
f 1577 1629 1710
f 4035 3994 4253
f 4003 4019 4000
f 1629 1513 1698
f 1629 1698 1710
f 1513 1511 1698
f 3990 3976 4425
f 1511 1525 1698
f 2865 2916 2915
f 1574 1575 1751
f 1574 1751 1698
f 1576 1535 1751
f 4202 4224 4121
f 4224 4222 4121
f 1520 1560 1751
f 1560 1554 1751
f 2085 2098 2096
f 4222 4134 4121
f 1554 1715 1751
f 1554 1547 1715
f 2585 2891 2700
f 1521 1753 1715
f 1530 1557 1753
f 2909 2756 2723
f 1557 1609 1753
f 1609 1611 1753
f 1611 1695 1753
f 1610 1608 1695
f 1608 1565 1695
f 1565 1602 1695
f 4315 4309 4549
f 1600 1752 1695
f 1605 1604 1752
f 4256 4297 4549
f 1648 1645 1752
f 1645 1652 1752
f 1652 1646 1688
f 1652 1688 1752
f 2780 2591 2609
f 1646 1651 1688
f 1651 1693 1688
f 3315 3491 3461
f 2659 2968 2962
f 1650 1618 1693
f 3538 3569 3542
f 1624 1692 1693
f 1624 1621 1692
f 2671 2670 2055
f 3648 3495 3543
f 4278 4273 4649
f 1621 1616 1692
f 1615 1625 1687
f 1615 1687 1692
f 1707 1714 1775
f 1625 1633 1687
f 1633 1620 1717
f 1633 1717 1687
f 1620 1634 1717
f 1634 1630 1717
f 1630 1622 1717
f 3790 3614 3792
f 4520 4516 4519
f 1622 1631 1722
f 1631 1702 1722
f 1631 1654 1702
f 4333 4784 4760
f 3779 3778 3822
f 1653 1640 1703
f 1653 1703 1702
f 1640 1639 1703
f 1639 1655 1704
f 4804 4498 2312
f 3249 3540 3550
f 1655 1580 1704
f 1528 1529 1704
f 1939 1954 1937
f 1529 1636 1704
f 3946 3743 3954
f 4801 4807 4708
f 1636 1578 1704
f 1578 1737 1704
f 4591 4590 4593
f 3446 3096 3244
f 1571 1584 1737
f 1583 1587 1737
f 5033 5038 5035
f 1587 1593 1737
f 1593 1732 1737
f 1581 1592 1732
f 4848 4976 4977
f 1592 1585 1740
f 3824 3782 3720
f 1597 1590 1740
f 4944 4913 2248
f 1967 1890 1962
f 3719 3730 3720
f 4773 4929 4952
f 1588 1735 1740
f 1588 1598 1735
f 4723 4629 4630
f 1598 1596 1735
f 2255 2301 2058
f 1596 1641 1735
f 1641 1642 1741
f 1641 1741 1735
f 1642 1656 1741
f 1656 1643 1741
f 1643 1644 1741
f 3762 3711 3765
f 3065 3048 3281
f 1660 1671 1741
f 3742 4029 3734
f 1662 1454 1671
f 1714 1678 1775
f 2753 2747 2169
f 4402 4069 4111
f 4151 4142 4138
f 4526 4523 4521
f 2879 3046 2739
f 4567 4316 2321
f 1991 1761 1760
f 2653 2652 2802
f 2181 2081 2149
f 3195 2596 2779
f 4609 4601 4545
f 2658 2659 2962
f 2731 2463 2367
f 2939 2941 2607
f 2008 1868 1807
f 3305 3969 3932
f 4330 4283 4293
f 2574 2497 2183
f 2575 2685 2497
f 3615 3605 3789
f 2057 2064 2066
f 2442 2432 2444
f 3829 3774 3361
f 4355 4335 4293
f 2594 3035 2590
f 2739 2882 3135
f 2181 2106 2178
f 2727 2937 2819
f 2721 3040 2768
f 2853 2924 2169
f 4217 3960 3964
f 2837 3002 2830
f 3810 4022 4323
f 4014 4013 3978
f 2944 3034 3033
f 3105 3076 2281
f 3103 3104 3475
f 3005 3009 2977
f 1897 1922 1915
f 2992 2979 2969
f 3009 2943 2977
f 4703 4695 4698
f 3096 3089 2271
f 3703 3748 4024
f 4918 4907 4927
f 3127 3252 3597
f 3254 3241 3128
f 4079 3875 3885
f 4957 4735 4759
f 4728 4704 4656
f 3113 3095 3093
f 2234 2352 2353
f 3952 3956 4170
f 2402 2238 2208
f 2314 2499 2315
f 3270 3185 2087
f 4173 3809 3807
f 2124 2121 2126
f 2141 2184 2119
f 3334 3090 2830
f 1810 1809 1811
f 3102 3106 3060
f 4424 4422 4414
f 2916 2706 2099
f 3163 2862 2133
f 4413 4416 4138
f 1750 1888 1790
f 4675 4672 4713
f 1790 1888 1822
f 3816 3787 3782
f 4930 4828 4924
f 2621 2331 2632
f 4380 4459 4693
f 1750 1790 1743
f 1743 1790 1822
f 2082 2077 2037
f 1750 1743 1745
f 2069 2137 2211
f 1745 1743 1822
f 2399 2296 2192
f 1745 1822 1748
f 4333 4758 4480
f 3220 3429 3528
f 1889 1880 1870
f 4476 4461 4754
f 1728 1745 1739
f 1728 1750 1745
f 4475 4462 4724
f 1739 1745 1748
f 1728 1739 1738
f 3346 3349 3355
f 4788 4278 4314
f 4258 4214 4228
f 1728 1738 1756
f 1756 1738 1748
f 1841 1728 1756
f 1756 1748 1736
f 1755 1756 1736
f 1801 1802 1805
f 4296 4231 4239
f 2782 2778 2836
f 2368 2358 2505
f 1841 1755 1701
f 1701 1755 1736
f 4544 4558 4371
f 1841 1701 1762
f 1762 1701 1736
f 4125 4112 4101
f 1837 1762 1838
f 1837 1841 1762
f 1838 1762 1736
f 1838 1736 1845
f 4137 4165 3995
f 1837 1838 1842
f 1842 1838 1845
f 2344 2394 2391
f 2907 2821 2929
f 1837 1842 1843
f 1843 1842 1845
f 1823 1843 1832
f 1823 1837 1843
f 1832 1843 1845
f 1823 1832 1830
f 1830 1832 1845
f 1830 1845 1833
f 1823 1830 1863
f 1863 1830 1833
f 1823 1863 1865
f 1865 1863 1833
f 1925 1823 1865
f 4173 3883 3893
f 1826 1833 1824
f 3917 4153 3959
f 4813 4840 4842
f 1925 1826 1924
f 1924 1826 1824
f 1776 1925 1789
f 1776 1789 1777
f 2336 2525 2523
f 3265 3409 3271
f 1776 1777 1778
f 1778 1777 1824
f 1778 1824 1773
f 2468 2746 2500
f 3677 3398 3469
f 1776 1778 1780
f 1780 1778 1773
f 1936 2008 1932
f 3939 3892 3637
f 2541 2557 2536
f 4271 4299 2424
f 3574 3583 3541
f 1768 1776 1780
f 1768 1780 1782
f 1782 1780 1773
f 3774 3769 3361
f 1846 1882 1893
f 2654 2936 2933
f 1768 1782 1758
f 1758 1782 1773
f 4227 4603 4415
f 1768 1758 1726
f 1726 1758 1773
f 1791 1768 1726
f 1791 1726 1724
f 3062 2832 2560
f 2071 2170 2177
f 1791 1724 1723
f 1723 1724 1773
f 1961 1721 1757
f 1723 1773 1797
f 1791 1723 1887
f 1887 1723 1797
f 1875 1791 1887
f 1875 1887 1885
f 1885 1887 1797
f 4543 4553 4613
f 1875 1885 1886
f 1886 1885 1797
f 2638 2956 2934
f 3332 3575 3520
f 3480 3467 2209
f 1886 1797 1872
f 1875 1886 1871
f 1871 1886 1872
f 1912 1871 1879
f 1912 1875 1871
f 1879 1872 1878
f 3660 3602 3643
f 1912 1879 1873
f 1873 1879 1878
f 4729 4455 4710
f 4705 4453 4730
f 1912 1873 1923
f 1923 1873 1878
f 2522 2518 2474
f 4864 4867 2396
f 3899 3746 3718
f 1912 1923 1942
f 2088 2308 2307
f 4770 4761 4743
f 4745 4747 4737
f 4859 4860 2396
f 2522 2509 2516
f 1923 1878 1921
f 1907 1912 1942
f 1907 1942 1943
f 1943 1942 1921
f 1907 1943 1905
f 1905 1943 1921
f 1821 1907 1905
f 1821 1905 1901
f 3137 3142 3380
f 2834 3278 3006
f 1821 1901 1818
f 1818 1901 1921
f 1821 1818 1812
f 2973 2986 2263
f 1812 1818 1921
f 3037 3034 2944
f 1821 1812 1809
f 1809 1812 1921
f 1809 1921 1811
f 1821 1809 1810
f 2901 3023 2849
f 1916 1821 1810
f 1916 1810 1920
f 1920 1810 1811
f 1916 1920 1917
f 1917 1920 1811
f 3202 2892 2921
f 1916 1917 1919
f 1919 1917 1811
f 1919 1811 1794
f 2414 2272 2422
f 1801 1916 1919
f 1801 1919 1795
f 1795 1919 1794
f 4398 4379 4371
f 4322 4342 4353
f 2787 2588 2587
f 1801 1795 1765
f 1765 1795 1794
f 1765 1794 1769
f 2181 2148 2142
f 1801 1765 1802
f 1802 1765 1769
f 2366 2362 2361
f 1805 1802 1769
f 1820 1801 1805
f 4296 4662 4666
f 1820 1805 1869
f 1869 1805 1769
f 1820 1869 1908
f 1908 1869 1769
f 1851 1731 1852
f 3652 3664 3904
f 1820 1908 1817
f 2670 2475 2055
f 1817 1908 1769
f 3507 3709 3692
f 1817 1769 1866
f 2484 2488 2440
f 2575 2501 2493
f 1983 1820 1817
f 1983 1817 1911
f 1911 1817 1866
f 3189 3267 3253
f 4771 4503 4485
f 2082 2168 2174
f 1906 1911 1866
f 1906 1866 1913
f 2554 4883 2330
f 1983 1906 1978
f 3823 3762 3732
f 1978 1906 1913
f 1896 1861 1922
f 1953 1983 1978
f 1897 1914 1892
f 1945 1978 1913
f 4843 4838 4849
f 3581 3134 3144
f 1953 1945 1952
f 1952 1945 1913
f 1953 1952 1949
f 1949 1952 1913
f 3874 3872 3959
f 2234 2386 2373
f 1953 1949 1963
f 1963 1949 1913
f 1953 1963 1958
f 1958 1963 1913
f 1927 1950 1930
f 1958 1913 1966
f 1967 1958 1960
f 1967 1953 1958
f 1967 1960 1890
f 1890 1960 1966
f 1962 1890 1966
f 1750 1967 1888
f 1967 1962 1888
f 1888 1966 1822
f 1936 1937 1849
f 1937 1742 1849
f 1849 1742 1746
f 3255 3065 3281
f 3534 3539 3287
f 1989 1786 1783
f 4361 4471 4459
f 1936 1849 1792
f 1849 1746 1749
f 3279 3244 2271
f 1792 1749 1747
f 4030 3819 4042
f 2442 2490 2357
f 4500 4501 4363
f 1792 1747 1733
f 1792 1733 1851
f 4756 4744 2477
f 1936 1792 1851
f 1851 1733 1744
f 3525 3204 3396
f 1851 1744 1731
f 1936 1851 1852
f 1852 1731 1734
f 3933 3932 3935
f 3489 3359 3373
f 4788 4314 4307
f 3305 3933 3449
f 3201 3369 3383
f 1852 1734 1730
f 1936 1852 1847
f 4435 4287 4644
f 1852 1730 1847
f 3371 3545 3585
f 3621 3595 2302
f 2682 2451 2963
f 2581 2976 2583
f 1847 1730 1729
f 1847 1729 1855
f 1936 1847 1855
f 1855 1729 1725
f 4568 4663 4618
f 1855 1727 1856
f 1936 1855 1856
f 1856 1727 1754
f 3045 2869 2819
f 1856 1754 1718
f 1856 1718 1854
f 1936 1856 1854
f 4304 4566 4585
f 1854 1718 1699
f 4304 4544 4566
f 2266 2310 2267
f 1854 1699 1839
f 2795 2796 2793
f 1854 1839 1859
f 1936 1854 1859
f 1859 1839 1844
f 2414 2422 2427
f 2414 2427 2423
f 1859 1844 1840
f 1859 1840 1899
f 1936 1859 1899
f 1899 1840 1835
f 1899 1835 1836
f 4165 4148 3995
f 1899 1836 1834
f 1936 1899 1853
f 3958 3964 4016
f 1899 1834 1853
f 1853 1834 1831
f 3964 3960 4016
f 4033 3981 3992
f 1853 1831 1827
f 1853 1827 1898
f 1936 1853 1898
f 1898 1827 1828
f 4394 4338 2113
f 1898 1828 1829
f 4327 4384 4374
f 1936 1898 1984
f 1898 1829 1984
f 2374 2426 2429
f 1984 1829 1825
f 1984 1825 1862
f 1984 1862 1938
f 1936 1984 1938
f 1938 1862 1788
f 1927 1956 1955
f 1938 1788 1784
f 1938 1784 1980
f 1936 1938 1980
f 1980 1784 1787
f 4843 4491 4817
f 1980 1785 1979
f 4634 4582 4599
f 1936 1980 1979
f 3713 3697 4024
f 3946 3780 3743
f 1979 1785 1779
f 3736 3734 4024
f 1979 1779 1786
f 3742 4034 4029
f 1979 1786 1989
f 1936 1979 1989
f 3771 3815 3720
f 1989 1783 1774
f 1989 1774 1982
f 1936 1989 1982
f 3650 4047 4064
f 1982 1774 1781
f 1982 1781 1771
f 1982 1771 1987
f 1936 1982 1987
f 3578 3610 3906
f 1987 1771 1767
f 4333 4483 4454
f 1987 1767 1770
f 1987 1770 1993
f 1993 1770 1772
f 3422 3323 3552
f 3798 4171 4177
f 2731 2659 2658
f 1936 1993 1964
f 3512 3513 2209
f 1993 1766 1964
f 1964 1766 1763
f 4659 4628 2462
f 1964 1763 1761
f 1964 1761 1991
f 1936 1964 1991
f 4666 4662 4615
f 1991 1760 1720
f 1990 1719 1721
f 1990 1721 1961
f 2177 2170 2138
f 4223 4221 2472
f 2568 2677 2635
f 1961 1757 1891
f 1891 1757 1883
f 2950 2827 2833
f 1891 1883 1876
f 2649 2861 2645
f 1936 1891 1846
f 1846 1875 1882
f 3798 3479 3478
f 1936 1846 1893
f 1893 1882 1881
f 4328 4383 4366
f 1936 1893 1889
f 1893 1880 1889
f 2057 2219 2276
f 2337 2737 2515
f 3459 3497 3435
f 1936 1889 1896
f 2530 4924 2537
f 1896 1864 1874
f 2442 2356 2359
f 3534 3261 3539
f 1936 1896 1897
f 1896 1922 1897
f 3309 3310 3225
f 1897 1915 1914
f 3400 3130 3118
f 1936 1897 1892
f 1892 1914 1904
f 1892 1904 1860
f 3173 3403 3093
f 1892 1860 1941
f 1936 1892 1941
f 1936 1941 1900
f 1941 1858 1900
f 1900 1858 1816
f 3511 3027 2991
f 1900 1816 1814
f 1936 1900 1894
f 4075 4058 4065
f 1900 1814 1894
f 2811 3008 3011
f 1894 1814 1819
f 1894 1819 1806
f 1894 1806 1895
f 1895 1806 1867
f 1895 1867 1800
f 1895 1800 2004
f 1936 1895 2004
f 2901 2852 3023
f 3086 2841 2897
f 2004 1800 1799
f 2004 1799 1803
f 3202 2881 2895
f 4216 4225 3995
f 1936 2004 2005
f 2004 1803 2005
f 3202 3159 3169
f 2005 1803 1850
f 1936 2005 2006
f 2005 1850 2006
f 1936 2006 2001
f 2006 1850 1798
f 2006 1798 2001
f 2001 1798 1793
f 2001 1793 1884
f 2001 1884 2002
f 1936 2001 2002
f 2002 1884 1796
f 2911 2741 2739
f 2002 1796 2000
f 1936 2002 2000
f 2000 1796 1759
f 4304 4585 4310
f 2000 1759 1764
f 2000 1764 2009
f 1936 2000 2009
f 2009 1764 1813
f 1936 2009 1970
f 2009 1804 1970
f 1970 1804 1808
f 4568 4618 4603
f 4275 4641 4608
f 2763 2760 2033
f 1970 1808 1868
f 1970 1868 2008
f 3800 3557 3591
f 1936 1970 2008
f 2731 2658 2683
f 3188 3367 3320
f 4267 4270 2424
f 2008 1807 1910
f 4788 4307 4344
f 3932 3969 3630
f 2144 2042 2143
f 2541 2536 2528
f 4457 4347 4289
f 2008 1910 1815
f 2454 2686 2529
f 2008 1815 1932
f 3604 3667 3662
f 1932 1815 1902
f 3837 3638 2430
f 4939 2817 2816
f 2531 2544 2183
f 1932 1903 2010
f 2441 4947 2450
f 1936 1932 2010
f 4877 2644 2628
f 2010 1903 1909
f 4886 4901 2329
f 4718 4717 2605
f 2010 1909 1944
f 2010 1944 1988
f 1936 2010 1988
f 3586 3579 3128
f 1988 1944 1981
f 2502 2556 2318
f 1936 1988 1931
f 1988 1981 1946
f 1988 1946 1931
f 3183 2946 2938
f 3099 3088 3082
f 1931 1946 1947
f 1936 1931 1927
f 1931 1947 1956
f 1931 1956 1927
f 3221 3151 3122
f 1927 1955 1950
f 3117 3258 3145
f 1936 1927 1930
f 1930 1950 1957
f 4178 3916 3856
f 1936 1930 1933
f 1930 1957 1933
f 3915 3916 4178
f 1933 1957 1959
f 1933 1959 1948
f 1933 1948 1940
f 1940 1948 1951
f 3895 3884 3880
f 1936 1940 1934
f 3886 4163 3912
f 1940 1951 1934
f 3893 3883 3869
f 1936 1934 1935
f 3210 3171 2945
f 1934 1951 1848
f 1935 1848 1918
f 1935 1918 1939
f 1936 1935 1939
f 1939 1918 1928
f 4591 4844 4590
f 1939 1928 1954
f 4968 4822 4818
f 1936 1939 1937
f 4575 4635 4811
f 1937 1954 1742
f 3763 3731 2187
f 2402 2229 2226
f 4542 4595 2369
f 3400 3087 3085
f 3376 3085 3093
f 4173 3873 4168
f 3956 3905 4170
f 3099 3161 3153
f 3946 3945 3943
f 1926 2029 1968
f 3174 3137 3380
f 2029 2028 1968
f 1926 1968 1974
f 1926 1974 1975
f 3849 4141 4139
f 2023 1926 1975
f 4163 4156 3912
f 3172 3054 3122
f 3121 3125 3225
f 4780 4766 4917
f 2014 2023 1975
f 2356 2355 2359
f 2014 1975 1977
f 2903 2579 2724
f 2013 2014 2015
f 3188 3346 3405
f 2014 1977 2015
f 3796 3335 3337
f 2228 2158 2231
f 4553 4612 4613
f 4291 4638 4569
f 2013 2015 2018
f 2013 2018 2017
f 4526 4510 4514
f 3152 2948 2949
f 2011 2013 2017
f 2011 2017 1973
f 2011 1973 1986
f 2030 2011 1986
f 2374 2429 2425
f 2030 1986 1971
f 3685 3887 3882
f 2350 2377 2372
f 3739 3962 3966
f 1976 2030 1971
f 4491 4496 4796
f 4843 4826 4838
f 1976 1971 1972
f 3730 3926 3720
f 3777 3761 3729
f 2049 1976 1972
f 4922 4898 2183
f 2442 2483 2490
f 2049 1972 1969
f 3259 3254 3260
f 3435 3497 3260
f 4798 4790 4289
f 4054 3646 3610
f 3354 3390 3411
f 2042 2072 2043
f 4220 4280 4281
f 2375 2381 2486
f 3444 3447 3461
f 4473 4235 4246
f 5016 5018 5021
f 1998 2049 1969
f 1998 1969 2022
f 2160 2161 2157
f 1998 2022 1996
f 2665 2859 2905
f 4272 4543 4269
f 2026 1998 1996
f 2026 1996 2021
f 3438 3674 3902
f 3305 3932 3933
f 2020 2026 2021
f 3305 3449 3442
f 2466 2469 2461
f 2020 2021 2024
f 3682 3640 3633
f 3667 3658 3691
f 3650 3617 3661
f 3704 3622 3631
f 3426 3663 2430
f 4472 4748 4461
f 2057 2134 2064
f 3626 3615 3789
f 3264 3269 3285
f 4695 4681 4685
f 3140 3606 3310
f 2020 2024 1994
f 2032 2020 1994
f 2494 2492 2555
f 4152 3697 3713
f 4610 4614 4836
f 4496 4793 4796
f 2032 1994 2019
f 2025 2032 2019
f 2025 2019 2016
f 2812 2811 3011
f 2971 2973 2263
f 3803 4039 4253
f 2025 2016 1995
f 4033 3987 3981
f 2027 2025 1995
f 2027 1995 1999
f 2799 2777 2570
f 2027 1999 1997
f 3195 2689 2935
f 2181 2046 2045
f 2050 2027 1997
f 4911 4982 4945
f 2050 1997 2012
f 2654 2589 2592
f 3532 3533 3902
f 2050 2012 2031
f 3432 3498 3473
f 3449 3933 3935
f 3188 3332 3389
f 2036 2050 2031
f 2491 2542 2626
f 2686 2688 2684
f 4507 4511 4495
f 4925 2496 2614
f 3285 3269 3396
f 2483 2354 2551
f 2029 2036 2028
f 2036 2031 2028
f 4538 4738 4742
f 4672 4690 4713
f 3946 3731 3763
f 2325 2216 2206
f 3448 3076 3105
f 3915 3937 3919
f 2348 2350 2372
f 4168 3873 3869
f 3898 3909 2376
f 4844 4833 4811
f 2089 2088 2307
f 2246 2208 2235
f 4777 4722 4951
f 3289 3307 3128
f 4018 4040 4041
f 3823 4037 4051
f 3446 3244 3279
f 3502 4177 3902
f 4246 4235 2424
f 2958 2981 2033
f 3482 3566 3531
f 4568 4592 4428
f 2778 3050 2080
f 4104 4318 4316
f 4367 4102 4092
f 3061 3150 3149
f 4075 4021 4039
f 2431 2370 2123
f 2964 3455 2197
f 3888 3901 2205
f 2953 3084 3122
f 3708 3695 4155
f 3544 3593 2292
f 4723 4704 4728
f 4866 4690 4672
f 4698 4695 4685
f 3618 3073 3067
f 4777 4919 4914
f 2336 4887 4910
f 3214 3530 3243
f 4086 3720 3805
f 4925 2752 2615
f 3931 3669 3701
f 3481 3442 3935
f 3432 3317 3698
f 3401 3402 2302
f 2666 2669 2609
f 4275 4639 4641
f 2665 2617 2624
f 4190 4623 4580
f 2449 2634 2655
f 3494 3482 3531
f 4206 4193 2424
f 2493 2439 2061
f 3354 3379 3386
f 4210 4448 4305
f 3458 3430 3470
f 3179 3198 3419
f 3216 3194 3396
f 2251 2063 2256
f 4893 4949 4948
f 3762 3723 3725
f 4186 4855 4624
f 4149 4158 4155
f 3989 3948 3767
f 4614 4853 4836
f 3457 3083 3093
f 3864 3846 3856
f 3817 4089 4088
f 3056 2834 2839
f 4074 4063 2090
f 4075 3803 4395
f 4043 3993 4386
f 4023 4045 2090
f 3037 2850 2848
f 3037 2829 2850
f 3979 4411 3972
f 2898 2907 2870
f 2085 2129 2102
f 2710 3237 2054
f 4101 4112 4557
f 2726 2753 2952
f 3152 2701 2948
f 4277 4223 4236
f 4663 4428 4415
f 2161 2182 2138
f 3798 3502 3503
f 3931 3679 3669
f 4774 4795 4802
f 2038 2037 2147
f 3660 3860 4086
f 3823 3766 3764
f 4692 4712 4713
f 3931 3650 3661
f 2066 2064 2211
f 3188 3421 3191
f 3684 3683 3591
f 2625 2792 2660
f 2775 2790 2641
f 3232 2587 2757
f 2894 2862 3163
f 1965 1929 2079
f 1929 2034 2079
f 4341 4306 3978
f 3099 3424 3452
f 3114 3112 2281
f 1929 2007 2034
f 3079 3080 3141
f 4793 4902 4796
f 4837 4829 2480
f 3310 3606 3225
f 3655 3738 3814
f 2522 2476 2473
f 3534 3272 3274
f 2007 2003 2034
f 4772 4479 4470
f 3850 3638 3837
f 4333 4533 4784
f 2593 2458 2459
f 4472 4753 4748
f 3499 3647 3470
f 2139 2143 2043
f 4446 4476 4754
f 2003 1373 2034
f 2586 2718 2713
f 2003 1992 1373
f 4435 4644 4642
f 1992 1985 1373
f 1985 2062 1373
f 1985 1965 2062
f 2366 2319 2324
f 3621 2302 2060
f 3201 3347 3410
f 2557 2564 2934
f 3248 3204 3525
f 3610 3646 3906
f 4218 4460 4462
f 1965 2035 2062
f 3603 4091 3805
f 3262 3184 3245
f 2615 2752 2618
f 4450 4466 4685
f 3059 3250 3128
f 3641 3619 2104
f 3727 3949 4170
f 4186 4861 4855
f 2961 3403 3173
f 3443 3445 2824
f 3424 2982 3155
f 4400 3832 3859
f 3915 3854 3846
f 1965 1375 2035
f 4075 4087 4076
f 4385 4094 4062
f 4065 4058 4392
f 4385 4360 4057
f 4195 3958 4016
f 2202 2341 2401
f 4434 4430 4365
f 2585 3239 2889
f 3205 2858 2929
f 4348 4357 4119
f 2869 2868 2819
f 2776 3064 2739
f 1998 2026 4673
f 3504 3494 3531
f 2071 2075 2074
f 2718 2675 2684
f 3410 3347 3419
f 3489 3374 3333
f 3398 3393 3423
f 2057 2228 2219
f 3217 3501 3433
f 3654 3426 2430
f 3370 3193 3407
f 3262 3245 3268
f 3757 3783 3599
f 4884 4910 4924
f 4703 4684 4678
f 4655 4657 4654
f 3466 3051 3054
f 3849 4139 3872
f 3919 3937 4170
f 3176 3158 3154
f 1965 2079 2116
f 3171 3170 2945
f 3146 3153 3380
f 3762 3898 3940
f 2210 2206 2315
f 4806 4825 2369
f 2522 2516 2514
f 3619 3628 2104
f 2168 2173 2147
f 3860 3858 3720
f 3742 4054 3806
f 3660 3776 3858
f 2174 2168 2147
f 2082 2037 2038
f 2082 2151 2077
f 2037 2077 2147
f 2082 2051 2151
f 2082 2040 2051
f 2051 2040 2043
f 3222 3681 2152
f 2151 2051 2043
f 2151 2043 2147
f 2082 2154 2040
f 2082 2150 2154
f 2154 2150 2043
f 2082 2145 2150
f 2082 2144 2139
f 2082 2139 2145
f 2640 2491 2746
f 3370 3350 3388
f 2144 2143 2139
f 2143 2042 2043
f 2528 2536 2526
f 2144 2048 2042
f 2280 2222 2231
f 2144 2044 2048
f 2048 2044 2072
f 2042 2048 2072
f 2044 2052 2072
f 2144 2071 2074
f 2076 2074 2072
f 2189 2393 2242
f 2041 2076 2072
f 2071 2086 2075
f 2075 2086 2157
f 2074 2157 2072
f 3798 3773 3808
f 3556 3338 3343
f 2071 2070 2086
f 2071 2177 2182
f 2161 2138 2157
f 2071 2179 2170
f 2170 2179 2138
f 2366 2363 2362
f 2071 2176 2179
f 2071 2181 2178
f 2071 2178 2176
f 2176 2178 2138
f 2266 2361 2358
f 2106 2175 2138
f 2178 2106 2138
f 2181 2142 2175
f 2266 2322 2309
f 2142 2148 2138
f 2175 2142 2138
f 4316 4318 2321
f 2181 2140 2148
f 2266 2317 2310
f 2140 2045 2153
f 2148 2140 2153
f 2148 2153 2138
f 2181 2149 2046
f 2046 2149 2153
f 2045 2046 2153
f 2181 2083 2081
f 2081 2083 2153
f 2149 2081 2153
f 2159 2155 2153
f 2181 2085 2084
f 4198 4097 4095
f 2181 2084 2155
f 2085 2135 2084
f 2084 2135 2127
f 2155 2127 2153
f 2085 2130 2135
f 2085 2185 2130
f 2130 2185 2127
f 2135 2130 2127
f 2085 2132 2185
f 2085 2096 2132
f 2132 2096 2127
f 2185 2132 2127
f 3957 4136 4134
f 2085 2102 2098
f 2098 2102 2293
f 2096 2098 2293
f 2096 2293 2127
f 2085 2131 2129
f 2131 2093 2129
f 2102 2129 2293
f 2892 2895 2904
f 2131 2105 2093
f 2105 2097 2293
f 2093 2105 2293
f 2131 2294 2097
f 2131 2284 2294
f 2294 2284 2180
f 2097 2294 2180
f 2097 2180 2293
f 2131 2286 2284
f 2131 2287 2286
f 2131 2297 2298
f 2131 2298 2287
f 2297 2186 2298
f 2298 2186 2180
f 4006 3985 4425
f 2287 2298 2180
f 3986 4011 3995
f 2297 2290 2186
f 2290 2291 2180
f 2186 2290 2180
f 2297 2184 2141
f 2291 2141 2119
f 2291 2119 2180
f 2297 2110 2184
f 2110 2107 2119
f 2184 2110 2119
f 2297 2212 2107
f 2297 2109 2212
f 4385 4390 4360
f 2297 2108 2109
f 2834 3019 2839
f 3004 3010 3033
f 2297 2274 2108
f 2108 2274 2091
f 2108 2091 2119
f 2109 2108 2119
f 2297 2115 2274
f 2297 2120 2111
f 2297 2111 2115
f 2115 2111 2091
f 2274 2115 2091
f 2120 2273 2275
f 2275 2273 2091
f 3838 3862 3836
f 2120 2112 2273
f 2120 2100 2112
f 2273 2112 2091
f 2120 2166 2167
f 2120 2167 2092
f 2092 2225 2091
f 3099 3142 3137
f 2100 2092 2091
f 2166 2103 2167
f 2166 2101 2103
f 2103 2101 2225
f 2167 2103 2225
f 2166 2223 2101
f 2166 2217 2223
f 2223 2217 2225
f 2166 2215 2217
f 2215 2307 2225
f 2217 2215 2225
f 2166 2214 2095
f 4158 3869 4155
f 2166 2218 2220
f 2095 2214 2307
f 3946 3954 3963
f 4770 4847 4830
f 2218 2304 2220
f 2304 2249 2307
f 2220 2304 2307
f 4574 4583 4581
f 2218 2089 2249
f 3946 3763 3780
f 4634 4688 4582
f 2249 2089 2307
f 2218 2308 2088
f 3742 3736 3752
f 2308 2254 2307
f 2218 2305 2254
f 2218 2251 2255
f 4538 4728 4733
f 2305 2255 2058
f 2254 2305 2058
f 2254 2058 2307
f 2251 2256 2301
f 2301 2256 2058
f 3660 3771 3776
f 2256 2063 2058
f 2525 4884 4924
f 2251 2065 2068
f 2251 2057 2067
f 2496 2615 2618
f 2068 2065 2058
f 2057 2165 2067
f 2057 2069 2165
f 2165 2069 2211
f 2067 2211 2058
f 2057 2137 2069
f 2057 2136 2137
f 2137 2136 2211
f 2136 2066 2211
f 4383 4490 4809
f 2219 2228 2231
f 2057 2277 2158
f 2517 2553 2061
f 2276 2231 2211
f 2057 2158 2228
f 2158 2277 2231
f 2536 2934 2526
f 2057 2282 2280
f 2057 2280 2277
f 2543 2465 2470
f 5009 5021 5025
f 2282 2227 2278
f 2278 2227 2262
f 2278 2262 2231
f 2282 2279 2227
f 4307 4314 4649
f 2282 2283 2279
f 2279 2283 2262
f 2227 2279 2262
f 3467 3493 2209
f 3508 3559 3476
f 2282 2264 2283
f 2282 2258 2264
f 2264 2258 2262
f 2283 2264 2262
f 2250 2252 2262
f 3572 3799 3772
f 2258 2250 2262
f 2282 2053 2252
f 3314 3516 3799
f 2282 2162 2053
f 2252 2242 2262
f 2976 2975 2607
f 2282 2056 2164
f 3509 3444 3461
f 3648 3543 3683
f 2282 2164 2162
f 2056 2253 2164
f 2162 2164 2242
f 2056 2163 2253
f 2541 2648 2663
f 2056 2241 2188
f 2188 2241 2242
f 2056 2196 2241
f 2056 2194 2191
f 2056 2191 2196
f 4546 4188 4204
f 2241 2196 2242
f 3533 3438 3902
f 2194 2243 2189
f 2189 2243 2393
f 4258 4245 4247
f 2194 2245 2243
f 3687 3684 3591
f 4333 4324 4331
f 2245 2240 2393
f 2243 2245 2393
f 2194 2244 2240
f 3365 3333 2303
f 2194 2190 2244
f 2244 2190 2393
f 2240 2244 2393
f 2389 2390 2393
f 2194 2385 2398
f 2398 2385 2295
f 4872 4686 4862
f 2398 2295 2393
f 3489 3460 3418
f 2194 2399 2395
f 2194 2395 2385
f 3939 3600 3890
f 2399 2387 2395
f 3939 3626 3600
f 3704 3649 3622
f 2385 2395 2295
f 3890 3600 3789
f 2399 2192 2300
f 2300 2192 2295
f 2387 2300 2295
f 2399 2288 2296
f 2192 2296 2295
f 2579 2602 2724
f 3649 3643 3805
f 2399 2299 2288
f 2399 2407 2299
f 2299 2407 2230
f 4705 4520 4509
f 2288 2299 2230
f 2288 2230 2295
f 2399 2405 2406
f 4470 4479 2312
f 2403 2406 2230
f 2407 2403 2230
f 2405 2411 2406
f 2405 2408 2411
f 3655 3785 3784
f 2406 2411 2230
f 3316 3415 3311
f 2405 2404 2408
f 3655 4050 3785
f 2408 2404 2230
f 2405 2221 2224
f 2224 2237 2230
f 2405 2402 2226
f 2534 2533 2326
f 2405 2226 2232
f 2226 2229 2235
f 2232 2226 2237
f 4881 4903 2498
f 2402 2259 2233
f 4981 4980 4979
f 3963 3954 2187
f 2402 2246 2259
f 3140 3125 3121
f 2259 2246 2235
f 2402 2234 2257
f 2402 2257 2238
f 2238 2257 2235
f 2208 2238 2235
f 2234 2353 2257
f 2353 2372 2235
f 2234 2348 2352
f 3889 3930 4156
f 2234 2373 2377
f 3739 3685 3914
f 2377 2373 2372
f 2234 2374 2386
f 2374 2378 2386
f 2386 2378 2372
f 2374 2195 2378
f 2374 2431 2195
f 2195 2431 2123
f 2195 2123 2372
f 2378 2195 2372
f 2374 2425 2370
f 2370 2425 2123
f 2429 2426 2123
f 2425 2429 2123
f 2374 2371 2426
f 2374 2125 2371
f 2371 2125 2198
f 2371 2198 2123
f 2426 2371 2123
f 2374 2122 2125
f 2374 2124 2126
f 2374 2126 2122
f 2122 2126 2198
f 2125 2122 2198
f 2124 2118 2121
f 2121 2118 2198
f 2126 2121 2198
f 2285 2193 2198
f 2118 2285 2198
f 2124 2117 2193
f 2124 2201 2117
f 2117 2201 2392
f 2193 2117 2392
f 2193 2392 2198
f 2124 2202 2207
f 3288 3086 2897
f 2124 2207 2201
f 2202 2199 2207
f 2866 3042 3060
f 2207 2199 2392
f 2201 2207 2392
f 2202 2347 2199
f 2202 2342 2347
f 2347 2342 2392
f 2199 2347 2392
f 2202 2346 2342
f 2202 2343 2346
f 2346 2343 2392
f 2342 2346 2392
f 2202 2401 2343
f 4916 4955 4899
f 2401 2341 2392
f 2343 2401 2392
f 2202 2344 2391
f 2202 2391 2341
f 4202 4121 4194
f 2391 2394 2269
f 2391 2269 2392
f 2341 2391 2392
f 2344 2400 2394
f 2344 2397 2400
f 2400 2397 2269
f 2394 2400 2269
f 2344 2421 2397
f 2344 2428 2421
f 2344 2419 2428
f 2344 2414 2423
f 2344 2423 2419
f 2419 2423 2269
f 2428 2419 2269
f 2427 2422 2269
f 2423 2427 2269
f 2414 2265 2272
f 2422 2272 2313
f 2422 2313 2269
f 2414 2270 2265
f 2414 2268 2270
f 2270 2268 2313
f 2414 2266 2267
f 2414 2267 2268
f 2267 2310 2313
f 2831 2766 2793
f 3195 2779 2689
f 2266 2309 2317
f 2317 2309 2505
f 2317 2505 2313
f 2310 2317 2313
f 2594 3045 3035
f 2266 2368 2322
f 2322 2368 2505
f 2309 2322 2505
f 2266 2358 2368
f 2266 2366 2361
f 2358 2361 2505
f 4404 4329 4294
f 2364 2360 2505
f 2363 2364 2505
f 2366 2379 2506
f 2360 2506 2505
f 2510 2512 2380
f 2379 2380 2505
f 2507 2324 2380
f 2319 2382 2320
f 2320 2382 2486
f 2320 2486 2380
f 2324 2320 2380
f 2319 2375 2382
f 3306 3573 3781
f 2649 2672 2981
f 2382 2375 2486
f 2319 2448 2381
f 2319 2445 2448
f 2381 2448 2486
f 3677 3553 3318
f 2319 2433 2445
f 2319 2484 2433
f 2433 2484 2486
f 2445 2433 2486
f 2319 2488 2484
f 2319 2487 2488
f 2484 2440 2486
f 3335 3388 3413
f 2319 2442 2452
f 2487 2455 2440
f 2442 2434 2452
f 2442 2444 2434
f 2434 2489 2440
f 2432 2416 2489
f 3497 3705 3260
f 2444 2432 2489
f 2503 2801 2453
f 2442 2349 2416
f 2442 2357 2349
f 2349 2357 2489
f 2416 2349 2489
f 2357 2490 2489
f 2483 2551 2489
f 2356 2415 2355
f 2356 2478 2415
f 2356 2413 2478
f 2415 2478 2551
f 3073 3290 3225
f 4975 4920 4937
f 2356 2535 2413
f 2535 2534 2326
f 2413 2535 2326
f 2413 2326 2551
f 2356 2533 2534
f 4689 4700 4749
f 2356 2600 2540
f 4870 4850 4573
f 2356 2502 2600
f 2600 2318 2326
f 3124 3123 3122
f 3724 3722 3729
f 3126 3565 3091
f 2356 2556 2502
f 2356 2494 2555
f 2356 2555 2556
f 2556 2555 2318
f 3581 3074 3104
f 4843 4821 4826
f 2494 2545 2492
f 2555 2492 2318
f 2494 2311 2200
f 2494 2314 2311
f 2311 2314 2315
f 2200 2315 2318
f 2521 2513 2651
f 2494 2325 2504
f 2494 2504 2499
f 2499 2504 2315
f 4830 4847 4600
f 2325 2210 2213
f 2213 2210 2315
f 1926 2023 4673
f 2504 2213 2315
f 2513 2514 2651
f 2206 2520 2315
f 2325 2384 2216
f 2325 2521 2384
f 2384 2521 2520
f 2325 2514 2513
f 2521 2651 2520
f 2516 2509 2651
f 2514 2516 2651
f 2522 2471 2479
f 3782 3787 3720
f 2479 2471 2651
f 3272 3287 2292
f 2473 2476 2651
f 2522 2474 2476
f 3126 3234 3283
f 2474 2518 2147
f 2474 2147 2651
f 2476 2474 2651
f 2522 2410 2518
f 2522 2082 2174
f 2522 2174 2410
f 2410 2174 2147
f 2518 2410 2147
f 4873 4879 4883
f 4460 4380 4373
f 4925 2437 2558
f 4925 2614 2437
f 4877 2629 2644
f 2644 2629 2724
f 2628 2644 2724
f 2639 2646 2329
f 2345 2639 2329
f 4939 2548 2552
f 4939 2550 2548
f 2548 2550 2183
f 2552 2548 2183
f 3850 3855 3844
f 3768 3844 2204
f 3753 3745 4042
f 4044 3813 3778
f 4777 2345 4880
f 2503 2446 2441
f 2503 2438 2446
f 2446 2438 4947
f 2336 2523 2530
f 3804 3820 2417
f 3823 3764 3820
f 3790 3745 3753
f 2530 2523 4924
f 2554 2330 2323
f 2323 2330 2632
f 5038 4996 4997
f 2614 2496 2618
f 4877 2327 2631
f 2631 2327 2724
f 2629 2631 2724
f 3855 3826 2204
f 2640 2328 2646
f 2640 2333 2328
f 2328 2333 2329
f 3264 3285 3230
f 2550 2531 2183
f 3190 3271 3415
f 2036 2029 4673
f 2524 2441 2450
f 4498 4470 2312
f 2527 2524 2450
f 2336 2530 2339
f 2339 2530 2537
f 2554 2621 2627
f 2627 2621 2632
f 2627 2632 2047
f 3292 3242 2271
f 3459 3259 3206
f 4925 2750 2752
f 2752 2750 2618
f 4877 2903 2327
f 4877 2593 2579
f 2640 2857 2846
f 2846 2857 2500
f 2333 2846 2500
f 2333 2500 2329
f 2816 2817 2183
f 2544 2816 2183
f 4472 4503 4771
f 2503 2808 2801
f 4993 4862 4996
f 2503 2527 2808
f 2801 2808 2450
f 2337 2336 2335
f 2789 2335 2537
f 2798 2789 2537
f 2554 2584 2577
f 2554 2627 2584
f 4925 2563 2750
f 3681 3672 2152
f 4925 2578 2563
f 2563 2578 2618
f 2750 2563 2618
f 3416 3423 3415
f 2593 2602 2579
f 3794 3792 3789
f 2593 2606 2602
f 3212 3407 3470
f 2640 2598 2857
f 3650 3612 3617
f 2640 2603 2598
f 4939 2575 2574
f 4533 4518 2312
f 3217 3429 3220
f 2817 2574 2183
f 3617 3612 2289
f 3623 3607 3632
f 2454 2503 2453
f 2443 2453 2450
f 2611 2798 2537
f 2613 2611 2537
f 2554 2340 2334
f 2773 2334 2047
f 3636 3639 3642
f 2340 2577 2047
f 2334 2340 2047
f 4925 2696 2578
f 2640 2657 2603
f 4925 2695 2696
f 2696 2695 2526
f 2696 2526 2618
f 2606 2459 2724
f 2640 2468 2657
f 2657 2468 2500
f 2603 2657 2500
f 2575 2694 2685
f 2685 2061 2183
f 3527 3525 3396
f 2688 2450 2684
f 3622 3649 3805
f 2337 2613 2732
f 2732 2613 2537
f 2737 2732 2537
f 2554 2334 2773
f 2316 2773 2047
f 3397 3420 3228
f 4925 2541 2547
f 2547 2717 2526
f 3350 3458 3470
f 2695 2547 2526
f 2593 2731 2722
f 2730 2722 2724
f 2458 2730 2724
f 2694 2519 2061
f 2640 2746 2468
f 4764 4477 4464
f 2746 2626 2500
f 3204 3419 3396
f 4986 4985 4934
f 2575 2519 2694
f 2575 2517 2519
f 4492 4493 4321
f 2519 2517 2061
f 2529 2686 2684
f 3931 3661 3659
f 2466 2337 2515
f 3682 3678 3680
f 2515 2737 2537
f 2338 2515 2537
f 2719 2554 2539
f 2554 2316 2539
f 2539 2047 2055
f 2722 2962 2724
f 3248 3201 3179
f 2731 2549 2722
f 2731 2367 2549
f 2549 2367 2962
f 2640 2543 2542
f 4305 4448 4754
f 2640 2542 2491
f 2543 2532 2542
f 4449 4271 2477
f 2542 2532 2626
f 2575 2553 2517
f 2575 2493 2553
f 3798 3939 3936
f 2508 2538 2684
f 2485 2495 2537
f 2485 2537 2607
f 3507 3682 3709
f 2719 2546 2630
f 3379 3384 3378
f 2475 2630 2055
f 3405 3346 3355
f 2536 2557 2934
f 2463 2464 2962
f 2367 2463 2962
f 2543 2470 2532
f 4347 4344 4289
f 4351 4354 4809
f 2501 2436 2439
f 3648 3689 3645
f 2466 2485 2469
f 2469 2485 2607
f 2719 2670 2671
f 2719 2475 2670
f 2541 2664 2564
f 2541 2663 2664
f 3507 3444 3509
f 3683 3543 3591
f 2664 2663 2934
f 2731 2681 2464
f 2731 2683 2681
f 2681 2683 2962
f 4288 4219 4321
f 2543 2676 2465
f 2543 2682 2680
f 2543 2680 2676
f 2465 2676 2626
f 2501 2654 2467
f 2501 2467 2436
f 2467 2650 2061
f 3666 3699 3922
f 2586 2454 2675
f 2718 2684 2715
f 2581 2692 2687
f 2581 2466 2461
f 3432 3696 3714
f 2581 2461 2692
f 2692 2461 2607
f 2687 2692 2607
f 4660 4298 4265
f 2719 2671 2673
f 2673 2671 2055
f 2672 2673 2055
f 2672 2055 2033
f 3798 3533 3532
f 3556 3621 3558
f 2541 2638 2648
f 2648 2638 2934
f 2663 2648 2934
f 2731 2665 2659
f 3798 3532 3479
f 2682 2674 2680
f 2680 2655 2626
f 3493 3492 2209
f 2654 2633 2650
f 2654 2636 2633
f 2633 2636 2061
f 3508 3529 3566
f 2050 2036 4673
f 2586 2955 2954
f 2586 2713 2955
f 2955 2713 2715
f 2954 2955 2715
f 2941 2687 2607
f 2649 2981 2958
f 2649 2719 2672
f 3594 3523 3521
f 3490 3828 3555
f 2541 2950 2956
f 2541 2956 2638
f 2956 2957 2609
f 2956 2609 2934
f 4291 4563 4562
f 2980 2963 2655
f 2667 2980 2655
f 2636 2933 2061
f 3580 3594 3521
f 3791 3829 3828
f 4473 4193 4206
f 2586 2738 2735
f 2586 2954 2738
f 2735 2738 2715
f 3490 3555 3557
f 3577 3795 3513
f 2581 2939 2975
f 2760 2958 2033
f 3305 3474 3327
f 4435 4642 4438
f 2771 2581 2583
f 2950 2669 2666
f 2957 2666 2609
f 2665 2435 2966
f 4473 4190 4189
f 2966 2435 2802
f 2966 2802 2962
f 4983 4942 4961
f 2682 2449 2451
f 2963 2451 2655
f 2592 2589 2094
f 2936 2592 2094
f 2936 2094 2061
f 3062 2586 2599
f 2586 2735 2599
f 2599 2735 2715
f 2771 2583 2580
f 2583 2976 2607
f 2580 2583 2607
f 2649 2763 2612
f 2612 2763 2033
f 2610 2612 2033
f 2791 2780 2609
f 2669 2791 2609
f 5033 4983 4953
f 2624 2617 2802
f 2654 2642 2589
f 2642 2643 2094
f 2589 2642 2094
f 2835 2715 2641
f 2637 2607 2635
f 2861 2033 2059
f 2950 2833 2780
f 2827 2838 2833
f 2665 2905 2617
f 2665 2860 2859
f 2905 2859 2802
f 2656 2662 2655
f 2654 2625 2619
f 2643 2619 2094
f 3062 2560 2561
f 2771 2679 2677
f 2649 2645 2647
f 2860 2652 2653
f 2662 3081 2655
f 2625 2608 2622
f 2625 2660 2608
f 4236 4223 2472
f 2622 2608 2094
f 3062 2668 2661
f 3062 2561 2668
f 2771 2568 2572
f 2771 2677 2568
f 4190 4564 4570
f 2572 2568 2635
f 2842 2649 2647
f 2601 2647 2059
f 2604 2601 2059
f 2827 2784 2595
f 2860 2804 2573
f 2573 2804 2802
f 2652 2573 2802
f 2682 2567 2582
f 2582 2571 3081
f 2457 2582 3081
f 2625 2782 2786
f 4606 4408 4415
f 3062 2790 2775
f 3062 2661 2790
f 2775 2641 2768
f 2594 2771 2759
f 2594 2759 2770
f 2770 2759 2635
f 2842 2807 2616
f 2842 2604 2807
f 2616 2807 2059
f 2616 2059 2146
f 2827 2788 2784
f 2827 2776 2788
f 2788 2776 2739
f 2784 2788 2739
f 2784 2739 2591
f 2860 2739 2851
f 2868 2770 2635
f 2860 2851 2804
f 2851 2797 2802
f 2804 2851 2802
f 4404 4294 4290
f 2567 2805 2571
f 2567 2800 2805
f 2782 2836 2786
f 2836 2778 2094
f 3062 2767 2765
f 3062 2775 2767
f 2767 2775 2768
f 2765 2767 2768
f 2594 2770 2868
f 2868 2635 2819
f 2842 2785 2783
f 2842 2616 2785
f 2785 2616 2146
f 2783 2785 2146
f 4248 4561 4309
f 2827 3064 2776
f 2827 3063 3064
f 2739 3110 2797
f 3110 3101 2570
f 2797 3110 2570
f 2797 2570 2802
f 2567 3078 2800
f 2567 3077 3078
f 3078 3077 3081
f 2800 3078 3081
f 4343 4340 4302
f 2782 3050 2778
f 3050 3053 2080
f 2778 2080 2094
f 3152 3062 2996
f 4404 4521 4362
f 3152 2996 3075
f 2594 2869 3045
f 4404 4362 4329
f 3062 2765 2996
f 2996 2765 2768
f 3075 2996 2768
f 3035 3045 2819
f 2787 2842 3136
f 2842 2783 3136
f 3136 2783 2146
f 2825 3136 2146
f 2827 3061 3046
f 2827 3046 2879
f 3063 2879 2739
f 2739 3135 3101
f 3135 2882 2570
f 2567 2909 2886
f 2909 2831 2886
f 2886 2831 2793
f 3077 2886 2793
f 3077 2793 3081
f 2782 2844 3053
f 2844 3030 2080
f 3152 2874 3040
f 3152 3075 2874
f 2874 3075 2768
f 3040 2874 2768
f 2594 2590 2596
f 2787 2825 2576
f 2576 2825 2146
f 2569 2576 2146
f 3046 2911 2739
f 3061 2911 3046
f 3061 2741 2911
f 2739 2761 2764
f 2882 2764 2570
f 2909 2766 2831
f 4537 4376 4119
f 2909 2751 2766
f 2782 2726 2703
f 2782 2703 3030
f 2703 2705 2080
f 3030 2703 2080
f 4304 4558 4544
f 2027 2050 4673
f 4513 4527 4524
f 3152 2721 2701
f 3152 3040 2721
f 2721 2768 2720
f 2701 2721 2720
f 3195 2594 2596
f 2779 2596 2819
f 2689 2779 2819
f 2787 2745 2748
f 2787 2569 2745
f 2745 2569 2146
f 2748 2745 2146
f 2748 2146 2039
f 4322 4512 4356
f 3061 2919 2741
f 3061 2769 2919
f 2919 2769 2794
f 2741 2794 2739
f 2739 2736 2733
f 2739 2733 2761
f 4526 4332 4499
f 2733 2799 2570
f 2761 2733 2570
f 2909 2796 2795
f 2751 2795 2793
f 2726 2755 2705
f 4304 4379 4398
f 2726 2952 2755
f 2755 2952 2169
f 2755 2169 2080
f 2705 2755 2080
f 4304 4398 4504
f 2948 2701 2720
f 2949 2948 2720
f 3195 2935 2937
f 2937 2935 2819
f 2787 2748 2588
f 2588 2748 2039
f 2587 2588 2039
f 4104 4401 4098
f 4379 4402 4111
f 3061 2774 2754
f 2769 2754 2794
f 2736 2777 2799
f 2909 2723 2725
f 2725 2723 2910
f 2725 2910 2793
f 2796 2725 2793
f 2726 2747 2753
f 2952 2753 2169
f 3177 2762 2749
f 3177 3152 2949
f 3177 2949 2762
f 2762 2949 2720
f 2749 2762 2720
f 3195 2727 2729
f 3195 2937 2727
f 2729 2727 2819
f 3232 2757 2772
f 3232 2787 2587
f 2772 2757 2039
f 2772 2039 2054
f 3061 2803 2774
f 3061 2806 2803
f 2803 2806 2794
f 2736 2565 2781
f 2565 2566 2570
f 2781 2565 2570
f 2909 2585 2756
f 2723 2756 2910
f 2726 2744 2728
f 2728 2742 2169
f 4072 4082 4111
f 2747 2728 2169
f 3177 2743 2740
f 2743 2749 2720
f 2740 2743 2720
f 3195 2926 2918
f 3195 2729 2926
f 2926 2729 2819
f 2926 2819 2931
f 2918 2926 2931
f 3232 2772 2693
f 2693 2772 2054
f 2716 2693 2054
f 4180 4142 4151
f 3061 2927 2806
f 2927 2914 3160
f 2806 2927 3160
f 2806 3160 2794
f 2736 2709 2566
f 2736 2697 2709
f 2709 2697 2917
f 2566 2709 2917
f 4184 4113 4115
f 2566 2917 2570
f 2585 2690 2758
f 2585 2700 2690
f 2758 2690 2910
f 2744 2853 2742
f 2742 2853 2169
f 4198 4110 4154
f 3177 2856 2858
f 3177 2740 2856
f 2856 2720 2929
f 2858 2856 2929
f 3195 2918 2702
f 2702 2918 2931
f 2699 2702 2931
f 3232 2698 2932
f 3232 2716 2698
f 4082 4085 4111
f 2698 2716 2054
f 3061 3149 2914
f 3149 3150 3160
f 2914 3149 3160
f 2736 2923 2922
f 2736 2922 2697
f 2923 2930 2922
f 2922 2930 2917
f 2697 2922 2917
f 4125 4127 4126
f 2585 2889 2891
f 2891 2889 2900
f 2891 2900 2910
f 2700 2891 2910
f 2744 2894 2884
f 2894 2893 2884
f 2924 2133 2169
f 4135 4122 2261
f 3177 3205 3207
f 3207 3205 2929
f 2896 3195 3196
f 2896 3196 3197
f 3195 2699 3196
f 3196 2699 2931
f 3197 3196 2931
f 3232 3236 3237
f 3232 2932 3236
f 3237 3236 2054
f 3165 3162 2931
f 3061 3202 3169
f 3061 3169 3150
f 3169 3159 3160
f 3150 3169 3160
f 2923 3226 2930
f 3226 3231 2917
f 2930 3226 2917
f 3239 3240 2900
f 2889 3239 2900
f 2894 3164 2893
f 2894 3163 3164
f 3164 3163 2133
f 2893 3164 2133
f 2898 3166 3129
f 2898 3177 3207
f 2898 3207 3166
f 3129 3166 2929
f 2896 3162 3165
f 2896 3197 3162
f 3162 3197 2931
f 2912 2710 2734
f 2912 3232 3237
f 4160 4175 4138
f 2912 3237 2710
f 2734 2710 2054
f 2734 2054 2099
f 4080 4212 4147
f 3202 2921 3159
f 2921 2892 2904
f 3159 2921 2904
f 3159 2904 3160
f 4033 4180 4183
f 2691 2704 2917
f 2878 3165 2931
f 2585 2959 2711
f 2585 2711 3240
f 2959 2712 2711
f 2711 2712 2900
f 3240 2711 2900
f 2894 2854 2862
f 2862 2854 2133
f 2898 2845 2821
f 2898 3129 2845
f 2845 3129 2929
f 2821 2845 2929
f 4427 4199 2261
f 2896 2878 2847
f 2896 3165 2878
f 2912 2908 2714
f 2912 2734 2908
f 2908 2734 2099
f 2898 2821 2907
f 5033 4916 4785
f 3957 4200 4191
f 2706 2707 2099
f 3202 2895 2892
f 2895 2881 2904
f 2923 2906 2704
f 2923 2708 2920
f 2923 2920 2906
f 2906 2920 2818
f 2906 2818 2917
f 2912 2714 2707
f 2959 2913 2712
f 2959 2902 2913
f 2913 2902 2900
f 2712 2913 2900
f 2894 2873 2880
f 2880 2873 2133
f 2854 2880 2133
f 2025 2027 4673
f 2907 2929 2887
f 2870 2907 2887
f 2896 2847 2888
f 2888 2847 2931
f 2912 2707 2706
f 3202 2899 2881
f 3202 2901 2883
f 3202 2883 2899
f 2865 2912 2916
f 2881 2899 2904
f 2708 2925 2920
f 2708 2928 2925
f 2925 2928 2818
f 2920 2925 2818
f 2959 3106 3102
f 2902 3060 2900
f 2894 3041 3044
f 2894 3044 2873
f 3041 3043 3044
f 3044 3043 2171
f 2873 3044 2171
f 2873 2171 2133
f 3037 2898 3025
f 2898 2870 3025
f 2829 3025 2887
f 3300 2896 2890
f 3300 2890 2815
f 2815 2890 2931
f 2815 2931 2897
f 2813 2815 2897
f 2916 2099 2306
f 2849 3023 3329
f 2883 2849 3329
f 2883 3329 2904
f 2708 2867 2928
f 2867 2871 2818
f 2928 2867 2818
f 2959 2872 3106
f 3041 2814 3043
f 2814 2855 2171
f 3043 2814 2171
f 2850 2829 2887
f 2848 2850 2887
f 3300 2840 2841
f 3300 2813 2840
f 2840 2813 2897
f 2865 2876 2877
f 2865 2915 2876
f 2876 2915 2306
f 2877 2876 2306
f 2852 2875 3329
f 4011 4032 3995
f 3023 2852 3329
f 4060 3990 3985
f 2708 3058 2871
f 4424 4010 4007
f 2708 2885 3068
f 2708 3068 3058
f 2871 3058 2818
f 2959 3042 2866
f 2959 3069 3042
f 3042 3069 3060
f 3041 3291 2855
f 4003 4000 3960
f 3041 3298 3291
f 3291 3298 2171
f 2855 3291 2171
f 3282 2848 2887
f 3282 2887 3111
f 3100 3282 3111
f 3300 3086 3288
f 3941 3953 4194
f 3300 2841 3086
f 2865 3131 3072
f 2865 2877 3131
f 3072 3131 2306
f 2901 3251 2875
f 2875 3251 3329
f 2885 3362 3348
f 3348 3362 2818
f 3068 3348 2818
f 2959 3363 3069
f 2959 3334 3363
f 4013 3991 3978
f 3069 3363 3060
f 3991 3971 3978
f 3041 3324 3298
f 3041 3302 3296
f 3041 3296 3324
f 3324 3296 2171
f 3298 3324 2171
f 4381 3988 4002
f 3037 3295 3293
f 3037 3100 3295
f 3295 3100 3111
f 3293 3295 3111
f 3026 3300 3339
f 3026 3339 3299
f 3300 3288 3339
f 3339 3288 2897
f 3299 3339 2897
f 2865 3356 3351
f 2865 3072 3356
f 3356 3072 2306
f 3351 2306 2156
f 2901 3016 3326
f 3016 3020 2977
f 3326 3016 2977
f 3326 2977 3329
f 2885 2822 3362
f 2822 2823 2818
f 3362 2822 2818
f 2959 3056 3090
f 3090 3092 2830
f 3334 2830 3060
f 3302 3049 3052
f 3052 2263 2171
f 3296 3052 2171
f 3037 2967 2970
f 2967 3293 3111
f 2970 2967 3111
f 4381 4005 4020
f 3026 3013 2828
f 3013 2897 2824
f 2828 3013 2824
f 3511 2865 2820
f 3511 2820 2864
f 2865 3351 2820
f 2820 3351 2156
f 2864 2820 2156
f 2901 3031 3020
f 2901 3018 3031
f 3031 3018 2977
f 4323 4022 3978
f 3020 3031 2977
f 2885 2843 2823
f 2823 2843 3011
f 2823 3011 2818
f 3056 2837 3092
f 3056 3002 2837
f 3092 2837 2830
f 3302 3012 3049
f 3302 3014 3012
f 3049 3012 2263
f 3037 2970 3036
f 3036 2970 3111
f 3036 3111 3033
f 4015 4008 4386
f 3026 3022 3015
f 3026 2828 3022
f 3022 2828 2824
f 3511 2809 2810
f 3511 2864 2809
f 2809 2864 2156
f 2810 2809 2156
f 2901 2978 3018
f 2978 2993 2977
f 3018 2978 2977
f 2885 2812 3032
f 2885 3024 2811
f 3032 2812 3011
f 3056 3017 3002
f 3056 2839 3017
f 3002 3017 2830
f 4306 4323 3978
f 3302 2971 3014
f 3302 2973 2971
f 4381 4338 4394
f 3424 3037 2944
f 3424 2944 3000
f 3463 3026 3029
f 3026 3015 3029
f 3029 3015 2824
f 2999 3029 2824
f 3511 2826 3021
f 2826 2810 2156
f 3021 2826 2156
f 2901 3007 3003
f 2901 3003 2993
f 3007 2940 3003
f 3003 2940 2977
f 3024 3008 2811
f 3024 3028 3008
f 3008 3028 3011
f 3019 3039 3199
f 2839 3199 2830
f 4385 4375 4390
f 3302 2992 2986
f 2992 2983 2986
f 2986 2983 2263
f 3424 3010 3004
f 3424 3000 3010
f 3010 3000 3033
f 3463 2999 2989
f 2989 2999 2824
f 3511 3001 3027
f 3511 3021 3001
f 3001 3021 2156
f 3001 2156 2087
f 3027 3001 2087
f 3007 3005 2940
f 3007 3009 3005
f 2940 3005 2977
f 3024 2997 3028
f 2997 3038 3011
f 3845 3807 4350
f 3028 2997 3011
f 2834 2994 2984
f 2984 2994 3199
f 2992 2988 2983
f 2992 2969 2988
f 2988 2969 2263
f 2983 2988 2263
f 3424 3004 2982
f 2982 3004 3033
f 3463 2987 2951
f 2951 2987 2824
f 2960 2951 2824
f 3511 2991 2998
f 2991 3027 2087
f 2998 2991 2087
f 2995 2945 3011
f 3007 2943 3009
f 3007 2961 2974
f 2943 3431 2977
f 3024 2985 3038
f 2985 2995 3011
f 2990 3006 3199
f 2994 2990 3199
f 3838 3836 3825
f 2979 2964 2263
f 2969 2979 2263
f 3424 2972 2965
f 3424 3155 2972
f 2972 3155 3033
f 2972 3033 3380
f 3463 3394 3399
f 3463 2960 3394
f 3399 3394 2824
f 3851 3827 4350
f 3511 3203 3200
f 3511 2998 3203
f 3203 2998 2087
f 2961 3404 3377
f 2974 3377 3431
f 3024 3181 2995
f 3024 3183 3187
f 3181 3187 2945
f 2834 3466 3277
f 3879 3841 4350
f 3176 3463 3445
f 3006 3278 3199
f 2992 3448 3455
f 2992 3455 2964
f 2964 2197 2263
f 3895 3853 3878
f 2032 2025 4673
f 3454 2965 3380
f 3452 3454 3380
f 3176 3445 3443
f 3445 3399 2824
f 3443 2824 3475
f 3117 3511 3186
f 3511 3200 3186
f 3186 3200 2087
f 2961 3457 3456
f 3404 3456 3431
f 3466 3224 3277
f 3224 3221 3199
f 3277 3224 3199
f 3448 3178 3182
f 3453 3182 2197
f 3176 3138 3158
f 2961 3083 3457
f 3457 3093 3431
f 3889 3886 3891
f 3183 3210 3209
f 3451 3209 2945
f 3221 3122 3199
f 3872 4139 3959
f 3099 3174 3161
f 3176 3154 3115
f 3115 3154 3475
f 2942 3145 2087
f 2942 2087 2172
f 3120 3119 2172
f 2961 3400 3403
f 3943 3945 2205
f 3466 3157 3148
f 3466 2953 3157
f 3448 3105 3143
f 3105 2281 2197
f 3581 3115 3133
f 3134 3133 3475
f 3119 2942 2172
f 3400 3085 3376
f 3183 2938 3170
f 2938 2946 2945
f 3170 2938 2945
f 3466 3172 3084
f 3084 3172 3122
f 3448 3132 3114
f 3132 3112 3114
f 3076 3114 2281
f 2020 2032 4673
f 3088 3146 3380
f 3082 3088 3141
f 3581 3144 3167
f 3167 3144 3475
f 3375 3175 2947
f 3375 3117 3120
f 3375 3120 3175
f 2947 3175 2172
f 3980 3951 3959
f 3762 3961 4174
f 3400 3113 3087
f 3400 3095 3113
f 3183 3140 3147
f 3183 3147 2946
f 3099 3082 3080
f 3140 3168 3147
f 3147 3168 3225
f 4954 4820 4797
f 2946 3225 2945
f 5033 5035 5037
f 3466 3054 3172
f 3057 3070 2281
f 3099 3080 3079
f 3581 3071 3074
f 4539 4832 4827
f 3581 3167 3071
f 3071 3167 3475
f 3074 3071 3475
f 4813 4841 4851
f 3375 3109 3107
f 3375 2947 3109
f 3109 2947 2172
f 3107 3109 2172
f 4791 4936 4779
f 4841 4572 4616
f 3400 3118 3095
f 3400 3126 3130
f 3118 3130 3311
f 3095 3311 3093
f 3168 3121 3225
f 3466 3127 3124
f 3725 3723 2418
f 4486 4806 4812
f 3466 3124 3051
f 3051 3124 3122
f 4630 4629 4656
f 3132 3066 3070
f 3066 3108 2281
f 3702 4155 3721
f 3099 3097 3098
f 3099 3079 3097
f 3097 3079 3141
f 4848 4819 4810
f 3098 3097 3141
f 3103 3475 3128
f 4652 4658 4680
f 3375 3156 3116
f 3375 3107 3156
f 3116 3156 2172
f 3126 3094 3130
f 3126 3091 3094
f 3130 3094 3311
f 4651 4587 4597
f 3140 3310 3309
f 3127 3321 3123
f 3127 3548 3321
f 3321 3548 3281
f 3123 3321 3281
f 3123 3281 3122
f 3132 3534 3536
f 3534 3544 3536
f 3536 3544 2292
f 3108 3536 2292
f 3108 2292 2281
f 4770 4992 4761
f 3256 3535 3561
f 3256 3099 3098
f 3256 3098 3535
f 3561 3535 3141
f 3214 3581 3579
f 3214 3579 3586
f 3581 3103 3579
f 3375 3628 3619
f 3375 3116 3628
f 3628 2172 2104
f 3091 3565 3311
f 4767 4759 2480
f 4957 4725 4735
f 3140 3618 3549
f 3140 3549 3606
f 3759 3788 3720
f 3127 3554 3548
f 3127 3597 3554
f 3548 3554 3281
f 4890 4706 4714
f 4903 4905 2498
f 3534 3593 3544
f 3534 3584 3593
f 3593 3584 2292
f 4777 4711 4731
f 4905 4714 2498
f 3256 3561 3551
f 3551 3561 3141
f 3551 3141 3550
f 4711 4709 4902
f 3546 3551 3550
f 3214 3308 3307
f 3214 3586 3308
f 3308 3586 3128
f 3446 3375 3641
f 3126 3304 3590
f 3126 3316 3304
f 4707 4885 4904
f 3067 3073 3225
f 3549 3067 3225
f 3127 3255 3252
f 4725 4933 2482
f 3597 3252 3281
f 4923 4930 4924
f 3534 3274 3584
f 3755 3733 3822
f 3584 3274 2292
f 3797 3802 3756
f 3256 3286 3227
f 3256 3546 3286
f 3286 3546 3550
f 4037 3728 2409
f 4868 4858 4573
f 3250 3289 3128
f 4918 4745 4941
f 4957 4939 4926
f 4691 4865 4683
f 3446 3284 3055
f 3055 2104 2271
f 3126 3223 3316
f 3756 3802 2187
f 3223 3283 3415
f 3316 3223 3415
f 3618 3290 3073
f 3618 3047 3290
f 3290 3047 3225
f 3127 3065 3255
f 3734 4029 4024
f 3127 3048 3065
f 5011 5013 4984
f 3534 3287 3272
f 3287 3539 2292
f 4051 4037 2409
f 3256 3517 3540
f 4885 4889 4876
f 3256 3227 3517
f 3517 3227 3550
f 3214 3250 3059
f 3530 3059 3128
f 3446 3055 3089
f 4487 4450 4685
f 3126 3265 3301
f 3234 3301 3415
f 3283 3234 3415
f 3618 3264 3263
f 3264 3230 3263
f 3263 3396 3225
f 3127 3215 3048
f 3127 3217 3280
f 3215 3280 3281
f 3254 3128 3260
f 3048 3215 3281
f 5007 5005 4986
f 3534 3262 3261
f 3262 3294 3261
f 3261 3294 2128
f 4044 3778 3779
f 3539 3261 2128
f 4697 4442 2481
f 3539 2128 2292
f 3564 3768 2204
f 3256 3249 3233
f 3233 3249 3550
f 3214 3243 3241
f 3243 3530 3128
f 4361 4459 4380
f 3265 3271 3190
f 3217 3257 3297
f 3280 3297 3528
f 3280 3528 3281
f 3459 3241 3254
f 3262 3268 3294
f 3370 3247 3267
f 3370 3256 3233
f 3247 3233 3550
f 3247 3550 3253
f 3267 3247 3253
f 3459 3214 3241
f 4047 3804 2417
f 3446 3242 3292
f 3242 3279 2271
f 3409 3416 3415
f 3264 3216 3269
f 3217 3275 3257
f 3184 3218 2128
f 3245 3184 2128
f 3370 3189 3193
f 3370 3267 3189
f 3193 3189 3253
f 3459 3206 3180
f 3206 3259 3260
f 4465 4467 4463
f 3180 3206 3260
f 3446 3211 3213
f 3211 3292 2271
f 3213 3211 2271
f 3265 3238 3416
f 3265 3235 3238
f 3416 3238 3423
f 3264 3248 3273
f 3264 3273 3276
f 3276 3273 3396
f 3194 3276 3396
f 3217 3266 3246
f 3266 3220 3528
f 3246 3266 3528
f 3262 3229 3218
f 3262 3222 3229
f 3229 3222 2128
f 4472 4502 4503
f 2026 2020 4673
f 4764 4757 4769
f 3370 3407 3212
f 3407 3193 3253
f 3407 3253 3470
f 3446 3213 3735
f 3735 3213 2271
f 3462 3735 2271
f 3434 3437 3630
f 3265 3686 3235
f 3265 3665 3686
f 3686 3665 3423
f 3248 3465 3273
f 3248 3464 3465
f 3262 3668 3681
f 3668 3672 3681
f 3222 2152 2128
f 3370 3647 3499
f 3647 3212 3470
f 3459 3435 3688
f 4465 4744 4756
f 3397 3441 3440
f 3397 3446 3462
f 3441 2271 2073
f 3440 3441 2073
f 4218 4475 4447
f 3265 3677 3469
f 3265 3469 3471
f 3665 3471 3423
f 3248 3525 3527
f 3433 3501 3528
f 3668 3489 3488
f 3668 3488 3514
f 3370 3499 3430
f 4461 4748 4754
f 3459 3391 3390
f 3459 3688 3391
f 3391 3688 3260
f 3640 3636 3642
f 3390 3391 3260
f 4799 4481 4289
f 3677 3393 3398
f 3469 3398 3423
f 3248 3179 3204
f 3217 3188 3191
f 3406 3191 3355
f 3500 3355 3528
f 3488 3418 2152
f 3939 3938 3936
f 3388 3470 3413
f 3913 3653 3691
f 3354 3411 3192
f 3354 3459 3390
f 3411 3390 3260
f 3192 3411 3260
f 3397 3228 3219
f 3228 3420 2073
f 3219 3228 2073
f 3796 3370 3335
f 3677 3382 3393
f 3393 3382 3423
f 3201 3198 3179
f 3201 3410 3198
f 4473 4299 4271
f 3191 3421 3355
f 3365 2303 2152
f 3337 3335 3413
f 3354 3384 3379
f 3677 3325 3323
f 3354 3192 3384
f 3384 3260 3378
f 3397 3412 3417
f 3412 3219 2073
f 3417 3412 2073
f 3422 3552 3423
f 3201 3395 3347
f 3188 3405 3208
f 4477 4349 4321
f 3677 3318 3387
f 4660 4312 4298
f 3208 3405 3355
f 3374 3373 2303
f 3333 3374 2303
f 3568 3401 3589
f 3352 3337 3413
f 3381 3352 3413
f 3368 3386 3378
f 3568 3397 3414
f 3568 3414 3408
f 3397 3417 3414
f 3414 3417 2073
f 3408 3414 2073
f 3366 3387 3552
f 3325 3366 3552
f 3201 3385 3395
f 4473 4270 4267
f 3201 3383 3385
f 3385 3383 3419
f 3395 3385 3419
f 3188 3349 3346
f 3349 3320 3355
f 3489 3306 3360
f 3798 3438 3533
f 3332 3506 3491
f 3495 3537 3591
f 3489 3360 3359
f 3313 3381 3413
f 3354 3353 3358
f 3353 3368 3378
f 3432 3750 3425
f 3568 3408 3341
f 3331 2073 2302
f 3793 3486 3935
f 3677 3314 3553
f 4234 4238 4232
f 3387 3318 3552
f 3201 3371 3372
f 3760 3758 3364
f 3369 3372 3541
f 3383 3541 3419
f 4171 3936 3911
f 3367 3389 3521
f 3508 3505 3522
f 3367 3521 3355
f 3306 3340 3360
f 3340 3344 2303
f 3360 3340 2303
f 3796 3322 3342
f 3796 3312 3322
f 3322 3312 3413
f 3342 3413 3364
f 3791 3354 3358
f 3791 3358 3357
f 3357 3378 3361
f 3345 3357 3361
f 3568 3402 3401
f 3402 3331 2302
f 3553 3330 3552
f 3506 3509 3461
f 3477 3467 3480
f 3371 3571 3372
f 3571 3574 3541
f 3372 3571 3541
f 3389 3587 3521
f 3306 3781 3344
f 3781 3573 2303
f 3344 3781 2303
f 2049 1998 4673
f 3508 3796 3758
f 3796 3342 3758
f 3490 3519 3472
f 3791 3769 3774
f 3791 3345 3769
f 3545 3542 3935
f 3556 3568 3589
f 3447 3921 3427
f 3314 3572 3328
f 3328 3772 3552
f 3577 3526 3524
f 3558 3621 2060
f 3371 3585 3583
f 3595 3592 2302
f 3583 3585 3541
f 3556 3592 3595
f 3332 3594 3580
f 3828 3829 3361
f 3808 3773 3772
f 3801 3580 3521
f 3516 3515 3772
f 3306 3577 3563
f 3306 3563 3576
f 3770 3775 3364
f 3576 3563 2303
f 3508 3775 3770
f 3573 3576 2303
f 4435 4328 4320
f 3791 3774 3829
f 3314 3515 3516
f 3371 3538 3542
f 3371 3542 3545
f 3545 3935 3541
f 3332 3523 3594
f 3555 3828 3361
f 3332 3520 3523
f 3523 3520 3461
f 3523 3461 3521
f 3577 3513 3512
f 3563 3512 2209
f 3508 3770 3529
f 3563 2209 2303
f 3303 3327 3935
f 3566 3529 3364
f 3566 3364 3531
f 3490 3791 3828
f 3696 3698 2236
f 3557 3361 3591
f 3314 3798 3808
f 3314 3808 3515
f 3515 3808 3772
f 3538 3793 3569
f 3569 3793 3935
f 3542 3569 3935
f 3332 3588 3575
f 3508 3482 3494
f 3670 3531 3922
f 3575 3588 3461
f 3520 3575 3461
f 3577 3510 3795
f 3795 3510 2209
f 3513 3795 2209
f 3508 3566 3482
f 3490 3800 3831
f 3490 3557 3800
f 3556 3558 3338
f 3338 3558 2060
f 4228 4214 4219
f 3343 3338 2060
f 3798 3478 3773
f 3478 3479 3902
f 3773 3902 3772
f 3538 3486 3793
f 3538 3485 3486
f 3486 3485 3935
f 3588 3484 3461
f 3510 3524 2209
f 3508 3504 3505
f 3508 3494 3504
f 3505 3504 3531
f 3496 3831 3591
f 3519 3496 3591
f 3432 3556 3560
f 4226 4209 4232
f 3556 3343 3560
f 3479 3532 3902
f 3538 3305 3327
f 3538 3327 3303
f 3332 3491 3315
f 3577 3477 3480
f 3490 3472 3537
f 3537 3472 3591
f 3498 3319 2060
f 3473 3498 2060
f 4254 4594 4649
f 3798 3674 3438
f 3507 3509 3506
f 3305 3481 3474
f 3474 3481 3935
f 3332 3507 3506
f 3491 3506 3461
f 3490 3537 3495
f 3477 3492 3493
f 3652 3508 3476
f 3476 3559 3531
f 3648 3490 3495
f 3432 3547 3317
f 3547 3473 2060
f 3547 2060 2236
f 3317 3547 2236
f 3305 3442 3481
f 3698 3317 2236
f 3442 3449 3935
f 3487 3518 2203
f 3432 3698 3696
f 3492 3487 2203
f 3652 3468 3670
f 3492 2203 2209
f 3652 3670 3671
f 3648 3683 3684
f 3798 4177 3502
f 4177 3911 3902
f 3507 3921 3447
f 3507 3692 3921
f 3921 3692 3427
f 3447 3427 3461
f 3477 3931 3929
f 3477 3929 3518
f 3929 3928 2203
f 3518 3929 2203
f 3652 3710 3699
f 3689 3687 3691
f 3652 3671 3710
f 3648 3687 3689
f 3648 3684 3687
f 3687 3591 3691
f 3798 3936 4171
f 3936 3938 3911
f 3305 3704 3974
f 3932 3630 3935
f 3682 3707 3709
f 3709 3707 3427
f 3692 3709 3427
f 3931 3700 3928
f 3700 3701 2203
f 3664 3666 3922
f 3635 3648 3645
f 3635 3645 3653
f 3645 3689 3691
f 3653 3645 3691
f 3425 3750 2236
f 3428 3425 2236
f 3634 3637 3911
f 3704 3675 3974
f 3704 3656 3675
f 3682 3439 3707
f 3682 3436 3439
f 4333 4454 4458
f 3439 3642 3427
f 3669 2289 2203
f 3701 3669 2203
f 3904 3664 3922
f 3900 3904 3922
f 4257 4443 4724
f 3900 3922 3906
f 3635 3653 3913
f 3918 3913 3691
f 4481 4457 4289
f 3673 3706 3690
f 3673 3432 3428
f 3673 3428 3706
f 3690 3706 2236
f 3939 3890 3892
f 3892 3890 3789
f 3892 3789 3911
f 3637 3892 3911
f 3704 3434 3656
f 5033 4986 4983
f 3656 3434 3630
f 3682 3680 3436
f 3680 3678 3642
f 3679 3625 2289
f 4328 4490 4383
f 3652 3900 3629
f 3629 3900 3906
f 3635 3651 3616
f 3651 3918 3691
f 3616 3651 3691
f 3676 3690 2236
f 3657 2236 2430
f 4054 3652 3646
f 3704 3631 3437
f 3663 3657 2430
f 3678 3633 3642
f 3635 3616 3658
f 3667 3691 3662
f 3673 3663 3426
f 3639 3613 3833
f 3939 3615 3626
f 3704 3660 3643
f 3622 3805 3630
f 3682 3655 3636
f 3682 3636 3640
f 3655 3639 3636
f 3661 3617 2289
f 3562 3906 3599
f 3623 3635 3667
f 3850 3673 3426
f 3850 3426 3654
f 3939 3790 3794
f 3605 3794 3789
f 3602 3603 3805
f 3639 3833 3642
f 3612 2417 2289
f 4333 4760 4758
f 4460 4740 4765
f 4054 3609 3582
f 3623 3632 3601
f 3632 3607 3662
f 3601 3632 3662
f 3850 3627 3638
f 3850 3644 3627
f 4790 4775 4289
f 4044 3623 3601
f 4333 4772 4533
f 3614 3598 4042
f 4515 4804 2312
f 3792 4042 3789
f 3655 4083 4084
f 3620 4084 3833
f 3650 4064 3608
f 4064 4047 2417
f 3608 4064 2417
f 4048 4399 3599
f 4044 3818 4052
f 4044 3601 3818
f 3818 3601 3662
f 4052 3818 3662
f 3850 3837 3826
f 3826 2430 2204
f 3790 4030 3598
f 3790 3819 4030
f 3655 3830 3848
f 3844 3855 2204
f 3660 3858 3860
f 3650 3823 3804
f 3650 3804 4047
f 4469 4391 4495
f 4391 4393 4495
f 3742 3806 3821
f 3783 3821 3599
f 4054 4048 3806
f 4044 3834 3813
f 3834 3662 3822
f 3813 3834 3822
f 2023 2014 4673
f 4456 4451 2605
f 3819 3753 4042
f 3776 3771 3720
f 3764 3766 2409
f 3858 3776 3720
f 3820 3764 2417
f 3742 3821 3783
f 3830 3729 3833
f 3764 2409 2417
f 3742 3783 3757
f 3797 3850 3844
f 3790 4018 4041
f 4041 4040 3721
f 4873 4891 4875
f 4041 3721 4042
f 3660 3816 3815
f 3816 3824 3815
f 3655 3814 4050
f 4050 3814 3729
f 4918 4940 4912
f 3823 4051 3766
f 1976 2049 4673
f 3742 3757 4034
f 4034 3757 3599
f 4807 4488 4708
f 4939 2552 4898
f 4029 4034 3599
f 4029 3599 4024
f 4044 4038 4046
f 4046 4038 3822
f 3797 3570 3802
f 3797 3564 3570
f 3570 3564 2204
f 3570 2204 2187
f 4866 4692 4690
f 4777 4709 4711
f 4018 3716 4040
f 4018 3717 3716
f 3716 3717 3721
f 4040 3716 3721
f 3816 3782 3824
f 3655 3744 3738
f 3744 3740 3738
f 3738 3740 3729
f 3823 3732 3728
f 3742 3734 3736
f 3899 4044 4046
f 3899 4046 3733
f 3733 4046 3822
f 3786 3756 2187
f 3737 3747 3721
f 3717 3737 3721
f 4932 4885 4707
f 3816 3788 3759
f 3744 3761 3777
f 3762 3741 3732
f 4991 4780 4917
f 3732 3741 2409
f 4152 3742 3752
f 4152 3752 3748
f 3752 3736 4024
f 3726 3755 3822
f 3726 3822 3767
f 3946 3797 3731
f 4018 3693 3747
f 4018 3702 3693
f 3816 3739 3730
f 3788 3719 3720
f 4869 4646 4581
f 3744 3724 3761
f 3761 3724 3729
f 4994 4767 2480
f 3762 3694 3711
f 3711 3694 2418
f 4770 4965 4973
f 3765 2418 2409
f 4747 4743 4737
f 4152 3703 3697
f 3718 3746 3767
f 3715 3718 3767
f 5030 5031 5006
f 3780 3763 2187
f 3743 3780 2187
f 4770 4973 4989
f 4827 4832 4811
f 4018 3695 3708
f 4664 4181 4647
f 3694 3725 2418
f 3702 3708 4155
f 3739 3751 3749
f 3749 3751 3926
f 4846 4839 2480
f 3744 3727 3754
f 4598 4607 2369
f 3754 3727 4170
f 3754 4170 3729
f 3722 3754 3729
f 2030 1976 4673
f 4992 4989 4818
f 4205 4440 4656
f 4152 3713 3712
f 3713 4024 3959
f 3712 3713 3959
f 4648 4577 4584
f 3954 3743 2187
f 5033 5037 5030
f 4018 4149 3695
f 3695 4149 4155
f 4186 4633 4667
f 3739 3955 3751
f 3751 3955 3926
f 3762 4176 3723
f 4539 4787 4497
f 3762 4174 4176
f 4176 4174 2418
f 3723 4176 2418
f 4152 3951 3980
f 4152 3712 3951
f 3951 3712 3959
f 4929 4762 2248
f 4186 4846 4861
f 3899 3948 3989
f 3899 3967 3948
f 3948 3967 3767
f 3946 3968 3977
f 4654 4657 4836
f 3946 3963 3968
f 3968 3963 2187
f 4831 4969 4808
f 3977 3968 2187
f 3977 2187 2205
f 4813 4851 4840
f 4018 4167 4158
f 4018 4173 4168
f 4018 4168 4167
f 4167 4168 3869
f 3744 3956 3952
f 3961 3940 2376
f 3961 2376 2418
f 4174 3961 2418
f 3889 3908 3930
f 3849 4152 4153
f 3889 3899 3908
f 3908 3989 3767
f 3908 3767 3912
f 4173 3893 3873
f 3873 3893 3869
f 3739 3934 3923
f 3923 3934 3926
f 3744 3915 3919
f 3905 3919 4170
f 3762 3895 3898
f 3895 3909 3898
f 4141 3917 3959
f 3889 4156 4163
f 3946 3925 3945
f 3739 3927 3934
f 3934 3903 3926
f 3937 4178 3856
f 3937 3856 4170
f 3895 3880 3909
f 3880 3884 2376
f 3849 3872 3874
f 3889 4163 3886
f 4079 3946 3943
f 4079 3943 3907
f 3910 3907 2205
f 4173 3857 3896
f 3857 3879 3869
f 3896 3857 3869
f 3914 3894 3903
f 3916 3920 3856
f 3867 3878 2376
f 3852 3959 3859
f 3871 3852 3859
f 3838 3876 3877
f 3877 3876 3912
f 4079 3901 3888
f 3901 3910 2205
f 4173 3851 3841
f 3841 3851 4350
f 3879 4350 3869
f 3685 3882 3881
f 3881 3882 3903
f 3897 3881 3903
f 3915 3864 3866
f 3866 3864 3856
f 3920 3866 3856
f 3895 3863 3861
f 3853 3861 2113
f 3853 2113 2376
f 3878 3853 2376
f 3849 3842 3835
f 3835 3842 3859
f 3838 3847 3862
f 3847 3877 3912
f 3885 2205 2420
f 4173 3845 3827
f 3827 3845 4350
f 3685 3865 3887
f 3887 3865 4392
f 3882 4392 3903
f 3846 3854 3856
f 3863 3843 3861
f 3863 3840 3843
f 3843 3840 2113
f 3861 3843 2113
f 4327 3811 3832
f 4327 3849 3835
f 3811 3835 3859
f 3836 3862 3912
f 3836 3912 3839
f 4978 4882 4981
f 3825 3836 3839
f 4079 3868 3870
f 4079 3885 3868
f 3868 3885 2420
f 4173 3807 3845
f 4173 3810 3809
f 3807 3809 4350
f 3685 4075 4076
f 4094 3825 3839
f 3685 4076 3865
f 4076 4087 4392
f 3865 4076 4392
f 3915 4099 3854
f 3854 4099 4372
f 3854 4372 3856
f 3863 4077 4073
f 3840 4073 2113
f 4327 3832 4400
f 4385 3838 3825
f 4062 4094 3839
f 4079 4090 4118
f 4079 3870 4090
f 4090 3870 2420
f 4118 4090 2420
f 3810 4341 4056
f 4056 4341 4350
f 3809 4056 4350
f 3915 4396 4071
f 3915 4060 4396
f 4060 4061 4396
f 4396 4061 4372
f 4071 4396 4372
f 3863 4381 4394
f 4388 4394 2113
f 4077 4388 2113
f 4327 4068 4384
f 4384 3859 4386
f 4385 4062 4375
f 4390 3839 4070
f 3817 4079 4089
f 4079 4118 4089
f 4088 4089 2420
f 3810 4306 4341
f 3810 4323 4306
f 4341 3978 4350
f 4075 4395 4059
f 4059 4395 4392
f 4058 4059 4392
f 4060 4369 4061
f 4060 4377 4369
f 4369 4377 4372
f 4061 4369 4372
f 4381 4352 4338
f 4338 4352 2113
f 4956 4995 4928
f 4327 4326 4336
f 4327 4374 4326
f 4326 4374 4386
f 4336 4326 4386
f 4057 4360 4070
f 3817 4063 4074
f 3817 4088 4063
f 4063 2420 2090
f 4022 4001 3978
f 4075 4039 3803
f 4395 3803 4253
f 4395 4253 4392
f 4060 4053 4377
f 4060 4031 4053
f 4377 3998 4372
f 4381 4025 4352
f 4381 4020 4025
f 4352 4025 2113
f 2011 2030 4673
f 4003 4327 4336
f 4003 4336 4008
f 4008 4336 4386
f 4385 4057 4364
f 4364 4057 4070
f 4368 4364 4070
f 3817 4067 4066
f 3817 4074 4067
f 4067 4074 2090
f 4066 4067 2090
f 3812 4066 2090
f 3810 4014 4001
f 3810 4013 4014
f 4001 4014 3978
f 4075 4033 4021
f 4033 4036 4021
f 4021 4036 4253
f 4060 4026 4031
f 4060 4028 4026
f 4026 4028 3998
f 4031 4026 3998
f 4381 4002 4005
f 4020 2351 2113
f 4003 3993 4043
f 4003 4015 3993
f 4017 4049 4004
f 4017 4385 4368
f 4017 4368 4049
f 4049 4368 4070
f 3817 3812 4045
f 3817 4066 3812
f 4045 3812 2090
f 4060 4012 4028
f 4060 4006 4012
f 4028 4012 3998
f 4381 3983 3988
f 3983 3984 3988
f 3988 3984 2351
f 4002 3988 2351
f 4027 4043 4386
f 4027 4386 4016
f 4017 4004 3996
f 3996 4004 4070
f 4032 4070 3995
f 4424 4023 3999
f 4424 3817 4045
f 4424 4045 4023
f 4023 2090 2239
f 3999 4023 2239
f 3960 4000 4016
f 3810 3957 3941
f 3810 3941 3971
f 3941 4194 3978
f 4033 3994 4035
f 4033 3992 3994
f 4060 3985 4006
f 3985 3990 4425
f 4006 4425 3998
f 3983 3975 3984
f 3983 3970 3975
f 3984 3975 2351
f 4000 4019 4016
f 4017 4011 3986
f 4017 4032 4011
f 4424 3999 4010
f 4007 4010 2239
f 3957 3950 3953
f 3957 3965 3950
f 3950 3965 4194
f 3953 3950 4194
f 3981 3987 4253
f 3992 3981 4253
f 4060 3979 3976
f 4060 3976 3990
f 3979 3972 3976
f 3976 3972 4425
f 3983 3997 3982
f 3970 3982 2351
f 4217 3964 3958
f 4217 4003 3960
f 5033 4888 4894
f 4159 4419 4420
f 4159 4017 3986
f 4159 3986 4419
f 4419 3986 3995
f 4420 4419 3995
f 4424 4410 4409
f 4409 4410 2239
f 4422 4409 2239
f 3957 4191 4431
f 4431 4191 4194
f 3965 4431 4194
f 4406 4407 4138
f 4406 4138 4253
f 3987 4406 4253
f 3979 4412 4411
f 4411 4412 4425
f 3972 4411 4425
f 3983 4423 3997
f 3983 4417 4423
f 4423 4417 2351
f 3997 4423 2351
f 4217 4195 4192
f 4217 3958 4195
f 4192 4195 4016
f 4159 4197 4179
f 4159 4420 4197
f 4179 4197 3995
f 4424 4409 4422
f 4414 4422 2239
f 4414 2239 2383
f 4426 4414 2383
f 3957 4202 4200
f 4200 4202 4194
f 4191 4200 4194
f 4159 4225 4216
f 4033 4416 4413
f 4407 4413 4138
f 3979 3947 4418
f 4418 3947 4425
f 4412 4418 4425
f 3983 4184 4187
f 4187 4427 2261
f 4187 2261 2351
f 4417 4187 2351
f 4080 4217 4208
f 4217 4192 4208
f 4208 4192 4016
f 4208 4016 4213
f 4212 4208 4213
f 4159 4179 4225
f 4140 4426 4432
f 4140 4424 4414
f 4140 4414 4426
f 4432 4426 2383
f 3957 4224 4202
f 3957 4222 4224
f 4183 4185 4138
f 3979 4434 3947
f 4140 4169 4172
f 3979 4430 4434
f 3947 4365 4425
f 4184 4203 4199
f 4199 4203 2261
f 4080 4147 4144
f 4147 4212 4213
f 4159 4148 4165
f 4159 4216 4148
f 4140 4432 4169
f 4172 4169 2383
f 3957 4134 4222
f 4134 4136 4121
f 4180 4160 4185
f 4180 4175 4160
f 3979 4198 4196
f 3979 4196 4430
f 4080 4129 4130
f 4430 4196 4365
f 4184 4146 4203
f 4184 4135 4146
f 4080 4144 4129
f 4129 4144 4213
f 4130 4213 4111
f 4108 4137 4132
f 4108 4159 4165
f 4132 4137 3995
f 4140 4162 4161
f 4140 4172 4162
f 4162 4172 2383
f 3957 4125 4126
f 4136 4126 4121
f 4180 4143 4175
f 4180 4166 4143
f 4143 4166 4138
f 4175 4143 4138
f 4198 4157 4201
f 4198 4154 4157
f 4157 4154 4365
f 4201 4157 4365
f 4184 4122 4135
f 4122 4114 2261
f 4080 4103 4106
f 4106 4103 4111
f 4108 4116 4117
f 4108 4132 4116
f 4116 4132 3995
f 4116 3995 4119
f 4117 4116 4119
f 4526 4140 4150
f 4526 4150 4164
f 4140 4161 4150
f 4150 4161 2383
f 4164 2383 2412
f 4107 4117 4119
f 4127 4101 4557
f 4127 4557 4121
f 4166 4151 4138
f 4110 4109 4365
f 4154 4110 4365
f 4184 4115 4114
f 4115 4113 2261
f 4114 4115 2261
f 2013 2011 4673
f 4304 4080 4085
f 4304 4085 4082
f 4080 4106 4085
f 4085 4106 4111
f 4108 4107 4102
f 4108 4117 4107
f 4526 4131 4145
f 4526 4164 4131
f 4125 4093 4112
f 4125 4100 4093
f 4093 4100 4557
f 4112 4093 4557
f 4180 4124 4133
f 4180 4133 4142
f 4124 4123 4133
f 4133 4123 4524
f 4142 4133 4524
f 4142 4524 4138
f 4198 4095 4109
f 4095 4097 4365
f 4109 4095 4365
f 4184 4104 4105
f 4184 4105 4113
f 4113 4105 2261
f 4304 4072 4069
f 4304 4082 4072
f 4069 4072 4111
f 4367 4092 4096
f 4367 4108 4102
f 4096 4092 4119
f 4526 4128 4120
f 4526 4145 4128
f 4125 4081 4100
f 4081 4055 4557
f 4100 4081 4557
f 4124 4334 4123
f 4334 4317 4524
f 4123 4334 4524
f 4198 4322 4353
f 4198 4353 4097
f 4353 4342 4358
f 4353 4358 4365
f 4097 4353 4365
f 4104 4403 4401
f 4401 4403 2321
f 4401 2321 2261
f 4304 4402 4379
f 4304 4069 4402
f 4379 4111 4371
f 4367 4357 4348
f 4367 4096 4357
f 4357 4096 4119
f 4526 4282 4332
f 4526 4120 4282
f 4125 4397 4055
f 4125 4556 4397
f 4397 4556 4266
f 4397 4266 4557
f 4124 4508 4317
f 4124 4339 4508
f 4508 4339 4524
f 4317 4508 4524
f 4322 4356 4342
f 4342 4356 4358
f 4104 4532 4528
f 4403 4528 2321
f 4367 4370 4376
f 4367 4348 4370
f 4376 4370 4119
f 4499 4332 2412
f 4499 2412 2114
f 4125 4588 4556
f 4125 4589 4588
f 4588 4589 4266
f 4556 4588 4266
f 4124 4522 4527
f 4124 4527 4513
f 4339 4513 4524
f 4322 4530 4529
f 4104 4559 4532
f 4104 4547 4559
f 4559 4547 2321
f 4532 4559 2321
f 4304 4504 4558
f 4558 4504 4371
f 4248 4537 4531
f 4248 4367 4376
f 4248 4376 4537
f 4531 4537 4119
f 4510 4078 2114
f 4514 4510 2114
f 4125 4296 4596
f 4125 4596 4303
f 4303 4596 4266
f 4589 4303 4266
f 4522 4387 4527
f 4522 4378 4387
f 4387 4378 4302
f 4527 4302 4524
f 4322 4345 4530
f 4322 4355 4345
f 4345 4355 4293
f 4345 4293 4358
f 4530 4345 4358
f 4104 4325 4547
f 4104 4567 4325
f 4585 4566 4371
f 4248 4548 4561
f 4248 4531 4548
f 4548 4531 4119
f 4561 4119 4549
f 4521 4523 2114
f 4296 4262 4596
f 4296 4244 4262
f 4596 4262 4266
f 4522 4343 4378
f 4522 4340 4343
f 4322 4335 4355
f 4104 4316 4567
f 4310 4585 4371
f 4292 4310 4371
f 4248 4309 4315
f 4309 4561 4549
f 4404 4526 4521
f 4362 4521 2114
f 4329 2114 2365
f 4244 4239 4615
f 4244 4615 4266
f 4522 4308 4340
f 4308 4300 4302
f 4322 4313 4337
f 4322 4330 4313
f 4313 4330 4293
f 4337 4313 4293
f 4104 4277 4279
f 4104 4279 4318
f 4277 4255 4279
f 4279 2472 2321
f 4318 4279 2321
f 4248 4315 4301
f 4621 4259 4251
f 4621 4304 4292
f 4621 4292 4259
f 4259 4292 4371
f 4251 4259 4371
f 4248 4301 4297
f 4301 4315 4549
f 4297 4301 4549
f 4294 4329 2365
f 4290 4294 2365
f 4296 4207 4211
f 4211 4207 4615
f 4231 4211 4615
f 4522 4272 4263
f 4522 4263 4300
f 4272 4286 4263
f 4300 4263 4302
f 4322 4291 4283
f 4291 4284 4283
f 4283 4284 4293
f 4277 4237 4255
f 4277 4236 4237
f 4237 4236 2472
f 4255 4237 2472
f 4621 4251 4241
f 4241 4251 4371
f 4241 4371 4230
f 4568 4248 4256
f 4256 4549 4415
f 4404 4290 4261
f 4261 4290 2365
f 4272 4264 4286
f 4296 4429 4207
f 4429 4433 4615
f 4207 4429 4615
f 4272 4269 4264
f 4286 4613 4302
f 4284 4545 4293
f 4621 4421 4233
f 4233 4421 4230
f 4592 4606 4415
f 4190 4404 4405
f 4190 4405 4564
f 4564 4405 2365
f 4564 2365 2247
f 4570 4564 2247
f 4433 4666 4615
f 4272 4546 4553
f 4272 4553 4543
f 4269 4543 4613
f 4291 4560 4250
f 4250 4560 4545
f 4621 4669 4671
f 4621 4233 4669
f 4669 4233 4230
f 4671 4669 4230
f 4568 4428 4663
f 4637 4570 2247
f 4296 4435 4436
f 4662 4670 4285
f 4662 4285 4615
f 4546 4612 4553
f 4546 4605 4612
f 4612 4605 4613
f 4291 4626 4638
f 4277 4660 4650
f 4653 2462 2472
f 4275 4621 4671
f 4641 4230 4649
f 4618 4663 4415
f 4603 4618 4415
f 4546 4622 4605
f 4437 4438 4285
f 4436 4437 4285
f 4622 4611 4232
f 4291 4609 4626
f 4291 4601 4609
f 4626 4609 4545
f 4660 4628 4659
f 4650 4659 2462
f 4182 4578 2247
f 4594 4608 4649
f 4258 4568 4227
f 4258 4227 4214
f 4214 4415 4219
f 4190 4182 4189
f 4189 4182 2247
f 4642 4644 4285
f 4204 4188 4232
f 4562 4563 4545
f 4660 4249 4628
f 4660 4243 4249
f 4249 4243 2462
f 4275 4254 4242
f 4193 2247 2424
f 4435 4295 4287
f 4287 4295 4285
f 4644 4287 4285
f 4546 4218 4226
f 4546 4226 4188
f 4188 4226 4232
f 4291 4210 4215
f 4210 4220 4215
f 4563 4215 4281
f 4563 4281 4545
f 4660 4268 4243
f 4268 4265 2462
f 2014 2013 4673
f 4275 4273 4278
f 4258 4229 4245
f 4473 4206 4235
f 4435 4320 4295
f 4320 4319 4809
f 4295 4320 4809
f 4295 4809 4285
f 4218 4238 4234
f 4209 4234 4232
f 4298 4312 2462
f 4265 4298 2462
f 4788 4275 4278
f 4314 4278 4649
f 4307 4649 4289
f 4258 4288 4276
f 4288 4247 4219
f 4473 4246 4270
f 4328 4351 4319
f 4764 4276 4346
f 4238 4724 4232
f 4210 4311 4274
f 4311 4754 4281
f 4274 4311 4281
f 4660 4333 4331
f 4660 4331 4312
f 4344 4307 4289
f 4764 4346 4349
f 4764 4258 4276
f 4473 4267 4299
f 4299 4267 2424
f 4271 2424 2477
f 4328 4366 4354
f 4354 4366 4809
f 4218 4443 4257
f 4210 4446 4448
f 4333 4458 4324
f 4324 4458 2456
f 4324 2456 2462
f 4788 4457 4481
f 4788 4347 4457
f 4764 4349 4477
f 4464 4477 4321
f 4328 4803 4490
f 4490 4803 4802
f 4490 4802 4809
f 4447 4475 4724
f 4210 4472 4476
f 4472 4461 4476
f 4333 4480 4483
f 4483 4480 2456
f 4788 4799 4763
f 4788 4481 4799
f 4763 4799 4289
f 4764 4464 4493
f 4493 4464 4321
f 4492 4321 4495
f 4468 4445 2477
f 4729 4769 4786
f 4328 4774 4803
f 5033 4872 4993
f 4460 4752 4751
f 4751 4752 4363
f 4751 4363 4724
f 4758 4760 2456
f 4769 4757 4495
f 4465 4473 4474
f 4465 4474 4739
f 4744 4739 2477
f 4760 4784 2456
f 4328 4970 4795
f 4795 4970 4802
f 4752 4765 4363
f 4472 4768 4753
f 4472 4771 4768
f 4768 4771 4485
f 4753 4768 4485
f 4753 4485 4754
f 4784 2312 2456
f 4729 4786 4781
f 4729 4764 4769
f 4781 4786 4495
f 4328 4538 4541
f 4966 4534 4802
f 4460 4500 4740
f 4740 4500 4363
f 4502 4505 4503
f 4503 4505 4485
f 4772 4518 4533
f 4772 4515 4518
f 4518 4515 2312
f 4705 4788 4798
f 4516 4289 4519
f 4465 4382 4359
f 4382 2477 2481
f 4541 4517 4802
f 4460 4373 4501
f 4460 4361 4380
f 4373 4380 4363
f 4501 4373 4363
f 4389 4487 4485
f 4772 4804 4515
f 4705 4509 4506
f 4509 4520 4519
f 4729 4393 4391
f 4729 4507 4393
f 4393 4507 4495
f 4467 4359 2481
f 5007 5008 5005
f 4538 4801 4525
f 4801 4708 4802
f 4525 4801 4802
f 4459 4471 4693
f 4380 4693 4363
f 4502 4450 4487
f 4489 4482 4519
f 2503 4918 4927
f 4729 4469 4455
f 4729 4391 4469
f 4536 4465 4463
f 4442 4444 2481
f 4361 4540 4471
f 4361 4535 4540
f 4540 4535 4693
f 4552 4555 4685
f 4466 4552 4685
f 4772 4579 4451
f 4479 4456 2605
f 4479 2605 2312
f 4705 4452 4453
f 4452 4489 4519
f 4453 4452 4519
f 4926 4922 2183
f 4453 4519 4749
f 4710 4495 4713
f 4712 4710 4713
f 4694 4697 2481
f 4908 4892 4876
f 4694 2481 2396
f 4873 4890 4881
f 4538 4742 4478
f 4742 4738 4708
f 4478 4742 4708
f 4873 4881 4891
f 4361 4691 4683
f 4361 4683 4679
f 4979 5022 5002
f 4679 4683 4693
f 4535 4679 4693
f 4502 4703 4698
f 4502 4698 4555
f 4732 4721 2605
f 4451 4732 2605
f 4703 4678 4681
f 4726 4730 4749
f 2336 4893 4887
f 4866 4729 4712
f 4690 4692 4713
f 4538 4723 4728
f 4691 4868 4865
f 4683 4865 4573
f 4683 4573 4693
f 4703 4681 4695
f 4579 4718 4721
f 4579 4717 4718
f 4721 4718 2605
f 4705 4726 4700
f 4675 4713 4696
f 4536 4867 4864
f 4536 4677 4867
f 4867 4677 2396
f 4704 4702 4656
f 4728 4656 4708
f 4858 4870 4573
f 5033 4979 5002
f 4703 4869 4684
f 4777 4951 4946
f 4701 4699 2605
f 4651 4674 4682
f 4651 4705 4689
f 4651 4689 4674
f 4682 4749 4680
f 4866 4675 4687
f 4687 4675 4696
f 4688 4687 4696
f 4536 4864 4860
f 4860 4864 2396
f 4706 4944 2248
f 4691 4850 4870
f 4958 4994 2480
f 4691 4852 4850
f 4850 4852 4573
f 4703 4648 4645
f 4703 4645 4646
f 4946 4951 4902
f 4869 4581 4685
f 4579 4664 4586
f 4579 4586 4699
f 4890 4913 4944
f 4664 4571 4586
f 4586 4571 2332
f 4586 2332 2605
f 4699 4586 2605
f 4952 4929 2248
f 4587 4682 4680
f 4597 4587 4680
f 4963 4789 4828
f 4634 4866 4688
f 4599 4582 4696
f 4536 4551 4550
f 4551 4859 2396
f 4770 4989 4992
f 4550 4551 2396
f 4550 2396 2369
f 4539 4494 4814
f 4723 4630 4441
f 4441 4630 4656
f 4691 4591 4575
f 4691 4575 4565
f 4565 4575 4573
f 4648 4574 4645
f 4645 4574 4581
f 4632 4647 2332
f 4571 4632 2332
f 4651 4658 4652
f 4651 4597 4658
f 4634 4631 4640
f 4634 4599 4631
f 4486 4619 4607
f 4486 4536 4550
f 4486 4550 4619
f 4607 4619 2369
f 4591 4635 4575
f 4575 4811 4573
f 4648 4636 4583
f 4648 4620 4636
f 4636 4620 4581
f 4583 4636 4581
f 4770 4857 4854
f 4664 4186 4667
f 4664 4667 4181
f 4181 4667 2332
f 4856 4651 4668
f 4856 4668 4665
f 4665 4668 4680
f 4634 4661 4643
f 4661 4640 4696
f 4643 4696 4616
f 4486 4598 4595
f 4486 4607 4598
f 4831 4808 4816
f 4954 4815 4820
f 4723 4655 4654
f 4654 4836 4656
f 4849 4838 4796
f 4440 4654 4656
f 4591 4593 4627
f 4593 4590 4811
f 4584 4577 4796
f 4584 4796 4581
f 4620 4584 4581
f 4667 4633 2332
f 4787 4792 4904
f 4856 4665 4617
f 4617 4665 4680
f 4625 4617 4680
f 4625 4680 4600
f 4813 4576 4572
f 4813 4634 4643
f 4813 4643 4576
f 4576 4643 4616
f 4572 4576 4616
f 4486 4595 4542
f 4591 4833 4844
f 4554 4542 2369
f 4655 4614 4610
f 4591 4539 4833
f 4648 4843 4845
f 4831 4994 4958
f 4648 4845 4577
f 4845 4849 4796
f 4577 4845 4796
f 4855 4861 2480
f 4855 2480 2332
f 4770 4856 4857
f 4856 4625 4857
f 4857 4625 4600
f 4851 4841 4616
f 4835 4554 2369
f 4825 4835 2369
f 4655 4848 4853
f 4655 4853 4614
f 4770 4854 4847
f 4848 4863 4853
f 4853 4863 4836
f 4186 4839 4846
f 4539 4827 4833
f 4838 4826 4796
f 4812 4806 2369
f 4861 4846 2480
f 4847 4854 4600
f 4842 4840 4616
f 4842 4616 4828
f 4486 4825 4806
f 4789 4797 4828
f 4848 4834 4863
f 4834 4824 4974
f 4834 4974 4836
f 4805 4814 4811
f 4832 4805 4811
f 4494 4497 4904
f 4826 4821 4796
f 4186 4831 4837
f 4831 4829 4837
f 4773 4782 4762
f 4770 4823 4822
f 4770 4830 4823
f 4977 4976 4974
f 4793 4776 4902
f 4823 4600 4818
f 4822 4823 4818
f 5037 5031 5030
f 4954 4813 4815
f 4813 4842 4815
f 2029 1926 4673
f 4848 4977 4819
f 4843 4793 4496
f 4486 4484 4800
f 4486 4812 4484
f 4484 4812 2369
f 4484 2369 2248
f 4800 4484 2248
f 4773 4762 4929
f 4810 4819 4974
f 4824 4810 4974
f 4814 4904 4811
f 4829 4816 2480
f 4770 4822 4968
f 4773 4486 4782
f 4819 4977 4974
f 4539 4791 4787
f 4497 4787 4904
f 4843 4777 4793
f 4969 4964 2480
f 4808 4969 2480
f 4973 4965 4818
f 4954 4963 4959
f 4848 4975 4972
f 4975 4971 4972
f 4972 4971 4974
f 4976 4972 4974
f 4776 4946 4902
f 4779 4936 4904
f 4792 4779 4904
f 4777 4946 4776
f 4831 4957 4994
f 4964 4958 2480
f 4893 4954 4949
f 4954 4959 4949
f 4949 4959 4828
f 4948 4949 4828
f 4890 4773 4952
f 4890 4952 4913
f 4975 4988 4971
f 4975 4991 4988
f 4971 4917 4974
f 4791 4727 4936
f 4791 4932 4734
f 4791 4734 4727
f 4936 4727 4904
f 4722 4731 4902
f 4957 4767 4994
f 4750 4746 4828
f 4761 4992 4818
f 4761 4818 4737
f 4743 4761 4737
f 4893 4746 4750
f 4706 2248 2498
f 4932 4716 4734
f 4716 4707 4904
f 4731 4711 4902
f 4735 4725 2482
f 4759 2482 2480
f 4918 4747 4745
f 4918 4770 4743
f 4745 4737 4947
f 4893 4931 4930
f 4893 4750 4931
f 4943 4937 4917
f 4890 4905 4903
f 4890 4714 4905
f 4975 4943 4766
f 4766 4943 4917
f 4932 4889 4885
f 4885 4876 4904
f 4777 4914 4709
f 4914 4919 4902
f 4957 4935 4933
f 4940 4941 4947
f 4891 4881 2498
f 4975 4925 4950
f 4975 4950 4920
f 4920 4950 4917
f 4932 4908 4889
f 4932 4892 4908
f 4889 4908 4876
f 4777 4901 4886
f 4886 2329 4902
f 4926 2183 2482
f 4935 4926 2482
f 4918 4912 4907
f 4912 4940 4947
f 4907 4912 4947
f 4887 4900 4924
f 4910 4887 4924
f 4873 4875 4879
f 4875 2498 2632
f 4925 4906 4950
f 4906 2558 2618
f 4950 4906 2618
f 4950 2618 4917
f 4932 4877 4874
f 4877 2628 4874
f 4874 2628 2724
f 4874 2724 4876
f 4892 4874 4876
f 4777 2640 2345
f 4939 4898 4922
f 2336 4884 2525
f 2336 4910 4884
f 2554 4873 4883
f 4993 4996 5038
f 4872 4862 4993
f 4872 4715 4686
f 4871 4715 4872
f 4871 4720 4736
f 4719 4741 4720
f 4719 4720 4871
f 4783 4938 4741
f 4783 4741 4719
f 4785 4899 4938
f 4785 4938 4783
f 4916 4899 4785
f 4928 4955 4916
f 4928 4778 4955
f 4928 4995 4778
f 4956 4960 4995
f 4962 4960 4956
f 4962 4987 4960
f 4962 4990 4987
f 5015 5010 4990
f 5015 4984 5010
f 5011 4984 5015
f 5011 5012 5013
f 5009 5026 5012
f 5009 5012 5011
f 5009 5025 5026
f 5016 5021 5009
f 5016 5017 5018
f 5020 5017 5016
f 5020 5014 5019
f 5020 5019 5017
f 5028 5014 5020
f 5028 5000 4999
f 5028 4999 5014
f 5001 5000 5028
f 5001 4998 5000
f 5002 5023 5001
f 5002 5024 5023
f 5002 5022 5024
f 4979 5003 5022
f 4979 4980 5003
f 4981 5027 4980
f 4981 4882 5027
f 4978 4878 4882
f 4894 4878 4978
f 4894 4897 4878
f 4894 4896 4897
f 4888 4896 4894
f 4888 4895 4896
f 4888 4915 4895
f 4921 4915 4888
f 4921 4909 4915
f 4911 4909 4921
f 4911 4945 4909
f 4953 4961 4982
f 4953 4982 4911
f 4983 4961 4953
f 4983 4934 4942
f 4986 4934 4983
f 4986 5005 4985
f 5007 5006 5008
f 5037 5032 5031
f 5037 5029 5032
f 5035 5036 5029
f 5035 5039 5036
f 5038 5039 5035
f 5038 4997 5039
f 5033 4993 5038
f 5033 5020 5016
f 5033 4871 4872
f 5033 4719 4871
f 5033 4783 4719
f 5033 4785 4783
f 5033 4928 4916
f 5033 4956 4928
f 5033 4962 4956
f 5033 5015 4962
f 5033 5011 5015
f 5033 5009 5011
f 5033 5016 5009
f 5033 5028 5020
f 5033 5001 5028
f 5033 5002 5001
f 5033 4981 4979
f 5041 5040 5004
f 5033 4978 4981
f 5033 4894 4978
f 5033 4921 4888
f 5033 4911 4921
f 5041 5034 5040
f 5033 4953 4911
f 5033 5007 4986
f 5041 5004 5034

