# https://github.com/mikedh/trimesh
v -0.02242352 -0.04625303 0.02107251
v 0.00878301 -0.04487524 -0.01909474
v 0.01230618 -0.04471555 -0.01855579
v 0.03185997 -0.04846277 -0.01306590
v 0.03324009 -0.04429473 0.03132531
v 0.01733174 -0.04622495 -0.02479522
v 0.00602548 -0.04230534 -0.00200067
v -0.00309758 -0.04840815 -0.03236366
v 0.00906845 -0.04641979 -0.02618911
v 0.02170014 -0.04598389 -0.02194834
v 0.01860687 -0.04545633 -0.01857940
v 0.02095223 -0.04631590 -0.01098093
v 0.01809876 -0.04563269 -0.00965402
v 0.01862244 -0.04567118 -0.00795813
v 0.02745510 -0.04757456 -0.01143569
v 0.02734139 -0.04760135 -0.01132792
v 0.02556119 -0.04719035 -0.00343697
v 0.02852933 -0.04781541 -0.01153937
v 0.02721939 -0.04752294 -0.01135100
v 0.02787488 -0.04772244 -0.01138396
v 0.03207631 -0.04799513 -0.01085629
v 0.02590183 -0.04719105 0.00221354
v 0.02881393 -0.04785527 -0.00432999
v 0.03201472 -0.04806054 -0.00732890
v 0.02914482 -0.04795943 -0.00050534
v 0.02192266 -0.04632434 -0.01496825
v 0.02394358 -0.04683968 -0.02415470
v 0.02309306 -0.04633846 -0.02558114
v 0.02316111 -0.04853097 -0.03180738
v 0.03081235 -0.04854302 -0.03217323
v 0.02504673 -0.04717927 -0.02518694
v 0.03151173 -0.04859132 -0.02589813
v 0.03146273 -0.04802011 -0.03201890
v 0.02425961 -0.04515676 -0.03291975
v 0.01877052 -0.04798638 -0.03264982
v 0.01517593 -0.04763990 -0.02890602
v 0.01047475 -0.04848778 -0.03204847
v 0.01090657 -0.04813007 -0.03277615
v 0.00752399 -0.04836894 -0.03270578
v 0.00471658 -0.04840148 -0.03238389
v 0.00317265 -0.04797108 -0.03292944
v 0.00194875 -0.04790205 -0.03298302
v 0.00332269 -0.04847281 -0.03246993
v 0.00557247 -0.04745806 -0.02853758
v 0.00641890 -0.04691056 -0.02654266
v 0.00530297 -0.04814591 -0.03282819
v 0.01392676 -0.04754638 -0.02856265
v 0.01286980 -0.04710242 -0.02703155
v 0.01700381 -0.04701586 -0.02667828
v 0.01644853 -0.04835442 -0.03254905
v 0.01882042 -0.04835547 -0.03201984
v 0.02702248 -0.04848165 -0.03215323
v 0.03058733 -0.04750133 -0.03242074
v 0.03095306 -0.04599818 -0.03244821
v 0.03145816 -0.04842742 -0.03200191
v 0.03186124 -0.04834682 -0.02701692
v 0.02911792 -0.04818212 -0.02937452
v 0.03094988 -0.04859326 -0.02716391
v 0.03123466 -0.04850897 -0.03163200
v 0.02957210 -0.04821250 -0.03041334
v 0.02767460 -0.04777978 -0.02799337
v 0.01978514 -0.04716978 -0.02724035
v 0.02144946 -0.04794029 -0.03267632
v 0.02462104 -0.04659718 -0.02552876
v 0.02621152 -0.04738101 -0.02658211
v 0.02094213 -0.04855971 -0.03216032
v 0.02527858 -0.04357320 -0.01685017
v 0.02487375 -0.04708343 -0.02510876
v 0.02666791 -0.04718938 -0.02735216
v 0.03153587 -0.04860543 -0.02214497
v 0.02699357 -0.04746421 -0.01266425
v 0.02316721 -0.04667763 -0.02328843
v 0.03146421 -0.04857944 -0.01867695
v 0.03188846 -0.04834548 -0.01897193
v 0.02256189 -0.04658091 -0.02252871
v 0.02995357 -0.04475062 -0.02157577
v 0.02671447 -0.04741148 -0.01343949
v 0.03330428 -0.03866723 -0.01162010
v 0.02389946 -0.04673497 -0.01130623
v 0.02259772 -0.04671229 -0.01106139
v 0.03232054 -0.04799372 -0.00101515
v 0.03184540 -0.04833782 -0.00170981
v 0.02814260 -0.04790202 -0.01083863
v 0.02821722 -0.04798418 -0.00788463
v 0.02543796 -0.04742324 -0.01101352
v 0.02589918 -0.04740979 -0.01119046
v 0.01928698 -0.04559239 -0.00159312
v 0.01437459 -0.04451629 -0.00448846
v 0.02283679 -0.04678309 -0.01094672
v 0.01812884 -0.04548169 -0.01109994
v 0.02312783 -0.04616286 -0.02364861
v 0.01745232 -0.04534214 -0.01741659
v 0.01708939 -0.04581090 -0.02252560
v 0.01730382 -0.04576460 -0.02232652
v 0.01886946 -0.04822289 -0.03227170
v 0.01604502 -0.04511853 -0.02006453
v 0.01909024 -0.04489587 -0.01944296
v 0.01526162 -0.04486162 -0.01981417
v 0.00199280 -0.04548897 -0.02159388
v 0.00499654 -0.04541140 -0.02113746
v 0.00265694 -0.04563387 -0.02206827
v 0.01374068 -0.04569181 -0.02194035
v 0.01203098 -0.04398796 -0.01082811
v 0.01711766 -0.04432503 -0.01727569
v 0.01189161 -0.04462932 -0.01816792
v 0.00870219 -0.04479808 -0.01903545
v 0.01296458 -0.04315604 -0.01291186
v 0.01088917 -0.04434333 -0.01722259
v 0.00212671 -0.04462026 -0.01848271
v 0.00933029 -0.04408936 -0.01632177
v 0.00976680 -0.04412464 -0.01646704
v 0.01418445 -0.04348729 -0.01417952
v 0.01670199 -0.04501509 -0.01649862
v 0.02236946 -0.04581892 0.02096399
v 0.00176379 -0.04828440 0.03160848
v 0.03260490 -0.04782589 0.03132322
v 0.00875878 -0.04826924 0.03149758
v 0.01313478 -0.04828112 0.03124074
v 0.01257018 -0.04825045 0.03149332
v 0.02933572 -0.04518075 0.03190195
v 0.03226404 -0.04811502 0.03010279
v 0.03228490 -0.04780377 0.03053300
v 0.03007588 -0.04801345 0.03153653
v 0.02997348 -0.04832509 0.02957437
v 0.02689630 -0.04793106 0.03174336
v 0.02283468 -0.04833202 0.03155526
v 0.02709119 -0.04701177 0.02634571
v 0.03051718 -0.04779565 0.02027184
v 0.02657094 -0.04695096 0.02405660
v 0.02444762 -0.04651898 0.01732219
v 0.02562966 -0.04673980 0.02518776
v 0.03248539 -0.04787596 0.00819127
v 0.02987753 -0.04803226 0.00554901
v 0.03215491 -0.04825124 0.00332610
v 0.02966872 -0.04800143 0.00310152
v 0.02560490 -0.04666381 0.02508926
v 0.01449821 -0.04765078 0.02877955
v 0.01366369 -0.04267742 0.02115934
v 0.01595508 -0.04389733 0.00941520
v 0.01783934 -0.04475661 0.01621001
v 0.01910046 -0.04460004 0.00855949
v 0.01604743 -0.04450283 0.00663084
v 0.01349633 -0.04603758 0.02397840
v 0.01566163 -0.04555479 0.02050837
v -0.00086742 -0.04540723 0.02064372
v 0.00934185 -0.04659921 0.02456996
v 0.01942567 -0.04542156 0.00579750
v 0.02970963 -0.04809679 0.00805141
v 0.03106949 -0.04805782 0.01876656
v 0.03036860 -0.04811724 0.01256987
v 0.03374511 -0.04016076 0.02429504
v 0.03098415 -0.04814721 0.01047532
v 0.03237244 -0.04817799 0.00775199
v 0.02159546 -0.04600558 0.00532666
v 0.03241699 -0.04818740 0.01499982
v 0.02800924 -0.04767058 0.01044383
v 0.03280408 -0.04778258 0.02224818
v 0.03307568 -0.04771568 0.02908231
v 0.03023231 -0.04761884 0.02919085
v 0.02687137 -0.04650004 0.02459605
v 0.03243296 -0.04812795 0.01988610
v 0.03016061 -0.04793985 0.02011117
v 0.03267757 -0.04808724 0.02646599
v 0.02130090 -0.04793527 0.02983722
v 0.02091326 -0.04826820 0.03131044
v 0.01928223 -0.04821467 0.03161716
v 0.02573038 -0.04281290 0.03225836
v 0.02595336 -0.04827080 0.03133824
v 0.03139600 -0.04811983 0.03080182
v 0.01602003 -0.04800760 0.03181949
v 0.01816630 -0.04823362 0.03116147
v 0.01559152 -0.04827332 0.03122416
v 0.01634729 -0.04742901 0.03196600
v 0.00846702 -0.04730025 0.03201728
v 0.00365601 -0.04772051 0.02915713
v 0.00444639 -0.04826780 0.03158908
v -0.02410765 -0.04665192 0.01758806
v -0.01641180 -0.04477871 0.01451613
v -0.02563611 -0.04684608 0.02465137
v -0.00297792 -0.04830818 0.03146466
v -0.00976279 -0.04626677 0.02419898
v -0.00648004 -0.04814128 0.03191384
v -0.01882403 -0.04840316 0.03158795
v -0.03100564 -0.04809841 0.03028479
v -0.02676032 -0.04842143 0.03185701
v -0.02883376 -0.04645503 0.03180462
v -0.02260224 -0.04830570 0.03192310
v -0.01746977 -0.04827852 0.03091573
v -0.03096810 -0.04821054 0.01936180
v -0.02487726 -0.04688613 0.02355402
v -0.02439423 -0.04617447 0.02369440
v -0.02895453 -0.04768194 0.02806271
v -0.02020111 -0.04605740 0.02468253
v -0.02237343 -0.04557790 0.02125425
v -0.01958901 -0.04545649 0.01804790
v -0.02054318 -0.04438342 0.01829260
v -0.03173420 -0.04811738 0.00047445
v -0.02162296 -0.04620898 0.00686335
v -0.03162183 -0.04811532 0.00512274
v -0.02880214 -0.04801257 0.00802556
v -0.03129889 -0.04821385 0.01096329
v -0.03155862 -0.04753539 0.01682830
v -0.02876720 -0.04799961 0.00257173
v -0.02465259 -0.04692310 0.00283176
v -0.02868585 -0.04813550 0.00926268
v -0.02771304 -0.04743999 0.00949393
v -0.01669349 -0.04494879 0.00927277
v -0.01753229 -0.04413331 0.01565546
v -0.01370452 -0.04658436 0.02653920
v -0.01309518 -0.04323736 0.01338748
v -0.00528484 -0.04552836 0.02139176
v -0.01757277 -0.04510410 0.01576830
v -0.01855324 -0.04437580 0.01739149
v -0.01500908 -0.04332238 0.01342682
v -0.01817986 -0.04437844 0.01647747
v -0.00947865 -0.04407855 0.01679405
v -0.00856371 -0.04291522 0.01270191
v -0.00715975 -0.04834265 0.03127736
v -0.01267552 -0.04838541 0.03148889
v -0.01891603 -0.04513964 0.02053331
v -0.01291873 -0.04721046 0.02741621
v -0.02035440 -0.04495368 0.01897296
v -0.02222717 -0.04847159 0.03161654
v -0.02286643 -0.04661934 0.00923435
v -0.02114863 -0.04518949 0.01974637
v -0.01939909 -0.04558526 0.00933648
v -0.01822714 -0.04432222 0.01673974
v -0.01875356 -0.04445242 0.01723476
v -0.01943999 -0.04464216 0.01796473
v -0.01992520 -0.04550508 -0.00070777
v -0.02478605 -0.04701135 0.00928877
v -0.02336353 -0.04651399 0.00190282
v -0.02123348 -0.04590535 0.00941949
v -0.03180547 -0.04769780 0.00886885
v -0.02800323 -0.04791107 0.00717141
v -0.02973685 -0.04796963 -0.00241716
v -0.02929710 -0.04793468 0.00211419
v -0.02925483 -0.04782750 0.00557602
v -0.02906998 -0.04772870 0.00927704
v -0.03169724 -0.04792416 0.00748879
v -0.03253076 -0.04274949 0.00822512
v -0.02166059 -0.04533925 0.02083566
v -0.02243518 -0.04590450 0.02395287
v -0.02309888 -0.04586645 0.02285416
v -0.02287322 -0.04573597 0.02180865
v -0.02890791 -0.04808950 0.03184585
v -0.02364011 -0.04605802 0.02272217
v -0.02331155 -0.04653611 0.02177675
v -0.02648340 -0.04683809 0.02604832
v -0.03092541 -0.04788774 0.03075661
v -0.03088576 -0.04811218 0.02906454
v -0.03148489 -0.04769394 0.01973661
v -0.03128925 -0.04802595 0.02434718
v -0.02513885 -0.04641960 0.02448547
v -0.01790377 -0.04822442 0.03191801
v -0.02874995 -0.04808187 0.03183911
v -0.02812565 -0.04795004 0.03190538
v -0.02647139 -0.04747080 0.02801161
v -0.03056368 -0.04851217 0.03128216
v -0.03085363 -0.04834601 0.03147663
v -0.01108271 -0.04803403 0.03194333
v -0.00097251 -0.04804574 0.03195073
v -0.02486860 -0.04590160 -0.01737094
v -0.00211962 -0.04783043 -0.03309810
v -0.00366475 -0.04829432 -0.03287881
v -0.00977768 -0.04509426 -0.03360582
v -0.00952575 -0.04830091 -0.03295573
v -0.02217852 -0.04604327 -0.03375781
v -0.03273184 -0.04621163 -0.03284878
v -0.03074463 -0.04822764 -0.03347855
v -0.02594276 -0.04815311 -0.03339633
v -0.02774003 -0.04828699 -0.03314151
v -0.02732665 -0.04717830 -0.01738757
v -0.02759556 -0.04721130 -0.01691979
v -0.02904260 -0.04687533 -0.02999653
v -0.03013730 -0.04799840 -0.01062907
v -0.02728419 -0.04703822 -0.01963669
v -0.02596907 -0.04694621 -0.00979867
v -0.02753943 -0.04655787 -0.02845426
v -0.02976692 -0.04753348 -0.02272891
v -0.03269128 -0.04811925 -0.02273063
v -0.02835634 -0.04712883 -0.02404453
v -0.02639017 -0.04601955 -0.02690518
v -0.02298237 -0.04431233 -0.02920763
v -0.01649168 -0.04400006 -0.01596868
v -0.02687602 -0.04699052 -0.01741366
v -0.03240013 -0.04762392 -0.00958328
v -0.03074964 -0.04798021 -0.01852986
v -0.02963438 -0.04802566 -0.00616366
v -0.02544932 -0.04624835 -0.01085832
v -0.03206541 -0.04788908 -0.00679948
v -0.02263562 -0.04538151 -0.02338616
v -0.01584041 -0.04422428 -0.01843623
v -0.01848635 -0.04724358 -0.02925989
v 0.00178625 -0.04644892 -0.02510291
v -0.00674897 -0.04421412 -0.01749087
v -0.01684313 -0.04406656 -0.01793749
v -0.00996956 -0.04411171 -0.03373495
v 0.00177354 -0.04539480 -0.03332851
v 0.00025696 -0.04790979 -0.03303049
v -0.00539911 -0.04837979 -0.03244536
v -0.01028783 -0.04801022 -0.03128568
v -0.01047289 -0.04789207 -0.03327162
v -0.01656678 -0.04829381 -0.03267320
v -0.01750685 -0.04816110 -0.03327357
v -0.02245597 -0.04382849 -0.03400817
v -0.03252159 -0.04782596 -0.03296253
v -0.03143596 -0.04781547 -0.03257677
v -0.02807417 -0.04718848 -0.02950187
v -0.03186414 -0.04746656 -0.03352804
v -0.03265853 -0.04810010 -0.03263880
v -0.03287351 -0.04805597 -0.03038188
v -0.03265620 -0.04817535 -0.02744667
v -0.03151555 -0.04823047 -0.03300294
v -0.03198616 -0.04809556 -0.03312234
v -0.01974822 -0.04718741 -0.03361010
v -0.02424097 -0.04497161 -0.03388667
v -0.02594967 -0.04640057 -0.02687567
v -0.02049277 -0.04526340 -0.01363860
v -0.02636062 -0.04653298 -0.02627449
v -0.03224393 -0.04808452 -0.01720558
v -0.03256447 -0.04796192 -0.01991484
v -0.03217006 -0.04793385 -0.00540936
v -0.03245325 -0.04806788 -0.01916223
v -0.03327980 -0.04298532 -0.02772605
v -0.02502386 -0.04527030 -0.02487929
v -0.02482447 -0.04606921 -0.02446006
v -0.02391041 -0.04592158 -0.02481111
v -0.02556587 -0.04631670 -0.02630601
v -0.02255189 -0.04468868 -0.02338934
v -0.03215075 -0.04785326 -0.00664458
v -0.02055358 -0.04556020 -0.00557291
v -0.02906597 -0.04800981 -0.00094655
v -0.03247679 -0.04789060 -0.01343322
v -0.03201081 -0.04804759 -0.00878872
v -0.03168787 -0.04813878 -0.01286326
v -0.03186662 -0.04812343 -0.00266951
v -0.03049831 -0.04801056 -0.01566553
v -0.02986497 -0.04800465 -0.00732243
v -0.02659290 -0.04710802 -0.01035752
v -0.01559482 -0.04438035 -0.00084041
v -0.01886671 -0.04443228 -0.01970762
v -0.01764215 -0.04418191 -0.01856042
v -0.01997926 -0.04765977 -0.03070285
v -0.01327486 -0.04681179 -0.02742278
v -0.01212752 -0.04560149 -0.02555361
v -0.00110821 -0.04693951 -0.02701313
v -0.00186412 -0.04550085 -0.02182727
v -0.01701773 -0.04233924 -0.02761239
v 0.02247023 -0.04505212 0.00834653
v 0.01468426 -0.04493801 -0.01934128
v 0.00839628 -0.04525740 -0.02164048
v 0.02786931 -0.04789137 -0.01127039
v 0.00967892 -0.04305632 -0.01370898
v 0.01640053 -0.04480274 0.02523124
v -0.02981170 -0.04451077 0.01968526
v -0.02989764 -0.04443933 0.01920023
v -0.02552206 -0.04502633 0.02080331
v -0.02604339 -0.04840986 0.03108095
v -0.00301276 -0.04703657 -0.03321251
v -0.01088465 -0.04551260 -0.02609971
v 0.03342921 -0.03357942 -0.01222731
v 0.00909893 -0.03739584 0.03304011
v -0.03272408 -0.04217448 0.00253839
v -0.03247492 -0.04184742 -0.03368681
v 0.03328647 -0.03806237 -0.00998847
v 0.03329084 -0.03933093 -0.01411462
v 0.01638074 -0.04360580 -0.03330733
v 0.00549955 -0.03326352 -0.03473360
v 0.00117252 -0.03926744 -0.00018665
v 0.00516888 -0.04070961 -0.00393294
v 0.03154768 -0.03946903 -0.02130106
v 0.03236781 -0.04770621 -0.01978083
v 0.01038624 -0.04213832 -0.00946315
v 0.01271519 -0.04323661 -0.01218439
v 0.01179979 -0.04390475 -0.01090570
v 0.01499887 -0.04244610 -0.01164554
v 0.01382868 -0.04440333 -0.01345884
v 0.01377059 -0.04327252 -0.01328434
v 0.01326920 -0.04311854 -0.01289929
v 0.01188757 -0.04269668 -0.01149326
v 0.00596098 -0.04235402 -0.00477601
v 0.00671523 -0.04206298 -0.00587608
v 0.01138870 -0.04410239 -0.01081333
v 0.02387830 -0.04335052 -0.01578537
v 0.02746059 -0.04522384 -0.02261470
v 0.01127778 -0.04337743 0.00271475
v 0.02822160 -0.04104910 -0.00988970
v 0.02995086 -0.04396400 -0.01906150
v 0.03332944 -0.03754247 -0.02378793
v 0.03261744 -0.03177155 -0.03295687
v 0.03131333 -0.04227192 -0.03275581
v 0.02301253 -0.03635444 -0.03344480
v 0.03159075 -0.03914085 -0.03294055
v 0.02345914 -0.03811038 -0.03393453
v 0.02800722 -0.04029961 -0.03343176
v 0.01659039 -0.03925934 -0.03336126
v 0.01852519 -0.03915723 -0.03386656
v 0.01218668 -0.04431372 -0.03329118
v -0.00252694 -0.03699069 -0.03444827
v 0.00743052 -0.03749194 -0.03421713
v 0.00773174 -0.03573384 -0.03354219
v 0.01361898 -0.03957930 -0.03313913
v 0.02031641 -0.03338393 -0.03457866
v 0.02220487 -0.03514657 -0.03370728
v 0.01445067 -0.03274483 -0.03473735
v 0.01519168 -0.03999419 -0.03374519
v 0.00827138 -0.03745273 -0.03338792
v 0.01435886 -0.03953380 -0.03366195
v 0.00736088 -0.03500059 -0.03446333
v 0.00983755 -0.03869179 -0.03401158
v 0.00605337 -0.04789175 -0.03292904
v 0.00903111 -0.04081853 -0.03376550
v 0.01701935 -0.04303985 -0.03339916
v 0.01546043 -0.03950934 -0.03382889
v 0.01698253 -0.04067843 -0.03368557
v 0.02112682 -0.03846733 -0.03388950
v 0.01295382 -0.03922964 -0.03386107
v 0.02139859 -0.03847235 -0.03392816
v 0.02334895 -0.03877619 -0.03092061
v 0.02732916 -0.03513167 -0.03396878
v 0.03219042 -0.03680377 -0.03257508
v 0.03070733 -0.03570274 -0.03348115
v 0.03165520 -0.04773196 -0.03172661
v 0.03359281 -0.03510910 -0.02454108
v 0.03327042 -0.03957616 -0.01699614
v 0.00873795 -0.04476178 -0.01920104
v 0.03377911 -0.03524962 -0.00669444
v 0.03347636 -0.03743157 -0.00883696
v 0.02135928 -0.04001182 -0.00571063
v 0.02053165 -0.04359895 -0.01603090
v 0.00584691 -0.04232315 -0.00452452
v 0.01557118 -0.04394401 -0.01543762
v 0.00334040 -0.04151059 -0.00191356
v -0.00196853 -0.04041649 -0.00126526
v 0.00670473 -0.04106020 -0.00579488
v 0.00908171 -0.04249621 -0.00861105
v 0.00893073 -0.04174417 -0.00801685
v 0.00449174 -0.04029971 -0.00337967
v -0.00049990 -0.04003491 -0.00256109
v 0.01178995 -0.04411750 -0.01637581
v 0.01142364 -0.04388251 -0.01555426
v 0.01407719 -0.04462899 -0.01077970
v 0.00927092 -0.04336954 -0.00622632
v 0.01182368 -0.04406689 -0.00803868
v 0.03372145 -0.03671703 -0.00020020
v 0.03450700 -0.02853778 -0.00405706
v 0.03383240 -0.03362399 -0.01052508
v 0.03290954 -0.03545478 -0.00961804
v 0.03391025 -0.03373980 -0.02133582
v 0.03390118 -0.03279518 -0.01717312
v 0.03319632 -0.03936496 -0.01568991
v 0.03322995 -0.03827360 -0.02247552
v 0.03320353 -0.03916023 -0.01978794
v 0.03308983 -0.03765898 -0.00940364
v 0.03327781 -0.03769414 -0.00929368
v 0.03341594 -0.03776268 -0.00923233
v 0.03333201 -0.03634648 -0.00864309
v 0.03289255 -0.03738908 -0.00928314
v 0.03328612 -0.04091691 0.00309788
v 0.03464294 -0.02913551 0.00484182
v 0.01946893 -0.03890192 0.03280640
v 0.01037819 -0.03753386 0.03245183
v 0.01445222 -0.03902429 0.03291225
v 0.02480887 -0.03603394 0.03288370
v 0.02660616 -0.03728674 0.03267646
v 0.01633702 -0.03910978 0.03285078
v 0.02312400 -0.03781014 0.03267220
v 0.02426167 -0.03250285 0.03319594
v 0.03376785 -0.03972534 0.02697607
v 0.00975822 -0.04143351 0.02437502
v 0.03371305 -0.03779894 0.00824140
v 0.00398357 -0.04356901 0.01235841
v 0.01037531 -0.04530406 0.01916725
v 0.00989616 -0.04177263 0.01629767
v 0.01067008 -0.04337742 0.01059862
v 0.01596409 -0.04438610 0.01523735
v 0.03341294 -0.04164167 0.01520155
v 0.01722382 -0.04464946 0.01424697
v 0.03347453 -0.03727659 0.02206475
v 0.03376536 -0.03873461 0.01845958
v 0.03331962 -0.03698413 0.00785418
v 0.03393395 -0.03499796 0.00728337
v 0.03338174 -0.03589301 0.03195480
v 0.03376230 -0.03769651 0.00809476
v 0.03384530 -0.03636370 0.00710556
v 0.03397750 -0.03560178 0.00662285
v 0.03407710 -0.03367722 0.00880789
v 0.03352164 -0.03911996 0.01385007
v 0.03363106 -0.03416978 0.02127426
v 0.03403192 -0.03677921 0.02330149
v 0.01341358 -0.04232827 0.02485372
v 0.03358251 -0.04146925 0.02293786
v 0.03400394 -0.03419120 0.02231203
v 0.03413375 -0.03452723 0.02530703
v 0.03425189 -0.03386502 0.02248255
v 0.03405732 -0.03273309 0.01728524
v 0.03443148 -0.02972787 0.02620773
v 0.03395447 -0.03288491 0.01550061
v 0.01071498 -0.04309673 0.00960707
v 0.01301981 -0.04372102 0.01228403
v 0.01713515 -0.04359320 0.02618288
v 0.01730471 -0.04328968 0.02790628
v 0.01228606 -0.04264205 0.02504443
v 0.01452162 -0.04330025 0.01451985
v 0.00807607 -0.04251895 0.00757526
v 0.00125351 -0.04340735 0.01218839
v 0.00448104 -0.04176290 0.00436532
v 0.00871293 -0.04270489 0.00284676
v 0.00170588 -0.04107310 0.00062390
v 0.03369080 -0.03821294 0.00906002
v 0.03319522 -0.04366225 0.01697463
v 0.03382122 -0.03849782 0.01959300
v 0.02942044 -0.04062160 0.03223941
v 0.03342467 -0.04044492 0.03162377
v 0.03256023 -0.04208189 0.03188914
v 0.02926453 -0.03770111 0.03247081
v 0.02175967 -0.03287491 0.03328531
v 0.01801856 -0.03227372 0.03346799
v 0.02475389 -0.03470423 0.03300155
v 0.03352139 -0.03504037 0.03229210
v 0.02358958 -0.03708112 0.03203797
v 0.02403169 -0.03544585 0.03225265
v 0.02481601 -0.03518073 0.03295023
v 0.01855392 -0.03910342 0.03291056
v 0.02296617 -0.03975954 0.03263942
v 0.01385255 -0.03928659 0.03292102
v 0.01190118 -0.03345731 0.03322656
v 0.00527406 -0.03608361 0.03326667
v 0.00896569 -0.03477831 0.03320741
v 0.01003179 -0.03330681 0.03350690
v 0.02062933 -0.03304399 0.03306663
v -0.01094492 -0.03899893 0.03324969
v -0.03145049 -0.04469877 0.03036418
v -0.00853850 -0.04278990 0.00543432
v -0.00742717 -0.03468020 0.03362328
v -0.00503911 -0.04159579 0.00184269
v -0.00801423 -0.03788914 0.03320951
v -0.00601447 -0.04179270 0.03280988
v -0.01951069 -0.03955480 0.03326635
v -0.01746544 -0.03912077 0.03316787
v -0.02139867 -0.03803482 0.03325343
v -0.02166240 -0.03734670 0.03278644
v -0.01816654 -0.04053726 0.03317513
v -0.01903857 -0.03332971 0.03367006
v -0.01758065 -0.03901828 0.03307043
v -0.03147536 -0.03899743 0.03101828
v -0.02949822 -0.04330048 0.01529437
v -0.03224990 -0.04194964 0.02387345
v -0.03152622 -0.04770036 0.01786833
v -0.01470134 -0.04371745 0.01275064
v -0.01578217 -0.04422935 0.01390336
v -0.03296452 -0.03982561 0.00645580
v -0.03307826 -0.04130653 -0.00784489
v -0.03258207 -0.04257386 0.00736124
v -0.00748657 -0.04157167 0.00550601
v -0.01175321 -0.04349540 0.00249647
v -0.00564489 -0.04111851 0.00293421
v -0.00361788 -0.04112815 0.00027990
v -0.00961289 -0.04196088 0.00738458
v -0.01012897 -0.04328521 0.00726130
v -0.01341158 -0.04392747 0.01123956
v -0.01364690 -0.04427208 0.00917154
v -0.01071353 -0.04341616 0.00616495
v -0.03335856 -0.03722992 0.00230155
v 0.00171724 -0.04111686 -0.00010061
v -0.03275550 -0.03842066 0.01938185
v -0.03360083 -0.03281124 0.01085605
v -0.03196099 -0.03415303 0.03119030
v -0.03320845 -0.03383567 0.02169725
v -0.03291734 -0.03883932 0.01136061
v 0.02318604 -0.03348970 0.03316459
v -0.00652790 -0.03570785 0.03351985
v -0.00139071 -0.04055046 0.03288502
v -0.00689345 -0.03579701 0.03321799
v 0.00502078 -0.03715110 0.03314675
v -0.03305877 -0.03459398 0.00779807
v -0.03346462 -0.03255215 0.01622921
v -0.03235205 -0.03560235 0.02259118
v -0.03287294 -0.03905591 0.01305154
v -0.03341979 -0.03576501 0.00641056
v -0.03158337 -0.03963806 0.01545579
v -0.03266422 -0.03895990 0.01233023
v -0.03299805 -0.03787690 0.00830418
v -0.03221087 -0.03866366 0.01808271
v -0.03207125 -0.03820805 0.03044090
v -0.03294185 -0.03617323 0.02281930
v -0.03366081 -0.03333247 0.00797105
v -0.03347356 -0.03495854 0.00651491
v -0.01192209 -0.04373371 0.00916647
v -0.00981587 -0.04320552 0.00663647
v -0.00987394 -0.04320915 0.00699451
v -0.01021468 -0.04224616 0.00792449
v -0.00742145 -0.04202725 0.00480687
v -0.01194750 -0.04262864 0.00986513
v -0.01380470 -0.04305095 0.01163461
v -0.01286731 -0.04395276 0.00929841
v -0.02009251 -0.04358299 0.01508710
v -0.01595621 -0.04361858 0.01417560
v -0.01698755 -0.04392515 0.01539456
v -0.01726475 -0.04406123 0.01553440
v -0.01514999 -0.04350531 0.01321266
v -0.00427923 -0.04346662 0.01317958
v -0.00438655 -0.04421475 0.01734931
v -0.01077630 -0.04422450 0.01671946
v -0.00023850 -0.04069007 -0.00021967
v -0.00802895 -0.04261771 0.00502107
v -0.00422041 -0.04142191 0.00070385
v -0.00490392 -0.04155081 0.00171972
v -0.00181282 -0.04060013 -0.00297521
v -0.03049210 -0.04147711 0.01417563
v -0.03287907 -0.04159825 -0.00060466
v -0.03280004 -0.04034512 0.01116039
v -0.02949958 -0.04164311 0.00837688
v -0.02999133 -0.04435116 0.01890846
v -0.03259256 -0.03803320 0.02105002
v -0.03276950 -0.03909011 0.01557919
v -0.01609450 -0.03921108 0.03287233
v -0.03177263 -0.04091447 0.03069174
v -0.03089422 -0.04165839 0.03116896
v -0.03162055 -0.04345500 0.03056083
v -0.02903113 -0.04809508 0.03179803
v -0.03222566 -0.03000685 0.03154194
v -0.02661333 -0.04081008 0.03265705
v -0.03073243 -0.04201268 0.03133174
v -0.02794490 -0.03673721 0.03259426
v -0.02256165 -0.03593602 0.03319850
v -0.02316593 -0.03584272 0.03346869
v -0.03131052 -0.03235844 0.03192573
v -0.03158069 -0.02923323 0.03206097
v -0.02751143 -0.04786793 0.03201805
v -0.02039070 -0.03871753 0.03340309
v -0.02234952 -0.03453606 0.03367217
v -0.01957902 -0.03382814 0.03318609
v -0.01717887 -0.03251744 0.03415596
v -0.01287684 -0.03904792 0.03267562
v -0.01526178 -0.03930792 0.03327158
v -0.01530195 -0.03930788 0.03251499
v -0.03359166 -0.03393426 -0.02371762
v -0.00133802 -0.04040316 -0.00216226
v -0.03336950 -0.03893075 -0.01500212
v -0.02401756 -0.03439479 -0.03479723
v -0.00798325 -0.03656030 -0.03457916
v -0.01144236 -0.04135046 -0.03410191
v -0.01084607 -0.03969614 -0.03430345
v -0.03309910 -0.04030512 -0.03312398
v -0.03264836 -0.03974798 -0.03383447
v -0.03252428 -0.04160800 -0.03366023
v -0.03340726 -0.03438879 -0.03363033
v -0.03343477 -0.03919503 -0.01470182
v -0.03337423 -0.03890312 -0.01471458
v -0.03313584 -0.03862557 -0.02014839
v -0.03264387 -0.04683965 -0.03297165
v -0.03326071 -0.03686232 -0.03360637
v -0.03346152 -0.03931893 -0.02920707
v -0.03355817 -0.03920921 -0.01899922
v -0.01600790 -0.04204472 -0.02745827
v -0.02660304 -0.04580242 -0.01722378
v 0.00114458 -0.04037989 0.00043785
v -0.01536793 -0.04378720 -0.01602428
v 0.00648934 -0.04352093 -0.01437163
v 0.00054747 -0.04096803 0.00086024
v -0.00314048 -0.04213515 -0.00970689
v -0.01440625 -0.04495112 -0.02566190
v -0.01586640 -0.04270393 -0.02151908
v -0.03382311 -0.03596490 -0.02523906
v -0.03412147 -0.03196489 -0.00988368
v -0.03356187 -0.03740041 -0.00941447
v -0.03362190 -0.03609829 -0.00645450
v -0.03395112 -0.03317952 -0.01196027
v -0.03291188 -0.03705506 -0.00974360
v -0.03293634 -0.03875739 -0.01303014
v -0.03307204 -0.04004826 -0.00085802
v -0.02854574 -0.03759486 -0.00902325
v -0.03309779 -0.03824003 -0.01180606
v -0.01256073 -0.04089941 -0.02632056
v -0.02505598 -0.04532303 -0.02392172
v -0.03348078 -0.04048713 -0.02440799
v -0.03350670 -0.03842769 -0.02184882
v -0.03366894 -0.03622108 -0.02496131
v -0.03363341 -0.03766822 -0.02786415
v -0.03354937 -0.03893820 -0.01963015
v -0.03349101 -0.03816307 -0.01090746
v -0.03357319 -0.03892149 -0.01993403
v -0.03408748 -0.03245129 -0.01910141
v -0.03354247 -0.03651781 -0.00480724
v -0.03399890 -0.03278663 -0.00754593
v -0.01371946 -0.04365466 -0.00494883
v -0.01736553 -0.04472563 -0.00403771
v -0.01364424 -0.04343391 -0.01479951
v -0.01092139 -0.04266938 -0.01192953
v -0.01740353 -0.04266338 -0.02828127
v -0.01655917 -0.04224157 -0.02750481
v -0.00641705 -0.04155681 -0.00694708
v -0.00872310 -0.04615371 -0.02468389
v -0.00128129 -0.04032006 -0.00203657
v -0.00565218 -0.04125031 -0.00671743
v -0.01142110 -0.03836742 -0.03386092
v -0.00919071 -0.03595359 -0.03410316
v -0.00979149 -0.03351481 -0.03490039
v -0.00439250 -0.04470420 -0.03354053
v -0.01127245 -0.03845358 -0.03406467
v -0.01344661 -0.03891518 -0.03427147
v -0.01695469 -0.04524459 -0.03375845
v -0.02033549 -0.03882735 -0.03455325
v -0.01525350 -0.03963549 -0.03346247
v -0.02324465 -0.03375506 -0.03485571
v -0.02358778 -0.03754848 -0.03455137
v -0.02662253 -0.04373480 -0.03393694
v -0.02609469 -0.03892071 -0.03434679
v -0.03281003 -0.03363904 -0.03428053
v -0.01261077 -0.03371770 -0.03360165
v -0.03306661 -0.04154632 -0.03296271
v -0.03280004 -0.04350853 -0.03321341
v -0.03300928 -0.04070964 -0.03322989
v -0.03337542 -0.04069695 -0.02925670
v -0.03332994 -0.03808291 -0.00285176
v -0.03198924 -0.04766679 0.00309389
v -0.03280411 -0.04303310 -0.00578182
v -0.01562545 -0.04566085 -0.02562539
v 0.00601588 -0.04023810 0.02179189
v 0.00776040 -0.03940108 0.02628466
v 0.02380851 -0.03799030 0.03064113
v -0.01006692 -0.04572152 -0.02465308
v -0.00688668 -0.03833882 -0.02774749
v 0.03250330 -0.03696441 -0.00916989
v 0.01424136 -0.04274041 0.01302315
v 0.03271934 -0.03883449 0.01248753
v 0.00921155 -0.03668592 0.03130723
v -0.02081082 -0.03992122 -0.03208145
v -0.01786274 -0.03887649 0.03298307
v -0.03295890 -0.03842526 -0.02214744
v 0.03318037 -0.03627117 -0.02416496
v 0.00965590 -0.03661990 0.03258435
v 0.01628011 -0.03907129 0.03278026
v 0.00820110 -0.03484564 0.03336665
v -0.00747164 -0.03632425 0.03245654
v -0.00890517 -0.03504907 0.03056710
v -0.01960840 -0.02775189 0.03449269
v -0.02336189 -0.03564530 -0.03230126
v -0.03067615 -0.03901039 -0.02382877
v 0.03443590 -0.03233384 0.01645196
v 0.03403915 -0.02908395 0.03191649
v -0.01746926 -0.02386736 0.03489698
v -0.01788001 -0.01753773 0.03544034
v -0.03398341 -0.02994804 0.00612107
v 0.02660943 -0.02172981 -0.03535853
v 0.01562694 -0.02828266 -0.03524017
v 0.03551691 -0.01807179 -0.00344630
v 0.03470254 -0.02209494 -0.02502031
v 0.03466117 -0.02611962 -0.01019588
v 0.03518797 -0.02047257 -0.01477761
v 0.03321622 -0.01612092 -0.03475336
v 0.03588632 -0.01230498 -0.01724862
v 0.03515733 -0.02126958 -0.00662912
v 0.03342996 -0.02000499 -0.03393587
v 0.02449534 -0.02442102 -0.03534146
v 0.01597108 -0.03077598 -0.03497410
v 0.03323164 -0.01707707 -0.03435255
v 0.03415406 -0.01246997 -0.03427510
v 0.03264359 -0.02538567 -0.03408055
v 0.03303363 -0.01736070 -0.03451364
v 0.02764584 -0.01996471 -0.03541396
v 0.02364398 -0.01488029 -0.03623468
v 0.01350778 -0.00943306 -0.03686727
v 0.01654926 -0.01156023 -0.03669162
v 0.00155066 -0.01183090 -0.03665762
v 0.00435342 -0.01643013 -0.03628501
v 0.00740241 -0.02319749 -0.03570494
v 0.01744956 -0.02353218 -0.03567624
v 0.02275020 -0.01011403 -0.03666555
v 0.02073576 -0.02056022 -0.03584186
v 0.01115757 -0.02968517 -0.03507112
v 0.00692612 -0.03571778 -0.03434976
v 0.01519754 -0.02799228 -0.03522934
v -0.00202061 -0.03151457 -0.03500720
v 0.00240714 -0.01966165 -0.03603645
v 0.02922353 -0.02779517 -0.03450725
v 0.03193973 -0.03095684 -0.03370347
v 0.03148586 -0.02755277 -0.03410087
v 0.02544188 -0.03306481 -0.03448237
v 0.03375316 -0.03440796 -0.02402949
v 0.03572938 -0.01448341 -0.00846406
v 0.03402360 -0.03301731 -0.01120390
v 0.03444808 -0.02951413 -0.00217154
v 0.03473411 -0.02551866 -0.00932664
v 0.03612223 -0.01011769 -0.00433730
v 0.03401420 -0.03307018 -0.02142144
v 0.03494823 -0.02132345 -0.02313203
v 0.03589345 -0.01219613 -0.01363599
v 0.03583970 -0.01419419 -0.00166029
v 0.03517199 -0.02252808 0.00200809
v 0.03617578 -0.00716057 -0.02110770
v 0.03552789 -0.01874080 0.01301027
v 0.03463324 -0.03026658 0.01484076
v 0.03525393 -0.01608300 0.02746929
v 0.03507677 -0.02091452 0.02452243
v 0.03024869 -0.00482351 0.03485360
v 0.03454597 -0.01098615 0.03363975
v 0.03426233 -0.01761467 0.03331186
v 0.01338113 -0.03273593 0.03334177
v 0.02667953 -0.03100967 0.03316709
v 0.02882911 -0.02915968 0.03315968
v 0.03387146 -0.02567045 0.03280497
v 0.02502510 -0.02125510 0.03409908
v 0.03442473 -0.01922262 0.03290694
v 0.03492831 -0.01915779 0.02967135
v 0.03458370 -0.02837907 0.02413065
v 0.03510066 -0.02368368 0.01807579
v 0.03573646 -0.01406691 0.01934932
v 0.03584337 -0.01389169 0.01594455
v 0.03513462 -0.02364757 0.00825473
v 0.03577838 -0.01559173 0.00749692
v 0.03510470 -0.02276219 0.01958552
v 0.01727421 -0.00897119 0.03548524
v 0.03483426 -0.02699332 0.00599805
v 0.03488385 -0.02569963 0.00117552
v 0.03398866 -0.03488861 0.00726383
v 0.03424712 -0.03257075 0.01711661
v 0.03459047 -0.03039581 0.01642019
v 0.03450633 -0.03131348 0.01100414
v 0.03466103 -0.02946637 0.00874041
v 0.03482460 -0.02699144 0.00491635
v 0.03437699 -0.02256137 0.03215275
v 0.02004761 -0.02692912 0.03385764
v 0.01787581 -0.02594420 0.03401437
v 0.02798175 -0.02596785 0.03347898
v 0.03317880 -0.03179252 0.03255530
v 0.01068641 -0.02664719 0.03410775
v 0.01965106 -0.02451182 0.03407633
v 0.01894382 -0.03124852 0.03352752
v 0.02273523 -0.00954989 0.03516763
v 0.01318953 -0.02172869 0.03452930
v 0.02235169 -0.01454808 0.03481536
v 0.02281831 -0.01523872 0.03470392
v 0.02148073 -0.01503959 0.03482486
v 0.02121606 -0.02032747 0.03434587
v 0.02086374 -0.02227367 0.03422745
v 0.00582642 -0.02535918 0.03430818
v -0.00384573 -0.00647613 0.03642909
v 0.03490990 -0.01412688 0.03232328
v -0.03229890 -0.02733688 0.03167884
v -0.03210723 -0.02725860 0.03171254
v -0.03330005 -0.01351266 0.03251088
v -0.01153706 -0.01718921 0.03558804
v 0.00435325 -0.01786889 0.03501878
v -0.01858989 -0.01285141 0.03575773
v -0.01226396 -0.03278232 0.03398651
v -0.02851927 -0.03001185 0.03291911
v -0.02335078 -0.01885789 0.03490002
v -0.03298653 -0.02716319 0.02935317
v -0.03307226 -0.01834084 0.03214048
v -0.03233452 -0.02413111 0.03193974
v -0.03272984 -0.02220145 0.03196270
v -0.03241155 -0.02870349 0.03142710
v -0.03263006 -0.02473251 0.03174040
v -0.03416354 -0.02959434 -0.00000739
v -0.03423087 -0.02835122 0.00134765
v -0.03425739 -0.02762068 0.00296262
v -0.03487723 -0.01742660 0.01013984
v -0.03447000 -0.02351756 0.00725685
v -0.03513872 -0.01615722 0.00118995
v -0.03274426 -0.01669664 0.03242105
v -0.03298135 -0.01308205 0.03266736
v -0.03392342 -0.01358742 0.02898778
v -0.02884455 -0.01516820 0.03410917
v -0.02512383 -0.01152528 0.03514887
v -0.00908835 -0.00920248 0.03631436
v -0.02172120 -0.02016393 0.03490915
v -0.00495892 -0.02684551 0.03448813
v -0.01351022 -0.02363020 0.03495703
v 0.00232475 -0.02779736 0.03416717
v -0.00216317 -0.01904963 0.03517814
v -0.00265412 -0.02937172 0.03415513
v -0.03512612 -0.01232104 0.01489447
v -0.03432727 -0.02239965 0.01693615
v -0.03501331 -0.01917238 -0.00317687
v -0.03538132 -0.01184471 0.00302426
v -0.03495742 -0.01929878 -0.00059446
v -0.03359829 -0.02844787 0.02222803
v -0.03406107 -0.02652917 0.01466345
v -0.03365136 -0.03206088 0.01373252
v -0.03410854 -0.02782376 0.00804610
v -0.03357714 -0.03244388 0.01419169
v -0.03417701 -0.02879917 0.00198842
v -0.03239958 -0.02766451 0.03161957
v -0.03240600 -0.02711612 0.03163177
v -0.03265498 -0.02500596 0.03170495
v -0.03318606 -0.02114690 0.03139312
v -0.03270198 -0.01767245 0.03234347
v -0.03260322 -0.01905066 0.03223975
v -0.03255994 -0.02142632 0.03210134
v -0.03168751 -0.02570755 0.03236922
v -0.03199120 -0.03129355 0.03142115
v -0.02345767 -0.02159581 0.03459588
v -0.02542425 -0.03168811 0.03346329
v -0.02025567 -0.02391344 0.03474019
v -0.02219223 -0.02031792 0.03487647
v -0.02173486 -0.02187159 0.03477392
v -0.02258704 -0.02128101 0.03474473
v -0.03195207 -0.01904601 0.03290321
v -0.03264221 -0.01821110 0.03230398
v -0.02428226 -0.02447801 0.03424528
v -0.03455699 -0.02665735 -0.01036056
v -0.03348045 -0.02831942 -0.03441512
v -0.03533905 -0.01535801 -0.01645062
v -0.03500923 -0.02031834 -0.01146488
v -0.03476382 -0.02358020 -0.01770121
v -0.03481869 -0.02033803 -0.02505371
v -0.03441772 -0.01633147 -0.03504176
v -0.01478293 -0.01984664 -0.03601628
v -0.02353382 -0.01498614 -0.03606779
v -0.01272400 -0.02845108 -0.03543629
v -0.03452479 -0.02579433 -0.00312329
v -0.03433656 -0.02743814 -0.00053393
v -0.03414088 -0.03118126 -0.02302877
v -0.03407607 -0.03229989 -0.01616889
v -0.03527550 -0.01411612 0.00111318
v -0.03479676 -0.02293710 -0.00728956
v -0.03471186 -0.02259675 -0.00052592
v -0.03434610 -0.02837824 -0.00479867
v -0.03474275 -0.02070043 0.00459960
v -0.03511992 -0.01554595 -0.02565828
v -0.03456937 -0.02089838 -0.02927035
v -0.03448274 -0.02620534 -0.02234520
v -0.03427034 -0.02976905 -0.00738206
v -0.03422484 -0.02784571 -0.02740486
v -0.03411773 -0.02835769 -0.02910788
v -0.03423842 -0.02964440 -0.02210208
v -0.03466002 -0.02390524 -0.00211785
v -0.03434148 -0.02897323 -0.01644482
v -0.03405654 -0.03266569 -0.01343106
v -0.03430474 -0.02838718 -0.02288623
v -0.03407572 -0.03107537 -0.02684511
v -0.03371295 -0.02031298 -0.03506457
v -0.03413221 -0.01890959 -0.03476756
v -0.03378207 -0.01840055 -0.03511203
v -0.03421728 -0.02091616 -0.03432715
v -0.03493852 -0.01368723 -0.03111952
v -0.01779793 -0.01233524 -0.03648650
v -0.02795413 -0.01323495 -0.03592756
v -0.02183644 -0.00797543 -0.03668024
v -0.03017706 -0.01636437 -0.03561578
v -0.00594096 -0.01845106 -0.03615771
v -0.01068953 -0.02089898 -0.03595812
v -0.01428193 -0.02429176 -0.03569821
v -0.01608338 -0.03228895 -0.03521450
v -0.00575409 -0.02955261 -0.03526262
v -0.02582741 -0.03235810 -0.03483032
v -0.02674647 -0.02748331 -0.03512232
v -0.03385543 -0.02921541 -0.03275806
v -0.03343486 -0.02381745 -0.03473850
v -0.03402219 -0.02095599 -0.03464130
v -0.03384922 -0.02545662 -0.03434653
v -0.02008873 -0.03266889 -0.03506679
v -0.03372728 -0.02378696 -0.03459192
v 0.03442726 -0.03152506 0.00728578
v -0.03596491 -0.00389977 0.00040878
v 0.03755934 0.00956559 -0.00587615
v 0.03735732 0.00657258 -0.00416364
v 0.03755479 0.00977840 -0.01074938
v 0.03640400 -0.00569843 -0.01476750
v 0.02323209 -0.00354514 -0.03733480
v 0.01762069 -0.00816544 -0.03695721
v 0.00807444 -0.00589606 -0.03713321
v 0.01141112 0.00707759 -0.03812706
v 0.00497234 -0.00439897 -0.03723795
v 0.03148980 0.00266643 -0.03697167
v 0.03551538 0.00520758 -0.03437857
v 0.02865862 -0.00836150 -0.03628289
v 0.03642279 0.00313485 -0.02784264
v 0.03471492 0.00274849 -0.03599446
v 0.03575292 -0.00663485 -0.02737380
v 0.03699583 0.01023673 -0.02780548
v 0.03388634 -0.00862757 -0.03519368
v 0.03642033 -0.00214184 -0.02521685
v 0.02875464 -0.01557287 -0.03572896
v 0.02716467 0.00896369 -0.03798212
v 0.03201778 0.01234696 -0.03760683
v 0.02038422 0.00627940 -0.03808019
v 0.00826913 0.00165462 -0.03773089
v 0.00173454 -0.00776419 -0.03696895
v 0.03705725 0.00112568 0.00400182
v 0.03732487 0.00921790 -0.02149125
v 0.03646282 -0.00540928 -0.00819671
v 0.03659520 -0.00329901 -0.01084796
v 0.03638975 -0.00589108 -0.01502679
v 0.03682604 -0.00059795 -0.00922779
v 0.03627463 -0.00785654 -0.00916211
v 0.03671913 -0.00063556 -0.01838348
v 0.03527502 -0.01472570 -0.02399562
v 0.03672681 -0.00156747 -0.01374533
v 0.03747851 0.00986962 -0.01623095
v 0.03698162 0.00125928 -0.00615688
v 0.03702551 0.00161972 -0.00043404
v 0.03817948 0.01865512 -0.00135336
v 0.03778996 0.01205126 0.00160403
v 0.03750282 0.00860462 -0.00279191
v 0.03740998 0.00726278 -0.00371563
v 0.03736508 0.00636884 -0.00436554
v 0.03776714 0.01213364 -0.00205745
v 0.02943490 0.00141735 0.03535447
v 0.02704064 -0.00795614 0.03504560
v 0.03688569 0.00784302 0.02641694
v 0.03604007 -0.00614390 0.02601709
v 0.03635541 -0.00801824 0.01017468
v 0.03658309 -0.00531391 0.00403973
v 0.03688876 -0.00059184 0.00506967
v 0.03556987 0.00073487 0.03407450
v 0.03573211 0.00078566 0.03346688
v 0.03519672 -0.00660360 0.03342522
v 0.03350595 0.00160440 0.03470017
v 0.03319254 0.01737672 0.03579150
v 0.00053800 -0.00008916 0.03685474
v 0.00231406 0.00631423 0.03734022
v 0.00995281 -0.01646302 0.03499439
v 0.03735703 0.00596372 0.00429635
v 0.03756028 0.00895917 0.00207733
v 0.03597804 -0.01265789 -0.00002556
v 0.03715843 0.00514051 0.01880734
v 0.03697944 0.00106171 0.01246493
v 0.03725341 0.00591162 0.01656110
v 0.03678505 0.00372369 0.02514133
v 0.03751620 0.01139843 0.02011812
v 0.03661251 -0.00371520 0.01706872
v 0.03642684 -0.00498618 0.02004134
v 0.00129711 -0.00178141 0.03666954
v 0.01181394 -0.01345176 0.03524233
v 0.01419759 -0.00098284 0.03621392
v 0.01010943 0.00907636 0.03714128
v 0.01540579 0.00635033 0.03670927
v 0.00916752 -0.00589667 0.03595497
v 0.01874117 0.00958461 0.03677783
v 0.02088451 -0.02261456 0.03422494
v 0.02332233 0.00567475 0.03621290
v 0.02861715 0.00482010 0.03578278
v 0.03432943 0.00188750 0.03453063
v 0.03604092 0.01119583 0.03473983
v 0.03571545 0.00411209 0.03429137
v -0.02542321 -0.00089127 0.03592255
v -0.03598575 -0.00446078 -0.01989773
v -0.03575644 -0.00367264 0.01316075
v -0.03325813 -0.00907253 0.03290982
v -0.03521255 0.00140415 0.02677163
v -0.00665011 0.00641111 0.03771743
v -0.00705348 -0.00360301 0.03677107
v -0.00169623 -0.00609650 0.03640367
v -0.03574099 -0.00192160 0.01633241
v -0.03547494 -0.00984513 0.00736199
v -0.03547617 -0.01096386 0.00252445
v -0.03548528 -0.01056653 0.00232321
v -0.03586628 -0.00444072 0.00294819
v -0.03521496 -0.00041370 0.02632926
v -0.03610942 -0.00113692 0.00127601
v -0.03254150 0.00420935 0.03474341
v -0.03476053 0.00940240 0.03379917
v -0.03063223 -0.00277704 0.03460970
v -0.03306852 -0.01173859 0.03273773
v -0.03306888 -0.00700373 0.03338425
v -0.03382746 -0.00192803 0.03343667
v -0.03426563 0.00260529 0.03350059
v -0.03439185 0.00435422 0.03361777
v -0.03504996 0.00398928 0.02929345
v -0.03387870 -0.00461934 0.03302551
v -0.03367905 -0.00700143 0.03292006
v -0.03500879 -0.00494478 0.02472278
v -0.03436537 0.00348288 0.03349105
v -0.03383557 -0.00490466 0.03303452
v -0.03439389 0.00057182 0.03219124
v -0.03566451 0.00122685 0.02163025
v -0.02252013 -0.00672959 0.03602301
v -0.02416542 0.00842420 0.03691296
v -0.02989789 0.01117784 0.03590571
v -0.01540124 0.00798984 0.03770084
v -0.01630348 -0.00285213 0.03677301
v -0.01006987 0.00572090 0.03764803
v -0.02153360 0.00079052 0.03665711
v -0.01141998 0.00307332 0.03740162
v 0.00032365 0.00957786 0.03771863
v -0.01005592 -0.00424839 0.03682390
v -0.01044172 -0.00150793 0.03699972
v -0.01288655 -0.00243531 0.03688444
v -0.01006706 -0.00072431 0.03705892
v -0.01338575 -0.00272606 0.03684477
v -0.03647665 0.00571285 0.00612669
v -0.03591815 -0.00236664 0.00836418
v -0.03622056 0.00671293 0.01874497
v -0.03563749 0.00161185 0.02224900
v -0.03557584 0.00329061 0.02441940
v -0.03524381 0.00133857 0.02622369
v -0.03528899 -0.00770848 0.01834424
v -0.03569853 -0.00696677 0.00411397
v -0.03594811 -0.00423738 0.00083497
v -0.03610120 -0.00194577 -0.02128892
v -0.03627287 0.00012159 -0.00331048
v -0.03460795 -0.00421491 -0.03600106
v -0.03656429 0.00456018 -0.00493887
v -0.03687070 0.00882202 -0.01156125
v -0.03612025 -0.00279445 -0.00502455
v -0.03656576 0.00569795 -0.02127631
v -0.03594638 -0.00476219 -0.00159290
v -0.03490276 -0.00742843 -0.03548774
v -0.03534245 -0.00003961 -0.03585351
v -0.03486624 -0.00329323 -0.03593010
v -0.03596522 0.00619196 -0.03404905
v -0.03618169 0.00242505 -0.02664909
v -0.02351950 -0.00292193 -0.03697911
v -0.03564103 -0.00915786 -0.02088754
v -0.02355466 -0.00989732 -0.03645543
v -0.02730906 0.00586084 -0.03739199
v -0.01190878 0.01234466 -0.03835338
v -0.00044428 0.00274745 -0.03776044
v -0.03687786 0.00931330 -0.00823872
v -0.03669091 0.00734526 -0.00123233
v -0.03631497 0.00007856 -0.01003868
v -0.03543970 -0.01116132 -0.02368988
v -0.03622514 0.00255510 -0.02545049
v -0.03687387 0.00922461 -0.01319487
v -0.03609123 -0.00346519 -0.01630843
v -0.03536861 -0.01469698 -0.00825458
v -0.03560474 -0.01090823 -0.00497135
v -0.03591677 -0.00664057 -0.01328083
v -0.03537195 -0.00007426 -0.03572085
v -0.03605127 0.00390399 -0.03068389
v -0.03552484 0.00752048 -0.03662692
v -0.03417968 -0.00476762 -0.03610134
v -0.03475075 0.00687940 -0.03686053
v -0.03605787 0.01374970 -0.03674669
v -0.03445324 -0.00679495 -0.03580985
v -0.03461735 -0.01350161 -0.03490349
v -0.03449344 -0.00610751 -0.03589305
v -0.03410246 -0.00990403 -0.03567899
v -0.03531924 -0.00284610 -0.03529133
v -0.02562532 -0.00756749 -0.03655533
v -0.02165890 -0.00782640 -0.03669400
v -0.01760833 -0.00660514 -0.03691638
v -0.01975051 0.00395765 -0.03761616
v -0.01298490 0.00390371 -0.03775715
v -0.00793574 0.00853951 -0.03812586
v -0.01618814 -0.00165256 -0.03731409
v -0.02107193 -0.00439534 -0.03697452
v -0.01383144 0.00179209 -0.03756740
v -0.02042800 -0.00388527 -0.03703193
v -0.01334004 -0.00513187 -0.03708234
v -0.00665323 -0.00065241 -0.03748940
v -0.01061240 -0.00582940 -0.03710246
v -0.01242089 -0.01122622 -0.03667057
v 0.02655058 0.01991531 -0.03873020
v 0.03722350 0.02579287 -0.03516536
v 0.01549964 0.02664637 -0.03934237
v 0.02040593 0.01261479 -0.03848292
v 0.03729018 0.01362272 -0.02674652
v 0.03481546 0.01078219 -0.03683789
v 0.03843782 0.02315127 -0.00678186
v 0.03635930 0.02258338 -0.03740600
v 0.03748519 0.01293613 -0.02288124
v 0.03784398 0.02116811 -0.02610947
v 0.03685711 0.01392859 -0.03096338
v 0.03741921 0.02292538 -0.03185686
v 0.02135329 0.01529758 -0.03863050
v 0.03204129 0.01943311 -0.03816127
v 0.00879909 0.03113994 -0.03965916
v 0.00525777 0.01452829 -0.03866612
v 0.00832846 0.02325828 -0.03922376
v 0.01938257 0.01379200 -0.03856585
v 0.03565649 0.01548561 -0.03699748
v 0.02643492 0.01251888 -0.03825259
v 0.03583479 0.02612794 -0.03819716
v 0.02823042 0.03047483 -0.03930364
v 0.03745146 0.01061282 -0.01917754
v 0.03815458 0.02009023 -0.01527404
v 0.03856935 0.02907003 -0.01927435
v 0.03839395 0.02364732 -0.01367974
v 0.03850697 0.02408473 -0.00489706
v 0.03795243 0.01530959 -0.00641694
v 0.03784588 0.01364004 -0.00915478
v 0.03790751 0.01403852 -0.00061228
v 0.03827048 0.01916225 0.00312248
v 0.03854824 0.02507284 -0.00695845
v 0.03806785 0.02452536 -0.02559211
v 0.03755812 0.01613367 -0.02579321
v 0.01192344 0.01121451 -0.03842944
v 0.03767710 0.01104212 -0.00514224
v 0.02458817 0.01542068 0.03673304
v 0.03786903 0.01400267 0.01151500
v 0.03691013 0.02016300 0.03484987
v 0.03761508 0.01214958 0.01810257
v 0.01119465 0.01584571 0.03763421
v 0.03760432 0.00946634 0.00834148
v 0.03736298 0.01056621 0.02303585
v 0.03716424 0.01230707 0.02748221
v 0.03716558 0.01410121 0.02886422
v 0.00987266 0.02072475 0.03805561
v 0.00422682 0.01389398 0.03789092
v 0.01668807 0.00915625 0.03685521
v 0.03031297 0.01280367 0.03603227
v 0.03796076 0.01765424 0.01771220
v 0.03710639 0.02490649 0.03523028
v 0.03793484 0.02076819 0.02418145
v 0.03679712 0.02545874 0.03555454
v 0.03385858 0.01993338 0.03581954
v 0.03803415 0.02596829 0.02813208
v 0.03641306 0.01347790 0.03464065
v 0.03799971 0.01554576 0.00663467
v 0.02367426 0.01917235 0.03702360
v 0.00543438 0.02144556 0.03838514
v 0.03473953 0.02658196 0.03602054
v 0.03861606 0.02686368 0.01442140
v 0.03866516 0.02817415 0.01580688
v 0.03871420 0.02673605 0.00309774
v 0.03827735 0.01998602 0.00892423
v 0.02064412 0.02028297 0.03734242
v 0.00292693 0.02429553 0.03877332
v 0.02312747 0.02613862 0.03752989
v 0.02034876 0.02413982 0.03763625
v 0.01765412 0.02024505 0.03755509
v 0.02290810 0.01438428 0.03679882
v -0.03466642 0.01956414 0.03520625
v -0.00470627 0.02286799 0.03899197
v -0.00405064 0.02731632 0.03933217
v -0.00445526 0.01528043 0.03836451
v -0.01077999 0.00049894 0.03717051
v -0.00641472 0.02439346 0.03913953
v -0.03593971 0.02700718 0.03522888
v -0.03680651 0.01131272 0.01291548
v -0.03518100 0.02385662 0.03525853
v -0.03694131 0.01852207 0.02051032
v -0.01198294 0.01786893 0.03863516
v -0.00740763 0.03007939 0.03964869
v -0.00811979 0.02453293 0.03920309
v -0.00281444 0.02169666 0.03886120
v -0.02294971 0.02118769 0.03804348
v -0.03555624 0.02074030 0.03469632
v -0.03565046 0.02261940 0.03491275
v -0.03618757 0.02665865 0.03505659
v -0.03577349 0.01952617 0.03263283
v -0.03776714 0.03287422 0.02311034
v -0.03702066 0.02479382 0.02536730
v -0.03645189 0.01480613 0.02354207
v -0.03457567 0.00792378 0.03391679
v -0.03640015 0.02139008 0.02928782
v -0.02960458 0.03189349 0.03754667
v -0.02604068 0.02936582 0.03815072
v -0.03789412 0.02766281 0.00188839
v -0.03795958 0.02778333 0.00913145
v -0.03778842 0.03057595 0.01940116
v -0.03754258 0.02391000 0.01585239
v -0.03776295 0.02467360 0.00834428
v -0.03683080 0.01099929 0.00855911
v -0.02617181 0.01285839 0.03693480
v -0.01939072 0.01558926 0.03802052
v -0.02248570 0.01488048 0.03760183
v -0.03469711 0.01331726 0.03449887
v -0.03490004 0.01204753 0.03408920
v -0.03505394 0.01395214 0.03414956
v -0.03036235 0.01343786 0.03593958
v -0.03401512 0.00624292 0.03415871
v -0.03439524 0.00491770 0.03368861
v -0.03584479 0.01481338 0.02935223
v -0.01291621 0.01316141 0.03821901
v -0.00812427 0.01653429 0.03853401
v -0.03725016 0.01663238 0.00197885
v -0.03749067 0.02059812 0.00750036
v -0.03600406 0.01405819 0.02751706
v -0.03611421 0.01235586 -0.03642348
v -0.02004291 0.01333359 -0.03823548
v -0.00523422 0.00933212 -0.03822426
v -0.03706398 0.01630390 -0.02476116
v -0.02484953 0.00945483 -0.03782752
v -0.03672441 0.01607070 -0.03198404
v -0.01654624 0.03000167 -0.03942279
v -0.03686516 0.01732242 -0.03106769
v -0.02108099 0.02057713 -0.03870300
v -0.03698336 0.02251741 -0.03298884
v -0.03663592 0.01932826 -0.03598078
v -0.03784063 0.03023545 -0.01709271
v -0.03669313 0.02311485 -0.03720292
v -0.03623533 0.02338790 -0.03779130
v 0.00191333 0.02581431 -0.03944410
v -0.01710149 0.01091824 -0.03814298
v -0.03577947 0.01318981 -0.03705234
v -0.03769750 0.03026738 -0.02800030
v -0.03761117 0.02646838 -0.02507575
v -0.03637459 0.01733746 -0.03678481
v -0.03717399 0.01988066 -0.02834758
v -0.03751510 0.02540753 -0.02658254
v -0.03698315 0.02866458 -0.03774081
v -0.03645012 0.02431389 -0.03760721
v -0.03704169 0.02668450 -0.03537872
v -0.03646581 0.01990024 -0.03706386
v -0.03711100 0.01610362 -0.02343309
v -0.03712220 0.01797059 -0.02540711
v -0.03587276 0.01848590 -0.03751717
v -0.03690878 0.01317717 -0.02494532
v -0.03711910 0.01550966 -0.02173801
v -0.03683316 0.00996291 -0.02246487
v -0.03732766 0.01845356 -0.01894896
v -0.03711315 0.01397004 -0.01659853
v -0.03732441 0.01727465 -0.00432132
v -0.03685849 0.01048491 -0.00092019
v -0.03766079 0.02324720 -0.00811460
v -0.03750339 0.02049255 -0.00784035
v -0.03728565 0.01676593 -0.01069981
v -0.03762756 0.02509700 -0.02081286
v -0.03713081 0.01374403 -0.01016112
v -0.03692568 0.01033946 -0.01080004
v -0.02419376 0.02916566 -0.03914429
v -0.02430963 0.02218967 -0.03868313
v -0.03078380 0.01486624 -0.03779693
v -0.03662281 0.02625428 -0.03769776
v -0.03624908 0.01503475 -0.03660549
v -0.03601659 0.01136771 -0.03647938
v -0.00176855 0.01510833 -0.03866897
v -0.00738310 0.00988102 -0.03823483
v -0.00893116 0.01701924 -0.03872343
v -0.00090837 0.01735104 -0.03884139
v 0.00007926 0.01954041 -0.03899702
v -0.01508899 0.02500676 -0.03917889
v -0.01644389 0.03706127 0.03906709
v -0.02311678 0.03275212 0.03822438
v 0.03824781 0.04570245 0.02125079
v -0.03763362 0.03964246 -0.03796067
v 0.03648425 0.03246161 -0.03844905
v 0.03857628 0.02996264 -0.01918736
v 0.03859871 0.02981456 -0.01935361
v 0.03847911 0.03984551 -0.03083738
v 0.03878410 0.03838148 -0.00385032
v 0.01663691 0.03790440 -0.04000556
v 0.02215198 0.03549460 -0.03968418
v 0.03612782 0.03282844 -0.03875865
v 0.01034684 0.03058914 -0.03961827
v 0.02325652 0.03412929 -0.03928453
v 0.03763539 0.02985652 -0.03390491
v 0.00947230 0.03583803 -0.03980665
v 0.01191512 0.03197359 -0.03856870
v 0.01002877 0.03101243 -0.03933447
v 0.00253456 0.03169255 -0.03968528
v 0.00881587 0.03123949 -0.03961997
v 0.03700252 0.02742067 -0.03661507
v 0.03612268 0.03172348 -0.03859138
v 0.03869209 0.03058624 -0.01185995
v 0.03883970 0.03164370 -0.00882742
v 0.03807459 0.04531504 -0.01110743
v 0.03870115 0.02992308 -0.01588375
v 0.03848685 0.03400170 -0.02528258
v 0.03780976 0.03845037 -0.03775900
v 0.03730772 0.03999124 -0.03902603
v 0.03824349 0.02817688 -0.02649394
v 0.03832432 0.04509835 -0.01382823
v 0.00639536 0.04570141 -0.03881258
v 0.00771386 0.03320920 -0.03952780
v 0.01754361 0.03669435 -0.03982649
v 0.01842881 0.03638970 -0.03977587
v 0.01549043 0.03655932 -0.03974462
v 0.03685948 0.04164393 -0.03932768
v 0.02821720 0.04541047 -0.03931030
v 0.02303711 0.04283048 -0.03943445
v 0.02508237 0.03642257 -0.03964916
v 0.02138546 0.03553617 -0.03973312
v 0.02354765 0.03195798 -0.03941980
v 0.02124387 0.03056857 -0.03947145
v 0.00831629 0.03415925 -0.03921974
v 0.00697725 0.03341392 -0.03985216
v 0.03659520 0.03125013 -0.03830144
v 0.03854993 0.03604077 -0.01664659
v 0.03849761 0.03411150 -0.00949078
v 0.03877364 0.03439222 -0.00817801
v 0.03882605 0.03598077 -0.00460199
v 0.03883779 0.03057556 -0.00114676
v 0.03888524 0.03477624 -0.00053708
v 0.03885500 0.03510911 -0.00485638
v 0.03890269 0.03675753 -0.01303256
v 0.03854178 0.03007020 -0.01959779
v 0.03874542 0.02966565 -0.01276544
v 0.03848794 0.03378283 -0.02788796
v 0.03852134 0.03040423 -0.02161290
v 0.03834461 0.02995423 -0.01690442
v 0.03848629 0.03160067 -0.02446168
v 0.03879290 0.03663990 -0.02021442
v 0.03852492 0.03485997 -0.02099311
v 0.03804398 0.03162262 -0.02421307
v 0.03843378 0.03086685 -0.02303515
v 0.03811003 0.04492107 -0.03881240
v 0.03769483 0.03299424 -0.03520238
v 0.03673786 0.03255654 -0.03836456
v 0.03846723 0.03164563 -0.02438119
v 0.02467182 0.03419067 0.03653037
v 0.01257810 0.03683198 0.03905249
v 0.02410500 0.03940134 0.03829186
v 0.03897586 0.03729832 0.00759262
v 0.03884904 0.03056300 0.01034222
v 0.03480383 0.03549714 0.03652097
v 0.02442634 0.03351871 0.03782780
v 0.03752407 0.03624574 0.03608927
v 0.03871131 0.03087582 0.01957145
v 0.03836487 0.04206186 0.03595940
v 0.03734630 0.03279963 0.03571351
v 0.03414803 0.04591274 0.03710154
v 0.03836129 0.03547696 0.02160797
v 0.03893415 0.03507230 0.00693369
v 0.03890286 0.03245621 0.00294160
v 0.03900880 0.03713010 0.01535147
v 0.03741032 0.03108780 0.03575388
v 0.02442924 0.03419868 0.03663362
v -0.00430398 0.03590793 0.03778372
v 0.00841517 0.03713775 0.03718963
v 0.00951842 0.03558283 0.03897501
v 0.00845485 0.03518383 0.03826054
v 0.00987572 0.03518659 0.03761303
v 0.02368092 0.03507172 0.03761727
v 0.01281040 0.04096111 0.03707841
v 0.00620054 0.04304094 0.03987639
v 0.01168584 0.03409405 0.03747346
v 0.00333140 0.04014501 0.03989770
v 0.01224487 0.03181135 0.03731458
v 0.01229523 0.03188359 0.03726348
v 0.01295840 0.03172291 0.03724997
v 0.01453260 0.03028593 0.03758088
v 0.01546777 0.03114696 0.03732219
v 0.01495894 0.03145909 0.03716403
v 0.02575037 0.03195903 0.03760407
v 0.01466748 0.03028849 0.03800643
v 0.01136910 0.04146638 0.03807583
v 0.03225186 0.03234815 0.03673359
v 0.03060787 0.02060681 0.03637846
v 0.02727345 0.03321507 0.03753025
v 0.02987876 0.04278439 0.03775596
v 0.03497826 0.02791979 0.03606827
v 0.03850037 0.03335001 0.02897130
v 0.03753514 0.03289870 0.03553938
v 0.03291836 0.03925057 0.03703098
v 0.03876798 0.04116077 0.03079765
v 0.03893261 0.03611478 0.02215282
v 0.03877410 0.03957690 0.00158269
v 0.03878387 0.04030049 0.00587750
v 0.03814402 0.04553842 0.00743858
v 0.03865073 0.03321958 0.00610599
v 0.03728627 0.03178973 0.01038402
v 0.03843558 0.03074136 0.01816356
v 0.03853901 0.03041038 0.01280369
v 0.03879685 0.03005329 0.01399589
v 0.03849129 0.03244383 0.02209207
v 0.03906508 0.04108592 0.01781979
v 0.03742663 0.03372051 0.01128333
v 0.01713683 0.03273876 0.03672843
v 0.02212832 0.04243974 0.03645749
v 0.01190916 0.04091651 0.03682517
v 0.00854571 0.03231814 0.03857710
v 0.00994628 0.03815896 0.03723628
v 0.00733668 0.03673116 0.03746763
v 0.00132765 0.03923564 0.03708075
v 0.00263205 0.03680036 0.03734070
v 0.00001060 0.03695356 0.03881983
v 0.00367339 0.03705493 0.03748896
v 0.01081022 0.04228583 0.03897917
v 0.00870847 0.03506173 0.03840242
v 0.00974042 0.03534905 0.03814289
v 0.00798041 0.03580636 0.03724546
v 0.00839703 0.03632936 0.03749082
v 0.01812358 0.03723624 0.03871945
v 0.02445477 0.03392527 0.03785508
v 0.02308106 0.04564261 0.03886113
v 0.00073484 0.04373631 0.03647850
v 0.01304310 0.04109092 0.03686683
v 0.01027802 0.04100078 0.03861959
v 0.01352220 0.04153893 0.03847747
v 0.00675168 0.04332812 0.04002799
v 0.01631535 0.04565686 0.03944355
v 0.00460020 0.04104706 0.03960545
v 0.01572597 0.03738643 0.03891744
v 0.00947040 0.03576102 0.03918522
v 0.00437690 0.03753680 0.03970669
v 0.00732309 0.03679943 0.03747358
v 0.00390781 0.03256171 0.03939607
v 0.00466918 0.03884003 0.03981403
v 0.00813890 0.03380911 0.03897963
v 0.00842436 0.03193786 0.03773819
v 0.00874851 0.03198692 0.03896015
v 0.00842205 0.03241857 0.03768591
v 0.01052904 0.03093044 0.03819964
v 0.00789910 0.03313006 0.03785454
v 0.00800874 0.03374239 0.03820601
v 0.01127171 0.03238341 0.03723647
v 0.01152198 0.03051036 0.03768738
v 0.01483857 0.03148767 0.03714233
v 0.01006864 0.03219154 0.03752205
v 0.01308353 0.03035093 0.03823319
v 0.01801075 0.03031239 0.03816505
v 0.02180889 0.03116834 0.03725438
v 0.01745281 0.03019429 0.03737309
v 0.02331100 0.03165223 0.03778648
v 0.01592911 0.03013220 0.03823510
v 0.01691619 0.03147056 0.03705519
v 0.02026437 0.03078684 0.03734983
v 0.01831072 0.03153986 0.03697467
v 0.02434572 0.03329347 0.03706045
v 0.02190842 0.03244124 0.03677532
v 0.02350745 0.03227898 0.03701867
v 0.02056724 0.03080309 0.03800273
v -0.01785677 0.03005831 0.03879488
v -0.01299589 0.03670235 0.03970081
v -0.01151569 0.03628892 0.03979040
v -0.02326134 0.03380666 0.03821704
v -0.02505613 0.03634212 0.03877009
v -0.00461893 0.02901227 0.03950533
v -0.02017316 0.03240928 0.03722264
v -0.01517704 0.02991323 0.03933387
v -0.01595030 0.02938030 0.03934891
v -0.01288310 0.02996833 0.03813302
v -0.01542519 0.02987931 0.03934259
v -0.01777806 0.03626050 0.03854895
v -0.02239885 0.03191587 0.03728219
v -0.02294047 0.03264338 0.03770695
v -0.02362430 0.03309807 0.03878644
v -0.02254608 0.03168150 0.03854996
v -0.02292623 0.03316037 0.03848419
v -0.01586300 0.02924075 0.03798428
v -0.00720592 0.03395663 0.03978091
v 0.00048397 0.03372355 0.03963858
v -0.00656058 0.03170633 0.03804173
v -0.00189472 0.03428162 0.03982333
v -0.00984873 0.03515029 0.03678718
v -0.00374318 0.04092941 0.04015677
v -0.01497965 0.03687211 0.04000424
v -0.03699176 0.03856071 0.03599451
v -0.03755120 0.02679555 0.01942255
v -0.03742204 0.02907079 0.02436668
v -0.02776595 0.03872241 0.03838722
v -0.03772312 0.03289738 0.02362329
v -0.03674664 0.03210525 0.03534165
v -0.03717393 0.03749449 0.03589458
v -0.03632392 0.02972808 0.03537419
v -0.03573822 0.02537066 0.03510635
v -0.03771218 0.04548002 0.03627195
v -0.03718800 0.04177173 0.03613855
v -0.03720386 0.03004283 0.02859323
v -0.03816246 0.03538493 0.00706921
v -0.03785933 0.04257219 0.00294078
v -0.03794808 0.04015212 -0.00124774
v -0.03807713 0.03223515 0.00706250
v -0.03763769 0.03289789 0.00699045
v -0.03794225 0.04246429 0.01869042
v -0.03794417 0.04244258 0.01781687
v -0.03807622 0.04221387 0.02117629
v -0.03807233 0.03617628 0.02031965
v -0.03800616 0.04085109 0.01985436
v -0.03800047 0.03028027 0.01275288
v -0.00066471 0.03603102 0.03750445
v -0.01569877 0.03904865 0.03730666
v -0.00854122 0.02738284 0.03941582
v -0.00333640 0.02868763 0.03943178
v -0.00397268 0.02855908 0.03944973
v -0.01849351 0.03013300 0.03916609
v -0.01395823 0.02985390 0.03948332
v -0.02336719 0.03368007 0.03877799
v -0.02244599 0.03108480 0.03878658
v -0.01804765 0.03008804 0.03919480
v -0.02205990 0.03052345 0.03879851
v -0.01196476 0.03638862 0.03989385
v -0.02328524 0.03375271 0.03867416
v -0.02150698 0.03481962 0.03839692
v -0.02290445 0.03463173 0.03782983
v -0.02317746 0.03284204 0.03748219
v -0.02254303 0.03464026 0.03786703
v -0.02341203 0.03382153 0.03703056
v -0.01939961 0.02994624 0.03775482
v -0.02080297 0.03084396 0.03793151
v -0.02325442 0.03324462 0.03754724
v -0.02342805 0.03377991 0.03705950
v -0.02371001 0.03487412 0.03701070
v -0.02311271 0.03556049 0.03722427
v -0.02191053 0.04080399 0.03734086
v -0.01482102 0.02934489 0.03804125
v -0.01808752 0.02973435 0.03782691
v -0.01255487 0.03024528 0.03937682
v -0.00888663 0.03098517 0.03969602
v -0.01178653 0.02973210 0.03809861
v -0.01111164 0.02979285 0.03808677
v -0.00855301 0.03043903 0.03814184
v -0.01049330 0.03003925 0.03822048
v -0.01009187 0.03087690 0.03798595
v 0.00063396 0.03629903 0.03750995
v -0.00620636 0.03242732 0.03982077
v -0.00451545 0.02987016 0.03958010
v -0.00385522 0.02988076 0.03955962
v -0.00296742 0.03083496 0.03959687
v -0.00119592 0.03335743 0.03970991
v -0.00824879 0.03143107 0.03951469
v -0.00222704 0.03178220 0.03963575
v 0.00057949 0.03927645 0.03999511
v -0.01092869 0.03615341 0.03978318
v -0.00689821 0.03315609 0.03987270
v -0.00744780 0.03860669 0.04063313
v -0.00941820 0.03578917 0.04001485
v -0.01177409 0.03637687 0.03997755
v -0.01101729 0.03619559 0.03988779
v -0.00797190 0.03785596 0.03958753
v -0.01179985 0.03870449 0.03729800
v -0.00518119 0.04283433 0.04062549
v -0.00834317 0.04094856 0.04054289
v -0.00772997 0.03725424 0.03733774
v -0.02214884 0.03556593 0.03915644
v -0.02332143 0.03235400 0.03873102
v -0.01464882 0.04171892 0.04009826
v -0.01058607 0.04010735 0.03997717
v -0.00943338 0.03585135 0.04004555
v -0.02039383 0.03852735 0.03726852
v -0.01743540 0.03898458 0.03734507
v -0.03594019 0.03148518 0.03547194
v -0.03752477 0.02966196 0.02336590
v -0.03314020 0.04441101 0.03747947
v -0.03532159 0.03447699 0.03616338
v -0.03775461 0.03360977 0.02312730
v -0.03786688 0.03702296 0.02536519
v -0.03782184 0.03835201 0.02764191
v -0.03788820 0.03483316 0.02345098
v -0.03643664 0.03821164 0.03583512
v -0.03609906 0.03272783 0.03550457
v -0.03603319 0.03473690 0.03579938
v -0.03666536 0.03357903 0.03563137
v -0.03607117 0.03249848 0.03550276
v -0.03632091 0.03467987 0.03560850
v -0.03632286 0.03488696 0.03561698
v -0.03648727 0.03843103 0.03581300
v -0.03161399 0.04539168 0.03800262
v -0.03800104 0.04507707 0.02931543
v -0.03811413 0.03888257 0.01407244
v -0.03809435 0.03192731 0.00539235
v -0.03785639 0.03087751 0.00951071
v -0.03805153 0.03670584 0.01793033
v -0.03741862 0.03418543 0.02283248
v -0.03769475 0.03135781 0.02171698
v -0.03795295 0.03536859 0.02207531
v -0.03806591 0.03859632 0.01913960
v -0.03718682 0.03140291 0.02089424
v -0.03815678 0.03641278 0.00930607
v -0.03779631 0.03413386 0.02297442
v -0.03801527 0.03580210 0.02105103
v 0.00549596 0.03810185 0.03727639
v 0.00370700 0.03728724 0.03789394
v -0.00557243 0.03828830 0.03723888
v -0.00953687 0.03812945 0.03731129
v -0.01104708 0.03701894 0.03701347
v -0.00897667 0.03850916 0.03971663
v -0.00990977 0.03774991 0.03714745
v -0.00786332 0.04605254 0.03621732
v -0.00615749 0.04198885 0.03677886
v 0.00300509 0.03690682 0.03738936
v -0.00714408 0.04139297 0.03687004
v -0.01142091 0.03566484 0.03701092
v -0.01586516 0.03861621 0.03693518
v -0.01589381 0.04006971 0.03724546
v -0.01569143 0.03876736 0.03808166
v -0.01701604 0.03876442 0.03736001
v -0.01780989 0.03841919 0.03759210
v -0.01758042 0.03640324 0.03928628
v -0.01554662 0.03885809 0.03794588
v -0.01883343 0.03906125 0.03763523
v -0.02179136 0.04534082 0.03987651
v -0.01633038 0.04013950 0.03748528
v -0.01925318 0.03880125 0.03731667
v -0.01580367 0.04050382 0.03709770
v -0.01435336 0.04296901 0.03670750
v -0.00657519 0.04064651 0.04028653
v -0.03800881 0.03158052 -0.00150029
v -0.01068240 0.03272185 -0.03861526
v -0.03808705 0.03547509 -0.00943578
v -0.03795074 0.03151124 -0.00971691
v -0.03756252 0.04493373 -0.03911520
v 0.00132044 0.04196536 -0.03948904
v -0.03760755 0.02200445 -0.01162912
v -0.03707552 0.03284198 -0.03823904
v -0.03739407 0.03755628 -0.03832131
v -0.03756800 0.04210851 -0.03893178
v -0.03791292 0.03568546 -0.02649391
v -0.03792491 0.03895676 -0.02227329
v -0.03771260 0.03406398 -0.02498314
v -0.03794632 0.03360590 -0.00842099
v -0.03771495 0.03637804 -0.01327715
v -0.02951132 0.03289293 -0.03914009
v -0.02222928 0.03665078 -0.03966926
v -0.02137618 0.03081166 -0.03936838
v -0.03289352 0.04353075 -0.03928641
v -0.03750394 0.02862456 -0.03105200
v -0.03740422 0.03504016 -0.03786648
v -0.03648094 0.02889592 -0.03816393
v -0.03708341 0.03702969 -0.03867623
v -0.03768075 0.03869049 -0.03324923
v -0.03736382 0.02804783 -0.03231003
v -0.03790522 0.03603202 -0.02480524
v -0.03793155 0.03793577 -0.02334523
v -0.03708979 0.04569343 -0.01678605
v -0.03759442 0.03177151 -0.02363824
v -0.03787759 0.03528977 -0.02540862
v -0.03776997 0.03065510 -0.02064195
v -0.03817194 0.03745070 -0.01844156
v -0.03797898 0.03040354 -0.01453004
v -0.03789529 0.03069403 -0.01263563
v -0.03791436 0.02882455 -0.01089796
v -0.03811598 0.03713079 -0.01426972
v -0.03815577 0.03506069 -0.00725314
v -0.03803389 0.03528153 -0.00106130
v -0.03686687 0.03342782 -0.01164602
v -0.03642116 0.02940506 -0.03821296
v -0.03237198 0.03566764 -0.03903462
v -0.01727717 0.03715239 -0.03977146
v -0.01200574 0.03076430 -0.03904558
v -0.02308564 0.03171661 -0.03935749
v -0.01014685 0.03057006 -0.03955966
v -0.00410705 0.03142542 -0.03969468
v -0.00745264 0.03320883 -0.03961045
v 0.00154253 0.03183133 -0.03968714
v -0.02405420 0.03340184 -0.03913782
v -0.02640716 0.03981379 -0.03939723
v -0.02704686 0.03988343 -0.03931820
v -0.00495356 0.03803729 -0.03964583
v -0.00522282 0.04533005 -0.03918194
v -0.01575040 0.04566617 -0.03906867
v 0.01337816 0.03223106 -0.03803340
v 0.01620693 0.02988399 -0.03930534
v 0.00475976 0.03739346 0.03757337
v 0.00778906 0.03389929 0.03730854
v -0.00760255 0.03499764 0.03941583
v -0.01580432 0.03568181 0.03698395
v -0.00530484 0.03358714 0.03781682
v -0.01755020 0.03180393 0.03743317
v -0.01389017 0.03178768 0.03742475
v -0.01577107 0.03314017 -0.03818894
v 0.00241159 0.03685958 0.03736350
v 0.01950625 0.03449533 -0.03875018
v 0.00917964 0.03625252 0.03747367
v -0.00702150 0.03394504 0.03742853
v -0.01783244 0.03683215 0.03769887
v -0.01234800 0.02976521 0.03835671
v -0.01824866 0.03836749 0.03777136
v -0.02249771 0.03462043 0.03842128
v -0.01946767 0.03864693 0.03734947
v 0.00760930 0.03323472 -0.03950120
v 0.01050551 0.04236321 0.03910238
v 0.01814997 0.04239595 0.03658273
v 0.00488889 0.03761195 0.03760096
v 0.01056869 0.03563876 0.03878087
v 0.01718265 0.04275109 0.03876093
v 0.01662119 0.04166405 0.03695298
v 0.01090520 0.04260970 0.03924466
v 0.01217697 0.03214716 0.03720269
v -0.00767670 0.03953422 0.03998818
v -0.03716667 0.03107143 0.01543647
v -0.02222099 0.04278061 0.03914942
v -0.01073619 0.03681897 -0.03977579
v 0.00878447 0.03647491 0.03734494
v -0.02370926 0.04154079 0.03715313
v 0.03141385 0.04706766 -0.01706659
v 0.02778467 0.04437469 0.03626894
v 0.03132599 0.04726805 0.01875072
v 0.01020813 0.04547410 0.03993672
v -0.03696016 0.04594003 -0.03613985
v 0.03760371 0.04625088 -0.03777798
v 0.03688610 0.04561461 -0.02955181
v 0.03676456 0.04567795 -0.03527754
v 0.02413923 0.04348257 -0.03941286
v 0.03757355 0.04549716 -0.03745998
v 0.03789632 0.04780536 -0.03062904
v 0.02843182 0.04728344 -0.03405159
v 0.03757366 0.04549309 -0.03920276
v 0.03787096 0.04572996 -0.03903033
v 0.03691374 0.04583735 -0.03553026
v 0.03789861 0.04896464 -0.02481364
v 0.03200518 0.04731390 -0.02182940
v 0.03820590 0.04522484 -0.02247166
v 0.03846440 0.04484685 -0.00064797
v 0.03835040 0.04508563 -0.00623035
v 0.02976543 0.04743512 0.00483140
v 0.03068985 0.04734924 -0.00608962
v 0.02361437 0.04860953 0.00745486
v 0.01871889 0.04607664 -0.03840757
v 0.01492600 0.04558692 -0.03909343
v 0.00840776 0.04773329 -0.03269798
v 0.00724037 0.04446782 -0.03931037
v 0.03792174 0.04651248 -0.03563001
v 0.03504759 0.04602598 -0.03175243
v 0.03799336 0.04827010 -0.02783489
v 0.03087519 0.04707213 -0.03459207
v 0.03202045 0.04721026 -0.03405182
v 0.02440520 0.04596720 -0.03858709
v 0.02568495 0.04590250 -0.03866562
v 0.03150557 0.04594620 -0.03864406
v 0.03792595 0.04528845 -0.03684155
v 0.03822086 0.04517759 -0.02741054
v 0.03746110 0.04563773 -0.02486387
v 0.02962674 0.04733539 -0.01616232
v 0.03446106 0.04634443 -0.02796938
v 0.03196586 0.04677353 -0.02284598
v 0.02372377 0.04544408 -0.03901841
v 0.03783157 0.04833886 -0.02844112
v 0.03790429 0.04781188 -0.02915757
v 0.03794590 0.04806781 -0.02933812
v 0.03800520 0.04895602 -0.02412863
v 0.03798186 0.04557917 -0.01809975
v 0.03366596 0.04660140 -0.01303274
v 0.03767054 0.04578674 -0.01011982
v 0.03854020 0.04155185 -0.00992226
v 0.03758670 0.04582942 -0.00544120
v 0.03839319 0.04509228 -0.00732874
v 0.03826512 0.04556674 -0.00083675
v 0.02987363 0.04823702 -0.00151416
v 0.02936868 0.04771538 -0.00332698
v 0.02825490 0.04810109 -0.00183295
v 0.02928527 0.04765185 -0.00499662
v 0.03159172 0.04793595 -0.00893235
v 0.03006408 0.04748744 -0.00971037
v 0.03104013 0.04717655 -0.01144170
v 0.03101801 0.04756941 -0.01143283
v 0.03165903 0.04700297 -0.01475397
v 0.03151699 0.04720180 -0.01286343
v 0.02951991 0.04740466 -0.01659339
v 0.03427913 0.04639050 -0.01459439
v 0.02298458 0.04818375 -0.01547228
v 0.02981141 0.04731431 -0.01669598
v 0.03152681 0.04705731 -0.01921668
v 0.02429965 0.04760118 -0.02076948
v 0.02142787 0.04822241 -0.01969713
v 0.02488202 0.04795505 -0.01685643
v 0.02226966 0.04713168 -0.03455668
v 0.02246958 0.04825151 -0.03031882
v 0.01587571 0.04871546 -0.02858093
v 0.02066435 0.04854026 -0.02873114
v 0.01892872 0.04944764 -0.02233923
v 0.01722152 0.04835156 -0.02175059
v 0.01858534 0.04935322 -0.02079850
v 0.02257476 0.04767473 -0.02246680
v 0.02157365 0.04955472 -0.02200339
v 0.02212983 0.04560005 -0.03907545
v 0.02369949 0.04593696 -0.03864500
v 0.02539632 0.04566931 -0.03884970
v 0.02163568 0.04611901 -0.03863189
v 0.01967872 0.04563690 -0.03897911
v 0.01120306 0.04739919 -0.03409538
v 0.00175599 0.04541803 -0.03912979
v 0.00253261 0.04590294 -0.03876508
v 0.00681671 0.04535673 -0.03915192
v 0.00928237 0.04588073 -0.03891347
v 0.03802453 0.04606130 0.03637441
v 0.01348149 0.04734209 0.03552581
v 0.01869824 0.04575692 0.03904021
v 0.03481925 0.04659777 0.02934814
v 0.03009446 0.04756543 0.01658473
v 0.03387649 0.04672480 0.01338218
v 0.02409428 0.04836540 0.03053619
v 0.03733755 0.04634643 0.03276607
v 0.02826662 0.04728815 0.03536622
v 0.02377360 0.04438416 0.03827386
v 0.02956748 0.04587518 0.03773217
v 0.02109394 0.04760344 0.03467592
v 0.03136272 0.04490699 0.03615779
v 0.03877468 0.04524306 0.03297773
v 0.03863242 0.04575407 0.03595460
v 0.03413412 0.04579777 0.03719905
v 0.03185208 0.04592203 0.03600400
v 0.03846255 0.04771025 0.03209750
v 0.03765999 0.04834744 0.02517008
v 0.03459058 0.04971910 0.02076998
v 0.03052369 0.04855091 0.02883339
v 0.03117807 0.04631856 0.03583724
v 0.03854953 0.04584179 0.03108556
v 0.03871914 0.04530219 0.02527542
v 0.03785259 0.04588274 0.00937420
v 0.03834457 0.04570793 0.01032388
v 0.03252065 0.04703439 0.01418484
v 0.02682701 0.04784094 0.00870019
v 0.02939772 0.04749852 0.00782867
v 0.03051127 0.04746170 -0.00212289
v 0.03151859 0.04714311 0.01157397
v 0.02568876 0.04806283 0.01058696
v 0.02474226 0.04928966 0.02451978
v 0.02407690 0.04356168 0.03628379
v 0.00252398 0.04748709 0.03525027
v 0.00972467 0.04856016 0.02998133
v 0.02588252 0.04802684 0.01436005
v 0.02357228 0.04841645 0.01478848
v 0.02207070 0.04880017 0.00649576
v 0.01369759 0.04916948 0.02614629
v 0.02440454 0.04817868 0.01386789
v 0.00675044 0.04707152 0.03586546
v 0.02542762 0.04369537 0.03636714
v 0.02602857 0.04581530 0.03843127
v 0.00913166 0.04395776 0.03990272
v 0.01936605 0.04365981 0.03883141
v 0.02216037 0.04576779 0.03876814
v 0.01975503 0.04547715 0.03918903
v 0.01708642 0.04633706 0.03609940
v 0.03850496 0.04583934 0.02479299
v 0.02890334 0.04574336 0.03814690
v 0.02727122 0.04584451 0.03822009
v 0.03305432 0.04521116 0.03608138
v 0.03540114 0.04575875 0.03704871
v 0.03201775 0.04592840 0.03758324
v 0.02536657 0.04478928 0.03618562
v 0.02637638 0.04667005 0.03595310
v 0.02290196 0.04708545 0.03585250
v 0.02774341 0.04788819 0.03278965
v 0.03843740 0.04753984 0.03380672
v 0.03810892 0.04675087 0.03591226
v 0.03436407 0.04547790 0.03606137
v 0.03391859 0.04544708 0.03617816
v 0.03777474 0.04625846 0.03467328
v 0.03394332 0.04672446 0.02506239
v 0.03839068 0.04850575 0.02770794
v 0.03836784 0.04778298 0.03083889
v 0.03611994 0.04635308 0.03044458
v 0.03269192 0.04730915 0.03562067
v 0.03766365 0.04791685 0.02672120
v 0.03831964 0.04899325 0.02460907
v 0.03133783 0.04723258 0.02046978
v 0.03426930 0.04660540 0.02800480
v 0.03371051 0.04712656 0.02577749
v 0.03390425 0.04673305 0.02768956
v 0.03598200 0.04653798 0.03038226
v 0.03883641 0.04092180 0.02032041
v 0.03846845 0.04572420 0.02002251
v 0.03871363 0.04303890 0.02387379
v 0.03849455 0.04557921 0.01486229
v 0.03852156 0.04542354 0.01815931
v 0.03779310 0.04602418 0.01982712
v 0.03449957 0.04661260 0.01391928
v 0.03231986 0.04708816 0.01336722
v 0.03426706 0.04672340 0.02260741
v 0.02606464 0.04841341 0.01132899
v 0.03245767 0.04697597 0.01223100
v 0.03072684 0.04740110 0.01141622
v 0.02894606 0.04766449 0.01032204
v 0.03209229 0.04702172 0.01115694
v 0.03108335 0.04759247 0.01399494
v 0.03328914 0.04679613 0.00158120
v 0.02888379 0.04755630 0.00767257
v 0.02913087 0.04756280 0.00754623
v 0.02952547 0.04752556 0.00577281
v 0.02926354 0.04772350 0.00601273
v 0.02818269 0.04799805 0.00778051
v 0.02847196 0.04775429 0.00495855
v 0.03014811 0.04755686 0.00675362
v 0.03828418 0.04562422 0.00461485
v 0.03869126 0.04146557 0.00444859
v 0.02804298 0.04786150 0.01357015
v 0.02566061 0.04851252 0.01327412
v 0.01872434 0.04921070 0.00716138
v 0.02133907 0.04867308 0.00684303
v 0.02673425 0.04813698 0.00794832
v 0.02629997 0.04822413 0.00141898
v 0.02446441 0.04828472 0.01464250
v 0.02748619 0.04837203 0.00909537
v 0.02148359 0.04846296 0.00713676
v 0.02306919 0.04830631 0.00806621
v 0.02403365 0.04855949 0.01446086
v 0.02666527 0.04808832 0.00795984
v 0.02433487 0.04795283 0.00960688
v 0.02118619 0.04248358 0.03643677
v 0.02593542 0.04426029 0.03623397
v 0.02247559 0.04281695 0.03682381
v 0.01674738 0.04327414 0.03648816
v 0.01609828 0.04472612 0.03631461
v 0.02038545 0.04251327 0.03705903
v 0.01802079 0.04740693 0.03535109
v 0.01373351 0.04673873 0.03598705
v 0.01911555 0.04255959 0.03658966
v 0.01075236 0.04694005 0.03584316
v 0.00154946 0.04714954 0.03582546
v 0.01113031 0.04623096 0.03614596
v 0.00988290 0.04429248 0.03955065
v 0.01260833 0.04366927 0.03645374
v -0.00090241 0.04709086 0.03592745
v 0.00853081 0.04955884 0.02367147
v 0.02636263 0.04476811 0.03754634
v 0.02430760 0.04309202 0.03651384
v 0.02537328 0.04372561 0.03731487
v 0.01954480 0.04347444 0.03861001
v 0.02002053 0.04436662 0.03880839
v 0.01933957 0.04402506 0.03886668
v 0.01433796 0.04283739 0.03902876
v 0.01408038 0.04570517 0.03950773
v 0.01140218 0.04550778 0.03976016
v 0.01155986 0.04564519 0.03961670
v 0.00720527 0.04553999 0.03998064
v 0.00670345 0.04546167 0.04001934
v 0.01081680 0.04558023 0.03958463
v 0.00715692 0.04547185 0.04001886
v 0.00842271 0.04562358 0.03988609
v 0.00955311 0.04556855 0.03970400
v 0.01081795 0.04547867 0.03985719
v 0.01325216 0.04563144 0.03937067
v 0.01544780 0.04538471 0.03921089
v -0.02084377 0.04549989 0.03992338
v -0.03262975 0.04529540 0.03659710
v -0.03746387 0.04573141 0.01744827
v -0.03002932 0.04754553 0.00875282
v -0.03054462 0.04719873 0.03613563
v -0.02168025 0.04240481 0.03679969
v -0.00028535 0.04772611 0.03418866
v -0.02352720 0.04745688 0.03558212
v -0.01491403 0.04048073 0.03962256
v -0.03546193 0.04399896 0.03677139
v -0.03717634 0.04619023 0.03632471
v -0.03752382 0.04718593 0.03450372
v -0.02904955 0.04553873 0.03840587
v -0.03495022 0.04557203 0.03700312
v -0.03147591 0.04499194 0.03691402
v -0.03083828 0.04483172 0.03653432
v -0.02536575 0.04537822 0.03931283
v -0.02781035 0.04544457 0.03888139
v -0.02790065 0.04364529 0.03664530
v -0.03061594 0.04553919 0.03794561
v -0.03017758 0.04447574 0.03659850
v -0.03158270 0.04479075 0.03654823
v -0.03670849 0.04725339 0.03604795
v -0.03453869 0.04345872 0.03702858
v -0.03383678 0.04465118 0.03731710
v -0.03762318 0.04785085 0.03130192
v -0.03129096 0.04713476 0.02252223
v -0.03789628 0.04489753 0.02390836
v -0.03776761 0.04561893 0.02732839
v -0.03743489 0.04832446 0.02958355
v -0.03503866 0.04643185 0.03178980
v -0.03079891 0.04738015 0.01624519
v -0.03054235 0.04733194 0.01535727
v -0.03053875 0.04726829 0.02233558
v -0.03003994 0.04748441 0.01563307
v -0.02548862 0.04827787 0.01089306
v -0.02548005 0.04829625 0.01161891
v -0.02923638 0.04770828 0.00237387
v -0.03036513 0.04739387 0.00477627
v -0.02790861 0.04803891 0.00356098
v -0.02892741 0.04773365 0.00813161
v -0.03768261 0.04528021 0.01186982
v -0.03758245 0.04562557 0.00550504
v -0.02944853 0.04755787 0.01154934
v -0.03773988 0.04553849 0.02367857
v -0.03779566 0.04449899 0.01213976
v -0.03225375 0.04698450 0.01491225
v -0.03171848 0.04711133 0.00941986
v -0.02895927 0.04808514 0.00426776
v -0.02202650 0.04909054 0.00718290
v -0.02490936 0.04803926 0.03270920
v 0.00267219 0.04785843 0.03346639
v -0.01003338 0.04313415 0.03669095
v -0.00810689 0.04751184 0.03528824
v -0.00592583 0.04717230 0.03591723
v -0.00081386 0.04870383 0.02903555
v 0.00054915 0.04942570 0.02421952
v -0.02610682 0.04838307 0.00024611
v -0.02193930 0.04409023 0.03658646
v -0.01108353 0.04747235 0.03548776
v -0.02574915 0.04247124 0.03681405
v 0.00394102 0.04170594 0.03680502
v -0.01601718 0.04545911 0.04045064
v -0.02363783 0.04654096 0.03625951
v -0.01267044 0.04395246 0.04040170
v -0.01415027 0.04445953 0.04033502
v -0.01905836 0.04497070 0.04033214
v -0.02310432 0.04542588 0.03961243
v -0.01332053 0.04547404 0.04063530
v -0.01620174 0.04359021 0.04008313
v -0.01247767 0.04547961 0.04059850
v -0.03257779 0.04687054 0.02647459
v -0.03400511 0.04546893 0.03657138
v -0.03695420 0.04561698 0.03637086
v -0.03616507 0.04089173 0.03627648
v -0.03734307 0.04615838 0.03620603
v -0.03251413 0.04551554 0.03761572
v -0.03304011 0.04546950 0.03746058
v -0.03353916 0.04537544 0.03746583
v -0.02793336 0.03847728 0.03833950
v -0.02697332 0.04333967 0.03671123
v -0.02570798 0.04243488 0.03699026
v -0.02780929 0.04434982 0.03825520
v -0.02753042 0.04355145 0.03666514
v -0.02807975 0.04389573 0.03655534
v -0.02847245 0.04396112 0.03670722
v -0.02495204 0.04549862 0.03916258
v -0.02326511 0.04737739 0.03570767
v -0.03528871 0.04575710 0.03636322
v -0.03716813 0.04666331 0.03632218
v -0.03741101 0.04734856 0.03448153
v -0.03601694 0.04621826 0.03491426
v -0.03584841 0.04619657 0.03353153
v -0.03475420 0.04645012 0.02950442
v -0.03040831 0.04751940 0.03550747
v -0.03116838 0.04712599 0.02042206
v -0.03222501 0.04709252 0.02356876
v -0.03632340 0.04606063 0.02838043
v -0.03760657 0.04577525 0.03499139
v -0.03714208 0.04592699 0.02181618
v -0.03746577 0.04792680 0.02818265
v -0.03501012 0.04638170 0.01621431
v -0.03765903 0.04536730 0.01578702
v -0.03743648 0.04579734 0.01446078
v -0.03230790 0.04697964 0.01630482
v -0.03258755 0.04693406 0.01298729
v -0.02883871 0.04763349 0.01304326
v -0.03278693 0.04687377 0.01249491
v -0.03030917 0.04785836 0.01115209
v -0.03017818 0.04743007 0.01395531
v -0.03027382 0.04739315 0.01891796
v -0.02863258 0.04780274 0.01348512
v -0.03160011 0.04765336 0.02064376
v -0.02449412 0.04870157 0.00826734
v -0.02623913 0.04829230 0.00294216
v -0.02848490 0.04799961 0.00408306
v -0.02930850 0.04815587 0.00402051
v -0.02596298 0.04832864 0.01126714
v -0.02488117 0.04829219 0.01063836
v -0.02855712 0.04781157 0.00381833
v -0.02876196 0.04778545 0.00448471
v -0.02888256 0.04773484 0.00191247
v -0.02825889 0.04790288 0.00254023
v -0.02876244 0.04804243 0.00307147
v -0.03359917 0.04669971 0.00352611
v -0.02800685 0.04792998 0.00695358
v -0.03779588 0.04381270 0.00681977
v -0.03757639 0.04572176 0.00797361
v -0.03759619 0.04535439 0.00205066
v -0.03752123 0.04542709 0.01610169
v -0.02557615 0.04835590 0.00995444
v -0.02357113 0.04873805 0.00781691
v -0.02171564 0.04865301 0.00957700
v -0.02085271 0.04875948 0.00802929
v -0.02380537 0.04838279 0.01080295
v -0.01817424 0.04910724 0.02668322
v -0.01722633 0.04732544 0.03579598
v -0.01876846 0.04753954 0.03550560
v -0.01857418 0.04657992 0.03619678
v -0.02592601 0.04732162 0.03605978
v -0.02163975 0.04671070 0.03619012
v -0.01620501 0.04642286 0.03622549
v -0.01784533 0.04747825 0.03554546
v -0.01740123 0.04730242 0.03582286
v -0.01357362 0.04730598 0.03574884
v -0.01533200 0.04720125 0.03584731
v -0.01093623 0.04726037 0.03576876
v -0.02020256 0.04674194 0.03615996
v -0.02017852 0.04762852 0.03531111
v -0.00780913 0.04698659 0.03590441
v -0.01302729 0.04954668 0.02440582
v -0.00421796 0.04772429 0.03424045
v 0.00884174 0.04736255 0.03545305
v -0.00208115 0.04736543 0.03570226
v -0.01285098 0.04724175 0.03580019
v -0.00662048 0.04361086 0.03655495
v -0.00837850 0.04727142 0.03575124
v -0.00060029 0.04955872 0.02293274
v -0.01221127 0.04342418 0.03665143
v -0.00786577 0.04668116 0.03607887
v -0.01119859 0.04368258 0.04048313
v -0.00554781 0.04547060 0.04106693
v -0.00582487 0.04544394 0.04080903
v -0.00581545 0.04536249 0.04103244
v -0.01069572 0.04542093 0.04072874
v -0.03783822 0.04745554 -0.03328374
v -0.02421240 0.04580249 -0.03882089
v -0.03308488 0.04677762 -0.01923298
v -0.02254280 0.04822006 -0.01586937
v -0.02351736 0.04793681 -0.01775966
v -0.03721729 0.04577858 -0.01958873
v -0.02111585 0.04904354 -0.01588484
v -0.03732138 0.04558193 -0.03397662
v -0.03774368 0.04888161 -0.02604453
v -0.03658301 0.04588749 -0.03024179
v -0.03052204 0.04826105 -0.03032573
v -0.02650422 0.04661379 -0.03688971
v -0.02818628 0.04566107 -0.03907655
v -0.03004260 0.04790499 -0.03195414
v -0.02711118 0.04901011 -0.02690658
v -0.03752581 0.04519384 -0.02579946
v -0.03747009 0.04530157 -0.02189378
v -0.02125818 0.04901225 -0.02682409
v -0.02516956 0.04829424 -0.01765891
v -0.03626492 0.04612219 -0.01377744
v -0.03765723 0.04478543 -0.01236502
v -0.02739200 0.04809218 -0.00275004
v -0.02909334 0.04807530 0.00240716
v -0.03035547 0.04846108 0.00337367
v -0.03102580 0.04724907 -0.00471893
v -0.02758292 0.04790341 -0.00976564
v -0.03215461 0.04695585 -0.01547261
v -0.02162460 0.04859918 -0.01482001
v -0.02376085 0.04807644 -0.01739838
v 0.00653995 0.04839374 -0.03003137
v -0.00877638 0.04935798 -0.02541333
v -0.02111718 0.04967139 -0.02222930
v -0.01564536 0.04893678 -0.02736551
v -0.01670881 0.04841981 -0.02988220
v -0.01924073 0.04805614 -0.02310900
v -0.02162521 0.04799864 -0.02228593
v -0.02133373 0.04636600 -0.03785211
v -0.02289021 0.04569392 -0.03898995
v -0.01646209 0.04620804 -0.03816639
v -0.03746902 0.04517589 -0.03047455
v -0.03748107 0.04549967 -0.03683959
v -0.03181526 0.04694435 -0.02379678
v -0.03754607 0.04483380 -0.01849157
v -0.03377255 0.04667736 -0.02388063
v -0.03732399 0.04572265 0.00258486
v -0.02457665 0.04559476 -0.03907079
v -0.00752971 0.04818394 -0.03105320
v 0.00089695 0.04693228 -0.03554288
v -0.00586821 0.04876222 -0.02845488
v -0.00294872 0.04769529 -0.03281314
v -0.01297644 0.04612172 -0.03849788
v -0.00671303 0.04633968 -0.03786411
v -0.00412302 0.04562546 -0.03908461
v -0.01032415 0.04564093 -0.03900808
v -0.01335146 0.04551000 -0.03907391
v -0.01908080 0.04607417 -0.03846729
v -0.01988728 0.04550440 -0.03911346
v -0.02013811 0.04611054 -0.03841004
v -0.01680640 0.04838963 -0.02237130
v -0.01268620 0.04858913 -0.02933915
v -0.01835467 0.04951365 -0.02212928
v -0.02352319 0.04818532 -0.02045207
v -0.02027248 0.04854072 -0.02283494
v -0.01206648 0.04727798 -0.03422195
v -0.02238272 0.04832736 -0.01507964
v -0.02457352 0.04840849 -0.01577890
v -0.02957927 0.04730562 -0.02236139
v -0.01774411 0.04871919 -0.02162437
v -0.02481589 0.04815202 -0.01718171
v -0.02395017 0.04811590 -0.01767727
v -0.02663870 0.04806640 -0.00661779
v -0.02798532 0.04770511 -0.01516088
v -0.02415987 0.04808918 -0.01890117
v -0.02388714 0.04805306 -0.01803172
v -0.02519219 0.04806349 -0.01808118
v -0.02348087 0.04800913 -0.01714755
v -0.02346585 0.04786308 -0.01897656
v -0.02366558 0.04796980 -0.01787491
v -0.02947136 0.04787676 -0.01001637
v -0.02771196 0.04778119 -0.01424286
v -0.03018705 0.04832349 -0.01131336
v -0.03063115 0.04789555 -0.01790045
v -0.02986559 0.04808965 -0.01679691
v -0.02659250 0.04839161 -0.00708130
v -0.02590887 0.04845902 -0.00535019
v -0.02872092 0.04767920 -0.00225476
v -0.02995227 0.04742721 -0.00968298
v -0.02611260 0.04825102 -0.00037789
v -0.02606464 0.04833313 -0.00088898
v -0.02802910 0.04882710 -0.00319406
v -0.03760425 0.04527531 -0.00223574
v -0.03382305 0.04671021 -0.00922701
v -0.03745901 0.04563523 -0.00441371
v -0.03740839 0.04565672 -0.00790967
v -0.03706907 0.04584077 -0.01349236
v -0.03749244 0.04540712 -0.01256750
v -0.03232321 0.04701594 -0.01808848
v -0.02574346 0.04806743 -0.01823740
v -0.02320309 0.04904157 -0.01643014
v -0.02433358 0.04875483 -0.01815268
v -0.02512692 0.04839778 -0.01788978
v -0.02439975 0.04841029 -0.01914047
v -0.02424874 0.04846746 -0.01928118
v -0.02453800 0.04839100 -0.01892684
v -0.02463158 0.04824828 -0.01895564
v -0.03650284 0.04884926 -0.02696181
v -0.03374771 0.04864763 -0.02831803
v -0.03454847 0.04870050 -0.02809950
v -0.03533144 0.04878246 -0.02753817
v -0.03042186 0.04725392 -0.01819211
v -0.03282650 0.04683414 -0.02042812
v -0.02302322 0.04788714 -0.02064206
v -0.02488280 0.04821327 -0.01900582
v -0.03286760 0.04679568 -0.02653754
v -0.02434667 0.04818908 -0.01938787
v -0.02457866 0.04816749 -0.01892071
v -0.03003288 0.04737563 -0.01947403
v -0.02898773 0.04749467 -0.01708460
v -0.03677582 0.04596185 -0.01663942
v -0.03017112 0.04740146 -0.01910207
v -0.03012241 0.04740749 -0.01942006
v -0.03028216 0.04743976 -0.01827917
v -0.03303190 0.04678414 -0.02144383
v -0.03645989 0.04600612 -0.02800028
v -0.03456981 0.04639121 -0.02499365
v -0.03728425 0.04582850 -0.02595835
v -0.03298027 0.04699985 -0.02516708
v -0.03785166 0.04919505 -0.02460121
v -0.03781357 0.04872431 -0.02651038
v -0.03790231 0.04737557 -0.03317363
v -0.03721535 0.04572397 -0.02210532
v -0.03789715 0.04783547 -0.03116659
v -0.03788516 0.04609190 -0.03877662
v -0.03791427 0.04487444 -0.03793114
v -0.03789405 0.04660214 -0.03671128
v -0.03784970 0.04523734 -0.03890295
v -0.03176407 0.04557589 -0.03904586
v -0.03045964 0.04653381 -0.03767936
v -0.03456651 0.04652559 -0.03021052
v -0.03207127 0.04601460 -0.03880111
v -0.03020957 0.04741354 -0.03399925
v -0.03601119 0.04820237 -0.03062832
v -0.02755945 0.04766126 -0.03305671
v -0.02367858 0.04787314 -0.03216032
v -0.03669071 0.04614517 -0.03345907
v -0.03517115 0.04724300 -0.03468122
v -0.03640479 0.04614423 -0.03874559
v -0.03412360 0.04661490 -0.02863286
v -0.03572027 0.04850224 -0.02885941
v -0.03706714 0.04810563 -0.02822327
v -0.03787046 0.04834536 -0.02859535
v -0.03723253 0.04754826 -0.03074888
v -0.03724913 0.04647895 -0.03456494
v -0.03781848 0.04646159 -0.03614021
v 0.03404485 0.04912780 -0.00520256
v 0.03160466 0.04739729 -0.01437875
v 0.03562233 0.04801261 -0.02415153
v 0.03773860 0.04997816 -0.01427873
v 0.01895051 0.04792089 -0.02338071
v 0.03160806 0.04791465 0.01375672
v 0.03219363 0.04768218 0.01361002
v 0.03224270 0.04733063 0.01244958
v 0.02930332 0.04749090 0.01466757
v 0.03096309 0.04856254 0.00518392
v 0.02686324 0.04811533 0.01135825
v 0.02052257 0.04946953 0.01249653
v 0.02663013 0.04803747 0.01251116
v 0.02656836 0.04819947 0.01152985
v 0.02053578 0.04308147 0.03775186
v -0.03026860 0.04766565 0.01068103
v -0.02890785 0.04777551 0.01347801
v -0.02595173 0.04843338 -0.00060400
v -0.02575656 0.04819002 -0.01785101
v 0.03007009 0.04842926 0.00921239
v -0.02801082 0.04814664 0.00337028
v -0.02898696 0.04842802 0.00208653
v 0.03401549 0.04874624 0.01166463
v 0.03345507 0.04660187 -0.02611282
v 0.03829077 0.04954548 0.01990363
v 0.02384399 0.04296485 0.03731751
v 0.02455332 0.04887678 0.01329672
v 0.02006082 0.04250102 0.03703348
v -0.01719045 0.04297033 0.03991054
v -0.02400025 0.04918247 0.01168979
v -0.02926505 0.04785795 -0.01142862
v -0.03151155 0.04878373 -0.01205393
v 0.01749496 0.04815250 -0.02243957
v 0.02187374 0.04868672 0.00857773
v -0.03377452 0.04684418 0.02767776
v -0.03057531 0.04858253 -0.01483066
v 0.02075185 0.04798147 -0.02122806
v 0.03639730 0.04597343 -0.03383565
v 0.02273243 0.04820669 -0.01569536
v 0.03442470 0.04660840 0.02398155
v 0.02295041 0.04866276 0.01473189
v 0.02417936 0.04801490 0.00958051
v 0.02869322 0.04777960 0.00752617
v 0.02754632 0.04795482 0.00993634
v 0.02773151 0.04790835 0.00778368
v 0.02492206 0.04837312 0.00804131
v 0.02609374 0.04840518 0.01269484
v -0.01056040 0.04541789 0.04067976
v -0.03477238 0.04664846 0.02931505
v -0.03684785 0.04852937 0.02357689
v -0.03015358 0.04767964 0.01384574
v -0.03038914 0.04748155 0.01006184
v -0.02986106 0.04752763 0.01378751
v -0.02893429 0.04428633 0.03702673
v -0.03054526 0.04730166 0.01393687
v -0.02982917 0.04751069 0.00302305
v -0.02541503 0.04840186 0.01029891
v -0.02402538 0.04806055 -0.01907908
v -0.02225366 0.04884868 -0.01531598
v -0.02755090 0.04782892 -0.01563402
v -0.02818472 0.04790839 -0.01675360
v 0.02704031 0.04822261 0.00990233
v -0.02439173 0.04850713 0.01295276
v -0.02877988 0.04814071 -0.01535002
v -0.02833314 0.04790141 -0.01669955
v 0.03782473 0.05003813 -0.01694638
v 0.03803084 0.04946320 -0.02132271
v 0.01679483 0.04996378 -0.01870154
v 0.03807250 0.04983445 -0.01735188
v 0.03804535 0.04972706 -0.01889786
v 0.03794432 0.04933717 -0.02225682
v 0.03796277 0.04885513 -0.02290805
v 0.03803947 0.04912825 -0.02243046
v 0.03807069 0.05046078 -0.00884231
v 0.03804039 0.05016044 -0.01268418
v 0.03792782 0.05046234 -0.01283216
v 0.03805675 0.05055888 -0.01077653
v 0.03809550 0.05095569 -0.00297223
v 0.03801521 0.05104881 -0.00080797
v 0.03694391 0.04998440 0.00139005
v 0.03394856 0.05107338 0.00306440
v 0.03259710 0.05110044 -0.00183394
v 0.01915614 0.05093191 -0.00744850
v 0.02862691 0.05100650 -0.00535146
v 0.03744033 0.04949956 -0.01712322
v 0.03229472 0.04813971 -0.01662456
v 0.02015373 0.05062888 -0.01331683
v 0.01848162 0.05076338 -0.01112182
v 0.02493810 0.05054877 -0.01415308
v 0.02288500 0.05027156 -0.01776723
v 0.02231265 0.04973659 -0.01790211
v 0.02070514 0.05040390 -0.01644105
v 0.02388321 0.05085619 -0.00894712
v 0.01540682 0.05104602 -0.00102741
v 0.01674836 0.05105633 0.00104182
v 0.00682021 0.05108674 -0.00103848
v 0.00279765 0.04939984 0.02450218
v 0.00766050 0.05099361 -0.00628272
v 0.00377247 0.05028546 -0.01919893
v 0.00342058 0.05018867 -0.01961560
v 0.01277434 0.05058350 -0.01532662
v 0.00351378 0.05070200 -0.01400635
v 0.00868945 0.05071968 -0.01298511
v 0.00713624 0.04988316 -0.02191368
v 0.01074959 0.05025147 -0.01851676
v 0.01181676 0.04904331 -0.02677303
v 0.02259359 0.04956703 -0.01985664
v 0.01805854 0.04947005 -0.02144116
v 0.03801745 0.04897800 -0.02320735
v 0.02971938 0.04861411 -0.02780263
v 0.03793825 0.04938183 -0.01998146
v 0.03809234 0.05005171 -0.01499335
v 0.03335016 0.05088993 -0.00805363
v 0.03790647 0.04960817 -0.01804379
v 0.03745855 0.04972221 -0.01595815
v 0.03803571 0.04928903 -0.02127320
v 0.03803027 0.05085573 -0.00671111
v 0.03792786 0.05077320 0.00054548
v 0.03817355 0.05088464 -0.00001299
v 0.03805255 0.05079787 -0.00231350
v 0.03806764 0.05104739 0.00171465
v 0.03813293 0.05081945 -0.00529716
v 0.03814290 0.05076417 -0.00527997
v 0.03804627 0.05092776 -0.00513136
v 0.03789664 0.05060370 -0.00564365
v 0.03807561 0.05041985 -0.01037120
v 0.03811301 0.05070516 -0.00738426
v 0.03758733 0.05021165 -0.01104400
v 0.03341830 0.05106933 -0.00353937
v 0.02764051 0.05111201 -0.00118010
v 0.03033936 0.05068907 -0.01195718
v 0.02919404 0.05067519 -0.01172307
v 0.03017039 0.05039742 -0.01521738
v 0.02273933 0.04978673 -0.01978439
v 0.02203880 0.05038154 -0.01662974
v 0.01550465 0.05073847 -0.01194369
v 0.02215258 0.04983372 -0.01756150
v 0.02269602 0.05068975 -0.01224546
v 0.01773129 0.05016028 -0.01744875
v 0.01704857 0.04993443 -0.02093571
v 0.01784186 0.05039204 -0.01697764
v 0.01730733 0.05034092 -0.01741421
v 0.01831820 0.05060817 -0.01377543
v 0.02013821 0.05041378 -0.01630339
v 0.02196498 0.04828710 -0.01522212
v 0.02183896 0.05030862 -0.01702655
v 0.02473190 0.04996331 -0.02009340
v 0.02312673 0.05007910 -0.01914717
v 0.01678126 0.05021844 -0.01857686
v 0.01671429 0.05006077 -0.01995973
v 0.02197454 0.04976135 -0.02208384
v 0.02506893 0.04938998 -0.02401646
v 0.02029943 0.04983413 -0.01650124
v 0.01231826 0.05089240 -0.00850248
v 0.01367544 0.05087196 -0.00883915
v 0.02205947 0.04966899 -0.01724080
v 0.01814674 0.05059004 -0.01397050
v 0.02097271 0.05109456 -0.00160209
v 0.01672941 0.05104701 -0.00328102
v 0.02445292 0.05107724 -0.00388924
v 0.00599917 0.05106794 -0.00298017
v 0.01037685 0.05106535 -0.00295086
v 0.00590155 0.05106689 -0.00237549
v 0.01096169 0.05099276 -0.00539369
v 0.00429226 0.05102763 -0.00600564
v 0.00144869 0.05107620 -0.00096336
v 0.00860403 0.05109243 0.00234595
v 0.00144016 0.05105270 -0.00404525
v 0.00751704 0.05092030 -0.00913970
v 0.00189304 0.05053400 -0.01650819
v 0.00237161 0.04983365 -0.01791418
v 0.00209763 0.04990107 -0.02193476
v 0.01153924 0.05060306 -0.01410178
v 0.01900739 0.04958934 -0.02319136
v 0.00548218 0.04914827 -0.02652104
v 0.01366309 0.04935262 -0.02498181
v 0.00109306 0.04979931 -0.02252600
v 0.01991963 0.04967942 -0.02272723
v 0.02215936 0.05029799 -0.01725628
v 0.02161026 0.04952246 -0.02196055
v 0.02131436 0.04786715 -0.02312760
v 0.01837355 0.04947153 -0.02200566
v 0.02012379 0.04960518 -0.02264923
v 0.01791187 0.04890663 -0.02232030
v 0.01392723 0.04941382 -0.02456324
v 0.02182927 0.04999868 0.01296948
v -0.01189080 0.05003760 0.01964354
v 0.03074502 0.05028720 0.01587618
v 0.03820776 0.05053885 0.01132123
v 0.01835500 0.04952112 0.02326434
v 0.01339047 0.05104010 0.00235802
v 0.03836119 0.04915599 0.02298555
v 0.03525877 0.04936482 0.02321326
v 0.03464130 0.04969039 0.02080720
v 0.02770423 0.04967407 0.02148875
v 0.03783055 0.04979603 0.01607944
v 0.03134802 0.05088518 0.00867618
v 0.02824662 0.05105330 0.00482368
v 0.03633930 0.05088812 0.00807222
v 0.03813676 0.05089095 0.00573747
v 0.03811486 0.05078609 0.00815347
v 0.03793847 0.05079743 0.00859254
v 0.03813935 0.05074783 0.00873588
v 0.01993672 0.05064159 0.00760679
v 0.01652909 0.04976545 0.00926549
v 0.01830675 0.05007275 0.01871961
v 0.02254064 0.05036069 0.01249121
v 0.01881750 0.04913887 0.02577436
v 0.01458023 0.04901328 0.02720059
v 0.01607213 0.04942012 0.01052661
v 0.01297824 0.05013020 0.01878906
v 0.01696236 0.05038777 0.01037331
v 0.02309234 0.05043998 0.01103985
v 0.01361282 0.05104458 0.00286087
v 0.02112616 0.04908412 0.00628641
v 0.02712739 0.05106067 0.00365923
v 0.02213717 0.05053999 0.00874335
v 0.00702858 0.04978668 0.02155256
v 0.01930601 0.05100623 0.00520067
v 0.01693144 0.05057390 0.01052912
v 0.00272523 0.05028103 0.01666844
v -0.00054046 0.04990217 0.02030934
v 0.01965106 0.05010587 0.01290130
v 0.01926443 0.05031958 0.01362757
v 0.03830178 0.04946750 0.02131275
v 0.03085557 0.04976285 0.02055219
v 0.02281978 0.05065169 0.01248362
v 0.03184717 0.05062567 0.01227042
v 0.03302921 0.04913991 0.02474417
v 0.03449477 0.04991547 0.01877347
v 0.02965261 0.05008081 0.01802013
v 0.03117192 0.05106843 0.00276498
v 0.03410812 0.05017639 0.01679462
v 0.03506726 0.05017839 0.01652054
v 0.03440519 0.04974328 0.02016837
v 0.03832557 0.04981892 0.01729290
v 0.03764859 0.04971713 0.01596698
v 0.03809659 0.04966171 0.02026964
v 0.03541069 0.05000244 0.01800032
v 0.03581677 0.05053869 0.01253745
v 0.03829128 0.05013247 0.01475336
v 0.03826169 0.05051646 0.01024645
v 0.03153278 0.05049058 0.01382448
v 0.03787107 0.05099049 0.00540941
v 0.03823758 0.05070424 0.00635933
v 0.03752574 0.05054677 0.00803876
v 0.03813803 0.05080728 0.00403680
v 0.03817235 0.05073291 0.00712312
v 0.03736287 0.05077903 0.00900597
v 0.03822008 0.05063325 0.00803363
v 0.03816407 0.05086282 0.00552806
v 0.03812723 0.05089993 -0.00194592
v 0.03817746 0.05084881 0.00196290
v 0.03817247 0.05086947 0.00368102
v 0.03816862 0.05089794 0.00315400
v 0.03237361 0.05110003 0.00150368
v 0.02445562 0.05107733 0.00315827
v 0.03727814 0.05051155 0.01246800
v 0.03815124 0.05078203 0.00812039
v 0.03812981 0.05066610 0.00708652
v 0.02027583 0.04917276 0.00671431
v 0.02401990 0.04998227 0.01916043
v 0.02198829 0.04961631 0.02217056
v 0.01758188 0.04906672 0.00767622
v 0.01637235 0.04920168 0.00906751
v 0.01344703 0.05060537 0.01352658
v 0.01614206 0.04932783 0.01044963
v 0.01890629 0.04920332 0.00710977
v 0.02395206 0.05015482 0.01770522
v 0.00102332 0.05018318 0.01763373
v 0.00324802 0.05067135 0.01184782
v 0.01607181 0.04935111 0.01026508
v 0.00445172 0.05022770 0.01744778
v 0.00318869 0.05095003 0.00716973
v 0.00529886 0.05104876 0.00484913
v 0.00260463 0.05088133 0.00841901
v 0.00976183 0.05095816 0.00728913
v 0.00502801 0.05094671 0.00743719
v 0.00282591 0.05059811 0.00953444
v -0.00249673 0.05048252 0.01033940
v 0.00296611 0.05061136 0.01278833
v 0.00252472 0.05050206 0.01318515
v 0.01582748 0.05061814 0.01342721
v 0.01599619 0.05094528 0.00671398
v 0.01163595 0.05092121 0.00762702
v 0.02138051 0.05093066 0.00779220
v 0.01820816 0.05094129 0.00731369
v 0.01688419 0.05096120 0.00634737
v 0.01794077 0.05078372 0.00862973
v 0.01700540 0.05082119 0.00968418
v 0.01745805 0.05059119 0.00921337
v 0.01775405 0.05057495 0.00878252
v 0.02336680 0.05075514 0.01134280
v 0.02292005 0.05060172 0.00981599
v 0.02229752 0.05091885 0.00822629
v 0.02078895 0.04911206 0.00653821
v 0.02247811 0.05084079 0.00963436
v 0.01740681 0.05088646 0.00869366
v 0.02326191 0.05106782 0.00331389
v 0.01759930 0.05100615 0.00430326
v 0.01154524 0.05097051 0.00599850
v 0.01372925 0.05106250 0.00031215
v 0.01917996 0.05105333 0.00330371
v 0.01049056 0.05105558 0.00217912
v 0.00061615 0.05107904 0.00062720
v 0.00842695 0.05107871 0.00366837
v 0.00410993 0.05044877 0.01539142
v 0.00933203 0.05088985 0.00945731
v 0.01941434 0.05042162 0.01383459
v 0.01701577 0.05066825 0.01238436
v 0.01848128 0.05055379 0.01365418
v 0.02452952 0.05062789 0.01284916
v 0.02434671 0.05092420 0.00871024
v 0.02366314 0.05033304 0.01593949
v 0.02151799 0.05054949 0.01374806
v 0.02104278 0.04924190 0.01357662
v 0.01895149 0.05027774 0.01192517
v 0.02071160 0.05019831 0.01347843
v 0.01933546 0.05053398 0.01413914
v 0.01714168 0.05029799 0.01097783
v 0.02090457 0.05011178 0.01335804
v 0.01025064 0.05030756 0.01714910
v 0.01258862 0.05027205 0.01715653
v -0.03161865 0.05022056 0.01799379
v -0.02545932 0.05043657 0.01591503
v -0.02072998 0.04907463 0.00736602
v -0.03756294 0.05103782 0.00428486
v -0.03752943 0.04899539 0.02368967
v -0.00922890 0.05052110 0.01476161
v -0.03743708 0.04925263 0.02372433
v -0.03754285 0.04957995 0.02066254
v -0.03293248 0.05111330 0.00797111
v -0.03744209 0.05064571 0.01270378
v -0.03754523 0.05062730 0.01152620
v -0.03747728 0.05118815 0.00494099
v -0.03352466 0.05057406 0.01477583
v -0.03710105 0.05080194 0.01150721
v -0.03075482 0.05128256 0.00308759
v -0.03157125 0.05071886 0.01338453
v -0.01848697 0.05081565 0.00819174
v -0.03759449 0.05123243 0.00031212
v -0.01571868 0.04940446 0.00949405
v -0.02033161 0.04982708 0.02121555
v -0.01623584 0.05063587 0.01313462
v -0.02403159 0.05020059 0.01795505
v -0.00184156 0.05105295 0.00263021
v -0.00904439 0.04958717 0.02342942
v -0.00887850 0.04865160 0.02986187
v -0.00763687 0.05036997 0.01644826
v -0.00213953 0.04969386 0.02249237
v 0.00036143 0.05012629 0.00869340
v -0.00307966 0.05077041 0.01133726
v -0.00103372 0.05067841 0.00792287
v -0.00835505 0.05105091 0.00467741
v -0.00682644 0.05109144 0.00295425
v -0.00831362 0.05096871 0.00785871
v -0.01772858 0.05118598 -0.00136165
v -0.01730948 0.04931198 0.00780660
v -0.01775195 0.05097798 0.00823699
v -0.02131930 0.05122126 0.00018447
v -0.01814697 0.04946312 0.00739260
v -0.01168363 0.05114626 0.00248573
v 0.00047273 0.05106991 0.00129138
v -0.02241716 0.05075507 0.01243817
v -0.01669675 0.05034038 0.00901418
v -0.01954573 0.05056728 0.01439382
v -0.02081028 0.05087152 0.00840189
v -0.01409488 0.05063849 0.01322424
v -0.00117950 0.05056201 0.01390860
v -0.03054733 0.04909254 0.02622076
v -0.03751947 0.04886235 0.02564908
v -0.02369328 0.04906055 0.02664405
v -0.02371547 0.04978717 0.02140658
v -0.03755019 0.04994248 0.01753775
v -0.03104184 0.05043552 0.01599897
v -0.03647983 0.05007599 0.01803996
v -0.02773594 0.04943266 0.02403932
v -0.02940281 0.05036608 0.01681112
v -0.02296990 0.04997537 0.02006968
v -0.02803635 0.05044061 0.01595527
v -0.02839659 0.05089168 0.01104673
v -0.03455789 0.05011648 0.01844427
v -0.03039790 0.04812882 0.01286471
v -0.03091699 0.04958773 0.02284497
v -0.02518604 0.05018841 0.01830628
v -0.02572224 0.04962162 0.02263861
v -0.02509516 0.05080415 0.01200139
v -0.03755692 0.05023290 0.01582382
v -0.03540080 0.05057323 0.01411666
v -0.03751442 0.05066457 0.01166484
v -0.03526025 0.05127961 0.00334173
v -0.03745513 0.05106344 0.00762379
v -0.02891327 0.05115729 0.00609390
v -0.03751738 0.05121313 0.00315781
v -0.03728763 0.05089721 0.00145737
v -0.02922454 0.05113440 0.00695442
v -0.03343953 0.05134477 0.00057457
v -0.02656306 0.05123338 0.00239592
v -0.02820640 0.05129303 -0.00124921
v -0.02792483 0.05107236 0.00835877
v -0.02888508 0.05088845 0.01073360
v -0.03764796 0.05089184 0.00490642
v -0.03188345 0.04864475 0.00942292
v -0.03759033 0.05069178 0.00667721
v -0.03763092 0.05072861 0.00974056
v -0.02124622 0.05037623 0.01299268
v -0.02039640 0.05045742 0.01407216
v -0.01671195 0.05012178 0.01002157
v -0.01967210 0.05015544 0.00747286
v -0.01521559 0.05114036 0.00293364
v -0.01296056 0.05032584 0.01690680
v -0.02173398 0.05104885 0.00684018
v -0.02357559 0.05108506 0.00709758
v -0.00043980 0.05020994 0.01379657
v -0.01181322 0.04975364 0.02216857
v -0.00671154 0.04980184 0.02166669
v 0.00129523 0.05099808 0.00476365
v -0.01636617 0.05089246 0.00965265
v -0.00896113 0.05085643 0.01038763
v -0.02238393 0.05086068 0.00987321
v -0.02220279 0.05047578 0.01043233
v -0.02217061 0.05044957 0.00996140
v -0.01901474 0.04920862 0.00720509
v -0.02228533 0.05105432 0.00684875
v -0.01950620 0.05096452 0.00795505
v -0.02489458 0.05093664 0.00996727
v -0.01530200 0.05109797 0.00484094
v -0.02302288 0.05122416 -0.00257544
v -0.02225256 0.05120711 0.00206494
v -0.01589143 0.05118657 0.00085504
v -0.00230743 0.05059878 0.01371846
v 0.00025460 0.05053431 0.01411508
v -0.02004648 0.05015273 0.01851811
v -0.02200891 0.05025747 0.01199383
v -0.02524792 0.05030257 0.01726152
v -0.01915127 0.05040183 0.01416300
v -0.01587701 0.05040115 0.01603689
v -0.02163313 0.05032896 0.01219142
v -0.02245784 0.04930849 0.01186085
v -0.01443764 0.04995988 0.02069309
v -0.02496016 0.05030620 -0.01863632
v -0.02849530 0.04972453 -0.02247147
v -0.03247923 0.04958762 -0.00322661
v -0.03406628 0.05061600 -0.01520785
v -0.01922928 0.05033210 -0.01628673
v -0.01262892 0.05073572 -0.01410081
v -0.01780865 0.05077500 -0.01373288
v -0.03168020 0.04924062 -0.02526576
v -0.03776775 0.04943947 -0.02219671
v -0.02751103 0.04953492 -0.02386695
v -0.02505328 0.05003162 -0.02057056
v -0.02721513 0.05057400 -0.01623401
v -0.03553639 0.05040093 -0.01692860
v -0.03773941 0.04890959 -0.02541447
v -0.03779963 0.04968214 -0.02092623
v -0.03775528 0.05020434 -0.01752533
v -0.03751601 0.05102729 -0.00999618
v -0.03676355 0.05094947 -0.01120076
v -0.03750470 0.05128845 -0.00094766
v -0.03763492 0.05101884 -0.00966853
v -0.03728090 0.05129094 -0.00556254
v -0.03163683 0.05123492 -0.00629007
v -0.02269538 0.05105707 -0.00905654
v -0.03055498 0.05055271 -0.01610364
v -0.02258624 0.04997213 -0.01958760
v -0.01199435 0.05066750 -0.01507449
v -0.01939725 0.05059779 -0.01552351
v -0.01698147 0.05043606 -0.01716284
v -0.01259576 0.05013802 -0.02013946
v -0.02035236 0.05072961 -0.01410206
v -0.01118811 0.05105863 -0.00766284
v -0.01912895 0.05121344 -0.00031751
v -0.00685258 0.05112481 -0.00196544
v -0.00442713 0.05110526 -0.00033858
v -0.00407341 0.05050357 -0.01690372
v -0.00308733 0.05017009 -0.01923212
v -0.00234042 0.05047315 -0.01718272
v -0.00439906 0.05071286 -0.01395075
v -0.00617174 0.05069660 -0.01422223
v -0.00600092 0.04887022 -0.02796166
v -0.00885994 0.04994390 -0.02176000
v -0.02052660 0.04979597 -0.02221903
v -0.01237218 0.04997739 -0.02132826
v -0.01949837 0.04971295 -0.02233615
v -0.01732227 0.04986934 -0.02151462
v -0.00509757 0.04930050 -0.02567525
v -0.00530720 0.05041699 -0.01767810
v 0.00063541 0.04929340 -0.02628729
v 0.00057550 0.04988587 -0.02003834
v -0.00126929 0.04977267 -0.02224039
v -0.00712681 0.05102073 -0.00855807
v -0.00468920 0.05067584 -0.01457499
v -0.01152067 0.05078414 -0.01339739
v -0.01012707 0.05068747 -0.01466119
v 0.00024745 0.05056291 -0.01591236
v -0.00469010 0.05023085 -0.01934602
v -0.00488715 0.05060756 -0.01533415
v -0.00188483 0.05097943 -0.00783229
v -0.00001639 0.05105426 -0.00470820
v -0.00774552 0.05111196 -0.00422948
v 0.00467718 0.05103203 -0.00535711
v -0.00275491 0.05105767 -0.00474873
v -0.01101067 0.05117338 0.00030167
v 0.00453030 0.05109470 -0.00085409
v 0.00111405 0.05105944 -0.00249854
v 0.00113468 0.05107924 -0.00025027
v -0.00072823 0.05101012 -0.00655214
v -0.01255752 0.05098320 -0.00977844
v -0.01062368 0.05113067 -0.00406434
v -0.01708993 0.05114808 -0.00441676
v -0.01589545 0.05103112 -0.00863040
v -0.02710457 0.05117105 -0.00645230
v -0.02305710 0.05121289 -0.00327865
v -0.01326859 0.05111004 -0.00659639
v -0.01598285 0.05106898 -0.00780890
v -0.01747447 0.05104768 -0.00823353
v -0.01879803 0.05056019 -0.01614778
v -0.02120765 0.05050649 -0.01645912
v -0.02009396 0.04933244 -0.01804233
v -0.02225575 0.04796250 -0.01954426
v -0.02089835 0.05009926 -0.01653221
v -0.02242365 0.04998935 -0.01828647
v -0.02268612 0.05031695 -0.01809525
v -0.01837042 0.04960787 -0.01976343
v -0.01657186 0.05001328 -0.01984528
v -0.01635974 0.05026122 -0.01919207
v -0.01344439 0.04979339 -0.02282897
v -0.01839735 0.05074888 -0.01364123
v -0.01906000 0.05100361 -0.00950723
v -0.01505987 0.05094373 -0.01058507
v -0.01798721 0.05085651 -0.01205186
v -0.02551839 0.05106511 -0.00950806
v -0.03208960 0.05111286 -0.00929679
v -0.02930045 0.05121366 -0.00631239
v -0.02709484 0.05122808 -0.00503763
v -0.03313089 0.05119432 -0.00718029
v -0.02456887 0.05127300 -0.00200113
v -0.03738893 0.05127596 -0.00419494
v -0.03772250 0.05096320 -0.00597651
v -0.03765506 0.05088165 -0.00864571
v -0.03548408 0.04988128 -0.00940961
v -0.03752938 0.05117578 -0.00460504
v -0.03768758 0.05106567 -0.00062692
v -0.03763280 0.05113598 -0.00349466
v -0.03754951 0.05113032 -0.00176878
v -0.03774782 0.05042405 -0.01593708
v -0.03766007 0.05067756 -0.01402224
v -0.03701727 0.05014677 -0.01571781
v -0.03782091 0.05047586 -0.01398119
v -0.03773673 0.04991760 -0.01976617
v -0.03777768 0.04953968 -0.02248570
v -0.03739290 0.04947153 -0.02229571
v -0.03268013 0.04930680 -0.02515146
v -0.02758810 0.05027120 -0.01871298
v 0.03764942 0.04986716 0.01119664
v 0.02258444 0.04820618 0.01522412
v -0.03657995 0.05007980 0.01283688
v -0.03641067 0.04951548 -0.01920220
v -0.03194812 0.04888995 -0.01259774
v -0.02193309 0.04994919 -0.01738084
v -0.03782287 0.05045639 -0.01314439
v 0.02029040 0.04959783 -0.01681248
v 0.02275000 0.04942417 0.01333238
v 0.02243048 0.05018664 0.00881843
v 0.02102722 0.04898417 0.01211574
v -0.03756087 0.05040468 0.01379474
v -0.02233339 0.05029646 0.01022746
v -0.01963804 0.04902450 0.00845212
v 0.03753581 0.04985008 -0.01537599
v 0.03773544 0.05055188 -0.00736306
v 0.01865357 0.04943847 0.00728862
v -0.02365891 0.04878178 0.00746759
v -0.01980976 0.04965200 -0.01773639
v -0.02414714 0.04824920 -0.01983896
v -0.02596760 0.04813251 -0.01785216
v -0.02636878 -0.04516197 0.02223051
v -0.01369306 -0.04459106 0.02878816
v -0.02328796 -0.04552541 0.02459592
v -0.03022188 -0.03694374 0.02227157
v -0.02479705 -0.04092648 0.02797417
v -0.03061386 -0.04041373 0.01916152
v -0.03283538 -0.03801089 0.02111435
v -0.02796542 0.04780267 -0.01703449
v -0.02792411 0.04780724 -0.01706907
v -0.02794173 0.04777532 -0.01574867
v -0.02625599 -0.03979374 0.02655074
v 0.02511173 -0.04573079 0.00917512
v 0.02870936 -0.04280096 -0.02363343
v 0.02548084 -0.04629633 0.01449172
v 0.02633685 -0.04651821 0.01206209
v 0.02739853 -0.04626777 0.01858539
v 0.02274126 -0.04478096 0.02765483
v -0.02507049 -0.04524449 -0.00950942
v 0.01348037 -0.04326778 -0.02984293
v -0.01115897 -0.04481111 -0.02679062
v -0.00261626 -0.04309837 0.01895287
v 0.00753796 -0.04533948 -0.02205162
v 0.02397417 -0.04547397 -0.02670817
v 0.02470510 -0.04421825 -0.02940336
v 0.00785813 -0.04529729 -0.02494026
v 0.02580970 -0.04574801 0.02431336
v 0.00137095 -0.04270964 -0.01540434
v -0.02832884 -0.03979188 0.00254838
v 0.03185152 -0.03533537 -0.02330813
v 0.00749659 -0.04454155 -0.01841109
v 0.02864775 -0.04003401 -0.00680921
v 0.03210751 -0.03658665 -0.02433461
v 0.00922297 -0.03834847 -0.03333526
v 0.01635781 -0.03353673 -0.03283541
v 0.02189454 -0.03780266 -0.03339239
v 0.01126186 -0.03388126 -0.03372854
v 0.00771746 -0.03436412 -0.02950744
v 0.00904491 -0.03817153 -0.03354089
v 0.01778172 -0.03943349 -0.03290937
v 0.02310674 -0.03636604 -0.03146435
v 0.02382069 -0.03962807 -0.00489742
v 0.01381369 -0.04187338 -0.01130024
v 0.02374876 -0.03582406 0.03073224
v 0.03381834 -0.03317665 0.01219849
v 0.01596738 -0.04075891 0.00989478
v 0.03119354 -0.03785967 0.00860569
v 0.01090348 -0.03849461 0.01727168
v 0.01490366 -0.04339543 0.01039887
v 0.02358847 -0.03725657 0.03155544
v 0.02228500 -0.03395569 0.03247666
v 0.01451420 -0.03309238 0.03305356
v -0.00795695 -0.04208815 0.01138528
v -0.03233625 -0.03271374 0.01561907
v -0.03271624 -0.03620115 0.00697313
v -0.03174711 -0.03819179 0.00768987
v -0.03300884 -0.03271093 0.01386567
v -0.01076246 -0.04231871 0.01209057
v -0.01583568 -0.04057655 0.00579962
v -0.00332094 -0.04377700 0.01763456
v -0.02692768 -0.04228447 0.01058088
v -0.02189807 -0.04050703 0.00280694
v -0.01855340 -0.04094671 0.00455668
v -0.00957756 -0.03750309 -0.03377299
v -0.03027638 -0.03185845 -0.02073523
v -0.01265043 -0.04174882 -0.02037119
v -0.00924392 -0.04050275 -0.02001794
v -0.02799474 -0.04007218 -0.00906524
v -0.03335681 -0.03699637 -0.02422124
v -0.00777820 -0.03933756 -0.02486246
v -0.01729597 -0.04404478 -0.00947953
v -0.01004388 -0.04007155 -0.02545908
v -0.00911906 -0.03693218 -0.03404470
v -0.00955311 -0.03532110 -0.03156891
v -0.02424908 -0.03568390 -0.03432611
v -0.02113430 -0.03472156 -0.03169889
v 0.03084244 -0.04159686 -0.01447206
v 0.03178659 -0.03522590 -0.02530708
v 0.03298011 -0.03758854 -0.00925430
v 0.00733299 -0.03904860 0.01931832
v 0.01066784 -0.03397192 0.03302056
v 0.02908842 -0.04218893 0.01017971
v 0.02345236 -0.03480677 0.03110145
v 0.03153504 -0.03924458 0.02169778
v 0.02245071 -0.04089746 0.00934048
v 0.02899596 -0.03512121 0.02478652
v -0.00676655 -0.04165366 0.02662890
v -0.02101005 -0.03482296 0.02945518
v -0.03044220 -0.02899940 0.01453148
v -0.00787915 -0.03854331 0.03036103
v -0.03204534 -0.03506049 -0.02396080
v -0.03220787 -0.03677978 0.00700243
v -0.00861707 -0.03955699 -0.02473967
v -0.01100980 -0.04034165 -0.01453167
v -0.00977011 -0.03517099 -0.03363270
v -0.01097758 -0.04207241 -0.02931106
v -0.02478322 -0.04508759 -0.02566733
v -0.02392930 -0.03793409 -0.03104436
v 0.00759535 -0.04561116 -0.02459075
v 0.03091281 -0.03642253 -0.00829356
v 0.02298526 -0.03580118 0.00993074
v 0.02376309 -0.03617379 0.02862884
v 0.03088617 -0.03323442 0.01568864
v 0.01218880 -0.03246560 0.02516501
v -0.00733706 -0.04546234 0.02415626
v -0.02661433 -0.03597032 -0.02622104
v -0.03065776 -0.03443737 -0.01094722
v 0.02986598 -0.04481100 -0.02155256
v 0.03172385 -0.03508131 -0.02505548
v 0.02838220 -0.03511527 -0.02124162
v 0.01104418 -0.03403340 0.02539798
v -0.00701931 -0.03741823 0.02751778
v -0.00722968 -0.03830567 0.02860143
v -0.02981773 -0.03287082 -0.02379867
v -0.03312653 -0.03309208 -0.01351921
v -0.01592464 -0.04122044 -0.00979604
v 0.02075836 -0.03738564 0.02584863
v -0.00775651 -0.03404981 0.02538464
v -0.01558523 -0.04156396 0.01027960
v 0.03351255 -0.03514352 -0.02433184
v 0.00537114 -0.03615626 -0.02782291
v 0.02788186 -0.03590106 -0.02754922
v 0.02270165 -0.03656435 -0.03372946
v 0.00924681 -0.03465638 -0.03341711
v 0.02837098 -0.03902962 -0.00570871
v 0.01246462 -0.03208670 0.02577749
v -0.03161588 -0.03458781 0.00713296
v -0.03105419 -0.03448064 0.00613488
v -0.01196384 -0.03468501 -0.03270845
v -0.03226097 -0.03354854 -0.01780744
v -0.00691516 -0.03949540 -0.02555607
v -0.01337890 -0.04203655 -0.01671153
v 0.03139113 -0.03623340 -0.02570713
v 0.03394171 -0.03299271 0.02019763
v 0.01003770 -0.03632794 0.02141362
v -0.01194749 -0.04064258 0.03046030
v -0.00771804 -0.03713256 0.03249235
v 0.02306679 -0.03951250 -0.00546531
v 0.02468156 -0.03867770 -0.00525810
v 0.03290307 -0.03501699 0.00901195
v 0.03320669 -0.03619236 0.02237071
v 0.03209471 -0.03855918 0.00969271
v 0.01383425 -0.04167760 0.01304912
v 0.02212207 -0.03483273 0.03083229
v 0.01735680 -0.03340739 0.03205938
v -0.03294204 -0.03392883 0.00906796
v -0.00741755 -0.04103421 0.01102855
v -0.02112981 -0.03384496 -0.03408073
v -0.01833207 -0.03487985 0.02553599
v -0.03056569 -0.02683748 0.00858240
v -0.03065277 -0.03253232 -0.01808149
v 0.03026600 -0.03234026 -0.01086871
v -0.03122287 -0.03512013 0.02305304
v -0.02220940 -0.03585725 0.03176940
v -0.02818030 -0.03184445 0.02352425
v -0.02928044 -0.03472157 0.02633452
v -0.02624917 -0.03878456 0.02754891
v -0.02495256 -0.03834406 0.02899897
v 0.02109304 -0.03713934 0.00805450
v 0.03063772 -0.03941463 0.00887956
v 0.02130443 -0.04041702 -0.03191574
v 0.03216500 -0.03697863 0.02294978
v 0.02750029 -0.04583415 0.02101668
v -0.01373221 -0.03858257 -0.02260862
v -0.02693855 -0.03640538 -0.01123482
v -0.02316351 -0.03352090 -0.02340596
v -0.01499338 -0.03627541 -0.02787950
v -0.01694273 -0.03793972 -0.02118577
v -0.02144110 -0.03570512 -0.02930651
v -0.02926783 -0.03204833 -0.02251007
v -0.02888080 -0.03280407 -0.01817611
v -0.02447988 -0.03847324 -0.00982756
v -0.02368253 -0.03387302 -0.02609703
v -0.01515651 -0.03929623 -0.01325134
v 0.02581272 -0.03437996 0.01421672
v 0.02775908 -0.03607415 0.02407362
v 0.01373319 -0.03278975 0.02704283
v 0.01773663 -0.03832013 0.01647502
v 0.01504871 -0.03828856 0.01630825
v 0.01763224 -0.03793627 0.01354985
v 0.02728211 -0.03559602 0.02072096
v 0.03134984 -0.03275414 -0.01556564
v 0.02831970 -0.03646161 -0.02746941
v 0.01195288 -0.04023004 -0.01008286
v 0.00403956 -0.04160379 -0.02517624
v 0.00037275 -0.04298372 -0.02332365
v 0.02305073 -0.03602889 -0.01060425
v 0.01235164 -0.03499244 -0.02544304
v 0.01612299 -0.03502895 -0.02663075
v 0.02284145 -0.03534944 -0.03041338
v 0.00869107 -0.03577384 -0.02317985
v 0.00970324 -0.03877280 -0.01252568
v 0.00482564 -0.04510845 -0.02263909
v 0.01809354 -0.04032282 -0.00816620
v 0.00713182 -0.03931523 -0.02930766
v 0.01117415 -0.03658774 -0.01717303
v 0.02428577 -0.03166650 -0.01515161
v 0.00219719 -0.04076748 -0.02440219
v 0.00537722 -0.03854049 -0.02081355
v 0.01813452 -0.03467045 -0.01360496
v 0.02486765 -0.03148345 -0.01435819
v 0.00605993 -0.03992409 -0.01399790
v 0.01511517 -0.03399273 -0.02058027
v 0.02581107 -0.03601470 -0.02858986
v 0.02580026 -0.03506629 -0.02312917
v -0.01447774 -0.03994329 0.01045003
v -0.01312528 -0.04139856 0.01147724
v -0.01931400 -0.03695950 0.00527163
v -0.00574276 -0.03702177 0.02366935
v -0.00765422 -0.04117262 0.01093720
v -0.01055656 -0.04112346 0.01350798
v -0.00255024 -0.04119533 0.01615756
v -0.00515316 -0.03894851 0.02401080
v -0.01983057 -0.03370399 0.01876078
v -0.00686044 -0.03426179 0.02372721
v -0.02261276 -0.03416304 0.02789378
v -0.03043503 -0.03367611 0.00572201
v -0.00315410 -0.04446089 0.02208775
v -0.03016296 -0.03137955 -0.00021262
v -0.02871321 -0.03560673 -0.00048068
v -0.01537025 -0.03953628 0.00724626
v -0.01791148 -0.03775483 0.00669560
v -0.00762025 -0.03559735 0.02752956
v -0.02607480 -0.03801972 0.00006018
v -0.02370870 -0.03189895 0.02125921
v -0.01693808 -0.03551755 0.02447515
v -0.00517227 -0.03754383 0.02052013
v -0.01960437 -0.03520578 0.01255176
v -0.02770544 -0.02864966 0.01466638
v -0.02849679 -0.03053268 0.01973019
v -0.01652783 -0.03636144 0.01976341
v -0.02374574 -0.03255267 0.00725044
v -0.01827271 -0.03805489 0.00569622
v -0.02051352 -0.03568439 0.00551377
v -0.02276810 -0.03190268 0.01694861
v -0.02343985 -0.03404795 0.02937239
v -0.02980323 -0.02729985 0.00836129
v -0.01970001 -0.03523938 0.01130382
v -0.02963657 -0.03176218 0.00025460
v -0.02645714 -0.02923982 0.01160992
v -0.02380959 -0.03153959 0.01996898
v -0.02235048 -0.03217169 0.01717085
f 20 16 15
f 412 42 299
f 41 40 43
f 40 347 43
f 39 37 46
f 38 37 39
f 50 37 38
f 399 50 38
f 51 36 37
f 37 36 46
f 48 47 49
f 66 95 63
f 35 51 50
f 51 37 50
f 399 368 50
f 50 414 35
f 59 424 56
f 30 53 55
f 59 33 424
f 424 33 54
f 55 57 30
f 32 58 56
f 65 59 58
f 65 58 31
f 61 69 60
f 57 61 60
f 60 30 57
f 34 53 30
f 60 52 30
f 29 52 69
f 69 52 60
f 63 52 66
f 52 29 66
f 63 34 52
f 66 64 62
f 31 68 65
f 18 77 73
f 18 20 15
f 31 58 32
f 70 31 32
f 70 74 73
f 73 74 4
f 373 70 32
f 32 56 373
f 64 66 69
f 426 4 74
f 389 2992 67
f 31 27 68
f 26 10 75
f 72 31 70
f 72 27 31
f 91 61 75
f 69 91 64
f 70 373 74
f 26 71 79
f 4 78 21
f 82 24 81
f 83 21 24
f 21 18 4
f 24 82 23
f 82 25 23
f 25 17 23
f 20 18 21
f 353 21 83
f 84 24 23
f 84 83 24
f 15 16 77
f 18 15 77
f 19 85 86
f 19 86 79
f 71 19 79
f 86 85 79
f 80 79 85
f 83 84 17
f 17 84 23
f 113 26 90
f 13 90 12
f 13 12 80
f 90 79 12
f 80 12 79
f 75 10 91
f 10 26 11
f 49 102 48
f 93 49 94
f 95 97 351
f 2 45 102
f 45 2 106
f 445 14 7
f 96 2 102
f 351 97 104
f 90 378 113
f 3 2 96
f 2 3 105
f 106 2 110
f 108 110 2
f 105 3 108
f 108 111 110
f 351 104 112
f 108 2 105
f 97 11 104
f 11 113 92
f 26 113 11
f 378 433 113
f 378 90 443
f 117 175 118
f 118 175 146
f 144 118 474
f 474 118 146
f 140 136 144
f 140 144 477
f 140 142 147
f 147 154 140
f 154 148 140
f 154 147 87
f 17 22 87
f 17 25 22
f 22 133 148
f 135 25 82
f 133 153 148
f 82 134 135
f 152 156 148
f 150 152 155
f 81 134 82
f 132 152 153
f 149 150 155
f 153 134 81
f 22 148 154
f 87 22 154
f 148 156 140
f 140 156 130
f 140 130 114
f 128 163 160
f 157 161 155
f 163 161 157
f 162 150 149
f 149 161 128
f 128 162 149
f 128 161 163
f 159 127 163
f 160 129 128
f 162 128 129
f 130 156 150
f 150 162 130
f 162 129 114
f 127 131 136
f 160 136 129
f 136 160 127
f 144 131 164
f 167 166 126
f 125 126 168
f 126 131 127
f 126 127 124
f 126 124 168
f 116 123 169
f 124 169 123
f 116 122 121
f 121 163 158
f 163 121 159
f 169 124 159
f 121 158 116
f 159 121 169
f 5 116 158
f 120 125 123
f 5 120 116
f 120 123 116
f 167 173 166
f 172 144 171
f 166 144 164
f 171 144 166
f 172 166 170
f 144 172 137
f 172 118 137
f 119 170 173
f 118 172 170
f 119 118 170
f 173 174 119
f 176 117 174
f 119 117 118
f 176 115 175
f 176 175 117
f 133 134 153
f 175 474 146
f 507 175 145
f 181 220 211
f 195 1 212
f 178 207 563
f 195 212 215
f 229 225 195
f 215 229 195
f 213 227 208
f 198 207 226
f 205 231 206
f 235 231 200
f 231 205 200
f 237 199 197
f 206 201 239
f 239 205 206
f 205 199 200
f 239 201 199
f 234 240 201
f 199 201 240
f 205 239 199
f 203 235 200
f 237 203 199
f 238 200 199
f 238 199 203
f 204 232 231
f 224 198 233
f 233 198 226
f 231 224 233
f 233 206 231
f 242 222 213
f 1 177 212
f 1 248 177
f 598 243 196
f 247 1 194
f 242 244 245
f 244 242 220
f 1 225 194
f 222 242 245
f 253 251 184
f 550 202 189
f 192 253 189
f 177 189 201
f 190 192 189
f 251 253 192
f 185 258 244
f 254 259 249
f 179 249 192
f 192 190 179
f 190 189 177
f 248 190 177
f 190 248 247
f 248 1 247
f 179 190 247
f 254 179 247
f 223 188 183
f 255 187 223
f 256 257 631
f 256 258 185
f 249 259 192
f 631 257 185
f 256 185 257
f 246 260 259
f 246 250 260
f 250 246 534
f 184 259 250
f 259 184 192
f 251 192 184
f 534 253 184
f 534 184 250
f 533 255 261
f 219 188 221
f 255 183 261
f 188 261 183
f 261 188 219
f 219 221 218
f 211 180 218
f 180 182 218
f 262 175 115
f 180 175 262
f 262 115 174
f 182 180 262
f 274 273 286
f 309 283 279
f 203 232 204
f 235 203 231
f 200 238 203
f 701 360 298
f 264 300 265
f 701 299 360
f 8 265 43
f 266 265 303
f 265 266 264
f 265 267 303
f 301 267 265
f 302 345 267
f 267 345 304
f 268 303 305
f 305 267 304
f 308 275 311
f 269 310 315
f 270 315 310
f 314 311 307
f 314 308 311
f 270 310 271
f 309 275 314
f 318 270 272
f 309 279 275
f 268 271 310
f 272 270 271
f 271 268 305
f 306 316 317
f 306 704 316
f 329 318 272
f 305 304 271
f 304 344 271
f 329 272 344
f 320 318 329
f 319 286 327
f 286 273 327
f 327 273 277
f 277 273 274
f 288 278 338
f 283 318 282
f 329 327 320
f 283 282 280
f 313 283 280
f 288 324 322
f 325 313 281
f 325 312 313
f 322 280 288
f 321 334 322
f 281 313 280
f 283 275 279
f 292 285 327
f 283 309 318
f 323 337 197
f 718 323 197
f 236 337 323
f 331 236 323
f 287 334 336
f 321 336 334
f 338 336 321
f 336 276 335
f 291 335 339
f 236 197 337
f 197 236 237
f 289 236 331
f 203 236 333
f 339 335 278
f 203 237 236
f 336 340 276
f 338 340 336
f 340 335 276
f 338 278 340
f 230 333 236
f 203 333 232
f 198 232 230
f 332 341 230
f 285 342 343
f 342 293 343
f 293 345 695
f 695 302 8
f 345 302 695
f 295 45 101
f 695 8 348
f 40 348 347
f 101 99 295
f 109 348 40
f 664 706 720
f 103 443 13
f 100 99 101
f 73 4 18
f 66 29 69
f 59 56 58
f 45 48 102
f 44 47 45
f 45 47 48
f 97 62 91
f 95 66 62
f 30 52 34
f 91 62 64
f 91 69 61
f 77 72 70
f 73 77 70
f 390 373 56
f 71 26 75
f 353 83 89
f 17 87 14
f 14 445 89
f 14 87 88
f 90 26 79
f 83 14 89
f 83 17 14
f 11 97 10
f 97 91 10
f 62 97 95
f 93 102 49
f 92 113 104
f 92 104 11
f 93 94 102
f 96 102 94
f 45 295 44
f 106 100 45
f 9 352 98
f 90 13 443
f 88 7 14
f 9 98 6
f 112 441 351
f 28 6 98
f 163 127 160
f 161 149 155
f 151 157 155
f 152 150 156
f 131 144 136
f 143 355 492
f 87 142 88
f 142 140 479
f 175 473 474
f 137 118 144
f 503 355 143
f 144 474 477
f 479 140 477
f 141 139 350
f 142 87 147
f 153 152 148
f 133 22 135
f 25 135 22
f 134 133 135
f 155 152 132
f 2900 350 139
f 129 136 114
f 127 159 124
f 114 130 162
f 126 164 131
f 165 164 126
f 166 164 165
f 165 126 166
f 124 123 125
f 169 122 116
f 121 122 169
f 166 173 170
f 172 171 166
f 119 174 117
f 174 115 176
f 189 252 550
f 358 356 2886
f 233 178 206
f 222 228 213
f 198 563 207
f 225 1 195
f 220 605 211
f 145 211 507
f 216 210 2989
f 211 145 175
f 175 180 211
f 181 218 221
f 181 211 218
f 188 220 221
f 221 220 181
f 213 605 220
f 220 188 223
f 206 178 212
f 220 242 213
f 213 228 227
f 178 233 226
f 178 226 207
f 231 203 204
f 224 231 198
f 201 206 212
f 201 202 234
f 197 199 718
f 199 240 234
f 231 232 198
f 254 249 179
f 191 244 258
f 196 243 193
f 189 253 252
f 189 202 201
f 212 177 201
f 220 223 244
f 244 187 185
f 223 183 255
f 223 187 244
f 246 259 359
f 259 254 359
f 259 260 250
f 544 187 255
f 218 182 219
f 219 182 261
f 307 311 653
f 303 268 266
f 653 311 312
f 271 344 272
f 328 327 329
f 319 327 285
f 322 281 280
f 288 282 278
f 292 327 328
f 321 324 288
f 695 296 293
f 344 292 328
f 293 294 304
f 695 348 296
f 301 265 8
f 41 43 265
f 265 300 41
f 299 42 360
f 43 347 8
f 301 302 267
f 303 267 305
f 294 293 344
f 268 310 709
f 312 311 275
f 270 318 315
f 314 275 308
f 294 344 304
f 328 329 344
f 338 321 288
f 320 327 277
f 322 324 321
f 312 275 313
f 326 677 330
f 290 263 658
f 333 230 232
f 689 319 688
f 289 332 230
f 719 335 291
f 287 336 335
f 278 335 340
f 319 689 286
f 236 289 230
f 2955 263 290
f 342 285 292
f 293 342 292
f 293 292 344
f 345 293 304
f 346 349 724
f 8 302 301
f 2905 664 361
f 8 347 348
f 209 210 193
f 6 28 2908
f 100 101 45
f 107 109 40
f 214 605 213
f 210 196 193
f 2989 210 209
f 658 263 677
f 125 168 124
f 280 282 288
f 397 419 398
f 402 408 401
f 402 401 410
f 769 774 369
f 412 369 774
f 411 409 418
f 407 399 413
f 399 46 413
f 39 399 38
f 412 299 369
f 46 399 39
f 398 415 397
f 403 397 409
f 415 409 397
f 418 409 415
f 414 368 399
f 417 395 416
f 63 416 395
f 419 397 2920
f 63 395 34
f 396 34 395
f 419 2920 3007
f 53 34 396
f 53 423 394
f 395 423 396
f 405 404 781
f 393 405 781
f 390 56 424
f 422 425 424
f 422 391 3004
f 394 55 53
f 54 392 424
f 452 367 4
f 4 367 78
f 76 386 385
f 428 81 24
f 428 24 21
f 446 81 428
f 437 382 383
f 439 436 371
f 566 7 510
f 370 439 659
f 383 434 659
f 659 439 383
f 109 107 661
f 437 383 438
f 374 437 661
f 661 437 436
f 438 436 437
f 661 107 381
f 379 380 112
f 379 112 378
f 379 378 380
f 112 380 441
f 433 104 113
f 111 108 442
f 111 442 110
f 98 431 28
f 431 385 386
f 28 431 386
f 112 104 433
f 437 374 384
f 381 374 661
f 384 381 376
f 381 375 376
f 384 376 444
f 384 444 437
f 432 445 7
f 784 449 362
f 454 373 453
f 733 390 424
f 452 426 454
f 373 454 426
f 2961 78 452
f 452 78 367
f 455 456 457
f 21 429 428
f 366 21 78
f 366 2963 21
f 457 456 429
f 456 455 429
f 459 428 455
f 429 455 428
f 2936 532 519
f 163 157 470
f 5 158 515
f 482 483 488
f 446 428 487
f 489 478 511
f 486 482 472
f 132 487 485
f 487 460 446
f 472 482 3044
f 3044 482 2931
f 484 515 470
f 493 491 495
f 513 480 491
f 491 480 494
f 496 491 494
f 494 3018 496
f 490 3018 494
f 387 88 142
f 477 474 476
f 501 477 476
f 477 501 479
f 479 501 142
f 502 2902 492
f 355 502 492
f 139 505 138
f 474 506 476
f 507 473 175
f 474 473 506
f 510 7 509
f 510 506 508
f 506 500 476
f 500 506 387
f 500 387 142
f 506 509 387
f 387 509 88
f 506 510 509
f 473 508 506
f 153 81 460
f 487 132 460
f 446 460 81
f 481 478 489
f 512 511 478
f 151 155 485
f 485 155 132
f 163 470 515
f 512 513 493
f 515 158 163
f 478 481 512
f 512 481 513
f 120 167 125
f 514 167 5
f 167 120 5
f 516 5 515
f 125 167 126
f 516 515 514
f 518 519 532
f 523 465 520
f 521 469 466
f 514 515 517
f 517 167 514
f 517 467 167
f 465 523 468
f 524 469 572
f 524 466 469
f 465 468 526
f 527 167 467
f 532 2967 518
f 462 525 526
f 464 363 527
f 363 174 527
f 467 464 527
f 525 462 735
f 173 527 174
f 527 173 167
f 735 462 503
f 174 363 262
f 262 363 576
f 736 576 363
f 463 363 464
f 253 534 621
f 2939 589 553
f 435 510 508
f 212 601 215
f 610 607 564
f 576 736 538
f 736 575 538
f 3021 538 575
f 261 182 539
f 574 538 539
f 538 574 576
f 182 262 576
f 553 584 2939
f 586 880 621
f 587 570 579
f 587 579 2892
f 570 578 2941
f 570 2941 579
f 577 589 2939
f 561 590 563
f 564 591 592
f 564 607 591
f 593 595 535
f 594 593 535
f 592 591 607
f 230 563 198
f 563 230 341
f 562 178 597
f 595 596 602
f 562 551 178
f 597 590 562
f 602 535 595
f 590 597 563
f 593 560 595
f 178 563 597
f 599 552 551
f 552 178 551
f 178 600 212
f 600 178 599
f 599 178 552
f 208 214 213
f 596 214 602
f 596 595 214
f 595 560 605
f 560 556 605
f 556 603 211
f 211 603 507
f 507 603 556
f 566 435 696
f 508 558 435
f 556 594 558
f 560 593 594
f 535 537 558
f 558 594 535
f 609 607 608
f 508 473 558
f 558 473 507
f 196 210 598
f 555 241 583
f 199 234 555
f 234 241 555
f 718 199 612
f 199 364 612
f 582 571 613
f 584 613 571
f 199 555 364
f 234 580 583
f 234 202 580
f 553 613 584
f 617 252 567
f 253 616 567
f 253 549 616
f 617 580 202
f 550 252 617
f 202 550 617
f 253 621 549
f 620 619 621
f 622 186 625
f 534 246 621
f 586 547 569
f 620 547 619
f 547 586 619
f 625 186 624
f 626 547 620
f 629 547 626
f 627 633 896
f 628 625 624
f 622 624 186
f 185 540 631
f 624 632 542
f 628 624 543
f 545 635 633
f 187 544 185
f 185 544 540
f 544 637 540
f 632 541 542
f 731 542 541
f 533 539 538
f 540 637 546
f 3020 618 637
f 637 618 546
f 636 637 538
f 539 533 261
f 533 637 255
f 544 255 637
f 731 541 638
f 566 510 435
f 671 668 669
f 668 671 683
f 717 641 554
f 650 554 641
f 682 651 672
f 732 682 652
f 651 675 672
f 683 675 651
f 683 671 675
f 641 656 650
f 334 650 656
f 641 684 656
f 2953 639 680
f 2953 678 679
f 671 667 670
f 671 669 687
f 688 691 694
f 692 284 2981
f 343 297 285
f 2955 677 263
f 657 349 665
f 693 664 692
f 660 285 293
f 691 293 663
f 661 663 109
f 559 558 537
f 436 439 661
f 663 661 439
f 439 370 440
f 434 662 659
f 662 606 659
f 606 370 659
f 370 606 640
f 640 610 370
f 559 435 558
f 696 435 559
f 640 608 610
f 610 439 440
f 440 370 610
f 610 688 694
f 609 608 640
f 383 382 434
f 697 610 694
f 663 439 697
f 293 296 663
f 698 2948 2957
f 643 700 776
f 776 400 643
f 369 299 400
f 400 701 643
f 299 701 400
f 703 704 306
f 703 702 644
f 643 645 699
f 705 730 706
f 2982 705 708
f 705 306 708
f 306 317 708
f 310 365 709
f 710 708 709
f 654 711 647
f 648 647 949
f 711 949 647
f 2959 708 710
f 642 2959 710
f 654 649 711
f 709 708 317
f 365 310 714
f 312 713 653
f 653 713 715
f 654 647 646
f 647 648 646
f 654 646 655
f 681 666 654
f 655 681 654
f 716 681 655
f 715 325 684
f 666 716 678
f 325 656 684
f 322 334 656
f 656 281 322
f 656 325 281
f 719 291 717
f 334 554 650
f 719 717 554
f 287 335 554
f 554 335 719
f 554 334 287
f 323 612 331
f 610 689 688
f 349 330 665
f 293 690 660
f 372 389 2961
f 671 2903 672
f 657 676 724
f 143 729 503
f 677 652 658
f 290 658 2903
f 504 729 143
f 729 471 722
f 2903 658 672
f 2953 666 678
f 374 381 384
f 432 7 566
f 444 382 437
f 414 399 407
f 389 2916 2961
f 53 396 423
f 395 421 423
f 406 2921 402
f 403 2904 397
f 416 63 95
f 50 368 414
f 395 417 421
f 422 424 392
f 424 425 733
f 3004 391 782
f 74 373 426
f 2961 454 372
f 373 390 453
f 67 388 389
f 389 388 2916
f 107 376 375
f 98 352 431
f 371 436 383
f 383 436 438
f 371 383 439
f 427 354 377
f 378 112 433
f 107 375 381
f 443 103 378
f 378 103 380
f 450 788 451
f 454 2961 452
f 448 458 726
f 458 428 459
f 723 503 468
f 464 467 463
f 530 528 531
f 5 516 514
f 138 492 2902
f 471 492 138
f 139 727 505
f 483 482 486
f 485 487 818
f 428 461 487
f 461 818 487
f 721 471 475
f 496 495 491
f 151 484 470
f 498 521 484
f 501 500 142
f 500 501 476
f 138 475 471
f 492 471 504
f 505 475 138
f 505 727 475
f 7 88 509
f 153 460 132
f 151 470 157
f 493 513 491
f 523 522 468
f 466 484 521
f 517 515 484
f 526 468 462
f 503 729 735
f 503 462 468
f 529 531 573
f 736 363 463
f 531 529 530
f 621 619 586
f 357 2945 548
f 549 621 616
f 548 615 357
f 671 670 2991
f 536 573 874
f 573 531 874
f 536 737 573
f 574 539 182
f 182 576 574
f 611 614 584
f 857 565 581
f 617 583 580
f 584 571 582
f 2891 583 617
f 617 567 585
f 581 588 857
f 610 564 557
f 561 563 341
f 557 689 610
f 602 214 208
f 601 212 600
f 605 556 211
f 560 594 556
f 607 610 608
f 558 507 556
f 581 565 673
f 583 241 234
f 548 2945 614
f 252 253 567
f 586 569 623
f 629 569 547
f 635 739 633
f 629 626 630
f 632 624 622
f 542 543 624
f 628 543 3038
f 633 634 545
f 538 637 533
f 636 3020 637
f 652 672 658
f 306 705 703
f 700 643 699
f 692 2981 693
f 652 677 732
f 690 285 660
f 348 663 296
f 673 565 686
f 690 293 691
f 675 671 672
f 652 682 672
f 680 666 2953
f 916 666 639
f 666 680 639
f 688 319 691
f 285 690 691
f 664 720 692
f 665 676 657
f 676 725 724
f 665 2955 2950
f 697 694 691
f 663 697 691
f 663 348 109
f 610 697 439
f 645 643 298
f 776 369 400
f 703 664 702
f 298 643 701
f 704 703 644
f 703 705 706
f 2982 730 705
f 2959 740 708
f 310 269 714
f 325 713 312
f 713 325 715
f 681 716 666
f 323 718 612
f 691 319 285
f 330 2955 665
f 677 2955 330
f 721 722 471
f 502 355 503
f 692 706 730
f 676 2956 725
f 611 615 548
f 729 722 721
f 502 503 2902
f 504 143 492
f 475 2964 721
f 729 504 471
f 585 2891 617
f 584 582 611
f 548 614 611
f 284 692 730
f 657 724 349
f 720 706 692
f 706 664 703
f 708 740 2982
f 726 458 459
f 2965 734 729
f 734 735 729
f 595 605 214
f 741 2953 679
f 751 362 451
f 760 991 759
f 753 760 759
f 756 761 762
f 762 761 763
f 760 753 977
f 977 753 759
f 769 777 768
f 770 769 766
f 747 748 772
f 977 759 770
f 770 764 977
f 771 764 770
f 964 770 766
f 775 774 770
f 769 770 774
f 770 759 775
f 772 748 773
f 404 758 748
f 406 402 410
f 404 406 758
f 406 748 758
f 773 748 406
f 410 773 406
f 369 776 769
f 391 422 779
f 780 781 778
f 763 761 779
f 747 780 778
f 778 757 747
f 747 757 748
f 404 757 781
f 778 781 757
f 450 756 750
f 761 756 391
f 458 447 428
f 785 428 447
f 458 448 447
f 788 751 451
f 362 751 784
f 751 786 784
f 447 461 785
f 817 784 786
f 750 788 450
f 786 788 752
f 754 752 788
f 788 789 754
f 991 760 793
f 755 786 790
f 790 786 752
f 786 755 749
f 783 749 790
f 790 752 754
f 789 762 754
f 973 793 760
f 791 792 749
f 813 1019 1006
f 787 1019 823
f 811 810 797
f 814 794 811
f 814 811 797
f 796 807 797
f 743 498 797
f 797 498 808
f 797 808 814
f 814 795 809
f 792 786 749
f 1019 813 812
f 823 1019 812
f 809 813 794
f 794 814 809
f 812 813 809
f 812 809 795
f 817 786 792
f 461 447 816
f 822 812 795
f 821 819 499
f 484 820 498
f 795 814 808
f 795 498 820
f 484 795 820
f 742 795 484
f 499 819 497
f 488 821 499
f 821 488 483
f 795 742 822
f 428 785 461
f 742 957 822
f 804 521 743
f 521 498 743
f 743 797 807
f 804 743 824
f 469 827 805
f 800 827 804
f 827 828 804
f 827 521 828
f 803 521 827
f 802 827 469
f 521 803 802
f 802 469 521
f 802 803 827
f 828 521 804
f 572 469 831
f 872 531 839
f 531 528 830
f 2936 519 801
f 469 825 826
f 469 826 831
f 833 829 531
f 829 839 531
f 830 833 531
f 469 805 825
f 832 834 835
f 833 835 836
f 1028 835 834
f 832 815 1028
f 837 833 838
f 833 836 1016
f 846 833 1016
f 1016 836 840
f 835 833 837
f 827 800 805
f 805 800 798
f 798 1003 805
f 1003 1034 805
f 807 796 841
f 841 806 807
f 806 824 807
f 804 824 806
f 800 804 806
f 799 800 841
f 798 800 799
f 1059 863 901
f 901 866 1059
f 865 852 844
f 866 850 867
f 845 744 871
f 635 848 744
f 870 744 848
f 531 872 874
f 873 839 846
f 868 873 846
f 870 868 845
f 873 868 870
f 870 848 536
f 872 839 873
f 878 862 922
f 922 1049 878
f 860 922 861
f 875 1049 922
f 922 860 875
f 876 875 860
f 861 881 876
f 889 876 851
f 882 881 861
f 859 883 861
f 568 2941 578
f 882 884 880
f 880 876 881
f 861 883 882
f 882 883 884
f 858 884 859
f 885 857 746
f 843 842 855
f 851 623 855
f 851 855 886
f 843 887 842
f 842 886 855
f 842 887 886
f 623 851 586
f 852 865 889
f 889 851 854
f 890 889 854
f 844 852 890
f 856 851 886
f 888 853 892
f 855 623 843
f 569 629 894
f 623 894 629
f 630 843 623
f 901 853 893
f 895 850 903
f 739 897 869
f 739 869 896
f 896 633 739
f 850 895 898
f 899 900 895
f 898 895 900
f 897 739 744
f 745 869 744
f 869 897 744
f 850 898 847
f 892 901 891
f 629 630 623
f 893 849 903
f 903 850 893
f 744 739 635
f 841 800 806
f 906 1120 1119
f 907 1120 906
f 1120 907 919
f 923 908 906
f 907 906 908
f 906 1116 923
f 909 908 923
f 925 908 909
f 924 927 909
f 909 927 925
f 925 904 908
f 933 926 925
f 929 685 931
f 926 904 925
f 904 919 908
f 919 904 877
f 861 930 915
f 922 930 861
f 930 922 920
f 919 907 908
f 858 861 915
f 877 904 926
f 914 877 926
f 667 932 670
f 667 671 687
f 685 916 639
f 933 927 928
f 916 934 666
f 925 927 933
f 929 916 685
f 931 685 917
f 931 917 2999
f 910 936 938
f 939 1130 910
f 910 924 909
f 936 910 943
f 940 911 912
f 937 912 935
f 767 768 944
f 944 768 777
f 912 911 946
f 940 1147 911
f 944 946 945
f 700 947 913
f 948 777 776
f 944 948 913
f 944 913 946
f 913 948 700
f 700 948 776
f 949 711 905
f 952 935 950
f 935 952 953
f 950 707 952
f 956 905 954
f 935 912 950
f 955 707 950
f 654 951 649
f 951 956 954
f 951 954 905
f 910 927 924
f 927 910 928
f 928 910 938
f 666 951 654
f 711 649 905
f 786 751 788
f 756 450 391
f 779 761 391
f 393 781 780
f 789 756 762
f 750 756 789
f 765 766 769
f 748 757 404
f 769 776 777
f 782 391 450
f 789 788 750
f 461 816 818
f 813 811 794
f 822 823 812
f 795 808 498
f 957 823 822
f 807 824 743
f 805 826 825
f 826 805 1034
f 838 833 830
f 846 839 829
f 832 1028 834
f 833 846 829
f 569 894 623
f 893 888 849
f 863 1059 1058
f 845 871 870
f 845 745 744
f 852 889 890
f 902 901 863
f 880 851 876
f 882 880 881
f 890 864 844
f 744 870 871
f 870 536 874
f 874 872 873
f 874 873 870
f 876 860 861
f 875 876 889
f 858 859 861
f 884 621 880
f 851 880 586
f 921 857 885
f 893 853 888
f 851 856 854
f 901 892 853
f 900 899 898
f 866 901 850
f 901 902 891
f 901 893 850
f 922 862 879
f 905 956 949
f 918 877 914
f 920 922 879
f 1120 919 877
f 939 909 923
f 934 916 929
f 934 951 666
f 857 921 686
f 686 565 857
f 943 910 1132
f 953 937 935
f 909 939 910
f 942 912 937
f 944 911 1147
f 945 911 944
f 911 945 946
f 912 946 950
f 955 950 947
f 913 947 946
f 777 948 944
f 956 951 934
f 946 947 950
f 905 649 951
f 972 976 760
f 760 975 972
f 972 969 976
f 971 969 974
f 969 971 976
f 760 977 975
f 977 764 771
f 977 771 970
f 977 970 975
f 975 970 972
f 972 970 963
f 972 963 968
f 968 980 978
f 968 978 979
f 968 979 972
f 980 968 963
f 981 966 963
f 966 980 963
f 982 967 769
f 981 965 967
f 765 981 963
f 769 967 965
f 982 769 768
f 767 982 768
f 765 769 965
f 964 771 770
f 766 765 964
f 771 964 963
f 790 962 985
f 749 783 989
f 985 791 749
f 962 754 762
f 754 962 790
f 793 990 992
f 793 992 987
f 984 976 971
f 990 793 976
f 971 974 984
f 984 990 976
f 992 990 984
f 992 993 961
f 959 992 961
f 959 960 987
f 988 994 986
f 959 987 992
f 998 996 995
f 995 999 998
f 999 1000 998
f 959 1001 960
f 999 995 1000
f 994 988 1000
f 995 994 1000
f 1177 960 1001
f 1033 815 832
f 984 993 992
f 813 1006 811
f 1019 787 995
f 1018 995 997
f 1017 995 1018
f 995 983 1019
f 995 1017 983
f 983 1017 1021
f 1021 1017 1189
f 1190 1023 1020
f 1190 1020 1024
f 1020 1023 1010
f 1005 1025 1020
f 1020 1021 1022
f 1024 1020 1022
f 1010 1005 1020
f 796 1026 1005
f 796 797 1026
f 797 810 1026
f 811 1026 810
f 1006 1025 811
f 811 1025 1026
f 1006 1019 1007
f 1019 1008 1007
f 1021 1020 1025
f 1021 1025 1006
f 1006 1008 1021
f 1006 1007 1008
f 1005 841 796
f 815 1029 1032
f 1032 1028 815
f 1029 1030 1027
f 1032 1029 1027
f 815 1033 1029
f 1029 1033 1031
f 1030 1031 1195
f 1029 1031 1030
f 1033 1195 1031
f 1034 1003 1035
f 798 1012 1003
f 1009 1005 1010
f 1203 1039 1004
f 1023 1004 1010
f 841 1005 1011
f 1011 799 841
f 1009 798 799
f 1011 1009 799
f 1039 1010 1004
f 1009 1010 1039
f 1037 1009 1039
f 798 1009 1012
f 1037 1012 1009
f 1039 1196 1012
f 1037 1039 1012
f 1196 1039 1038
f 1038 1039 1203
f 1002 1036 1003
f 1002 1003 1012
f 989 985 749
f 1030 1015 1027
f 1051 1050 1049
f 1060 1057 1055
f 1057 1059 866
f 1057 1060 1059
f 1257 1258 1061
f 1062 1063 1067
f 1055 1257 1061
f 1061 1060 1055
f 1068 1059 1060
f 864 1065 844
f 1058 1059 1043
f 865 844 1053
f 865 1053 1066
f 1060 1069 1068
f 1069 1061 1258
f 1069 1060 1061
f 1044 1070 1053
f 1071 1040 1055
f 1055 1057 1071
f 1057 866 1071
f 1071 866 867
f 867 850 1071
f 1077 1055 1040
f 1075 1077 1071
f 1072 1055 1077
f 1055 1072 1073
f 1072 1077 1074
f 1078 1075 1084
f 1076 1075 1078
f 1045 1014 1015
f 1014 1027 1015
f 1015 1079 1045
f 840 1080 1016
f 1045 1222 1046
f 1045 1046 1027
f 1027 1047 1028
f 1046 1047 1027
f 1080 868 846
f 1016 1080 846
f 869 745 1082
f 1083 1082 1081
f 1081 1082 1080
f 1081 1080 840
f 1080 745 868
f 745 1080 1082
f 847 1084 1071
f 1075 1071 1084
f 1052 1086 1054
f 1085 1087 1225
f 1086 1087 1085
f 1264 1087 1089
f 1088 1089 1087
f 1087 1048 1088
f 1088 1090 1089
f 1089 1063 1264
f 1067 1063 1090
f 1063 1089 1090
f 1066 1091 889
f 1053 1070 1049
f 1091 1053 1049
f 1091 1066 1053
f 878 1049 1050
f 878 1050 1051
f 1049 875 1091
f 1087 1086 1042
f 1087 1042 1048
f 1042 1086 1052
f 1070 1092 1049
f 1066 889 865
f 910 1130 1102
f 1113 1098 1097
f 1097 1098 1099
f 1085 1114 1054
f 1086 1085 1054
f 1097 1099 958
f 1306 1095 1114
f 1115 1099 1098
f 1098 1100 1094
f 1115 1098 1119
f 1041 1098 1094
f 1100 1098 1118
f 1100 1106 1117
f 1116 1100 1117
f 1098 1041 1119
f 1041 1094 1116
f 1108 1041 1116
f 1116 1106 923
f 906 1041 1108
f 906 1108 1116
f 1119 1041 906
f 877 1121 1120
f 877 918 958
f 1051 1092 1093
f 1119 1120 1122
f 1099 1121 877
f 1101 958 1099
f 1119 1099 1115
f 1119 1122 1099
f 1101 1099 877
f 1101 877 958
f 1094 1100 1116
f 1054 1095 1052
f 1103 1125 1126
f 1126 1125 1127
f 1103 1096 1104
f 1131 1126 1134
f 910 1102 1132
f 1102 1129 1132
f 1134 941 1131
f 1102 1133 1129
f 1130 939 1133
f 1296 1124 1106
f 1133 1106 1124
f 1133 923 1106
f 1109 941 1134
f 942 1136 912
f 1137 1126 1127
f 1109 1134 1135
f 1134 1107 1141
f 1137 1127 1110
f 1137 1110 1269
f 1137 1314 1138
f 1111 1314 1137
f 1140 1107 1137
f 1144 1136 1142
f 1140 1141 1107
f 1145 1144 1142
f 1140 1137 1138
f 982 1112 981
f 967 982 981
f 1267 981 1112
f 1267 1112 1145
f 1145 1139 1267
f 1147 1146 1145
f 1112 1147 1145
f 1147 1112 944
f 944 1112 767
f 1112 982 767
f 940 912 1136
f 1147 1136 1144
f 1146 1144 1145
f 1146 1147 1144
f 940 1136 1147
f 1269 1110 1127
f 976 973 760
f 963 964 765
f 981 1163 966
f 765 965 981
f 963 970 771
f 986 995 787
f 989 790 985
f 994 995 986
f 783 790 989
f 793 987 991
f 976 793 973
f 1005 1009 1011
f 1196 1036 1012
f 1027 1028 1032
f 983 1021 1008
f 983 1008 1019
f 1024 1022 1021
f 1023 1190 1004
f 1025 1005 1026
f 1033 832 1013
f 1035 1003 1036
f 1036 1002 1012
f 1065 1064 1053
f 1064 1044 1053
f 1054 1114 1095
f 844 1065 1053
f 1043 1059 1068
f 1077 1040 1071
f 847 1071 850
f 1075 1074 1077
f 1083 1081 840
f 1014 1045 1027
f 868 745 845
f 1049 1092 1051
f 1093 1092 1070
f 1091 875 889
f 1131 1096 1126
f 1137 1269 1280
f 1145 1142 1139
f 1118 1296 1100
f 1100 1296 1106
f 1106 1116 1117
f 939 923 1133
f 1120 1121 1099
f 1099 1122 1120
f 1128 1125 1103
f 1129 1133 1123
f 1104 1096 1131
f 1126 1096 1103
f 1102 1130 1133
f 1105 1133 1124
f 1123 1133 1105
f 1107 1126 1137
f 1126 1107 1134
f 1135 1134 1141
f 1280 1111 1137
f 1136 1143 1142
f 1143 1136 942
f 1164 1162 1331
f 1150 1361 1160
f 1160 1164 1150
f 1160 1169 1148
f 1160 1151 1165
f 1164 1160 1165
f 1167 978 1160
f 1158 1166 1155
f 1155 1166 1161
f 1155 1161 1168
f 1160 1148 1167
f 1161 1148 1168
f 1168 1148 1169
f 1171 1173 1154
f 1171 1154 1175
f 1001 1154 1174
f 1176 1171 1175
f 1175 1154 1001
f 1369 1178 996
f 1156 1171 1176
f 1172 1173 1171
f 1171 1180 1172
f 1180 1171 1181
f 1171 1156 1181
f 1156 984 974
f 1181 1157 1180
f 1159 1155 1149
f 1155 1339 1149
f 1158 1155 1181
f 1152 1158 1181
f 1180 1159 1149
f 1157 1159 1180
f 1159 1157 1155
f 1157 1181 1155
f 974 969 1166
f 969 972 1166
f 1166 972 1153
f 974 1152 1156
f 1152 1181 1156
f 1158 1152 974
f 974 1166 1158
f 979 1161 1153
f 979 1153 972
f 979 978 1161
f 978 1167 1148
f 1160 980 1151
f 980 1165 1151
f 1165 980 1164
f 980 1182 1164
f 1160 978 980
f 1182 1163 1164
f 1182 966 1163
f 966 1182 980
f 961 993 1176
f 1156 1176 993
f 993 1170 1156
f 984 1170 993
f 984 1156 1170
f 961 1176 959
f 1176 1175 959
f 1183 959 1175
f 1001 1183 1175
f 996 997 995
f 959 1183 1001
f 1017 1018 997
f 1024 1021 1187
f 1189 1187 1021
f 1194 1030 1193
f 1030 1194 1015
f 1033 1013 1217
f 1035 1036 1184
f 1203 1004 1192
f 1192 1004 1191
f 997 1204 1017
f 1189 1197 1187
f 1204 1189 1017
f 1186 1202 1198
f 1192 1186 1203
f 1186 1199 1202
f 1192 1191 1190
f 1200 1186 1198
f 1196 1203 1201
f 1196 1038 1203
f 1201 1203 1200
f 1200 1428 1201
f 1184 1196 1201
f 1425 1013 1207
f 1200 1403 1428
f 1209 1202 1199
f 1197 1208 1209
f 1199 1197 1209
f 1199 1024 1197
f 1024 1199 1190
f 1208 1197 1211
f 1197 1185 1211
f 1197 1189 1185
f 1185 1204 1211
f 996 1178 997
f 1174 1177 1001
f 1210 1211 1178
f 1211 1210 1208
f 1193 1216 1487
f 1214 1215 1425
f 1013 1425 1217
f 1184 1036 1196
f 1212 1215 1216
f 1205 1425 1215
f 1215 1212 1217
f 1217 1212 1216
f 1216 1193 1188
f 1033 1216 1195
f 1188 1030 1195
f 1195 1216 1188
f 1030 1188 1193
f 1206 1194 1193
f 1206 1231 1194
f 1193 1213 1206
f 997 1178 1204
f 1228 1230 1508
f 1206 1213 1231
f 1213 1474 1231
f 1231 1219 1221
f 1228 1508 1232
f 1251 1228 1232
f 1234 1235 1236
f 1238 1241 1527
f 1527 1610 1238
f 1218 1226 1533
f 1218 1250 1232
f 1218 1232 1243
f 1227 1526 1247
f 1262 1263 1244
f 1247 1245 1248
f 1263 1249 1247
f 1253 1218 1233
f 1233 1254 1253
f 1236 1056 1255
f 1240 1255 1056
f 1253 1073 1218
f 1218 1256 1250
f 1218 1073 1256
f 1253 1055 1073
f 1258 1253 1254
f 1258 1257 1253
f 1264 1063 1062
f 1056 1241 1240
f 1240 1241 1238
f 1062 1259 1264
f 1236 1241 1056
f 1255 1234 1236
f 1073 1072 1250
f 1232 1250 1252
f 1251 1252 1250
f 1242 1218 1243
f 1252 1251 1232
f 1075 1076 1260
f 1075 1260 1074
f 1074 1251 1072
f 1015 1194 1079
f 1261 1228 1076
f 1076 1228 1260
f 1045 1079 1221
f 1194 1221 1079
f 1085 1249 1114
f 1114 1249 1263
f 1263 1300 1114
f 1087 1239 1225
f 1247 1225 1227
f 1227 1225 1239
f 1264 1239 1087
f 1299 1303 1114
f 1098 1113 1118
f 1114 1300 1299
f 1105 1265 1312
f 1105 1124 1270
f 1269 1266 1280
f 1267 1163 981
f 1285 1286 1689
f 1272 1270 1296
f 1274 1277 1275
f 1277 1290 1275
f 1286 1684 1689
f 1272 1274 1275
f 1310 1289 1287
f 1268 1272 1294
f 1286 1292 1295
f 1274 1272 1268
f 1292 1286 1285
f 1295 1297 1286
f 1294 1272 1296
f 1296 1291 1294
f 1291 1296 1118
f 1304 1286 1297
f 1283 1286 1304
f 1283 1282 1286
f 1671 1301 1244
f 1701 1671 1244
f 1263 1262 1300
f 1300 1262 1299
f 1299 1262 1301
f 1301 1262 1244
f 1302 1301 1303
f 1299 1302 1303
f 1301 1302 1299
f 1297 1303 1304
f 1303 1301 1671
f 1303 1671 1304
f 1114 1297 1306
f 1303 1297 1305
f 1114 1305 1297
f 1305 1114 1303
f 1298 1306 1297
f 1118 1113 1291
f 1293 1680 1308
f 1288 1680 1278
f 1293 1288 1278
f 1128 1288 1293
f 1275 1290 1284
f 1105 1270 1275
f 1284 1311 1275
f 1311 1265 1275
f 1311 1312 1265
f 1281 1127 1125
f 1309 1269 1127
f 1128 1281 1125
f 1312 1123 1105
f 1293 1127 1281
f 1309 1127 1293
f 1308 1309 1293
f 1266 1269 1308
f 1280 1266 1273
f 1279 1316 1314
f 1267 1313 1163
f 1313 1267 1139
f 1314 1111 1279
f 1266 1308 1273
f 1273 1318 1280
f 1708 1273 1308
f 1708 1308 1307
f 1317 1162 1164
f 1315 1280 1318
f 1280 1315 1111
f 1111 1315 1279
f 1313 1164 1163
f 1313 1317 1164
f 1315 1710 1279
f 1315 1318 1709
f 1161 1166 1153
f 1160 1361 1169
f 1148 1161 978
f 1191 1004 1190
f 1185 1189 1204
f 1186 1190 1199
f 1192 1190 1186
f 1186 1200 1203
f 1187 1197 1024
f 1211 1204 1178
f 1425 1205 1217
f 1033 1217 1216
f 1215 1217 1205
f 1239 1264 1227
f 1227 1264 1259
f 1229 1550 1220
f 1221 1194 1231
f 1223 1228 1261
f 1221 1219 1222
f 1228 1223 1230
f 1235 1234 1224
f 1536 1241 1235
f 1236 1235 1241
f 1227 1259 1237
f 1218 1533 1233
f 1263 1247 1248
f 1248 1244 1263
f 1055 1253 1257
f 1250 1072 1251
f 1073 1250 1256
f 1251 1260 1228
f 1074 1260 1251
f 1222 1045 1221
f 1225 1249 1085
f 1247 1249 1225
f 1296 1270 1124
f 1275 1270 1272
f 1294 1291 1268
f 1297 1295 1298
f 1278 1680 1293
f 1128 1293 1281
f 1105 1275 1265
f 1308 1269 1309
f 1279 1338 1316
f 1315 1709 1710
f 1325 1376 1324
f 1841 1351 1363
f 1779 1334 1350
f 1350 1334 1738
f 1362 1334 1328
f 1328 1334 1779
f 1352 1354 1328
f 1329 1332 1730
f 1730 1353 1329
f 1328 1794 1352
f 1357 1358 1359
f 1358 1356 1355
f 1347 1358 1355
f 1330 1358 1347
f 1360 1169 1361
f 1360 1332 1323
f 1323 1332 1329
f 1169 1360 1323
f 1164 1720 1150
f 1279 1337 1363
f 1279 1363 1338
f 1331 1720 1164
f 1338 1363 1351
f 1162 1336 1331
f 1720 1331 1336
f 1168 1340 1364
f 1358 1330 1385
f 1168 1169 1340
f 1323 1340 1169
f 1178 1369 1210
f 1179 1342 1371
f 1369 996 1368
f 1367 1371 1342
f 1804 1771 1327
f 1327 1343 1804
f 1802 1371 1367
f 1372 1802 1367
f 1370 1369 1368
f 1365 1379 1372
f 1372 1367 1366
f 1342 1341 1367
f 1154 1374 1174
f 1341 1342 1179
f 1154 1173 1374
f 1173 1172 1374
f 1179 1344 1341
f 1344 1377 1341
f 1374 1172 1324
f 1172 1325 1324
f 1325 1172 1376
f 1180 1348 1386
f 1345 1381 1378
f 1172 1180 1386
f 1381 1382 1378
f 1770 1372 1379
f 1377 1373 1381
f 1386 1376 1172
f 1373 1377 1344
f 1381 1373 1382
f 1345 1375 1379
f 1379 1375 1326
f 1383 1326 1346
f 1346 1347 1383
f 1347 1355 1383
f 1347 1346 1330
f 1346 1385 1330
f 1384 1385 1346
f 1326 1375 1384
f 1326 1384 1346
f 1323 1364 1340
f 1339 1168 1364
f 1364 1323 1339
f 1168 1339 1155
f 1333 1339 1323
f 1375 1378 1384
f 1385 1384 1378
f 1345 1378 1375
f 1149 1386 1348
f 1386 1149 1339
f 1386 1339 1333
f 1425 1207 1393
f 1415 1416 1746
f 1421 1424 1426
f 1426 1424 1392
f 1200 1198 1403
f 1403 1430 1428
f 1433 1202 1399
f 1429 1202 1433
f 1399 1202 1442
f 1430 1429 1921
f 1429 1403 1202
f 1429 1430 1403
f 1198 1202 1403
f 1397 1432 1394
f 1394 1432 1396
f 1397 1321 1432
f 1398 1427 1426
f 1431 1398 1426
f 1394 1858 1397
f 1392 1431 1426
f 1389 1426 1427
f 1321 1866 1432
f 1436 1435 1370
f 1370 1368 1436
f 1370 1435 1400
f 1434 1771 1943
f 1370 1400 1401
f 1401 1210 1370
f 1369 1370 1210
f 1437 1210 1401
f 1435 1390 1400
f 1210 1437 1208
f 1208 1437 1391
f 1437 1401 1400
f 1208 1441 1209
f 1208 1391 1441
f 1442 1202 1395
f 1209 1439 1395
f 1399 1443 1433
f 1922 1402 1390
f 1399 1390 1402
f 1922 1443 1402
f 1202 1209 1395
f 1439 1209 1441
f 1440 1441 1391
f 1400 1390 1399
f 1391 1437 1438
f 1387 1496 1410
f 1410 1461 1389
f 1460 1410 1389
f 1389 1462 1460
f 1960 1411 1466
f 1456 1457 1742
f 1413 1388 1471
f 1981 1471 1388
f 1474 1476 1472
f 1472 1476 1407
f 1476 1482 1407
f 1469 1467 1412
f 1475 1469 1414
f 1474 1478 1476
f 1213 1478 1474
f 1478 1213 1193
f 1476 1478 1448
f 1477 1476 1448
f 1478 1480 1448
f 1480 1477 1448
f 1193 1487 1480
f 1480 1486 1477
f 1477 1486 1482
f 1483 1722 1479
f 1416 1415 1417
f 1746 1416 1417
f 1419 1480 1484
f 1419 1486 1480
f 1746 1417 1445
f 1417 1485 1445
f 1487 1419 1484
f 1480 1487 1484
f 1487 1422 1418
f 1418 1419 1487
f 1216 1492 1487
f 1492 1422 1487
f 1422 1419 1418
f 1490 1419 1492
f 1486 1419 1420
f 1419 1490 1494
f 1419 1497 1493
f 1494 1497 1419
f 1420 1419 1493
f 1498 1494 1489
f 1497 1494 1498
f 1404 1445 1495
f 1496 1404 1495
f 1497 1498 1393
f 1498 1489 1491
f 1426 1389 1461
f 1387 1404 1496
f 1214 1425 1393
f 1461 1421 1426
f 1491 1214 1393
f 1491 1499 1214
f 1499 1489 1494
f 1491 1489 1499
f 1422 1492 1419
f 1488 1499 1490
f 1494 1490 1499
f 1488 1490 1492
f 1488 1492 1216
f 1216 1499 1488
f 1216 1215 1499
f 1499 1215 1214
f 1501 1502 1595
f 1505 1229 1220
f 1520 1588 1518
f 1247 1526 1246
f 1229 1575 1550
f 1219 1231 1551
f 1220 1551 1552
f 1243 1232 1508
f 1230 1554 1508
f 1554 1230 1223
f 1243 1508 1553
f 1320 1556 1515
f 1556 1557 1567
f 1550 1575 1507
f 1510 1508 1554
f 1575 1500 1507
f 1500 1557 1507
f 1557 1500 1567
f 1555 1602 1504
f 1504 1514 1555
f 1560 1516 1503
f 1513 1516 1560
f 1571 1562 1503
f 1516 1563 1503
f 1556 1567 1515
f 1512 1320 1515
f 1506 1512 1567
f 1503 1568 1569
f 1563 1568 1503
f 1569 1568 1563
f 1565 1569 1563
f 1565 1563 1513
f 1570 1320 1512
f 1726 1567 1574
f 1574 1573 1726
f 1509 1727 1573
f 1726 1573 1727
f 1591 1502 2000
f 1575 1588 1580
f 1578 1581 1509
f 1581 1520 1732
f 1520 1581 1579
f 1583 1584 1585
f 1414 1519 1475
f 1519 1414 1587
f 1474 1472 1589
f 1414 1521 1587
f 1229 1588 1576
f 1576 1575 1229
f 1575 1576 1588
f 1505 1583 1229
f 1521 1586 1587
f 1588 1229 1583
f 1521 1593 1592
f 1583 1518 1588
f 1723 1520 1518
f 1606 1518 1593
f 1723 1518 1594
f 2000 1502 1501
f 1595 1502 1591
f 1723 1594 1596
f 1521 1590 1593
f 1600 1593 1599
f 1600 1606 1593
f 1602 1656 1524
f 1733 1319 1511
f 1603 1504 2071
f 1226 1612 1533
f 1224 1532 1235
f 1532 1530 1235
f 1530 1536 1235
f 1241 1536 1527
f 1218 1242 1226
f 1611 1242 1243
f 1243 1558 1611
f 1504 1603 1514
f 1612 1242 1611
f 1504 1528 2071
f 1612 1226 1242
f 1616 1530 1531
f 1610 1527 1536
f 1536 1529 1610
f 1616 1529 1536
f 1616 1614 1544
f 1529 1616 1613
f 1615 1614 1616
f 1616 1531 1615
f 1626 1544 1615
f 1620 1531 1530
f 1620 1530 1532
f 1621 1609 1612
f 1618 1532 1224
f 1533 1612 1609
f 1612 1619 1621
f 1618 1620 1532
f 1619 1623 1621
f 1620 1618 1622
f 1622 1531 1620
f 1617 1531 1622
f 1617 1525 1531
f 1619 1624 1623
f 1535 1525 1617
f 1619 2066 1624
f 1626 1531 1534
f 1534 1531 1535
f 1525 1535 1531
f 2071 1528 1625
f 1626 1615 1531
f 1248 1245 1244
f 1244 1629 1540
f 1540 1541 1244
f 1537 1628 1541
f 1541 1540 1629
f 1628 1244 1541
f 1247 1547 1629
f 1545 1633 1544
f 1631 1638 1630
f 1627 1630 1543
f 1630 1638 1542
f 1627 1636 1630
f 1543 1630 1542
f 1613 1610 1529
f 1631 1237 1637
f 1544 1633 1616
f 1638 1631 1637
f 1247 1246 1748
f 1748 1246 1635
f 1634 1545 1544
f 1237 1631 1632
f 1227 1237 1632
f 1632 1526 1227
f 1526 1632 1246
f 1547 1247 1748
f 1629 1245 1247
f 1244 1245 1629
f 1629 1547 1748
f 1636 1627 2037
f 1581 1727 1509
f 1597 1723 1644
f 1596 1644 1723
f 1548 1451 1649
f 1548 1649 1641
f 1501 1657 2000
f 1524 1659 1602
f 1504 1602 1528
f 1659 1528 1602
f 1657 1598 1652
f 1992 1659 1524
f 1652 1598 1663
f 1702 1628 1538
f 1286 1282 1684
f 1675 1287 1289
f 1685 1672 1287
f 1685 1287 1675
f 1687 1672 1685
f 1673 1687 1685
f 1685 1322 1673
f 1674 1687 1322
f 1675 1688 1685
f 1685 1688 1322
f 1677 1690 1684
f 1690 1677 1676
f 1694 1675 1289
f 1692 2173 1675
f 1675 1691 1692
f 1676 1677 1696
f 1684 1282 1677
f 1283 1677 1282
f 1304 1693 1283
f 1304 1671 1276
f 1693 1304 1695
f 1276 1695 1304
f 1671 1697 1276
f 1699 1698 1671
f 1671 1698 1697
f 1276 1697 1698
f 2177 1696 1700
f 2177 1667 1701
f 1700 1667 2177
f 1539 1701 1702
f 1539 1702 1538
f 1628 1702 1665
f 1701 1667 1678
f 1678 1668 1701
f 1671 1701 1699
f 1701 1665 1702
f 1699 1701 1668
f 1665 1244 1628
f 1701 1244 1665
f 1628 1537 1538
f 1700 1679 1667
f 1699 1668 1698
f 1703 1667 1679
f 1698 1703 1276
f 1700 1696 1679
f 1308 1680 1307
f 1687 1674 1683
f 1683 1672 1687
f 1683 1704 1672
f 1704 1287 1672
f 1287 1686 1310
f 1288 1705 1680
f 1337 1279 1712
f 1709 1711 1710
f 1708 1682 1273
f 1273 1271 1318
f 1271 1709 1318
f 1707 1709 1271
f 1713 1682 1708
f 1728 1682 1713
f 1681 1680 1714
f 1713 1680 1681
f 1705 1714 1680
f 1681 1728 1713
f 1750 1681 1706
f 1710 1711 1716
f 1712 1710 1363
f 1711 1750 1716
f 1363 1710 1716
f 1363 1716 1670
f 1716 1750 1717
f 1718 1750 1706
f 2209 1716 1717
f 1361 1720 1730
f 1453 1582 1548
f 1738 1334 1362
f 1453 1729 1582
f 1453 1723 1597
f 1571 1565 1562
f 1561 1511 1602
f 1561 1733 1511
f 1506 1567 1726
f 1581 1520 1579
f 1520 1723 1725
f 1276 1703 1693
f 1693 1679 1696
f 1677 1693 1696
f 1399 1439 1438
f 1506 1726 1724
f 1590 1640 1453
f 1377 1365 1341
f 1719 1335 1730
f 1335 1353 1730
f 1358 1385 1359
f 1361 1332 1360
f 1150 1720 1361
f 1363 1337 1712
f 1336 1162 1335
f 1738 1328 1354
f 1720 1336 1719
f 1349 1802 1372
f 1366 1365 1372
f 1366 1367 1341
f 1327 1771 1434
f 1380 1379 1377
f 1345 1380 1381
f 1380 1345 1379
f 1770 1379 1326
f 1447 1406 1731
f 1639 1458 1406
f 1439 1399 1442
f 1457 1459 1751
f 1640 1721 1452
f 1414 1640 1590
f 1413 1445 1388
f 1411 1455 1466
f 1429 1433 1921
f 1437 1399 1444
f 1391 1438 1440
f 1399 1402 1443
f 1443 1919 1433
f 1439 1442 1395
f 1440 1439 1441
f 1440 1438 1439
f 1450 1639 1741
f 1447 2053 1406
f 1459 1457 1456
f 1729 1451 1548
f 1452 1453 1640
f 1741 1639 1454
f 1639 1648 1454
f 1548 1582 1729
f 1465 1449 1469
f 1408 1722 1458
f 1409 1742 1457
f 1445 1460 1388
f 1744 1960 1466
f 1447 1731 1464
f 1470 1388 1460
f 1480 1478 1193
f 1477 1482 1476
f 1481 1479 1722
f 1461 1410 1496
f 1491 1393 1498
f 1615 1544 1614
f 1555 1561 1602
f 1603 1555 1514
f 1569 1565 1503
f 1575 1509 1573
f 1725 1405 1520
f 2000 1652 1660
f 1220 1552 1505
f 1574 1566 1500
f 1243 1553 1558
f 1553 1508 1510
f 1500 1575 1573
f 1524 1653 1559
f 1524 1656 1319
f 1656 1602 1511
f 1516 1513 1563
f 1562 1560 1503
f 1503 1565 1571
f 1564 1736 1570
f 1566 1567 1500
f 1512 1515 1567
f 1567 1566 1574
f 1512 1506 1736
f 1512 1564 1570
f 1997 1572 1607
f 1654 1724 1651
f 1574 1517 1573
f 1574 1500 1517
f 1509 1575 1734
f 1577 1575 1578
f 1509 1734 1577
f 1580 1581 1578
f 1580 1578 1575
f 1588 1581 1580
f 1577 1578 1509
f 1520 1405 1732
f 1725 1723 1405
f 1405 1641 1601
f 1552 1551 1505
f 1593 1590 1523
f 1592 1593 1518
f 1590 1453 1523
f 1523 1599 1593
f 1521 1414 1590
f 1747 1523 1453
f 2154 1664 1747
f 1653 1524 1319
f 1319 1656 1511
f 1633 1613 1616
f 1616 1536 1530
f 2094 1546 1544
f 1630 1748 1635
f 1636 1748 1630
f 1631 1630 1635
f 1632 1635 1246
f 1632 1631 1635
f 1544 1546 1634
f 1636 1537 1629
f 1541 1629 1537
f 1650 1724 1726
f 1601 1732 1405
f 1405 1548 1641
f 1642 1598 1643
f 1653 1319 1733
f 1647 1646 1642
f 1598 1642 1646
f 1641 1649 1601
f 1645 1601 1649
f 1645 1650 1601
f 1549 1654 1651
f 1651 1645 1549
f 1661 1655 1608
f 1657 1652 2000
f 2000 1608 1658
f 1652 1608 1660
f 1997 1607 1737
f 2133 1608 1662
f 1752 1572 1997
f 1661 1608 2130
f 1662 1608 1652
f 1709 1728 1666
f 1666 1728 1750
f 1276 1693 1695
f 1673 1322 1687
f 1684 1690 1689
f 1694 1691 1675
f 1693 1677 1283
f 1667 1668 1678
f 1307 1713 1708
f 1686 1287 1704
f 1271 1728 1707
f 1728 1709 1707
f 1682 1728 1271
f 1728 1681 1750
f 1666 1750 1709
f 1712 1279 1710
f 1273 1682 1271
f 1307 1680 1713
f 1704 1683 1715
f 1738 1362 1328
f 1640 1469 1721
f 1444 1399 1438
f 1406 1458 1731
f 1465 1469 1412
f 1650 1726 1727
f 1581 1522 1650
f 1643 1598 1657
f 1605 1591 2000
f 1693 1703 1679
f 1377 1381 1380
f 1650 1727 1581
f 2000 1660 1608
f 1341 1365 1366
f 1332 1361 1730
f 1720 1719 1730
f 1365 1377 1379
f 1409 1457 1751
f 1423 1449 1465
f 1459 1473 1751
f 1408 1458 1450
f 1979 1744 1466
f 2053 1639 1406
f 1459 1456 1473
f 1410 1460 1445
f 1445 1404 1410
f 1404 1387 1410
f 1739 1423 1465
f 1469 1640 1414
f 1483 1731 1722
f 1650 1522 1601
f 1749 1737 1607
f 1517 1500 1573
f 1736 1564 1512
f 1736 1506 1654
f 1651 1724 1650
f 1734 1575 1577
f 1520 1581 1588
f 1581 1732 1522
f 1522 1732 1601
f 1747 1664 1523
f 1597 1644 1453
f 1608 1735 1658
f 1607 1572 1749
f 1629 1748 1636
f 1405 1453 1548
f 1405 1723 1453
f 1651 1650 1645
f 1608 1655 1735
f 1709 1750 1711
f 1668 1667 1703
f 1698 1668 1703
f 1445 1413 1746
f 1444 1438 1437
f 1458 1722 1731
f 1735 1655 1658
f 1335 1719 1336
f 1458 1639 1450
f 1437 1400 1399
f 1724 1654 1506
f 1841 1363 1839
f 1758 1763 1780
f 1763 1796 1780
f 1764 2420 1795
f 1795 1797 1764
f 1766 1758 1780
f 1764 1783 1786
f 1763 1758 1835
f 1783 1764 1784
f 1784 1764 1797
f 1835 1758 1787
f 1765 1787 1758
f 1766 1765 1758
f 1787 1765 1356
f 1358 1357 1761
f 1356 1765 1355
f 1383 1355 1765
f 1766 1383 1765
f 1788 1383 1762
f 1780 1762 1766
f 1383 1766 1762
f 1780 1767 1788
f 1383 1788 1326
f 1326 1788 1759
f 1326 1759 1789
f 1796 1763 1782
f 1770 1326 1789
f 1793 1799 1770
f 1790 1793 1770
f 1789 1790 1770
f 1790 1789 1759
f 1797 1795 1768
f 1768 1795 2420
f 1796 1782 1798
f 2382 1796 1798
f 1768 2426 1797
f 1799 1349 1372
f 1770 1799 1372
f 1814 1801 1343
f 1801 1804 1343
f 1802 1349 1817
f 1349 1799 1817
f 1804 1801 1803
f 1804 1803 1772
f 1771 1772 1803
f 1804 1772 1771
f 1771 1803 1805
f 1934 1805 1803
f 1774 1934 1803
f 1801 1800 1803
f 1801 1814 1800
f 1800 1812 1803
f 1753 2396 1819
f 2416 1838 2186
f 1824 1836 1826
f 1764 1825 2420
f 2491 1831 1832
f 1834 1825 1764
f 1827 1825 1834
f 1776 1826 1836
f 1785 1786 1834
f 1764 1786 1785
f 1836 1824 1833
f 1764 1785 1834
f 1833 1328 1836
f 1356 1761 1835
f 1358 1761 1356
f 1328 1833 1794
f 1837 1776 1836
f 1328 1837 1836
f 1837 1328 1776
f 1842 1777 1779
f 1779 1777 1328
f 1839 1840 1841
f 1842 1779 1350
f 1840 2204 1841
f 1777 1842 1838
f 1838 1776 1777
f 1776 1838 1826
f 1842 1778 1838
f 1778 2186 1838
f 1826 1838 2416
f 2186 1778 1842
f 2043 2144 1844
f 1991 1980 1845
f 1396 1856 1857
f 1896 1394 1396
f 1857 1843 1396
f 1843 1896 1396
f 1427 1398 1897
f 1858 1394 1896
f 1859 1855 1895
f 1855 1859 1754
f 1754 1859 1899
f 1897 1853 1893
f 1843 1857 1903
f 1843 1858 1896
f 1855 1897 1398
f 1864 1858 1843
f 1904 1903 1911
f 1904 1864 1843
f 1904 1843 1903
f 1906 1857 1865
f 1906 1902 1903
f 1902 1911 1903
f 2503 1860 1908
f 1902 1860 2503
f 1908 1861 1913
f 2503 2539 1911
f 1860 1909 1908
f 2503 1911 1902
f 1910 1850 1865
f 1892 1846 1865
f 1321 1892 1866
f 1866 1892 1432
f 1856 1432 1865
f 1432 1856 1396
f 1919 1921 1433
f 1919 1443 1920
f 1922 1390 1868
f 1443 1923 1920
f 1920 1921 1919
f 1443 1922 1923
f 1921 1920 1924
f 1321 1927 1892
f 1920 1923 1922
f 1922 1868 1925
f 1920 1925 1924
f 1848 1927 1321
f 1927 1848 1869
f 2318 1929 1873
f 1871 1936 2353
f 1939 1948 1955
f 1436 1925 1868
f 1942 1941 1867
f 1868 1435 1436
f 1805 1934 1941
f 1805 1942 1771
f 1941 1942 1805
f 1435 1868 1390
f 1943 1771 1942
f 2574 2344 1946
f 1950 1879 2323
f 1881 1952 1775
f 1950 2323 1874
f 1954 1879 1950
f 1944 2323 1879
f 1899 1898 1754
f 1958 1754 1898
f 1900 1957 1851
f 2338 1740 1744
f 1965 1957 1891
f 1959 1974 1958
f 1876 1851 1957
f 1900 1901 1849
f 1963 1900 1854
f 1963 1891 1900
f 1891 1963 1844
f 1963 1854 1844
f 1967 1884 1877
f 1877 1884 1966
f 1968 1447 1970
f 1968 1884 2053
f 1966 1968 1964
f 1965 1844 2144
f 1964 1968 1961
f 1844 1965 1891
f 1968 1966 1884
f 1884 1967 2053
f 1844 1854 2519
f 2337 1879 1954
f 1427 1893 1389
f 1886 1389 1893
f 1894 1886 1893
f 1886 1973 1975
f 1462 1389 1886
f 1886 1889 1462
f 1845 1889 2336
f 1968 2053 1447
f 1985 1982 1466
f 1745 1455 1985
f 1388 1980 1981
f 1467 1986 1412
f 1412 1986 1969
f 1984 1986 1412
f 1986 1984 1412
f 1983 1987 1988
f 1983 1887 1987
f 1987 1887 1756
f 1987 1756 1988
f 1989 1756 1887
f 1756 1989 1988
f 1990 1979 1466
f 1466 1982 1990
f 1990 1888 1979
f 1980 1468 1845
f 1977 1978 1845
f 1845 1890 1889
f 1890 1845 1468
f 1890 1468 1460
f 1460 1468 1470
f 1890 1460 1889
f 1460 1462 1889
f 1470 1468 1388
f 1388 1468 1980
f 2070 2015 2016
f 2057 2000 2339
f 2058 1992 1524
f 1524 2054 2058
f 2061 2054 2062
f 2065 1535 1617
f 2065 1617 2001
f 2001 2005 2065
f 1611 2066 1619
f 2071 2016 2015
f 1619 1612 1611
f 2068 1625 2009
f 2070 2071 1625
f 2070 2016 2071
f 2070 1625 2068
f 1528 2009 1625
f 1997 2072 2052
f 2052 1752 1997
f 1752 2074 1749
f 2008 2009 1528
f 2008 2078 2009
f 2076 2131 2012
f 2004 2009 2078
f 2009 2004 2011
f 2012 2131 1996
f 2131 2010 2055
f 1996 2131 2086
f 2003 2081 2014
f 2014 2081 2080
f 2002 2081 2067
f 2065 2080 2081
f 1534 2065 2002
f 2081 2002 2065
f 1534 2002 2067
f 2080 2065 2005
f 2064 2080 2005
f 1993 2080 2064
f 2068 2009 2011
f 2013 1996 1993
f 1993 2005 2069
f 2080 1993 2014
f 1993 1996 2014
f 2005 1993 2064
f 2083 2067 2081
f 1534 2067 2090
f 2014 2082 2003
f 2017 2082 2014
f 2017 2086 2021
f 2681 2638 2360
f 2680 2086 2131
f 2021 2086 2680
f 2345 2092 2681
f 2086 2017 2014
f 2063 2091 2089
f 1626 2022 2089
f 2036 2089 2091
f 2036 2019 2020
f 2021 2681 2092
f 1626 2089 2020
f 1626 2090 2022
f 2082 2017 2003
f 2017 2022 2003
f 1534 2090 1626
f 1544 1626 2020
f 1544 2020 2019
f 1544 2091 1994
f 2091 1544 2036
f 1994 2023 2096
f 2023 2024 2096
f 2095 2093 2097
f 2091 2102 2023
f 2117 2112 2039
f 2039 2100 2362
f 2097 2116 2119
f 2035 2326 2099
f 2116 2201 2034
f 2033 2095 2119
f 2034 2201 2120
f 1537 2034 1538
f 1636 2037 2033
f 1543 1542 2121
f 1544 1994 2094
f 2121 2095 1543
f 1627 2095 2037
f 2095 2033 2037
f 1543 2095 1627
f 2120 1539 1538
f 2119 2034 2118
f 2119 2118 1537
f 1537 1636 2033
f 1537 2033 2119
f 2034 2119 2116
f 2034 2120 1538
f 2125 2636 2041
f 2124 2123 2105
f 2110 2126 2122
f 2131 2079 2042
f 2137 2133 2136
f 2051 2128 2138
f 2051 2134 2128
f 2137 2135 2133
f 2130 2133 2135
f 2128 2134 2129
f 2128 2129 2139
f 2139 2140 1999
f 2079 2131 2055
f 2140 2139 2129
f 2696 1999 2140
f 2127 2140 2129
f 2142 2129 2051
f 2143 2145 1877
f 1998 2144 2043
f 1877 2145 1967
f 1646 2133 2044
f 2046 2141 1639
f 2145 2046 1971
f 1971 2053 1967
f 2133 2151 2146
f 2133 1646 2151
f 2051 2148 2045
f 2138 2148 2051
f 2051 2658 2142
f 2045 2658 2051
f 2143 2141 2046
f 2046 2145 2143
f 1967 2145 1971
f 2149 2660 2045
f 2048 2043 2407
f 2045 2660 2658
f 1528 1659 2008
f 2075 2072 2132
f 2072 1997 2050
f 2072 2050 2132
f 1997 2132 2050
f 1659 2059 2008
f 2078 2008 2059
f 2059 1659 1992
f 2130 1608 2133
f 1997 1737 2132
f 2046 1639 1463
f 1463 1971 2046
f 2053 1971 1463
f 2147 1639 2141
f 1647 2151 1646
f 1598 1646 2044
f 1663 2133 1662
f 2044 1663 1598
f 1663 1662 1652
f 1663 2044 2150
f 1463 1639 2053
f 1648 1639 2147
f 2061 2062 2156
f 1524 1559 2060
f 1664 1599 1523
f 1606 1600 2358
f 2155 2358 1600
f 1599 2155 1600
f 2154 2153 1599
f 2153 2154 2155
f 2358 2155 2154
f 2062 2060 1559
f 2062 1559 2156
f 2062 2054 2060
f 1524 2060 2054
f 1688 2196 1322
f 1683 1674 1669
f 1839 1363 1670
f 1350 2798 1842
f 2172 2196 1675
f 1696 2199 1676
f 1701 1539 2120
f 2201 2116 2249
f 1714 2213 1681
f 1705 2202 1714
f 2158 1715 1683
f 1706 1681 1718
f 1750 2210 1717
f 1716 2209 1839
f 2207 2195 2203
f 1842 2798 2186
f 2204 1840 2208
f 2209 2208 1840
f 2208 1717 2210
f 1717 2208 2209
f 2207 2208 2210
f 2195 2207 1718
f 1718 2207 2211
f 2207 2210 2211
f 2211 1750 1718
f 1718 1681 2213
f 2220 2214 2193
f 2194 2212 2213
f 1718 2213 2212
f 2216 2220 2193
f 2193 2190 2216
f 2191 2219 2192
f 2174 2189 2190
f 2174 2190 2171
f 2216 2190 2189
f 2220 2216 2187
f 2204 2208 2203
f 2798 2206 2205
f 2487 2186 2798
f 2225 2185 2226
f 2175 2222 2160
f 2232 2161 2234
f 2222 2221 2160
f 2242 2181 2116
f 2178 2241 2227
f 2249 2247 2201
f 2201 2247 2120
f 2247 1701 2120
f 2249 1701 2247
f 2177 1701 2250
f 1701 2249 2250
f 2249 2248 2250
f 2248 2116 2181
f 2248 2249 2116
f 2248 2176 2250
f 2176 2251 2250
f 2250 2252 2177
f 1696 2177 2252
f 2275 2252 2251
f 2275 2176 2183
f 1692 2159 2162
f 2275 2251 2176
f 2259 2256 2257
f 2830 2218 2884
f 2260 2261 2272
f 2263 2264 2265
f 2234 2161 2233
f 2229 2272 2230
f 2268 2192 2218
f 2192 2188 2218
f 2277 2266 2276
f 2287 2159 2200
f 2162 2287 2173
f 1692 2162 2173
f 2173 2172 1675
f 1696 2252 2199
f 2252 2275 2199
f 2159 2287 2162
f 2173 2287 2172
f 2287 2200 2281
f 2165 2285 2273
f 2172 2282 2280
f 2282 2172 2287
f 2282 2287 2281
f 2196 2164 1322
f 2164 2196 2172
f 2166 2164 2172
f 2197 2164 2301
f 2172 2280 2166
f 2164 2166 2301
f 1757 2301 2310
f 2303 1669 2292
f 2289 2197 2291
f 1757 2310 2197
f 1757 2197 2301
f 2197 2310 2291
f 2290 1322 2197
f 2197 2289 2290
f 2289 2292 2290
f 1322 2290 2292
f 2289 2303 2292
f 1674 2292 1669
f 1322 2164 2197
f 2303 1683 1669
f 1683 2293 2169
f 1683 2296 2293
f 2158 1683 2169
f 2213 1714 2202
f 2214 2168 2193
f 2194 2213 2202
f 2169 2294 2158
f 2169 2296 2294
f 2296 2169 2293
f 1683 2303 2296
f 2294 2297 2158
f 2294 2167 2297
f 2170 2299 2168
f 2190 2300 2171
f 2171 2300 2193
f 2193 2300 2190
f 2171 2299 2170
f 2294 2298 2167
f 2294 2303 2302
f 2303 2294 2296
f 2263 2760 2171
f 2263 2171 2170
f 2298 2165 2167
f 2305 2265 2264
f 2263 2305 2264
f 2285 2165 2307
f 2298 2307 2165
f 2302 2298 2294
f 2307 2298 2288
f 2308 2306 2307
f 2298 2286 2288
f 2291 2157 2303
f 2286 2291 2310
f 2303 2289 2291
f 2286 2157 2291
f 2302 2303 2298
f 2286 2298 2157
f 2157 2298 2303
f 1791 2314 2312
f 2396 1753 1769
f 1810 1811 1813
f 1823 1818 2417
f 1951 1955 1948
f 2319 1933 1847
f 1945 2323 1944
f 1933 2316 1847
f 2320 1938 1940
f 1930 1931 2330
f 1939 1951 1948
f 1951 1939 1941
f 1806 2320 1949
f 2866 1883 2322
f 1975 1974 2336
f 2337 1944 1879
f 1945 2324 2323
f 2031 2049 2106
f 2124 2122 2126
f 2246 2235 2240
f 2246 2237 2235
f 2329 2257 2175
f 1806 1949 1808
f 2570 1941 2320
f 2333 2318 1930
f 1941 2570 1951
f 2714 2180 2108
f 1455 1745 1466
f 1744 1979 1743
f 2000 1658 2339
f 2052 2073 1752
f 2081 2003 2083
f 2178 2245 2246
f 2273 2285 2283
f 2238 2278 2274
f 2301 2306 2308
f 2333 2317 2318
f 2375 2346 2239
f 2237 2342 2341
f 2346 2238 2239
f 2283 2223 2273
f 2714 2108 2117
f 2334 1769 1793
f 1760 1781 1788
f 1759 1792 2334
f 1872 1773 1934
f 2311 1809 1774
f 1753 1817 1799
f 1814 1791 2312
f 1791 1814 1816
f 1816 1814 1343
f 1830 2343 1829
f 1777 1776 1328
f 1780 1796 1781
f 1781 1760 2348
f 1356 1835 1787
f 1759 1788 1781
f 1788 1762 1780
f 2348 1767 1780
f 1767 2348 1760
f 1767 1760 1788
f 1781 2348 1780
f 2382 2313 1796
f 1790 1759 1793
f 1781 1792 1759
f 2334 1793 1759
f 1820 1793 1769
f 1792 1781 2313
f 1810 2311 1774
f 1872 1774 1809
f 1949 1806 1808
f 1872 1809 1807
f 1773 1872 1949
f 1949 1872 1806
f 1872 1934 1774
f 1803 1811 1774
f 1774 1811 1810
f 1815 1800 1814
f 1800 1815 1812
f 1811 1803 1812
f 1817 1753 1819
f 1815 1814 2312
f 1793 1820 1799
f 1753 1799 1820
f 2343 1830 2349
f 2455 2349 1830
f 2417 1821 1823
f 2494 2315 1828
f 1833 1824 1794
f 1909 1860 1850
f 1927 2350 1892
f 2353 1941 1939
f 1427 1897 1893
f 1902 1850 1860
f 1916 1908 1909
f 1869 1926 2319
f 1870 1956 1874
f 2352 1946 2344
f 2336 1974 1959
f 1956 1950 1874
f 1775 2356 2321
f 2354 1874 2324
f 1975 1754 1958
f 1856 1865 1857
f 1855 1754 1853
f 1855 1853 1897
f 1894 1853 1754
f 1893 1853 1894
f 1894 1973 1886
f 1901 1900 1851
f 1857 1906 1903
f 1911 1864 1904
f 1905 1855 1398
f 1855 1905 1895
f 1905 1859 1895
f 1850 1906 1865
f 1850 1902 1906
f 1846 1909 1918
f 1908 1916 1912
f 2502 1861 2335
f 1916 1846 1917
f 1914 1861 1927
f 1862 1849 1901
f 1911 1863 1864
f 1863 1911 2539
f 1892 1865 1432
f 1861 1908 1912
f 1918 1909 1850
f 1865 1846 1910
f 1917 1915 1907
f 1846 1915 1917
f 1846 1892 1907
f 1846 1918 1910
f 1907 1916 1917
f 1846 1907 1915
f 2350 1907 1892
f 1907 2350 1927
f 1861 1916 1907
f 1922 1925 1920
f 1873 1930 2318
f 1869 1848 1926
f 1847 1755 1927
f 1914 1927 1755
f 2323 2324 1874
f 2317 1929 2318
f 1935 1931 1930
f 1931 1935 1870
f 1773 1937 1941
f 1941 1871 1932
f 1773 1940 1937
f 1936 1871 1941
f 2372 2330 2354
f 1937 1940 1938
f 1949 1940 1773
f 1931 1870 2354
f 2353 1936 1941
f 2355 1870 1935
f 1939 1955 2353
f 1773 1941 1934
f 1867 1941 1932
f 1867 1943 1942
f 1956 1870 2355
f 1849 2500 1854
f 1880 2866 2626
f 1953 2356 1775
f 2351 1954 1950
f 1947 2606 2578
f 1880 1883 2866
f 1952 1953 1775
f 1874 2354 1870
f 1959 1958 1898
f 1960 1744 1740
f 1446 1876 1957
f 1975 2336 1852
f 1957 1962 1446
f 1960 1740 2338
f 1447 1464 1970
f 1957 1900 1891
f 1885 1975 1958
f 1974 1885 1958
f 1849 1854 1900
f 1878 2043 1844
f 1961 1970 1464
f 1957 1965 1962
f 1878 2407 2043
f 2519 1878 1844
f 1882 1878 2519
f 1954 2351 2337
f 1975 1885 1974
f 1975 1889 1886
f 1889 1975 1852
f 1852 2336 1889
f 1961 1968 1970
f 1743 1976 1744
f 1744 1976 2338
f 1978 1991 1845
f 2336 1978 1977
f 2336 1977 1845
f 1465 1412 1969
f 1969 1739 1465
f 1745 1985 1466
f 1981 1980 1991
f 1976 1979 1888
f 1976 1743 1979
f 2072 2075 2074
f 2006 2012 2013
f 2007 2013 2012
f 2013 2007 1996
f 2131 2076 2010
f 2090 2067 2083
f 2090 2084 2022
f 2083 2003 2022
f 1994 2091 2023
f 2345 2089 2359
f 2681 2063 2345
f 2024 2101 2038
f 2024 2361 2101
f 2109 2028 2027
f 2115 2114 2029
f 1992 2058 2059
f 2152 2358 2154
f 2056 1605 1604
f 2000 1604 1605
f 1604 2057 2056
f 2057 1604 2000
f 2054 2061 2058
f 1749 2058 1737
f 2077 2010 2076
f 1535 2065 1534
f 1996 2007 2012
f 2006 2013 1993
f 2005 2001 2069
f 2077 2076 2012
f 2006 2077 2012
f 2364 2011 2004
f 2074 2364 2004
f 1752 2073 2074
f 2074 2004 2078
f 2074 2078 1749
f 2364 2074 2075
f 2069 2077 2006
f 1993 2069 2006
f 2086 2014 1996
f 2084 2083 2022
f 2083 2084 2090
f 2021 2092 2017
f 2063 2089 2345
f 2681 2360 2088
f 2104 2018 2088
f 2089 2022 2085
f 2359 2085 2022
f 2088 2091 2063
f 2089 2036 2020
f 2359 2089 2085
f 2022 2017 2359
f 2017 2092 2359
f 1544 2019 2036
f 1994 2096 2094
f 2095 2121 2093
f 2099 2365 2035
f 2119 2095 2097
f 2096 2024 2038
f 2026 2024 2023
f 2035 2365 2098
f 2098 2363 2103
f 2091 2087 2102
f 2018 2025 2087
f 2091 2018 2087
f 2088 2018 2091
f 2102 2087 2104
f 2039 2032 2117
f 2108 2112 2117
f 2113 2031 2106
f 2332 2331 2115
f 2110 2122 2367
f 2041 2882 2125
f 2107 2331 2040
f 2115 2366 2111
f 2116 2030 2242
f 2114 2115 2111
f 2244 2242 2030
f 2032 2713 2117
f 1995 2039 2362
f 2713 1995 2362
f 2032 1995 2713
f 2039 1995 2032
f 2116 2097 2030
f 1537 2118 2034
f 2122 2124 2105
f 2133 2146 2136
f 2134 2051 2129
f 1998 2043 2047
f 2043 2048 2047
f 2059 1749 2078
f 2133 1663 2150
f 2133 2150 2044
f 2154 1599 1664
f 1747 2152 2154
f 1599 2153 2155
f 2270 2200 2283
f 2250 2251 2252
f 2309 2301 2286
f 2308 2288 2286
f 2242 2243 2181
f 2341 2243 2235
f 2274 2278 2183
f 1674 1322 2292
f 2185 2230 2226
f 1688 1675 2196
f 2223 2198 2200
f 2176 2248 2183
f 2208 2207 2203
f 1350 2206 2798
f 1840 1839 2209
f 1670 1716 1839
f 2211 2210 1750
f 2212 2195 1718
f 2224 2191 2192
f 2191 2224 2215
f 2192 2268 2830
f 2191 2215 2217
f 2219 2191 2217
f 2184 2221 2222
f 2341 2236 2248
f 2160 2221 2184
f 2161 2830 2233
f 2183 2266 2277
f 2229 2230 2368
f 2232 2830 2161
f 2257 2222 2175
f 2341 2248 2243
f 2236 2183 2248
f 2227 2240 2182
f 2243 2178 2227
f 2227 2182 2243
f 2235 2243 2182
f 2181 2243 2248
f 2227 2241 2240
f 2242 2178 2243
f 2244 2178 2242
f 2049 2113 2106
f 2179 2180 2328
f 2245 2178 2244
f 2245 2244 2246
f 1692 2253 2159
f 2282 2281 2270
f 2226 2230 2225
f 2260 2269 2261
f 2261 2269 2272
f 2198 2223 2283
f 2233 2830 2884
f 2258 2271 2259
f 2258 2260 2271
f 2229 2368 2272
f 2267 2253 2273
f 2268 2218 2830
f 2893 2238 2274
f 2273 2223 2267
f 2266 2278 2276
f 2183 2278 2266
f 2275 2183 2277
f 2267 2279 2159
f 2253 2267 2159
f 2279 2200 2159
f 2304 2282 2270
f 2304 2280 2282
f 2283 2200 2198
f 2223 2200 2279
f 2223 2279 2267
f 2270 2281 2200
f 2306 2270 2283
f 2280 2304 2166
f 2285 2306 2283
f 2285 2307 2306
f 2166 2295 2301
f 2168 2299 2193
f 2299 2171 2193
f 2304 2295 2166
f 2304 2301 2295
f 2307 2288 2308
f 2301 2309 2310
f 2310 2309 2286
f 2301 2308 2286
f 2314 1791 1816
f 1769 2334 2313
f 2315 2494 2347
f 1861 1907 1927
f 2335 1755 1847
f 2320 1940 1949
f 2372 2354 2324
f 2875 2352 2344
f 1928 2321 2357
f 2103 2326 2098
f 2063 2681 2088
f 2693 2361 2023
f 2028 2109 2027
f 2115 2331 2040
f 2749 2878 2373
f 2341 2374 2236
f 2240 2241 2246
f 2237 2341 2235
f 2256 2255 2257
f 2301 2304 2306
f 1810 1815 2312
f 1810 1813 1815
f 1820 1769 1753
f 2311 1872 1807
f 1847 2546 2335
f 2340 2367 2122
f 2029 2332 2115
f 2108 2180 2179
f 2255 2222 2257
f 2235 2182 2240
f 2276 2278 2277
f 1813 1811 1812
f 1806 1872 2311
f 1937 1938 1941
f 2313 1781 1796
f 1815 1813 1812
f 1823 1822 1818
f 1823 1821 1831
f 2347 2491 2315
f 1831 1822 1823
f 2325 1978 2336
f 1909 1846 1916
f 1975 1973 1754
f 1894 1754 1973
f 1910 1918 1850
f 1916 1861 1912
f 2335 1914 1755
f 2330 1931 2354
f 1941 1938 2320
f 2336 1959 2325
f 2338 1976 2325
f 2073 2052 2074
f 2074 2052 2072
f 2023 2024 2026
f 2115 2040 2366
f 2061 1737 2058
f 2345 2359 2092
f 2104 2025 2018
f 2693 2327 2361
f 2714 2117 2713
f 2713 2362 2100
f 2059 2058 1749
f 1572 1752 1749
f 2270 2306 2304
f 2224 2192 2830
f 2342 2374 2341
f 2255 2184 2222
f 2829 2369 2163
f 2228 2236 2374
f 2375 2370 2895
f 2258 2259 2260
f 2218 2775 2884
f 2238 2277 2278
f 1792 2313 2334
f 2035 2098 2326
f 2023 2102 2104
f 2325 1976 1888
f 2349 2455 2466
f 1869 2319 1847
f 1861 1914 2335
f 2319 1926 1933
f 2025 2104 2087
f 2361 2024 2023
f 2363 2098 2365
f 2101 2361 2327
f 2178 2246 2241
f 1809 2311 1807
f 1775 2321 1928
f 2040 2331 2107
f 2375 2239 2238
f 2382 2419 2383
f 2377 2420 2457
f 2420 2462 2457
f 2381 2420 2377
f 2420 2381 1768
f 1768 2381 2426
f 1798 2419 2382
f 2382 2383 2421
f 2380 2426 2377
f 2377 2426 2381
f 2386 2387 2422
f 2380 2376 2379
f 2377 2376 2380
f 2422 2376 2386
f 2436 2385 2387
f 2385 2422 2387
f 2422 2879 2424
f 2422 2424 2379
f 2376 2422 2379
f 2424 2380 2379
f 2380 2424 2426
f 2429 2428 2430
f 2389 2431 2562
f 2433 2388 2430
f 2389 2562 2434
f 2429 2430 2388
f 2562 2432 2434
f 2427 2434 2432
f 2430 2435 2433
f 2427 2436 2387
f 2427 2437 2436
f 2433 2435 2384
f 2435 2880 2384
f 1810 2880 2435
f 2427 2432 2437
f 2384 2880 2438
f 2423 2427 2387
f 1810 2435 2311
f 2423 2387 2386
f 2427 2423 2434
f 2389 2434 2439
f 2431 2389 2439
f 2434 2423 2439
f 2439 2392 2431
f 2392 2394 2440
f 2394 2439 2423
f 2394 2392 2439
f 2441 2394 2423
f 2470 2394 2441
f 2386 2376 2457
f 2377 2457 2376
f 2457 2443 2386
f 2443 2457 2399
f 2400 2399 2457
f 2441 2399 2442
f 2443 2399 2441
f 2441 2386 2443
f 2386 2441 2423
f 2441 2403 2470
f 2403 2441 2442
f 2442 2399 2403
f 2451 2463 2449
f 2411 2446 2467
f 2448 2399 2397
f 2454 2463 2451
f 2463 2454 2456
f 2399 2400 2445
f 2489 2445 2400
f 2450 2459 2378
f 2444 2458 2461
f 2400 2457 2489
f 2445 2402 2399
f 2402 2445 2489
f 2402 2397 2399
f 2467 2452 2411
f 2459 2451 2378
f 2378 2451 2449
f 2411 2452 2460
f 2466 2463 2456
f 2458 2444 2447
f 2417 2401 2444
f 2401 2447 2444
f 2393 2403 2397
f 2393 2397 2398
f 2467 2446 2464
f 2398 2397 2453
f 2448 2397 2403
f 2399 2448 2403
f 2567 2440 2468
f 2394 2470 2440
f 2470 2403 2393
f 2470 2393 2468
f 2468 2440 2470
f 2393 2469 2468
f 2404 2405 2468
f 2404 2468 2469
f 2471 2472 2474
f 2406 2472 2471
f 2478 2814 2473
f 2474 2465 2471
f 2472 2612 2404
f 2404 2469 2472
f 2475 2408 2464
f 2393 2465 2474
f 2475 2464 2479
f 2472 2469 2393
f 2472 2393 2474
f 2465 2393 2398
f 2481 2409 2410
f 2413 2415 2481
f 2446 2411 2483
f 2483 2415 2413
f 2479 2446 2483
f 2464 2446 2479
f 2413 2479 2483
f 2412 2413 2480
f 2412 2479 2413
f 2482 2481 2410
f 2482 2410 2414
f 2495 2414 2415
f 2411 2495 2415
f 2485 2186 2482
f 2186 2487 2482
f 2416 2495 2486
f 2486 2495 1826
f 2482 2414 2485
f 2485 2416 2186
f 2416 2486 1826
f 1827 2462 1825
f 2462 1827 2489
f 2489 2457 2462
f 2461 2417 2444
f 2488 2493 1832
f 2417 2461 2490
f 2418 1829 2492
f 2418 2450 2378
f 2484 2495 2460
f 2450 2418 2492
f 2493 2494 1828
f 2493 2488 2494
f 1824 1826 2484
f 2343 2492 1829
f 2315 2493 1828
f 2484 1826 2495
f 2491 2493 2315
f 2491 1832 2493
f 1831 1821 2490
f 2420 1825 2462
f 2511 2512 2513
f 2814 2477 2473
f 1861 2502 1913
f 1913 2502 2503
f 1908 1913 2503
f 2503 2502 2535
f 1862 2536 1849
f 1849 2536 2505
f 2502 2335 2535
f 2539 2503 2504
f 2540 2541 2536
f 2541 2537 2624
f 2536 2541 2505
f 2541 2540 2543
f 2498 2544 2553
f 2545 2536 1862
f 2540 2549 2543
f 2335 2546 2568
f 2568 2503 2335
f 2548 2535 2335
f 2548 2335 2503
f 2548 2503 2535
f 2540 2545 2549
f 2545 2540 2536
f 2568 2546 2551
f 2547 2865 2551
f 2551 2499 2568
f 2553 2544 2550
f 2499 2551 2552
f 2553 2550 2538
f 2512 2511 2559
f 2510 2554 2509
f 2511 2510 2509
f 2511 2509 2559
f 2562 2431 2565
f 2431 2510 2565
f 2557 2564 2561
f 2510 2431 2554
f 2391 2554 2431
f 2509 2554 2391
f 2392 2566 2391
f 2392 2440 2566
f 2509 2391 2542
f 2566 2440 2542
f 2391 2566 2542
f 2440 2526 2508
f 2508 2542 2440
f 2553 2508 2623
f 2507 2508 2553
f 2553 2538 2507
f 2542 2508 2509
f 2509 2507 2538
f 2507 2509 2508
f 2513 2512 2559
f 2559 2509 2550
f 2499 2552 2569
f 2568 2499 2569
f 2538 2550 2509
f 2564 2557 2563
f 2429 2563 2428
f 2563 2557 2428
f 2560 2558 2569
f 2561 2555 2557
f 2570 2555 2561
f 2557 2555 2570
f 2560 2569 2552
f 2552 2556 2560
f 2573 2500 1849
f 2518 2500 2519
f 2518 1854 2500
f 1854 2518 2519
f 2573 1849 1875
f 1849 2505 1875
f 2571 2606 2525
f 2505 2541 2624
f 1878 1972 2407
f 1882 2521 1878
f 2500 2521 2519
f 2528 2407 1972
f 2581 2586 2589
f 2586 2581 2584
f 2618 2588 2591
f 2522 2520 2601
f 2593 2595 2618
f 2611 2587 2594
f 2588 2618 2595
f 2574 1946 2515
f 2577 2520 2522
f 2601 2602 2600
f 2523 2603 2604
f 2874 2605 2527
f 2514 2527 2605
f 2596 2514 2605
f 2514 2596 2597
f 2608 2593 2629
f 2593 2608 2595
f 2597 2598 2599
f 2597 2599 2514
f 2610 2611 2594
f 2598 2597 2596
f 2468 2405 2613
f 2623 2529 2607
f 2567 2609 2623
f 2613 2529 2623
f 2567 2468 2609
f 2526 2440 2567
f 2567 2508 2526
f 2610 2501 2611
f 2612 2529 2613
f 2468 2613 2609
f 2405 2612 2613
f 2405 2404 2612
f 2472 2406 2614
f 2814 2616 2477
f 2612 2472 2524
f 2524 2529 2612
f 2472 2614 2524
f 2477 2616 2611
f 2587 2611 2585
f 2616 2814 2585
f 2611 2616 2585
f 2611 2501 2477
f 2576 2593 2618
f 2618 2591 2617
f 2581 2589 2592
f 2618 2632 2576
f 2617 2632 2618
f 2530 2620 2630
f 2620 2621 2630
f 2619 2533 2534
f 2603 2523 2517
f 2623 2622 2553
f 2579 2505 2624
f 2622 2498 2553
f 2624 2537 2625
f 2622 2623 2607
f 2621 2619 2534
f 2625 2629 2624
f 2629 2593 2624
f 2517 2523 2873
f 2625 2537 2628
f 2593 2579 2624
f 2573 1875 2572
f 2572 1875 2505
f 2579 2572 2505
f 2573 2516 2500
f 2573 2579 2593
f 2516 2573 2593
f 1972 2521 2632
f 2632 2633 2576
f 2576 2633 2593
f 2633 2521 2593
f 2633 2632 2521
f 2617 2583 2632
f 2592 2531 2581
f 2583 2617 2591
f 2042 2687 2131
f 2733 2718 2668
f 2021 2680 2694
f 2638 2681 2640
f 2692 2681 2694
f 2021 2694 2681
f 2694 2680 2131
f 2687 2694 2131
f 2079 2687 2042
f 2641 2638 2640
f 2681 2692 2640
f 2640 2692 2641
f 2687 2079 2688
f 2634 2694 2687
f 2692 2694 2634
f 2690 2695 2635
f 2655 2745 2683
f 2683 2745 2696
f 2685 2695 2690
f 2697 2690 2635
f 2649 2690 2691
f 2690 2649 2685
f 2646 2634 2688
f 2698 2692 2634
f 2692 2698 2686
f 2684 2641 2686
f 2692 2686 2641
f 2699 2876 2698
f 2699 2698 2646
f 2700 2685 2647
f 2643 2644 2876
f 2643 2876 2699
f 2702 2647 2649
f 2647 2685 2649
f 2645 2702 2642
f 2701 2704 2645
f 2651 2704 2707
f 2704 2701 2707
f 2648 2707 2701
f 2645 2648 2701
f 2648 2645 2703
f 2648 2703 2708
f 2708 2709 2648
f 2649 2710 2642
f 2642 2710 2645
f 2710 2706 2645
f 2645 2706 2703
f 2706 2710 2703
f 2708 2703 2710
f 2702 2649 2642
f 2691 2711 2649
f 2649 2711 2710
f 2711 2691 2710
f 2691 2723 2710
f 2690 2723 2691
f 2723 2690 2697
f 2715 2647 2702
f 2715 2713 2700
f 2647 2715 2700
f 2702 2714 2715
f 2702 2712 2714
f 2712 2702 2645
f 2712 2645 2637
f 2637 2645 2704
f 2704 2651 2705
f 2129 2142 2127
f 2125 2719 2636
f 2127 2653 2140
f 2142 2653 2127
f 2675 2668 2652
f 2668 2671 2733
f 2140 2682 2696
f 2683 2140 2653
f 2682 2683 2696
f 2142 2658 2657
f 2531 2592 2660
f 2532 2047 2048
f 2658 2660 2657
f 2657 2660 2726
f 2497 2142 2725
f 2142 2657 2725
f 2726 2660 2659
f 2583 2048 2407
f 2584 2664 2663
f 2584 2663 2586
f 2585 2727 2587
f 2663 2661 2589
f 2652 2718 2675
f 2675 2654 2728
f 2719 2677 2636
f 2650 2668 2675
f 2650 2675 2728
f 2730 2677 2734
f 2737 2669 2728
f 2669 2737 2650
f 2650 2737 2739
f 2719 2734 2677
f 2736 2730 2734
f 2697 2722 2723
f 2739 2737 2670
f 2847 2708 2723
f 2708 2710 2723
f 2723 2722 2738
f 2847 2723 2738
f 2720 2740 2737
f 2670 2737 2782
f 2664 2584 2656
f 2615 2656 2584
f 2784 2665 2656
f 2665 2672 2664
f 2737 2728 2664
f 2664 2656 2665
f 2672 2720 2664
f 2737 2664 2720
f 2729 2662 2666
f 2662 2590 2663
f 2741 2662 2729
f 2742 2592 2724
f 2741 2724 2662
f 2724 2741 2679
f 2729 2639 2659
f 2639 2729 2678
f 2678 2729 2728
f 2654 2678 2728
f 2731 2730 2674
f 2745 2717 2716
f 2654 2746 2676
f 2654 2676 2747
f 2743 2747 2676
f 2717 2745 2655
f 2743 2676 2717
f 2743 2717 2655
f 2743 2655 2653
f 2655 2683 2689
f 2683 2653 2689
f 2689 2653 2655
f 2877 2744 2749
f 2654 2717 2746
f 2721 2678 2747
f 2743 2721 2747
f 2721 2497 2657
f 2653 2721 2743
f 2721 2142 2497
f 2653 2750 2721
f 2653 2142 2750
f 2142 2721 2750
f 2497 2725 2657
f 2659 2657 2726
f 2639 2721 2657
f 2639 2657 2659
f 2639 2678 2721
f 2741 2729 2659
f 2662 2724 2590
f 2531 2660 2149
f 2679 2660 2742
f 2742 2724 2679
f 2742 2660 2592
f 2679 2741 2660
f 2583 2580 2532
f 2659 2660 2741
f 2528 2632 2583
f 2764 2861 2284
f 2833 2775 2752
f 2664 2666 2662
f 2415 2410 2409
f 2216 2189 2837
f 2192 2792 2188
f 2192 2794 2792
f 2794 2192 2219
f 2217 2794 2219
f 2224 2217 2215
f 2217 2224 2795
f 2795 2794 2217
f 2792 2794 2174
f 2794 2795 2174
f 2216 2837 2187
f 2189 2174 2837
f 2205 2796 2798
f 2800 2487 2798
f 2837 2793 2791
f 2187 2837 2791
f 2797 2798 2796
f 2481 2482 2487
f 2187 2806 2790
f 2791 2806 2187
f 2798 2797 2786
f 2798 2786 2800
f 2789 2801 2802
f 2801 2789 2804
f 2805 2479 2412
f 2787 2788 2805
f 2793 2779 2791
f 2481 2786 2787
f 2805 2481 2787
f 2785 2786 2797
f 2786 2785 2787
f 2787 2785 2788
f 2776 2807 2806
f 2776 2803 2807
f 2805 2480 2481
f 2805 2412 2480
f 2805 2788 2808
f 2801 2817 2802
f 2805 2475 2479
f 2475 2805 2808
f 2801 2781 2810
f 2814 2478 2815
f 2814 2815 2476
f 2476 2816 2814
f 2814 2816 2673
f 2812 2810 2784
f 2784 2615 2817
f 2811 2475 2809
f 2817 2812 2784
f 2819 2813 2810
f 2784 2810 2783
f 2813 2672 2784
f 2672 2665 2784
f 2813 2783 2810
f 2784 2783 2813
f 2740 2720 2672
f 2672 2667 2740
f 2737 2740 2667
f 2810 2781 2819
f 2669 2650 2728
f 2820 2826 2823
f 2820 2823 2670
f 2782 2737 2667
f 2782 2820 2670
f 2671 2668 2650
f 2667 2820 2782
f 2824 2672 2813
f 2813 2781 2824
f 2820 2672 2824
f 2820 2667 2672
f 2781 2813 2819
f 2839 2738 2821
f 2825 2824 2840
f 2826 2820 2825
f 2776 2837 2778
f 2829 2831 2755
f 2870 2828 2831
f 2835 2795 2834
f 2779 2837 2776
f 2836 2778 2837
f 2795 2835 2837
f 2835 2836 2837
f 2778 2836 2835
f 2870 2832 2828
f 2832 2775 2833
f 2755 2831 2828
f 2838 2757 2778
f 2778 2827 2838
f 2757 2756 2776
f 2801 2804 2818
f 2818 2840 2824
f 2757 2776 2778
f 2803 2776 2756
f 2818 2804 2840
f 2801 2818 2781
f 2839 2821 2841
f 2757 2838 2756
f 2839 2841 2780
f 2780 2841 2777
f 2843 2842 2762
f 2842 2751 2762
f 2751 2780 2777
f 2751 2842 2780
f 2843 2762 2774
f 2843 2774 2754
f 2780 2842 2773
f 2822 2738 2839
f 2844 2843 2772
f 2844 2842 2843
f 2773 2842 2822
f 2709 2771 2648
f 2839 2773 2822
f 2847 2709 2708
f 2844 2709 2845
f 2822 2847 2738
f 2847 2822 2845
f 2709 2847 2845
f 2844 2845 2822
f 2844 2772 2709
f 2846 2772 2843
f 2772 2771 2709
f 2771 2707 2648
f 2707 2848 2769
f 2771 2848 2707
f 2846 2771 2772
f 2843 2770 2771
f 2843 2771 2846
f 2850 2849 2771
f 2848 2771 2849
f 2852 2848 2849
f 2852 2854 2848
f 2769 2848 2855
f 2651 2707 2769
f 2769 2855 2853
f 2848 2854 2855
f 2651 2769 2853
f 2705 2651 2853
f 2849 2869 2753
f 2856 2859 2857
f 2856 2754 2763
f 2856 2857 2754
f 2843 2754 2857
f 2763 2766 2856
f 2763 2754 2774
f 2768 2843 2857
f 2770 2843 2768
f 2767 2850 2770
f 2770 2850 2771
f 2768 2767 2770
f 2871 2767 2768
f 2859 2871 2857
f 2857 2871 2768
f 2862 2860 2765
f 2861 2765 2860
f 2759 2765 2861
f 2860 2863 2861
f 2763 2774 2863
f 2863 2860 2763
f 2762 2863 2774
f 2864 2762 2751
f 2864 2751 2863
f 2863 2762 2864
f 2760 2188 2792
f 2752 2775 2760
f 2751 2777 2761
f 2760 2775 2188
f 2792 2174 2760
f 2760 2174 2171
f 2863 2761 2758
f 2751 2761 2863
f 2760 2263 2752
f 2758 2262 2863
f 2764 2862 2861
f 2765 2759 2862
f 2764 2284 2262
f 2284 2863 2262
f 2314 2438 1810
f 2430 1806 2311
f 2316 2865 1847
f 2320 2390 2557
f 2882 2041 2636
f 2753 2180 2849
f 2869 2858 2868
f 1810 2312 2314
f 2714 2637 2180
f 2868 2764 2869
f 2320 1806 2390
f 2395 2313 2421
f 2557 2390 2428
f 2180 2637 2704
f 2714 2713 2715
f 2654 2718 2717
f 2373 2877 2749
f 2180 2753 2328
f 2869 2851 2871
f 2425 2396 2395
f 2314 2384 2438
f 1818 2401 2417
f 2473 2477 2501
f 2411 2415 2483
f 2481 2415 2409
f 2417 2490 1821
f 2313 2382 2421
f 2385 2879 2422
f 2425 2395 2421
f 2430 2311 2435
f 2392 2391 2431
f 2378 2449 1830
f 2402 2453 2397
f 2447 2401 1818
f 1830 2418 2378
f 2418 1830 1829
f 2449 2463 1830
f 2463 2872 1830
f 2475 2811 2408
f 2410 2415 2414
f 2413 2481 2480
f 2495 2416 2414
f 2416 2485 2414
f 2495 2411 2460
f 2560 2556 2558
f 2577 2601 2520
f 2521 2516 2593
f 2606 2571 2578
f 2583 2591 2580
f 2514 2881 2578
f 2522 2601 2600
f 2514 2571 2606
f 2632 2528 1972
f 2547 2506 2546
f 2546 2506 2551
f 2541 2543 2537
f 2547 2551 2506
f 2504 2503 2568
f 2551 2865 2552
f 2865 2556 2552
f 2574 2515 2575
f 2514 2599 2881
f 2574 2575 2582
f 2578 2571 2514
f 2630 2574 2582
f 2874 2527 2514
f 2519 2521 1882
f 2582 2575 2515
f 2630 2582 2530
f 1878 2521 1972
f 2407 2528 2583
f 2525 2606 2571
f 2601 2577 2602
f 1775 2523 2604
f 2523 1775 1928
f 2508 2567 2623
f 2623 2609 2613
f 2673 2585 2814
f 2661 2592 2589
f 2631 2496 2626
f 1928 2357 2523
f 2625 2628 2629
f 2630 2621 2534
f 2344 2630 2627
f 2630 2534 2533
f 2627 2630 2533
f 2573 2572 2579
f 1880 2626 2496
f 2516 2521 2500
f 2876 2644 2693
f 2749 2744 2748
f 2641 2360 2638
f 2662 2663 2664
f 2661 2663 2590
f 2733 2650 2735
f 2590 2724 2661
f 2641 2684 2104
f 2876 2104 2698
f 2088 2641 2104
f 2088 2360 2641
f 2688 2634 2687
f 2646 2698 2634
f 2684 2686 2698
f 2104 2684 2698
f 2713 2867 2700
f 2855 2180 2705
f 2674 2730 2736
f 2704 2705 2180
f 2882 2730 2731
f 2650 2733 2671
f 2718 2652 2668
f 2140 2683 2682
f 2727 2585 2673
f 2583 2532 2048
f 2663 2589 2586
f 2729 2666 2728
f 2654 2675 2718
f 2123 2732 2105
f 2636 2677 2730
f 2636 2730 2882
f 2739 2735 2650
f 2666 2664 2728
f 2748 2744 2877
f 2748 2878 2749
f 2676 2746 2717
f 2678 2654 2747
f 2661 2724 2592
f 2860 2766 2763
f 2862 2759 2861
f 2868 2858 2860
f 2871 2859 2858
f 2851 2850 2767
f 2849 2850 2851
f 2823 2739 2670
f 2883 2778 2830
f 2778 2835 2834
f 2218 2188 2775
f 2779 2793 2837
f 2174 2795 2837
f 2799 2487 2800
f 2800 2786 2799
f 2487 2799 2481
f 2799 2786 2481
f 2806 2791 2776
f 2824 2781 2818
f 2801 2810 2812
f 2801 2812 2817
f 2475 2808 2809
f 2825 2820 2824
f 2780 2773 2839
f 2883 2827 2778
f 2163 2831 2829
f 2870 2369 2832
f 2831 2163 2870
f 2834 2795 2830
f 2776 2791 2779
f 2822 2842 2844
f 2852 2855 2854
f 2853 2855 2705
f 2852 2849 2180
f 2856 2858 2859
f 2858 2856 2766
f 2851 2767 2871
f 2863 2284 2861
f 2865 2316 2556
f 2874 2606 1947
f 2438 2880 1810
f 2122 2105 2340
f 2313 2395 1769
f 2430 2390 1806
f 2390 2430 2428
f 2463 2455 2872
f 2455 1830 2872
f 2570 2320 2557
f 2344 2574 2630
f 1775 2604 1881
f 1847 2547 2546
f 2547 1847 2865
f 2626 2866 2322
f 2606 2874 2514
f 2357 2873 2523
f 2875 2344 2627
f 2105 2732 2340
f 2717 2733 2716
f 2733 2717 2718
f 2023 2104 2876
f 2637 2714 2712
f 2180 2855 2852
f 2224 2830 2795
f 2163 2369 2870
f 2830 2778 2834
f 2869 2871 2858
f 2766 2860 2858
f 2862 2868 2860
f 2764 2868 2862
f 2316 2558 2556
f 2713 2100 2867
f 2876 2693 2023
f 2851 2869 2849
f 2396 1769 2395
f 2466 2455 2463
f 2631 2626 2322
f 2533 2875 2627
f 2615 2784 2656
f 2232 2883 2830
f 2255 2256 2259
f 2884 2775 2832
f 285 297 293
f 283 313 275
f 426 452 4
f 749 755 790
f 1348 1180 1149
f 1583 1505 1584
f 1505 1585 1584
f 1521 1592 1586
f 1847 1927 1869
f 297 343 293
f 1231 1474 1551
f 1474 1589 1551
f 2231 2885 2254
f 2254 2885 2231
f 2329 2175 2885
f 2257 2329 2885
f 140 114 136
f 1408 1481 1722
f 1445 1485 1495
f 2790 2220 2187
f 191 245 244
f 2347 1831 2491
f 356 357 615
f 2888 358 2886
f 193 2887 209
f 193 243 2887
f 615 611 582
f 2889 2892 579
f 2888 2890 731
f 567 2891 585
f 582 356 615
f 2890 2888 2886
f 2891 567 616
f 2890 542 731
f 2890 543 542
f 2228 2274 2183
f 2893 2274 2228
f 2236 2228 2183
f 2375 2894 2371
f 2375 2371 2370
f 2894 2895 2371
f 2371 2895 2370
f 2896 2886 356
f 2886 2896 2890
f 3041 2892 2889
f 857 588 746
f 859 884 883
f 386 76 2898
f 427 3077 2915
f 2901 138 2902
f 2902 2911 3047
f 3077 427 2907
f 2989 604 216
f 2983 9 2904
f 9 2983 352
f 28 386 2908
f 427 2915 354
f 2901 2899 139
f 138 2901 139
f 139 2899 2900
f 350 2900 2897
f 2901 2902 3047
f 2944 604 2989
f 2944 2989 2906
f 2904 9 6
f 724 698 346
f 2904 6 2908
f 3077 2907 2910
f 2899 2901 2900
f 2897 2900 2966
f 290 2903 2955
f 3071 427 430
f 397 420 2920
f 411 2923 409
f 409 2923 403
f 2918 401 408
f 2904 2908 3045
f 420 397 2924
f 377 430 427
f 3066 451 362
f 454 453 2917
f 450 3004 782
f 139 2933 727
f 523 2934 522
f 523 520 2935
f 614 2940 584
f 357 2943 2947
f 614 2913 2940
f 614 2945 2947
f 955 947 712
f 2913 614 2946
f 3014 2999 917
f 3014 917 685
f 932 2949 670
f 2959 642 2960
f 712 3013 955
f 2969 2933 139
f 139 141 350
f 2900 2901 2966
f 2970 2928 3028
f 2942 2937 3094
f 2941 3012 2973
f 3021 575 2974
f 2958 2954 2977
f 2917 2914 2962
f 3011 2939 2913
f 2949 2990 3054
f 664 2905 2980
f 2908 2909 3045
f 420 2908 2898
f 2912 3077 3070
f 2928 2970 723
f 723 2902 503
f 848 2972 738
f 2974 2996 2997
f 2955 3000 2978
f 730 2982 284
f 2988 2965 2995
f 2984 3009 2926
f 350 2966 2969
f 350 2897 2966
f 2965 729 2995
f 3091 3095 3090
f 2906 2989 2971
f 3014 3035 2999
f 2975 741 2998
f 2995 2969 2988
f 3046 723 2970
f 3009 78 2961
f 449 3036 362
f 3006 3074 393
f 2921 406 2922
f 2992 389 372
f 3060 2987 499
f 3026 2969 2966
f 3001 2936 3061
f 536 848 738
f 2913 2939 2976
f 545 2972 635
f 2996 2971 2997
f 674 671 2991
f 947 700 712
f 2905 361 2980
f 674 3056 671
f 406 2919 2922
f 2921 2922 3008
f 801 3010 2936
f 490 2970 3018
f 2970 490 3046
f 2972 545 634
f 2982 740 2960
f 2981 2982 2960
f 2913 3104 3011
f 372 2962 2992
f 2969 139 350
f 326 732 677
f 449 3022 3023
f 210 217 3003
f 3051 2979 2958
f 2912 2927 354
f 354 2915 2912
f 402 2921 3008
f 2922 2919 405
f 2922 408 402
f 403 2923 2904
f 420 3007 2920
f 3004 450 3066
f 67 2926 2916
f 67 2916 388
f 372 454 2917
f 430 377 2927
f 2963 366 3009
f 390 733 2917
f 451 3066 450
f 3009 366 78
f 3066 362 3036
f 2934 723 468
f 523 723 2934
f 480 513 2968
f 494 480 3025
f 488 2931 482
f 499 2929 488
f 3043 2931 3024
f 497 3060 499
f 3026 2966 728
f 511 3026 489
f 3026 728 489
f 2930 3063 2932
f 489 2966 2968
f 2966 489 728
f 3060 819 2967
f 481 489 2968
f 480 3046 3025
f 522 2934 468
f 2936 3001 3029
f 3029 532 2936
f 3001 532 3029
f 584 2913 2976
f 2941 2938 579
f 2939 3011 577
f 3030 589 577
f 2947 2945 357
f 598 210 3003
f 2937 2942 217
f 614 2947 2946
f 737 738 3107
f 738 737 536
f 700 699 712
f 698 724 2948
f 3108 3104 2913
f 2939 584 2976
f 2953 2975 639
f 2949 2991 670
f 3056 674 3049
f 676 2950 2977
f 676 2977 2956
f 665 2950 676
f 2978 2950 3016
f 2950 2955 3016
f 2978 2977 2950
f 3051 3053 2979
f 2958 2979 2957
f 2958 2957 2948
f 740 2959 2960
f 3032 707 955
f 3013 3032 955
f 2917 2962 372
f 386 2898 2908
f 2910 408 3077
f 3046 490 494
f 3060 497 819
f 2933 3027 727
f 2902 723 3046
f 2971 2974 2997
f 3020 538 3021
f 3095 3091 3031
f 2972 634 633
f 2952 3056 2903
f 3056 2952 671
f 725 2977 3015
f 2977 725 2956
f 2977 2954 3015
f 2958 2948 725
f 2955 2903 3056
f 3043 2987 2985
f 3051 2958 2977
f 3045 2924 2904
f 532 3001 2986
f 2981 284 2982
f 2974 2971 2989
f 2914 2917 733
f 425 2914 733
f 354 2927 377
f 393 3074 405
f 2922 402 3008
f 405 2919 404
f 2919 406 404
f 2904 2923 2983
f 2924 397 2904
f 3077 2912 2915
f 2916 3009 2961
f 3010 3061 2936
f 532 2986 2967
f 2964 727 3027
f 3024 2931 488
f 513 481 2968
f 721 2964 2995
f 2987 2929 499
f 2987 3043 3024
f 2987 3024 488
f 488 2929 2987
f 2932 3063 3019
f 2933 2969 3027
f 3046 480 2968
f 729 721 2995
f 723 523 2928
f 2928 523 3028
f 604 217 216
f 3037 2938 2973
f 3108 2913 2946
f 538 3020 636
f 2974 3020 3021
f 639 2975 3014
f 2991 3049 674
f 685 639 3014
f 2954 2958 725
f 2955 2978 3016
f 2951 2977 2978
f 699 3013 712
f 2910 2918 408
f 2984 2963 3009
f 2916 2926 3009
f 2995 2964 2969
f 3046 494 3025
f 727 2964 475
f 2972 848 635
f 671 2952 2903
f 3000 2955 3056
f 741 2975 2953
f 725 2948 724
f 2898 3017 420
f 2902 3046 2911
f 2922 405 3073
f 3045 420 2924
f 3003 217 2942
f 420 2925 3007
f 2969 2964 3027
f 390 2917 453
f 523 2935 3028
f 2940 2913 584
f 2941 568 3012
f 3030 577 3011
f 217 210 216
f 738 2972 3107
f 604 2944 217
f 3014 2975 3035
f 2938 2941 2973
f 2975 2998 3035
f 3085 3066 3036
f 3004 3066 3085
f 2887 2989 209
f 638 2887 731
f 2887 2888 731
f 2974 2989 2887
f 3038 543 3042
f 2972 633 627
f 3042 543 2890
f 2938 3037 579
f 2889 579 3037
f 3037 3039 3040
f 3040 3120 3041
f 2889 3037 3040
f 2889 3040 3041
f 2896 3042 2890
f 3015 2954 725
f 3043 2930 3044
f 3043 3044 2931
f 2909 2908 420
f 3045 2909 420
f 3046 2968 2901
f 2968 2966 2901
f 3046 2901 3047
f 3047 2911 3046
f 3057 3054 2990
f 3048 2977 2951
f 2991 2949 3055
f 3048 3051 2977
f 3057 3052 3050
f 3052 3057 3051
f 3052 3051 3048
f 3055 2949 3054
f 3055 3049 2991
f 3050 3056 3049
f 3000 3056 3058
f 3056 3050 3052
f 3052 3048 3058
f 3058 3048 2978
f 3054 3057 3050
f 3054 3050 3055
f 3057 3053 3051
f 3048 2951 2978
f 3049 3055 3050
f 3058 2978 3000
f 3052 3058 3056
f 2990 3053 3057
f 3043 3063 2930
f 3065 2987 3060
f 3063 3061 3010
f 2985 2987 3059
f 3043 3064 3063
f 3010 3019 3063
f 3001 3060 2986
f 3063 3060 3001
f 2967 2986 3060
f 2987 3062 3059
f 3059 3043 2985
f 3062 3043 3059
f 3062 3060 3063
f 3063 3064 3062
f 3061 3063 3001
f 2987 3065 3062
f 3062 3065 3060
f 3064 3043 3062
f 3070 3086 2912
f 3082 3070 3077
f 3088 420 3067
f 2993 3089 3006
f 2927 2912 3068
f 3069 3082 3077
f 2925 420 3088
f 3017 3067 420
f 3005 3077 2922
f 3089 2993 2994
f 3069 3077 3005
f 3076 3068 2912
f 3017 3088 3067
f 3082 3083 3086
f 408 2922 3079
f 3079 2922 3077
f 430 2927 3078
f 3073 3089 3081
f 3023 3036 449
f 3081 3071 3084
f 3072 3005 3073
f 3084 3071 430
f 3074 3006 3089
f 3071 3081 2994
f 3075 3083 3082
f 3087 3073 3081
f 3075 3087 3084
f 3022 3085 3036
f 3023 3022 3036
f 3075 3086 3083
f 3087 3075 3072
f 3072 3073 3087
f 2994 3081 3089
f 3080 3086 3075
f 3082 3069 3005
f 3084 3080 3075
f 430 3068 3076
f 3073 3074 3089
f 405 3074 3073
f 3076 3084 430
f 3076 3080 3084
f 3086 3080 3076
f 3084 3087 3081
f 3073 3005 2922
f 3068 430 3078
f 3078 2927 3068
f 3086 3070 3082
f 3076 2912 3086
f 3082 3005 3075
f 3075 3005 3072
f 3077 408 3079
f 3012 3101 2973
f 2944 2937 217
f 3031 3096 3095
f 3111 3095 3096
f 3037 3114 3039
f 3002 3033 3099
f 3123 2973 3101
f 3012 3103 3101
f 3100 2972 627
f 3102 3002 3097
f 2947 2943 3108
f 3123 3034 2973
f 3040 3039 3120
f 3099 3033 3110
f 2972 3100 3107
f 3104 3123 3103
f 3102 3111 3096
f 3093 3097 3099
f 3105 3090 3122
f 3091 3090 3105
f 3034 3121 2973
f 3111 3102 3097
f 3093 3099 3111
f 3113 3037 2973
f 3097 3002 3099
f 3114 3037 3113
f 3108 2946 2947
f 3112 3115 3110
f 3111 3097 3093
f 3103 3123 3101
f 2937 2944 2906
f 3095 3099 3110
f 3098 3110 3126
f 3104 3106 3092
f 3104 3108 3117
f 3108 2943 3117
f 3123 3116 3121
f 3106 3118 3092
f 3115 3090 3095
f 3112 3110 3098
f 3110 3033 3109
f 3109 3120 3039
f 3121 3034 3123
f 3116 3123 3118
f 3116 3124 3121
f 3121 3124 2973
f 3099 3095 3111
f 3098 3126 3112
f 3112 3126 3122
f 3039 3125 3109
f 3113 3119 3039
f 3123 3092 3118
f 3124 3119 3113
f 3090 3115 3112
f 3039 3119 3125
f 3110 3109 3126
f 3039 3114 3113
f 3123 3104 3092
f 3118 3124 3116
f 3124 3118 3106
f 3106 3119 3124
f 2973 3124 3113
f 3094 2937 2906
f 3112 3122 3090
f 3115 3095 3110

