# https://github.com/mikedh/trimesh
v 0.00328831 0.03165861 0.01868901
v 0.00518638 0.03185212 0.01667762
v -0.00827150 0.03067613 0.01777124
v 0.00201907 0.03120474 0.02020776
v -0.00489142 0.03093376 0.01997285
v -0.00634289 0.03032955 0.02154648
v -0.01115734 0.03022027 0.01923848
v -0.01156340 0.02952584 0.02119750
v -0.01352330 0.02983024 0.01854960
v -0.01530416 0.02960763 0.01758639
v -0.00080564 0.02660614 0.00302308
v -0.00058795 0.02693447 0.00321858
v -0.00022397 0.02715354 0.00344321
v -0.00076092 0.02755015 0.00339538
v -0.00069758 0.02810178 0.00370466
v -0.00083728 0.02849847 0.00387806
v -0.00035357 0.02840563 0.00385917
v -0.00201089 0.02331706 0.00212430
v -0.00209870 0.02356221 0.00242727
v -0.00208864 0.02387240 0.00252754
v -0.00229828 0.02296294 0.00255023
v -0.00400522 -0.01620765 0.03514223
v -0.00450990 -0.01610123 0.03514604
v -0.00478761 -0.01652935 0.03500250
v -0.00485565 -0.01576904 0.03536183
v -0.00522061 -0.01556994 0.03552134
v -0.00544658 -0.01588874 0.03530646
v -0.00536232 -0.01527546 0.03562821
v -0.00080788 -0.01215345 0.03662955
v -0.00060682 -0.01243418 0.03650524
v -0.00110829 -0.01241611 0.03663414
v -0.00075355 -0.01200649 0.03666294
v -0.00685397 0.02585984 -0.00539829
v -0.00705870 0.02599943 -0.00541414
v -0.00662896 0.02608382 -0.00571459
v -0.00653396 0.02549854 -0.00526769
v -0.02746943 0.00498857 -0.02845485
v -0.02712832 0.00474580 -0.02886633
v -0.02755242 0.00440404 -0.02840975
v -0.02792234 0.00472626 -0.02796291
v -0.00642707 0.02312950 -0.00085083
v -0.00605260 0.02246876 -0.00085354
v -0.00589990 0.02179332 -0.00141375
v -0.00610050 0.02292688 -0.00037127
v -0.02683406 0.00514999 -0.02912077
v -0.02686416 0.00493790 -0.02913963
v -0.02738215 0.00553286 -0.02845730
v 0.01105732 0.02687389 0.02627611
v 0.01084998 0.02697103 0.02623994
v 0.00981933 0.02747298 0.02604721
v 0.01017833 0.02759868 0.02566321
v 0.01023915 0.02699717 0.02648446
v 0.00983388 0.02682054 0.02688366
v 0.00947014 0.02658420 0.02731096
v -0.01227557 -0.02614203 0.02703610
v -0.01209524 -0.02595281 0.02726829
v -0.01253055 -0.02591009 0.02710904
v -0.00561371 0.02250330 -0.00046151
v -0.00513700 0.02252919 0.00093149
v -0.00751916 0.02473872 0.00110267
v -0.00763635 0.02452498 -0.00189437
v -0.00600210 0.02288949 -0.00001542
v -0.00842335 0.02611998 0.00251205
v -0.01023059 0.02687812 -0.00236823
v 0.00921262 0.02853274 0.02460705
v 0.00954283 0.02881147 0.02400896
v 0.00823105 0.02862615 0.02483648
v 0.00941158 0.02837419 0.02480428
v -0.03068477 -0.01373519 -0.01871306
v -0.03104231 -0.01357902 -0.01821456
v -0.03128781 -0.01365404 -0.01767088
v -0.03110915 -0.01331985 -0.01829681
v -0.01033505 0.02853868 -0.00843806
v -0.00863276 0.02960015 -0.01251123
v -0.00947944 0.02940511 -0.01177584
v -0.01159632 0.02900793 -0.00999235
v -0.01368289 0.02855725 -0.00613166
v -0.00737987 -0.01997021 0.03296700
v -0.00765309 -0.01929456 0.03332337
v -0.00764392 -0.01966571 0.03314630
v -0.00806802 -0.01966852 0.03302875
v -0.02899840 -0.02760001 -0.00269638
v -0.02935883 -0.02723452 -0.00263347
v -0.02971194 -0.02684105 -0.00274408
v -0.02974202 -0.02683991 -0.00219017
v -0.02545503 0.01307234 -0.02783866
v -0.02619207 0.01307284 -0.02711618
v -0.02708049 0.01360813 -0.02575422
v -0.02822546 0.01240001 -0.02507998
v 0.00006974 0.02828414 0.00673636
v -0.00020252 0.02822991 0.00669735
v -0.00046003 0.02816184 0.00737527
v 0.00046891 0.02854654 0.00665126
v 0.00070938 0.02978559 0.00595596
v 0.00073040 0.03025765 0.00566239
v 0.00024351 0.03058604 0.00542102
v -0.02176225 0.01912481 -0.02729900
v -0.02158805 0.01889000 -0.02763980
v -0.02217705 0.01870769 -0.02727405
v -0.02500049 0.01620672 -0.02642028
v -0.02551025 0.01592852 -0.02606785
v -0.02560359 0.01638234 -0.02571504
v -0.02603502 0.01524421 -0.02595209
v -0.00373449 0.02388476 0.00308903
v -0.00436079 0.02356867 0.00377837
v -0.00482999 0.02370611 0.00357148
v -0.00395128 0.02348507 0.00416658
v -0.00520251 0.02294507 0.00089688
v -0.00489788 0.02307947 0.00085060
v -0.00533043 0.02276406 0.00068218
v -0.00556804 0.02250522 0.00105588
v -0.00030066 -0.00738807 0.03776139
v -0.00051934 -0.00701763 0.03792963
v -0.00220483 -0.00681840 0.03808162
v -0.00222846 -0.00659510 0.03819774
v -0.00189127 -0.00610308 0.03814685
v -0.00333073 -0.00540504 0.03828852
v -0.00009635 -0.00697031 0.03790802
v -0.00123276 -0.00984142 0.03734233
v -0.00156123 -0.00979842 0.03734514
v -0.00159241 -0.01028938 0.03727512
v -0.00187320 -0.00921755 0.03749756
v -0.00222124 -0.00909651 0.03756425
v -0.00268173 -0.00940820 0.03755913
v -0.00239953 -0.00872152 0.03762541
v -0.00264215 -0.00820731 0.03778845
v -0.00295671 -0.00824959 0.03777940
v -0.00359524 -0.00859806 0.03775950
v -0.00451629 -0.00746817 0.03806900
v -0.00511202 -0.00722882 0.03807779
v -0.00570143 -0.00663940 0.03807218
v -0.00618624 -0.00674454 0.03804890
v -0.00537612 -0.00649866 0.03808172
v -0.00365913 -0.00758241 0.03791957
v 0.00087429 0.03183709 0.00579680
v 0.00193346 0.03388072 0.00669350
v 0.00054681 0.03290760 0.00701986
v 0.00118710 0.03239766 0.00668343
v 0.00590246 0.00680750 0.03779387
v 0.00587072 0.00662552 0.03779681
v 0.00604755 0.00627868 0.03779072
v 0.00521292 0.00663841 0.03788491
v 0.00046726 -0.00585710 0.03807742
v 0.00013006 -0.00587073 0.03806033
v -0.00022480 -0.00599886 0.03802099
v -0.00042320 -0.00511535 0.03824166
v 0.00115532 0.02987985 0.00947754
v 0.00113361 0.03012215 0.00993186
v 0.00046052 0.02946031 0.00920957
v 0.00132975 0.02951064 0.00871454
v -0.00062976 0.03006861 0.00559975
v -0.00057044 0.02995182 0.00518168
v -0.00058287 0.03018790 0.00580942
v -0.00069282 0.02988766 0.00561755
v 0.00222853 0.03455792 0.00730750
v 0.00293460 0.03524043 0.00811898
v 0.00186283 0.03478277 0.00848243
v 0.00647683 0.04026853 0.01172322
v 0.00564069 0.03932936 0.01127254
v 0.00442616 0.03806821 0.01043994
v 0.00431896 0.03813259 0.01045829
v 0.00386851 0.03780691 0.01023105
v 0.00417224 0.03841780 0.01050355
v -0.00459456 0.02458724 0.00486017
v -0.00551061 0.02560107 0.00545731
v -0.00907211 0.02861146 0.00775028
v -0.00636803 0.02746527 0.00752354
v -0.00657412 0.02884476 0.00969836
v -0.00583106 0.02845540 0.00942664
v -0.01098500 0.02983870 0.01035670
v 0.00183222 0.03482097 0.00698053
v 0.00221853 0.03555855 0.00753129
v -0.00015270 0.03120039 0.00592651
v -0.00015642 0.03154400 0.00597750
v -0.00015693 0.03170765 0.00596879
v -0.00006660 0.03133926 0.00607467
v 0.00745691 0.04172326 0.01256204
v 0.00654788 0.04253650 0.01242414
v 0.00650745 0.04113210 0.01109512
v -0.03132998 -0.02442943 -0.00425331
v -0.03103347 -0.02475042 -0.00437921
v -0.03117719 -0.02470733 -0.00393926
v 0.00493590 0.04046924 0.01039693
v 0.00329675 0.03755005 0.00851678
v -0.02153607 -0.02836376 0.01684630
v -0.02117234 -0.02840816 0.01719999
v -0.02141232 -0.02800897 0.01749068
v -0.02512302 0.01521840 -0.02692403
v -0.02531261 0.01458640 -0.02713991
v -0.02565776 0.01481100 -0.02665197
v 0.00382284 0.00674783 0.03801218
v 0.00429285 0.00629179 0.03804387
v 0.00321180 0.00718817 0.03800826
v 0.00378621 0.00763448 0.03783273
v 0.00386849 0.00788066 0.03774113
v 0.00433126 0.00732649 0.03794721
v -0.03180849 -0.00349082 -0.02230946
v -0.03199976 -0.00280552 -0.02216008
v -0.03179126 -0.00249585 -0.02256708
v -0.03232177 -0.00285556 -0.02162000
v -0.02490517 -0.02829969 0.01253010
v -0.02443394 -0.02880942 0.01240267
v -0.02514888 -0.02825606 0.01223071
v -0.02507621 -0.02793207 0.01291548
v 0.00700192 0.04274116 0.01196551
v 0.00726030 0.04256956 0.01187296
v 0.00668890 0.04300476 0.01193614
v -0.00664936 0.02419233 0.00249416
v -0.00692951 0.02560606 0.00424176
v -0.01575513 0.02823047 -0.01737413
v -0.01549694 0.02844023 -0.01636458
v -0.01453422 0.02859094 -0.01648408
v -0.01564687 0.02847940 -0.01574018
v 0.00525632 0.03909026 0.01127191
v -0.00317790 -0.00304852 0.03884853
v -0.00251680 -0.00308664 0.03884153
v -0.00339004 -0.00397553 0.03867318
v -0.00581018 -0.00131502 0.03893165
v -0.00598036 -0.00186938 0.03888289
v -0.00652971 -0.00074729 0.03887623
v -0.00637226 -0.00114759 0.03883468
v -0.00667948 -0.00123057 0.03877255
v -0.00416659 -0.00176710 0.03895895
v 0.00667808 0.01351499 0.03628328
v 0.00625785 0.01367322 0.03624419
v 0.00604178 0.01312924 0.03638709
v 0.00608827 0.01413898 0.03616447
v 0.00690932 0.04276025 0.01222572
v 0.00498989 0.00925185 0.03757885
v 0.00467853 0.00958170 0.03755481
v 0.00447267 0.00988106 0.03747349
v 0.00405949 0.00941749 0.03761469
v 0.00335180 0.00878417 0.03787126
v 0.00354649 0.00938967 0.03768142
v 0.00328835 0.00974394 0.03758398
v -0.03283849 -0.01925553 -0.00915222
v -0.03302260 -0.01859723 -0.00963115
v -0.03261390 -0.01858953 -0.01042690
v -0.03345090 -0.01789563 -0.00950737
v -0.02884816 0.01034233 -0.02529590
v -0.02863471 0.00997043 -0.02572738
v -0.02884767 0.01075363 -0.02511219
v -0.02938631 0.01005706 -0.02465118
v 0.00241900 0.03683055 0.00897024
v 0.00241235 0.03669905 0.00907869
v 0.00248995 0.03623428 0.00919676
v 0.00275717 0.03678808 0.00946225
v 0.00161596 0.03537459 0.00858088
v 0.00182710 0.03578743 0.00871331
v 0.00167282 0.03537149 0.00863109
v 0.00145555 0.03518137 0.00838031
v -0.03224795 -0.00397850 -0.02149799
v -0.03196368 -0.00469517 -0.02175779
v -0.03209833 -0.00494552 -0.02139497
v -0.01966446 -0.02662559 0.02129183
v -0.01996117 -0.02642709 0.02130957
v -0.02001437 -0.02658938 0.02091842
v -0.02884982 -0.02667869 0.00602292
v -0.02853806 -0.02703986 0.00589686
v -0.02941579 -0.02614736 0.00578519
v -0.02892684 -0.02645093 0.00658041
v -0.02220688 -0.02722025 0.01770436
v -0.02308177 -0.02628258 0.01811157
v -0.02228597 -0.02690941 0.01817032
v -0.02207408 -0.02669796 0.01859242
v 0.00607941 0.03024590 0.02244429
v 0.00630307 0.03036434 0.02207634
v 0.00619725 0.03007407 0.02280342
v 0.00574485 0.03048897 0.02201807
v -0.00159843 -0.00527524 0.03830279
v -0.00198614 -0.00568308 0.03824475
v -0.00204707 -0.00531840 0.03834478
v -0.03117218 0.00444406 -0.02375950
v -0.03086811 0.00420795 -0.02423620
v -0.03163094 0.00529199 -0.02292447
v -0.03130824 0.00423436 -0.02357588
v 0.00620988 0.01520943 0.03583756
v 0.00655555 0.01565092 0.03561766
v 0.00590406 0.01572559 0.03567871
v -0.00737584 0.02610966 0.00439820
v -0.00927056 0.02788807 0.00523386
v -0.01505065 0.02961910 0.00476965
v -0.01115564 0.02924047 0.00816873
v -0.01428162 0.02895698 0.00100621
v -0.01261503 0.02823902 0.00088175
v -0.01551081 0.02888739 -0.00530969
v -0.01449462 0.02863844 -0.00295262
v -0.01733398 0.02941041 -0.00065065
v -0.01591978 -0.02167491 0.02900646
v -0.02101665 -0.02522970 0.02152719
v -0.02090072 -0.02544086 0.02140378
v -0.02183370 -0.02538714 0.02052356
v -0.02111165 -0.02457483 0.02226584
v 0.00341738 0.01464151 0.03631425
v 0.00441134 0.01392948 0.03641219
v 0.00344996 0.01523167 0.03607849
v 0.00168915 0.01533141 0.03616635
v -0.02784047 -0.02558680 0.01248092
v -0.02752810 -0.02526987 0.01364836
v -0.02894592 -0.02381019 0.01344121
v -0.02726017 -0.02655836 0.01160410
v -0.02804887 -0.02461159 0.01383038
v -0.02786905 -0.02468609 0.01403930
v -0.00047379 -0.00080232 0.03875656
v -0.00103780 -0.00027756 0.03881848
v -0.00050845 0.00001766 0.03877443
v -0.00131991 -0.00027675 0.03886940
v -0.02381003 0.02143034 -0.02291184
v -0.02335498 0.02210147 -0.02261573
v -0.02286211 0.02214494 -0.02307528
v -0.02334560 0.02236691 -0.02226930
v -0.02677483 0.01751539 -0.02327146
v -0.03083865 0.01718023 -0.01738580
v -0.02777667 0.01834492 -0.02112293
v -0.03135339 0.01946546 -0.01413521
v -0.02628977 0.01925200 -0.02207250
v -0.03221023 0.02001612 -0.01199208
v -0.00409777 0.02822241 0.00889155
v -0.00367626 0.02868462 0.00938684
v -0.00289430 0.02900493 0.00966861
v -0.00337496 0.02921516 0.01004985
v 0.00593389 0.02673050 0.02801073
v 0.00519260 0.02667562 0.02814838
v 0.00407900 0.02709534 0.02783709
v 0.00391339 0.02631686 0.02881217
v -0.02106025 0.02438507 -0.02179121
v -0.02133697 0.02458007 -0.02116783
v -0.02171095 0.02435877 -0.02103984
v -0.02098893 0.02508541 -0.02061273
v -0.00058482 0.03129148 0.01432591
v -0.00055286 0.03143215 0.01544357
v -0.00108096 0.03096847 0.01318615
v -0.00044311 0.03107430 0.01311771
v -0.01210562 -0.01806246 0.03267883
v -0.01199850 -0.01821749 0.03265588
v -0.01199839 -0.01771890 0.03297175
v -0.01265277 -0.01778399 0.03266734
v -0.00847486 0.02718247 -0.00637491
v -0.00827767 0.02603635 0.00262166
v -0.03004406 -0.02545204 0.00566639
v -0.03036012 -0.02520164 0.00531526
v -0.03001670 -0.02528215 0.00636567
v -0.03031336 -0.02534391 0.00486915
v -0.03017479 -0.02554789 0.00465156
v -0.03164170 -0.02392392 0.00425083
v -0.03109853 -0.02447000 0.00445362
v -0.03216800 -0.02306275 0.00445060
v -0.03204059 -0.02355007 0.00384849
v -0.03587007 -0.01292602 -0.00938744
v -0.03622527 -0.01179704 -0.00950399
v -0.03661872 -0.01107699 -0.00918410
v -0.03559021 -0.01221770 -0.01052218
v -0.01147839 -0.01602482 0.03400977
v -0.01677017 -0.02087852 0.02920989
v -0.01681068 -0.02115617 0.02896187
v -0.01738461 -0.02083617 0.02886762
v -0.01697946 -0.02026010 0.02939583
v -0.01767318 -0.02054094 0.02889439
v -0.01799331 -0.02034681 0.02884422
v -0.03374238 -0.02109729 -0.00347598
v -0.03373386 -0.02096673 -0.00388950
v -0.03404315 -0.02029987 -0.00448769
v -0.03353281 -0.02120828 -0.00423003
v -0.01126796 -0.01557371 0.03427064
v -0.01159075 -0.01556980 0.03415685
v -0.01178612 -0.01554583 0.03409516
v 0.00295045 0.03101550 0.02113543
v 0.00259657 0.03107292 0.02082233
v 0.00342269 0.03099471 0.02119732
v -0.00589308 0.02974622 0.02352531
v -0.00204573 0.03070732 0.02127232
v -0.00045829 0.02957216 0.02414042
v -0.00456952 0.02855623 0.02562792
v -0.00437577 0.02838717 0.02595494
v -0.00721188 0.03009677 0.02186772
v -0.01215228 0.02874000 0.02280443
v -0.00797968 0.02593498 0.02851759
v -0.00596535 0.02835459 0.02581162
v -0.00547530 0.02587225 0.02917519
v -0.00681078 0.02654109 0.02827790
v -0.00702848 -0.00974342 0.03739046
v -0.00718828 -0.00938838 0.03752445
v -0.00767517 -0.00928447 0.03754012
v -0.00703009 -0.00904745 0.03758516
v -0.01087937 0.02736432 -0.00224053
v -0.03236595 0.00408576 -0.02193367
v -0.03230526 0.00475654 -0.02187394
v -0.03202069 0.00421365 -0.02239260
v -0.00341526 -0.00090021 0.03896872
v -0.00414817 -0.00098177 0.03905235
v -0.00393486 -0.00084505 0.03904142
v -0.00537067 0.00002309 0.03902894
v -0.00530014 -0.00038930 0.03903729
v -0.00516122 0.00054266 0.03897729
v -0.00579144 0.00039799 0.03905158
v 0.00357708 0.02664271 0.02845812
v 0.00338159 0.02630397 0.02889262
v 0.00340065 0.02571479 0.02952471
v 0.00226739 0.02625418 0.02899434
v -0.00017468 0.02687672 0.02840818
v -0.00044228 0.02628761 0.02907983
v -0.00154333 0.02617451 0.02921742
v 0.00081997 0.02602169 0.02933035
v -0.02615440 -0.02317870 0.01835060
v -0.02594306 -0.02361422 0.01804272
v -0.02603492 -0.02162363 0.01993663
v -0.02692534 -0.02059371 0.01992462
v -0.02738914 -0.02193724 0.01811505
v -0.02727572 -0.02024794 0.01989140
v -0.02631188 -0.02068531 0.02052320
v -0.02750702 -0.02100575 0.01877966
v -0.02747710 -0.02076686 0.01907486
v -0.02773140 -0.02057825 0.01907214
v -0.02803140 -0.02077048 0.01865856
v -0.02756445 -0.02037404 0.01936877
v -0.02183034 0.02548902 -0.01833982
v -0.02243941 0.02561720 -0.01713320
v -0.02165358 0.02579095 -0.01785235
v -0.02142417 0.02601804 -0.01767814
v 0.00057738 0.01237655 0.03711940
v -0.00033985 0.01209035 0.03724618
v -0.00018389 0.01270387 0.03709001
v -0.00079504 0.01368834 0.03687162
v -0.01865178 -0.01870118 0.02952415
v -0.01829414 -0.01883582 0.02955310
v -0.01945327 -0.01832199 0.02922342
v -0.01874821 -0.01793901 0.02994477
v -0.01149203 -0.01218988 0.03583010
v -0.01158024 -0.01245558 0.03563667
v -0.01127904 -0.01178750 0.03597973
v -0.01221290 -0.01154327 0.03578623
v -0.03262297 0.00519027 -0.02123834
v -0.03294958 0.00536767 -0.02062585
v -0.03259023 0.00580736 -0.02111395
v 0.00169571 0.01818520 0.03489679
v 0.00140456 0.01792876 0.03505733
v 0.00078350 0.01811367 0.03500186
v 0.00122897 0.01733418 0.03535763
v -0.03534904 -0.01786978 -0.00466299
v -0.03567814 -0.01734126 -0.00441241
v -0.03598200 -0.01668202 -0.00454871
v -0.03572474 -0.01741279 -0.00399922
v -0.02941787 0.01524556 -0.02147087
v -0.02954345 0.01487267 -0.02156339
v -0.02995753 0.01483546 -0.02098672
v -0.00252703 0.00745624 0.03840548
v -0.00338839 0.00726522 0.03854853
v -0.00307175 0.00662711 0.03867413
v -0.00382502 0.00746852 0.03850069
v -0.00466314 0.00139956 0.03909421
v -0.00505821 0.00134258 0.03897667
v -0.00469437 0.00122359 0.03909409
v -0.03604673 -0.00515873 -0.01354637
v -0.03593956 -0.00521847 -0.01376661
v -0.03718138 -0.00415754 -0.01171019
v -0.03693641 -0.00398356 -0.01223788
v -0.03675015 -0.00374133 -0.01271322
v -0.03689748 -0.00573889 -0.01161496
v -0.02438487 -0.02014175 0.02323635
v -0.02387402 -0.02088690 0.02296668
v -0.02626692 -0.01925980 0.02183844
v -0.02456967 -0.01892801 0.02406308
v 0.00011217 0.02877889 0.02578182
v 0.00052797 0.02893688 0.02544282
v -0.00013892 0.02897835 0.02535893
v -0.03160645 -0.02227155 0.00924681
v -0.03125440 -0.02267466 0.00939896
v -0.03190548 -0.02192498 0.00910897
v -0.03651614 -0.01505520 -0.00531516
v -0.03702606 -0.01344124 -0.00588288
v -0.03718716 -0.01220707 -0.00668009
v -0.03745966 -0.01253328 -0.00551411
v -0.01570989 -0.01269124 0.03422824
v -0.01601067 -0.01307575 0.03392561
v -0.01685152 -0.01268145 0.03366073
v -0.01538581 -0.01242550 0.03443465
v -0.01324240 -0.01090071 0.03583862
v -0.01320463 -0.01083186 0.03588598
v -0.01331240 -0.01043091 0.03592137
v -0.01282421 -0.01073123 0.03588542
v 0.00011244 0.01928909 0.03445071
v 0.00033609 0.01975906 0.03419161
v -0.00033873 0.01964744 0.03426857
v -0.00106698 0.01715273 0.03553620
v -0.00198206 0.01710522 0.03557792
v -0.00158235 0.01669124 0.03573383
v -0.00256326 0.01758901 0.03537847
v -0.00322104 0.01559561 0.03623053
v -0.00295529 0.01582224 0.03615788
v -0.00319555 0.01425577 0.03676309
v -0.00314186 0.01286811 0.03718615
v -0.00461355 0.01549953 0.03625692
v -0.00229674 0.01435578 0.03666325
v -0.03218476 -0.02043526 0.01168401
v -0.03166648 -0.01998775 0.01371642
v -0.03286646 -0.01836951 0.01340267
v -0.03217734 -0.01863066 0.01443620
v -0.03264176 -0.01665297 0.01572572
v -0.03217902 -0.01718640 0.01617235
v -0.03188572 -0.01772122 0.01606896
v -0.03185602 -0.01797201 0.01581486
v -0.03384440 -0.01625396 0.01396047
v -0.00708056 0.00531861 0.03872082
v -0.00646613 0.00439190 0.03878454
v -0.00721110 0.00679170 0.03839353
v -0.00929749 0.00661034 0.03818009
v -0.01665244 -0.01507160 0.03254899
v -0.01667983 -0.01432560 0.03295603
v -0.01681197 -0.01473713 0.03265094
v -0.02015618 -0.01893111 0.02831420
v -0.02006686 -0.01841535 0.02871808
v -0.02040874 -0.01805924 0.02875186
v -0.02954950 -0.02146330 0.01561399
v -0.02996565 -0.02122268 0.01532772
v -0.03016602 -0.02118733 0.01498156
v -0.02978546 -0.02085427 0.01593379
v -0.02999805 -0.02066560 0.01586255
v -0.02963312 -0.02081441 0.01624410
v -0.01967859 0.02872146 -0.00827537
v -0.02002681 0.02941137 -0.00037996
v -0.02243694 0.02902869 0.00417629
v -0.02221797 0.02914683 0.00516227
v -0.02186259 0.02923822 0.00524147
v -0.02278811 0.02894162 0.00543462
v -0.02381362 0.02839714 -0.00388293
v -0.02217597 0.02900512 -0.00240827
v -0.02373678 0.02864009 -0.00029420
v -0.02598244 0.02764149 -0.00222107
v -0.02463727 0.02808210 -0.00397464
v -0.01836980 -0.01585915 0.03135287
v -0.01897274 -0.01595777 0.03103327
v -0.01884255 -0.01638598 0.03082836
v -0.01960205 -0.01560707 0.03083841
v -0.02004234 -0.01598431 0.03029721
v -0.02038050 -0.01527273 0.03045252
v -0.02024991 -0.01623195 0.02995416
v -0.00992472 0.02954989 0.00940731
v -0.00917191 0.02994434 0.01156972
v -0.01841279 -0.01506745 0.03170966
v -0.02266551 -0.01193365 0.03065875
v -0.02598788 -0.01136689 0.02747093
v -0.02667411 -0.00930303 0.02780799
v -0.02589403 -0.00944210 0.02858887
v -0.02443010 -0.00936603 0.03024302
v -0.02683750 -0.00740315 0.02845249
v -0.02792390 -0.00406554 0.02829081
v -0.02878147 -0.00486586 0.02711727
v -0.02881505 -0.00660191 0.02651025
v -0.01526045 -0.01171934 0.03472219
v -0.01541594 -0.01154232 0.03469314
v -0.01563426 -0.01153646 0.03458662
v -0.01545226 -0.01113638 0.03488645
v -0.01720682 -0.01450907 0.03261843
v -0.00822937 0.00006379 0.03861876
v -0.00794190 0.00035652 0.03867346
v -0.00844538 0.00060413 0.03856845
v -0.02120600 -0.01263429 0.03131789
v -0.03532913 -0.01723137 0.00666818
v -0.03898596 -0.00704007 0.00604522
v -0.03892230 -0.00556011 0.00840393
v -0.03787122 -0.00933489 0.00984433
v -0.03150480 -0.02048253 0.01334576
v -0.02718967 0.02311328 -0.01527312
v -0.02786957 0.02258557 -0.01518217
v -0.02787772 0.02280137 -0.01482465
v -0.02802122 0.02295411 -0.01431774
v -0.01590646 -0.01095957 0.03476672
v -0.01564014 -0.01057532 0.03491369
v -0.01602468 -0.01052471 0.03480369
v -0.02394051 0.02635432 -0.01282830
v -0.02427669 0.02613126 -0.01299706
v -0.02483071 0.02601648 -0.01257437
v -0.02104823 -0.01469534 0.03038457
v -0.02080626 -0.01494244 0.03037202
v -0.00370776 0.02038510 0.03386732
v -0.00332691 0.02037821 0.03388477
v -0.00436367 0.01960495 0.03425432
v -0.00396747 0.02053755 0.03370772
v -0.03414985 -0.01811779 0.00990018
v -0.03424127 -0.01813935 0.00949046
v -0.03388448 -0.01889629 0.00933701
v -0.03458855 -0.01763023 0.00939159
v -0.01187159 -0.00389218 0.03774464
v -0.01188358 -0.00348688 0.03779332
v -0.01227651 -0.00349133 0.03759772
v -0.01222327 0.00047518 0.03798247
v -0.01233748 0.00024617 0.03797413
v -0.01217996 0.00114840 0.03797654
v -0.01147184 0.00072908 0.03810035
v -0.01627156 -0.00788042 0.03546566
v -0.01554517 -0.00782890 0.03577256
v -0.01662543 -0.00816877 0.03525093
v -0.02015669 -0.00509165 0.03454082
v -0.02084573 -0.00368608 0.03437880
v -0.02233515 -0.00325677 0.03351032
v -0.02316906 -0.00322597 0.03296931
v -0.02243587 -0.00398674 0.03330343
v -0.01981612 -0.00561583 0.03455023
v -0.03088746 -0.01897976 0.01627788
v -0.03112513 -0.01854528 0.01630886
v -0.03094533 -0.01929763 0.01584818
v -0.03662876 0.00554259 -0.01384993
v -0.03689371 0.00595294 -0.01321806
v -0.03658516 0.00591840 -0.01383896
v -0.03625611 0.00600890 -0.01453711
v -0.03720478 0.00556596 -0.01264455
v -0.03740324 0.00537358 -0.01226756
v -0.03766620 -0.01361437 -0.00075474
v -0.03792205 -0.01281247 -0.00126533
v -0.03782301 -0.01319444 -0.00069639
v -0.03791239 -0.01302531 -0.00037384
v -0.01521376 -0.00706352 0.03620226
v -0.01560719 -0.00678634 0.03615321
v -0.01639911 -0.00675934 0.03582584
v -0.01544088 -0.00645758 0.03626066
v -0.00665486 0.01196141 0.03746682
v -0.00690172 0.01168280 0.03749733
v -0.00714436 0.01133964 0.03753077
v -0.00735477 0.01185741 0.03741233
v -0.03760162 0.00209686 -0.01190346
v -0.03748272 0.00223097 -0.01224827
v -0.03778213 0.00277706 -0.01156498
v -0.03810561 0.00096743 -0.01053487
v -0.03793022 0.00116176 -0.01096445
v -0.03836417 -0.00002171 -0.00980134
v -0.03841972 0.00053097 -0.00971209
v -0.03842949 -0.00049511 -0.00957188
v -0.03873344 -0.00151847 -0.00875985
v -0.03868347 -0.00103645 -0.00891473
v -0.03888059 -0.00108125 -0.00839162
v -0.02513422 -0.01475705 0.02642229
v -0.02455555 -0.01511676 0.02689024
v -0.02542582 -0.01470789 0.02613235
v -0.02537851 -0.01417639 0.02665165
v -0.02463111 -0.01435489 0.02741978
v -0.02438825 -0.01401550 0.02775803
v -0.02421975 -0.01319393 0.02834588
v -0.02445560 -0.01358788 0.02793524
v -0.02533138 -0.01238625 0.02780113
v -0.00836143 0.00821387 0.03799126
v -0.00796989 0.00788073 0.03804215
v -0.00805239 0.00836256 0.03802252
v -0.02612200 -0.01529482 0.02521070
v -0.02645108 -0.01529883 0.02488680
v -0.02633946 -0.01558448 0.02468937
v -0.02678313 -0.01500066 0.02479942
v -0.03652287 -0.01391472 0.00865264
v -0.03516968 -0.01508492 0.01155154
v -0.03775871 -0.00672323 0.01185422
v -0.03845573 -0.00606532 0.01028254
v -0.02098699 -0.01226710 0.03165292
v -0.02091564 -0.01244290 0.03164455
v -0.02060546 -0.01226476 0.03198266
v -0.02155191 -0.01394582 0.03040614
v -0.02275524 -0.01347125 0.02958837
v -0.00548016 0.01783262 0.03516903
v -0.00553581 0.01852819 0.03480569
v -0.00574194 0.01818584 0.03497227
v -0.00620606 0.01793959 0.03504874
v -0.01590673 0.02988062 0.00584343
v -0.03679588 -0.01473476 0.00472266
v -0.03688264 -0.01426814 0.00546440
v -0.03040335 -0.01671795 0.01898106
v -0.02995906 -0.01706544 0.01931030
v -0.03024611 -0.01641997 0.01936402
v -0.03095791 -0.01677466 0.01827548
v -0.03741922 0.00344288 -0.01246633
v -0.03784357 0.00349139 -0.01145819
v -0.03768018 0.00361619 -0.01183193
v -0.03744553 0.00408224 -0.01233944
v -0.00842815 0.01550583 0.03590929
v -0.00776647 0.01484663 0.03632335
v -0.00864287 0.01525669 0.03607118
v -0.00854099 0.01590913 0.03573847
v -0.02034443 -0.01041591 0.03274663
v -0.02028076 -0.01046201 0.03273464
v -0.02043710 -0.01001247 0.03300842
v -0.02798640 -0.01510432 0.02305366
v -0.02863199 -0.01525230 0.02225321
v -0.02826119 -0.01446679 0.02319749
v -0.02800976 -0.01461123 0.02340240
v -0.02784910 -0.01434608 0.02381398
v -0.02887771 -0.01547159 0.02187632
v -0.00581223 0.02377724 0.03120660
v -0.00603644 0.02361736 0.03130174
v -0.00582265 0.02326288 0.03161980
v -0.03930393 -0.00786070 -0.00203880
v -0.03975847 -0.00559166 -0.00172741
v -0.03933885 -0.00668001 -0.00352275
v -0.03908581 -0.00867253 -0.00206351
v -0.00877184 0.02851048 0.02485027
v -0.01443851 0.02820655 0.02241605
v -0.01459030 0.02889221 0.02079858
v -0.01399021 0.02865514 0.02179722
v -0.01014237 0.00705064 0.03796422
v -0.01056588 0.00722531 0.03783245
v -0.01034928 0.00671198 0.03788707
v -0.02939265 -0.01634083 0.02064032
v -0.02949948 -0.01588201 0.02083510
v -0.02956235 -0.01543873 0.02106818
v -0.03714002 -0.01346953 0.00529772
v -0.03697962 -0.01397533 0.00540752
v -0.03705915 -0.01410560 0.00449091
v -0.03732223 -0.01301651 0.00562842
v -0.02089096 -0.01033066 0.03252604
v -0.02208016 -0.00992057 0.03190110
v -0.02199107 -0.01005247 0.03191423
v -0.02202425 -0.01037436 0.03183388
v -0.03518682 -0.01403754 0.01310620
v -0.03495452 -0.01404581 0.01374744
v -0.03839337 0.00384178 -0.01008000
v -0.03823663 0.00296268 -0.01042502
v -0.03851661 0.00318635 -0.00974357
v -0.02206721 -0.00811493 0.03256727
v -0.02163054 -0.00781859 0.03304828
v -0.02150895 -0.00806084 0.03299593
v -0.02111640 -0.00801781 0.03321005
v -0.02385527 -0.00812594 0.03131439
v -0.02381691 -0.00848606 0.03099373
v -0.02531323 -0.00590747 0.03048646
v -0.02358225 -0.00641565 0.03192683
v -0.02320966 -0.00628577 0.03222229
v -0.02291346 -0.00605540 0.03245794
v -0.00909825 0.01646370 0.03541108
v -0.00856167 0.01630568 0.03555927
v -0.00938378 0.01667888 0.03530006
v -0.00966433 0.01641062 0.03534910
v -0.03738552 0.00876149 -0.01127700
v -0.03718143 0.00902643 -0.01168493
v -0.03742361 0.00831172 -0.01135586
v -0.03977342 0.00377051 -0.00530534
v -0.03948228 0.00826767 -0.00428524
v -0.04041612 0.00130006 -0.00248588
v -0.04016846 0.00357169 -0.00411031
v -0.04001064 -0.00314758 0.00364373
v -0.03912501 -0.00810938 0.00377933
v -0.04017340 0.00249233 0.00101325
v -0.03988355 -0.00189185 0.00507160
v -0.03973009 -0.00232085 0.00591187
v -0.03938975 -0.00277419 0.00746700
v -0.03950370 -0.00229407 0.00706464
v -0.03954146 -0.00485102 -0.00447593
v -0.03945712 -0.00549790 -0.00436910
v -0.03962737 -0.00454824 -0.00392332
v -0.03449015 -0.01432800 0.01464207
v -0.03380721 -0.01495838 0.01566483
v -0.03423005 -0.01440632 0.01511914
v -0.03408768 -0.01433387 0.01553707
v -0.03380860 -0.01463741 0.01592091
v -0.01831708 0.00401159 0.03586295
v -0.01996441 0.00377359 0.03511332
v -0.01787722 0.00058633 0.03592903
v -0.02012181 0.00092495 0.03509603
v -0.02124023 -0.00025887 0.03430529
v -0.01963693 0.00448501 0.03516728
v -0.01820469 0.00471133 0.03589672
v -0.01978313 0.00744593 0.03464769
v -0.02303953 0.00748196 0.03291356
v -0.02195313 0.00301992 0.03403746
v -0.02150713 0.00665099 0.03397027
v -0.01329723 0.00612296 0.03736205
v -0.01329989 0.00578108 0.03744205
v -0.01308447 0.00657053 0.03731500
v -0.01384079 0.00598770 0.03717656
v -0.03980131 -0.00358156 -0.00333831
v -0.03265018 -0.01443441 0.01769001
v -0.03260489 -0.01428053 0.01788981
v -0.03289757 -0.01448476 0.01726558
v -0.03766482 -0.01179841 0.00665621
v -0.03641704 -0.01198017 0.01198933
v -0.03948981 -0.00724859 0.00047011
v -0.03946418 -0.00739750 0.00078222
v -0.03954827 -0.00685276 0.00103279
v -0.03930420 -0.00812205 0.00098643
v -0.03534346 -0.01284016 0.01395789
v -0.03618460 -0.01139959 0.01342224
v -0.03641504 -0.01109118 0.01282281
v -0.03666173 -0.00802670 0.01461020
v -0.03758240 0.00919946 -0.01070648
v -0.03741166 0.01005861 -0.01067588
v -0.03771112 0.00976633 -0.01009363
v -0.03777511 0.00998182 -0.00979185
v -0.01485566 0.00480528 0.03693843
v -0.01452554 0.00503065 0.03696660
v -0.01505228 0.00534965 0.03685061
v -0.02721633 -0.01089722 0.02631360
v -0.01456688 0.02943665 0.01896129
v -0.02057098 0.02926389 0.01098402
v -0.01709164 0.02814022 0.02045023
v -0.01940758 0.02765067 0.01915760
v -0.02366824 0.02753874 0.01318317
v -0.02534885 0.02792673 -0.00031545
v -0.02047195 0.02859132 0.01531378
v -0.02484692 0.02827685 0.00577094
v -0.02654060 0.02747358 0.00216142
v -0.02718268 0.02684206 0.00541841
v -0.02905477 0.02591145 -0.00021447
v -0.01090215 0.02562175 0.02805429
v -0.01070297 0.02624371 0.02738727
v -0.01128969 0.02608674 0.02740192
v -0.01183094 0.02616535 0.02711514
v -0.01615049 0.00455042 0.03662126
v -0.01651127 0.00420189 0.03650997
v -0.01657095 0.00379128 0.03647228
v -0.01690115 0.00420470 0.03635889
v -0.03939714 -0.00638131 0.00175386
v -0.02068338 0.02953434 0.00604773
v -0.02106061 0.02945197 0.00525875
v -0.02112127 0.02946365 0.00577547
v -0.01278777 0.01668594 0.03438622
v -0.01420226 0.01695728 0.03373081
v -0.01308196 0.01722528 0.03398187
v -0.01269253 0.01824493 0.03352911
v -0.01238329 0.02042888 0.03227190
v -0.01186971 0.02125350 0.03171531
v -0.01253635 0.02087674 0.03185159
v -0.01279834 0.02102580 0.03161958
v -0.02177737 -0.00028363 0.03410137
v -0.02221402 -0.00009843 0.03384678
v -0.02221956 0.00059857 0.03389759
v -0.02256361 -0.00066730 0.03362712
v -0.02620569 -0.00627742 0.02965568
v -0.02647812 -0.00613301 0.02945505
v -0.02644698 -0.00586211 0.02946402
v -0.02649067 -0.00642269 0.02939919
v -0.03337696 0.02128321 -0.00656320
v -0.03391017 0.02059137 -0.00642818
v -0.03330857 0.02153942 -0.00572990
v -0.03311222 0.02157312 -0.00666401
v -0.01723772 0.01064886 0.03506634
v -0.01660211 0.01062840 0.03524827
v -0.01742615 0.01019212 0.03508101
v -0.01816561 0.00983053 0.03487087
v -0.01843760 0.00976727 0.03476294
v -0.01798831 0.00864756 0.03523269
v -0.01847760 0.00923013 0.03488721
v -0.01907731 0.00922826 0.03461973
v -0.01907426 0.00853461 0.03474777
v -0.02080256 0.00881337 0.03386362
v -0.02082325 0.00975090 0.03366195
v -0.02084761 0.00836813 0.03388670
v -0.01972777 0.00814229 0.03459183
v -0.03202123 -0.00918752 0.02188176
v -0.03185001 -0.00907638 0.02213468
v -0.03156901 -0.00922693 0.02245997
v -0.03169449 -0.00872052 0.02237714
v -0.03714932 0.01433747 -0.00728430
v -0.03703900 0.01419942 -0.00794204
v -0.03720890 0.01386146 -0.00782252
v -0.03407097 -0.00960517 0.01865140
v -0.03438873 -0.00903083 0.01856603
v -0.03409067 -0.00935792 0.01878784
v -0.03395714 -0.00926454 0.01905083
v -0.01687267 0.02757811 0.02183929
v -0.01653102 0.02752660 0.02215449
v -0.01776277 0.02696461 0.02222237
v -0.01755736 0.02797486 0.02045924
v -0.02365715 -0.00300565 0.03266044
v -0.03083698 -0.00765502 0.02380656
v -0.03068358 -0.00678715 0.02440294
v -0.03092627 -0.00734995 0.02395602
v -0.03100080 -0.00684309 0.02390976
v -0.01806294 0.00691193 0.03550385
v -0.01822951 0.00729349 0.03535831
v -0.01841135 0.00673022 0.03539379
v -0.01758278 0.01082936 0.03484824
v -0.01741425 0.01109285 0.03480880
v -0.01742452 0.01209977 0.03452456
v -0.01797629 0.01168977 0.03439891
v -0.01798679 0.01198816 0.03436315
v -0.01841093 0.01208756 0.03415311
v -0.01977407 0.01168753 0.03365212
v -0.01921973 0.01210819 0.03377089
v -0.01910971 0.01289086 0.03346577
v -0.03167061 -0.00775974 0.02291419
v -0.03129086 -0.00793777 0.02320095
v -0.03155716 -0.00752609 0.02312217
v -0.03702753 0.01538373 -0.00578066
v -0.03695578 0.01578006 -0.00527220
v -0.03721061 0.01516154 -0.00536495
v -0.03681465 0.01620468 -0.00493340
v -0.02540589 0.02744635 0.00944085
v -0.01608429 0.01362578 0.03456544
v -0.01569283 0.01376795 0.03464873
v -0.01643935 0.01389748 0.03430321
v -0.03786710 -0.00650707 0.01189840
v -0.03783476 -0.00684623 0.01158773
v -0.03848099 -0.00512896 0.01108726
v -0.03840929 -0.00494442 0.01130444
v -0.03856286 -0.00431002 0.01111753
v -0.03799547 -0.00526425 0.01228936
v -0.03771954 -0.00646541 0.01273804
v -0.03542707 -0.00750558 0.01755308
v -0.03588940 -0.00791891 0.01646654
v -0.03561542 -0.00758875 0.01711220
v -0.03608651 -0.00684259 0.01664052
v -0.02379960 0.00399194 0.03281145
v -0.02561926 0.00328150 0.03142744
v -0.02602864 0.00472913 0.03113383
v -0.02505341 0.00376560 0.03192220
v -0.02909925 -0.00385569 0.02702176
v -0.02935208 -0.00369862 0.02675713
v -0.02904031 -0.00438919 0.02697743
v -0.02947439 -0.00357861 0.02666842
v -0.03204069 -0.00412518 0.02373251
v -0.03256763 -0.00442673 0.02282813
v -0.03226019 -0.00447956 0.02340491
v -0.03241476 -0.00513710 0.02290259
v -0.01980231 0.02726187 0.01960112
v -0.02111133 0.02669586 0.01926028
v -0.02102340 0.02736246 0.01775878
v -0.02100913 0.02705362 0.01857849
v -0.03463808 0.02012507 -0.00372539
v -0.03502769 0.01943864 -0.00438832
v -0.03502597 0.01949112 -0.00394063
v -0.03997545 0.00564683 0.00148069
v -0.04012635 0.00513966 -0.00012761
v -0.03983389 0.00652901 0.00081813
v -0.03993471 0.00425087 0.00304185
v -0.02697420 -0.00180446 0.02995421
v -0.02718399 -0.00174449 0.02976548
v -0.02750412 -0.00186255 0.02932411
v -0.02776632 -0.00120591 0.02926731
v -0.03489633 0.01981071 -0.00322713
v -0.03462183 0.02018139 -0.00303719
v -0.03444833 0.02043349 -0.00306028
v -0.03435573 0.02065355 -0.00217261
v -0.03998754 0.00605332 -0.00179361
v -0.02116071 0.02782559 0.01649353
v -0.01818183 0.02015244 0.02980188
v -0.01854637 0.01983543 0.02984240
v -0.01891568 0.01975022 0.02965088
v -0.01865365 0.01950704 0.03007280
v -0.03068079 0.02440464 0.00209418
v -0.03081308 0.02423429 0.00271961
v -0.03051083 0.02445109 0.00300227
v -0.03116847 0.02389786 0.00266730
v -0.02255923 0.02725741 0.01600984
v -0.02225392 0.02744380 0.01593440
v -0.02263519 0.02734958 0.01570259
v -0.03242061 -0.00288076 0.02339076
v -0.03210497 -0.00294829 0.02401165
v -0.03230199 -0.00238693 0.02396812
v -0.03231915 -0.00185545 0.02425271
v -0.03523112 -0.00425757 0.01928398
v -0.03530576 -0.00409013 0.01920925
v -0.03520929 -0.00375753 0.01943812
v -0.03541212 -0.00391295 0.01909443
v -0.03602816 0.01806283 -0.00126708
v -0.03634587 0.01737704 -0.00063089
v -0.03647779 0.01716905 -0.00095033
v -0.03630953 0.01736790 0.00008156
v -0.03935581 -0.00001794 0.00840006
v -0.03919463 -0.00025448 0.00947236
v -0.03905935 -0.00061613 0.01023711
v -0.03921202 0.00011310 0.00930333
v -0.02488527 0.00500649 0.03201777
v -0.02466234 0.00524757 0.03215327
v -0.02509324 0.00528711 0.03174340
v -0.02510132 0.00467838 0.03195019
v -0.03950839 0.00079372 0.00789790
v -0.03953714 0.00131576 0.00752116
v -0.03943235 0.00101530 0.00818008
v -0.03935295 0.00099911 0.00861253
v -0.03252893 0.02225634 0.00335151
v -0.03208909 0.02272707 0.00353345
v -0.03253572 0.02233307 0.00288543
v -0.03274171 0.02196430 0.00373819
v -0.03960819 0.00441706 0.00552526
v -0.03950293 0.00511937 0.00553453
v -0.03958845 0.00479972 0.00492973
v -0.03942254 0.00547140 0.00583511
v -0.03879828 0.01151258 0.00021455
v -0.03864151 0.01187390 0.00057068
v -0.03863511 0.01199676 0.00008028
v -0.02182304 0.01451473 0.03127293
v -0.02150005 0.01427773 0.03157538
v -0.02139621 0.01461777 0.03147265
v -0.03444833 0.00730459 0.02076540
v -0.02550251 0.00896510 0.03068050
v -0.02560641 0.01071049 0.03003819
v -0.02747706 0.01190092 0.02762576
v -0.02632220 0.01487376 0.02729461
v -0.02952144 0.01152297 0.02555261
v -0.02452277 0.01591377 0.02831083
v -0.02035127 0.01627341 0.03112876
v -0.02097586 0.01658471 0.03080207
v -0.02019150 0.01930402 0.02919327
v -0.01942109 0.01943163 0.02963612
v -0.01761174 0.02038012 0.02995646
v -0.01660005 0.01979928 0.03080011
v -0.01656428 0.02088249 0.03006167
v -0.01088608 0.02221314 0.03137595
v -0.01250307 0.02207389 0.03090196
v -0.01577588 0.02004123 0.03107202
v -0.01352269 0.01992800 0.03212187
v -0.01911287 0.01660077 0.03169800
v -0.01847150 0.01698079 0.03178338
v -0.01951588 0.01629359 0.03168870
v -0.03610932 0.00829446 0.01732689
v -0.03751880 0.01100134 0.00995816
v -0.03758475 0.00740822 0.01370950
v -0.03669218 0.01619336 0.00291396
v -0.03532254 0.01922441 -0.00278165
v -0.03277013 0.02049603 -0.01009270
v -0.03443145 0.01870514 -0.00893232
v -0.03401735 0.02048388 -0.00673367
v -0.03277857 0.02185232 -0.00725435
v -0.03174781 0.02257462 -0.00815448
v -0.03190347 0.02317304 -0.00565447
v -0.03333119 0.02092534 -0.00754761
v -0.02915889 0.02581720 -0.00048410
v -0.02870383 0.02601012 0.00318480
v -0.02815364 0.02637403 0.00290221
v -0.02796177 0.02607737 0.00746190
v -0.02367818 0.02657399 0.01612687
v -0.02307038 0.02727258 0.01515296
v -0.01578902 0.02652670 0.02452070
v -0.01768277 0.02670483 0.02272656
v -0.01875377 0.02611448 0.02271616
v -0.01888555 0.02656841 0.02185583
v -0.02208096 0.02569559 0.02022276
v -0.02196906 0.02620051 0.01927556
v -0.02650783 0.02570323 0.01410823
v -0.02394507 0.02599211 0.01709167
v -0.01189571 0.02828131 0.02379886
v -0.01222888 0.02703150 0.02577457
v -0.03490829 0.01457293 0.01458993
v -0.03469091 0.01671080 0.01187006
v -0.03511867 0.01891867 0.00264849
v -0.03420923 0.02065428 0.00024831
v -0.03043706 0.02456267 0.00264768
v -0.02619377 0.02705903 0.00854483
v -0.02205269 0.02447239 0.02210726
v -0.02056331 0.02491072 0.02294868
v -0.01914623 0.02485086 0.02417775
v -0.01229157 0.02595838 0.02703297
v -0.00718480 0.02526095 0.02927820
v -0.00611488 0.02170303 0.03280112
v -0.00573377 0.02163631 0.03286057
v -0.00631300 0.02111433 0.03317503
v -0.00730133 0.02223081 0.03221128
v -0.01057046 0.02328809 0.03048666
v -0.00924141 0.02487669 0.02953769
v -0.01402800 0.02195284 0.03031347
v -0.01473211 0.02266771 0.02934870
v -0.01481222 0.02351241 0.02842696
v -0.01924382 0.02141826 0.02802826
v -0.01810066 0.02300674 0.02701348
v -0.01755624 0.02213764 0.02836070
v -0.01547245 0.02425328 0.02729708
v -0.02053346 0.02133886 0.02716817
v -0.02300064 0.02455793 0.02108898
v -0.02243188 0.02275276 0.02407099
v -0.02162457 0.01997960 0.02762288
v -0.02124427 0.02003071 0.02787410
v -0.02325930 0.01518201 0.02976970
v -0.02425974 0.01904508 0.02617240
v -0.02719191 0.02158876 0.01994127
v -0.02751505 0.02400658 0.01556242
v -0.02944446 0.02428024 0.01022286
v -0.02956221 0.02356795 0.01185618
v -0.02916835 0.02365437 0.01308885
v -0.02947362 0.02027085 0.01843589
v -0.02889835 0.01853271 0.02135575
v -0.03137090 0.02167486 0.01200122
v -0.03074568 0.02410817 0.00453072
v -0.03105353 0.02360293 0.00630492
v -0.03071588 0.02408076 0.00477652
v -0.03262946 0.02198617 0.00408645
v -0.03409771 0.01980375 0.00574664
v -0.03417400 0.02027280 0.00295007
v -0.03235560 0.01903422 0.01458051
v -0.03388715 0.01887654 0.01007972
v -0.03450899 0.01746115 0.01091674
v -0.03397507 0.01517792 0.01628003
v -0.02748979 0.01038931 0.02841385
v -0.03270004 0.01620572 0.01771973
v -0.03096966 0.01415948 0.02211433
v -0.03061608 0.01244397 0.02386007
v -0.03576124 0.01159725 0.01613684
v -0.03591897 0.01779995 0.00173398
v -0.03634629 0.01729222 -0.00031837
v -0.03608527 0.01779615 -0.00003933
v -0.03320659 0.02232140 -0.00229021
v -0.03495792 0.01975082 -0.00086272
v -0.03598759 0.01426743 0.01135197
v -0.03662006 0.01459544 0.00785893
v -0.03310746 0.01782992 0.01460317
v -0.02885746 0.00734879 0.02777252
v -0.03348504 0.00494293 0.02238494
v -0.03770660 0.00195027 0.01515682
v -0.03914364 0.00407801 0.00908988
v -0.03932257 0.00732551 0.00433778
v -0.03852989 0.00673818 0.01044418
v -0.03965504 0.00552880 0.00351765
v -0.03950512 0.00661229 0.00375527
v -0.03988865 0.00544930 0.00222478
v -0.03958918 0.00814529 -0.00194553
v -0.03666477 0.01357015 -0.00975995
v -0.03084779 0.00428380 0.02599007
v -0.02805329 -0.00255351 0.02865277
v -0.02545684 -0.00778230 0.02987922
v -0.02480307 -0.00813283 0.03038654
v -0.02530469 -0.00770211 0.03005124
v -0.02518061 -0.00698773 0.03038185
v -0.02204354 -0.01090021 0.03148440
v -0.01972355 -0.01218002 0.03249685
v -0.02155445 -0.01197256 0.03141234
v -0.02179444 -0.01181738 0.03128480
v -0.02108153 -0.01257537 0.03146016
v -0.00286172 -0.02357928 0.03103252
v -0.00218142 -0.02450188 0.03022476
v 0.01086283 -0.03103859 0.02144290
v 0.00483174 -0.03326086 0.02029825
v 0.01150178 -0.03259578 0.01859580
v 0.00089789 -0.03214256 0.02213190
v 0.00009112 -0.03019549 0.02497731
v -0.00686411 -0.03347654 0.02064058
v -0.00859144 -0.03354250 0.01913796
v -0.01527844 -0.03177031 0.01791843
v -0.01916389 -0.03135865 0.01410017
v -0.02093424 -0.03033843 0.01405753
v -0.02359974 -0.02898697 0.01344056
v -0.02555150 -0.02777638 0.01257830
v -0.02601028 -0.02719374 0.01303109
v -0.02449411 -0.02882048 0.01227294
v -0.01922494 -0.03039330 0.01592676
v -0.02424090 -0.02568591 0.01752364
v -0.02776284 -0.02453907 0.01466684
v -0.02629564 -0.02732578 0.01222271
v -0.02570857 -0.02762065 0.01266352
v -0.02117549 -0.03155790 0.01059345
v -0.02818062 -0.02474855 0.01315751
v -0.02845738 -0.02687629 0.00680775
v -0.03388391 -0.02047479 0.00410295
v -0.03329701 -0.02116267 0.00578675
v -0.03166648 -0.02354672 0.00514785
v -0.03127542 -0.02370844 0.00689180
v -0.02520283 -0.02922218 0.01034336
v -0.03276811 -0.02075189 0.00927828
v -0.03458911 -0.01853024 0.00665539
v -0.03492785 -0.01747070 0.00853328
v -0.03499777 -0.01715830 0.00887418
v -0.03390006 -0.01867381 0.00948456
v -0.03514954 -0.01680795 0.00894873
v -0.03447814 -0.01697336 0.01111968
v -0.02929852 -0.02518746 0.00948398
v -0.02983026 -0.02399300 0.01105351
v -0.03168261 -0.02230292 0.00902185
v -0.03305757 -0.01995033 0.01007483
v -0.03289897 -0.01985230 0.01061775
v -0.03448624 -0.01655009 0.01161670
v -0.03567643 -0.01507756 0.01005782
v -0.03565313 -0.01547686 0.00957504
v -0.03576384 -0.01451790 0.01054569
v -0.03199589 -0.02095735 0.01110872
v -0.03035561 -0.02233977 0.01289766
v -0.02919974 -0.02493636 0.01044871
v -0.02597225 -0.02682728 0.01369081
v -0.02361909 -0.02793208 0.01500419
v -0.02207023 -0.02866634 0.01593184
v -0.01949918 -0.02992558 0.01645127
v -0.02310613 -0.02656708 0.01762240
v -0.02852280 -0.02229545 0.01619454
v -0.03049501 -0.02063224 0.01507866
v -0.03007275 -0.02110772 0.01520762
v -0.03185034 -0.01841540 0.01513145
v -0.03008910 -0.01923449 0.01716497
v -0.02830692 -0.02081808 0.01777908
v -0.02796649 -0.02111552 0.01824289
v -0.02810124 -0.02148749 0.01773449
v -0.02721592 -0.02108821 0.01905828
v -0.02802693 -0.01689344 0.02164855
v -0.02726735 -0.01968245 0.02049575
v -0.02755979 -0.02366337 0.01601634
v -0.02386980 -0.02349225 0.02050922
v -0.02056281 -0.02714506 0.01968094
v -0.01916858 -0.02797760 0.01993477
v -0.01881706 -0.02446195 0.02465730
v -0.01991359 -0.02655786 0.02110956
v -0.01838492 -0.02733781 0.02171353
v -0.01470484 -0.02931835 0.02222640
v -0.01253952 -0.02995564 0.02260136
v -0.00907628 -0.03107794 0.02286396
v -0.01712875 -0.02742910 0.02280578
v -0.02116381 -0.02526870 0.02134801
v -0.00286623 -0.03084926 0.02408917
v 0.00264353 -0.03093454 0.02343734
v -0.00602350 -0.02888373 0.02608490
v -0.00365194 -0.02948903 0.02560741
v -0.01549768 -0.02760018 0.02378644
v -0.01487978 -0.02619483 0.02560405
v -0.02290756 -0.02324893 0.02182924
v -0.02110045 -0.02328153 0.02368992
v -0.02657623 -0.01919718 0.02157057
v -0.02735993 -0.01866165 0.02119265
v -0.02655952 -0.01895992 0.02180388
v -0.02634224 -0.01837487 0.02254004
v -0.02419122 -0.01906927 0.02424636
v -0.03051330 -0.01703630 0.01865568
v -0.03181310 -0.01534628 0.01833785
v -0.03155120 -0.01251538 0.02043996
v -0.02944804 -0.01269042 0.02291935
v -0.01375192 -0.02754623 0.02491430
v -0.01670230 -0.02541532 0.02527695
v -0.01332073 -0.02686352 0.02586455
v -0.03455373 0.01723179 0.01134866
v -0.03446426 0.01769052 0.01048481
v -0.03451338 0.01744041 0.01096994
v -0.03546119 0.00466135 0.01953391
v -0.02919796 0.00877501 0.02710819
v -0.03576838 0.01652560 0.00740090
v -0.03377909 0.00432290 0.02201649
v -0.02853023 0.00245104 0.02870736
v -0.02980458 -0.00055035 0.02704197
v -0.03029104 -0.00361469 0.02599240
v -0.03089374 -0.00192245 0.02557394
v -0.02550006 -0.00559898 0.03031332
v -0.02635501 -0.01479323 0.02521248
v -0.02977781 -0.01179406 0.02296125
v -0.02892948 -0.01152460 0.02411431
v -0.02966150 -0.01115916 0.02356942
v -0.03039720 -0.01130826 0.02270144
v -0.03107085 -0.01144567 0.02181230
v -0.03262104 -0.01274136 0.01902559
v -0.03419821 -0.00925907 0.01867111
v -0.03502047 -0.00979582 0.01724699
v -0.03495222 -0.01111349 0.01636230
v -0.03584900 -0.00841960 0.01632569
v -0.03455904 -0.01317846 0.01535313
v -0.03538072 -0.00891100 0.01705265
v -0.03397897 -0.01292518 0.01682964
v -0.03408210 -0.01365523 0.01599202
v -0.03268938 -0.01437006 0.01768380
v -0.03062614 -0.01362582 0.02097795
v -0.02812959 0.01630293 0.02418004
v -0.03925189 0.01004882 -0.00328319
v -0.03627112 0.01498096 -0.01014840
v -0.03729132 0.01433775 -0.00639756
v -0.03303603 0.01930712 -0.01127961
v -0.03314927 0.01544070 -0.01487927
v -0.03528976 0.01733684 -0.00894334
v -0.03580448 0.01768839 -0.00642614
v -0.03603289 0.01793222 -0.00411014
v -0.03623910 0.01726686 -0.00524237
v -0.03606852 0.01795638 -0.00333458
v -0.03864636 0.01214368 -0.00170523
v -0.03895465 0.01122819 -0.00055689
v -0.03863831 0.01193533 0.00032548
v -0.03888241 0.01042248 0.00310088
v -0.03832953 0.01244175 0.00187612
v -0.03803242 0.01362793 0.00086480
v -0.03714913 0.01601287 -0.00365642
v -0.03733712 -0.00001594 0.01613802
v -0.03883438 -0.00084842 0.01151879
v -0.03876875 0.00124748 0.01146020
v -0.03810538 -0.00094308 0.01352789
v -0.03790034 -0.00358918 0.01370385
v -0.03961162 -0.00114704 0.00711914
v -0.04014232 0.00253851 0.00197791
v -0.04000137 0.00220988 0.00418032
v -0.03945463 0.00535728 0.00551824
v -0.03897597 -0.00049402 0.01074074
v -0.03967277 -0.00083813 0.00642671
v -0.03140221 0.00792114 0.02450472
v -0.02829393 0.00498090 0.02875469
v -0.02476070 0.00477105 0.03216022
v -0.02437069 0.00400437 0.03236186
v -0.02440858 0.00444075 0.03239609
v -0.02439864 0.00488349 0.03238937
v -0.02230778 0.00379452 0.03381620
v -0.02239738 0.00432695 0.03371819
v -0.02315164 0.00374542 0.03328584
v -0.02209374 0.00299126 0.03400131
v -0.02231447 0.00242793 0.03386609
v -0.02210817 0.00193706 0.03396263
v -0.02174191 0.00166245 0.03408480
v -0.01505782 -0.00915991 0.03549825
v -0.01869132 -0.00450353 0.03526874
v -0.01350065 -0.00947223 0.03613704
v 0.00421998 -0.02572606 0.02802244
v 0.01959522 -0.02864639 0.01698450
v 0.02251078 -0.02722753 0.01573410
v 0.02534020 -0.02485271 0.01517645
v 0.02635500 -0.02260631 0.01616706
v 0.02450912 -0.02381881 0.01749258
v 0.02861293 -0.02006249 0.01572020
v 0.02499241 -0.02115057 0.01897805
v 0.02080130 -0.02460576 0.02009707
v 0.01670636 -0.02625316 0.02204518
v 0.01559354 -0.02359715 0.02526702
v 0.01074299 -0.02470669 0.02711960
v 0.01114371 -0.02383104 0.02773638
v 0.01493083 -0.02042136 0.02821396
v 0.03247301 -0.01430387 0.01468297
v 0.02800989 -0.01691633 0.01896641
v 0.02068481 -0.02029236 0.02341954
v 0.01841708 -0.01989272 0.02582625
v 0.01260288 -0.02070586 0.02946402
v 0.01953321 -0.01483235 0.02817161
v 0.02325511 -0.01652588 0.02359165
v 0.02713257 -0.01551554 0.02054183
v 0.02899753 -0.01746324 0.01735973
v 0.03126714 -0.01546916 0.01599385
v 0.00210074 -0.02433403 0.02978287
v 0.00441014 -0.01919200 0.03247687
v -0.00416618 -0.01627518 0.03516158
v -0.00175586 -0.01704316 0.03479896
v -0.00685966 -0.01395055 0.03602895
v 0.00172087 -0.01790526 0.03379319
v -0.00242051 -0.01991787 0.03359266
v 0.01111271 -0.01703684 0.03189330
v 0.00337936 -0.01576447 0.03443511
v 0.00001997 -0.01364202 0.03598824
v -0.00022357 -0.01249549 0.03648030
v -0.00351473 -0.01351663 0.03628198
v -0.00588925 -0.01268954 0.03652480
v -0.00774220 -0.01250453 0.03648001
v 0.00584254 -0.01338252 0.03501043
v -0.00087385 -0.01207072 0.03670408
v -0.00894132 -0.01258260 0.03628158
v -0.01005880 -0.01141653 0.03642877
v -0.00898187 -0.01057315 0.03688308
v -0.01048741 -0.01065969 0.03639352
v -0.00523801 -0.01016751 0.03734394
v -0.01213293 -0.00900002 0.03664226
v -0.01224618 -0.00862874 0.03667879
v -0.01088953 -0.00889203 0.03688094
v -0.01396347 -0.00787232 0.03636235
v -0.01369624 -0.00779657 0.03647175
v -0.01095659 -0.00690818 0.03747230
v -0.00754964 -0.00951531 0.03744179
v -0.00308593 -0.01124406 0.03712300
v 0.00482283 -0.00792373 0.03704483
v 0.01060194 -0.01431352 0.03347553
v 0.01519023 -0.01231322 0.03253342
v 0.01436351 -0.01517731 0.03162103
v 0.01802060 -0.01037432 0.03156827
v 0.02621563 -0.01361859 0.02247738
v 0.02597489 -0.00861193 0.02482590
v 0.02979294 -0.00828412 0.02150221
v 0.03000285 -0.01323614 0.01899281
v 0.03409833 -0.01070134 0.01448223
v 0.03391330 -0.00887435 0.01626720
v 0.03637754 -0.00521979 0.01322989
v 0.03416924 -0.00551109 0.01691512
v 0.03476465 -0.00614556 0.01606311
v 0.03284211 -0.00607507 0.01888079
v 0.03169560 -0.00995329 0.01852531
v 0.01945049 -0.00953756 0.03078056
v 0.02167439 -0.01030122 0.02840454
v 0.01826632 -0.00765570 0.03224565
v 0.02884988 -0.00737331 0.02251329
v 0.03374673 -0.00645408 0.01716911
v 0.03517578 -0.00689208 0.01550865
v 0.03620782 -0.00382333 0.01455946
v 0.03574395 -0.00599674 0.01472628
v 0.02551850 -0.00592482 0.02602757
v 0.02424960 -0.00360530 0.02764274
v 0.01115113 -0.01157947 0.03437641
v 0.01180321 -0.01080133 0.03460871
v 0.01556094 -0.00661729 0.03443179
v 0.01532910 -0.00377988 0.03516642
v -0.00567425 -0.00889744 0.03767104
v -0.00485784 -0.00849858 0.03784887
v -0.01444211 -0.00613285 0.03655890
v -0.01237241 -0.00623811 0.03723921
v -0.00982381 -0.00826132 0.03743641
v -0.00919023 -0.00649409 0.03786543
v -0.00818004 -0.00617826 0.03810099
v -0.00834419 -0.00391849 0.03847628
v -0.00729163 -0.00739136 0.03794216
v -0.01048183 -0.00600453 0.03770132
v -0.00993809 -0.00640983 0.03775316
v -0.01231843 -0.00543656 0.03733998
v -0.01068220 -0.00422369 0.03798765
v -0.00401187 -0.00787985 0.03787726
v -0.00045745 -0.00906065 0.03746964
v 0.00104898 -0.00682143 0.03779196
v -0.00107091 -0.00727803 0.03791545
v -0.00305955 -0.00595362 0.03825948
v -0.00479932 -0.00449911 0.03863181
v -0.00361639 -0.00471048 0.03848283
v -0.00132107 -0.00579437 0.03815216
v 0.00418876 -0.00556762 0.03766735
v 0.00777206 -0.00241171 0.03755546
v 0.00373621 -0.00360221 0.03799798
v 0.00198036 -0.00562407 0.03790344
v 0.00044586 -0.00630722 0.03798533
v 0.00210768 -0.00366400 0.03818213
v -0.00075950 -0.00471277 0.03829169
v -0.00086587 -0.00536922 0.03820810
v -0.00331119 -0.00397575 0.03864850
v -0.00481868 -0.00275220 0.03877748
v -0.00647123 -0.00247922 0.03868863
v -0.01204563 -0.00160496 0.03789558
v -0.01370018 -0.00537777 0.03698098
v -0.01791130 -0.00433002 0.03567729
v -0.01738649 -0.00214123 0.03621056
v -0.01441870 -0.00433804 0.03704573
v -0.01323400 -0.00367433 0.03734591
v -0.01446630 -0.00236823 0.03713311
v -0.01329353 -0.00236394 0.03755225
v -0.01580395 -0.00454197 0.03643689
v -0.01534078 -0.00180726 0.03695886
v -0.01709816 -0.00052737 0.03628033
v -0.01796679 -0.00301058 0.03585787
v -0.02008268 -0.00127031 0.03486897
v -0.02021274 -0.00109375 0.03483584
v -0.01968743 -0.00122571 0.03506903
v -0.02046580 -0.00159711 0.03466166
v -0.01706324 0.00070127 0.03644380
v -0.01781028 -0.00046896 0.03608826
v -0.01714392 0.00136166 0.03636321
v -0.01597194 0.00035201 0.03685024
v -0.01392064 0.00055580 0.03750574
v -0.01365443 0.00067870 0.03754872
v -0.01134399 -0.00044770 0.03809091
v -0.00655991 -0.00172963 0.03873979
v -0.00539756 -0.00510404 0.03853620
v -0.00801195 -0.00012443 0.03873791
v -0.00281565 -0.00090214 0.03885229
v 0.00055719 -0.00022017 0.03863996
v 0.00197232 -0.00105250 0.03843037
v 0.00501462 -0.00103901 0.03815054
v 0.00943908 -0.00401215 0.03696635
v 0.01049903 -0.00645447 0.03623827
v 0.01646129 -0.00210388 0.03472689
v 0.02024227 -0.00332128 0.03189888
v 0.02244912 -0.00199793 0.02987875
v 0.02240330 -0.00275736 0.02973369
v 0.02878332 0.00158553 0.02436975
v 0.03026682 -0.00101692 0.02283991
v 0.03210243 -0.00031768 0.02103900
v 0.03569116 0.00085642 0.01656431
v 0.03623403 -0.00154317 0.01528223
v 0.03236539 -0.00335485 0.02007533
v 0.03063604 -0.00061703 0.02250928
v -0.03269835 0.00202408 0.02372094
v -0.03236848 0.00484559 0.02409650
v -0.03381541 -0.00018980 0.02237766
v -0.03264141 -0.00476573 0.02268699
v -0.03527857 -0.00349455 0.01947836
v -0.03574819 -0.00505442 0.01802487
v -0.03466210 -0.00601957 0.01929091
v -0.03299813 -0.00868088 0.02073036
v -0.03329669 -0.00984091 0.01980292
v -0.03002827 -0.01123559 0.02323277
v -0.03129488 -0.00780131 0.02324551
v -0.02971158 -0.00930661 0.02416725
v -0.02939059 -0.01017281 0.02425793
v -0.02888491 -0.00862658 0.02555417
v -0.02819757 -0.00977812 0.02578230
v -0.03190282 -0.00842623 0.02230430
v -0.03226459 -0.00435531 0.02322773
v -0.03176702 -0.00064017 0.02485691
v -0.03072150 -0.00452628 0.02511753
v -0.03224734 -0.00200207 0.02404912
v -0.02407257 0.01553362 0.02890150
v -0.02210065 0.01403365 0.03127859
v -0.02306204 0.01301391 0.03111021
v -0.02517250 0.01372224 0.02906071
v -0.03814601 0.01249007 0.00350655
v -0.03535781 0.00222214 0.01985585
v -0.03078317 0.02288784 0.01034587
v -0.02743860 0.00178396 0.03004375
v -0.03059403 0.00171638 0.02646163
v -0.03280993 0.00152864 0.02338394
v -0.03527377 0.00064744 0.02020327
v -0.03392028 -0.00201628 0.02188267
v -0.02365440 0.00723546 0.03224595
v -0.02567114 0.00282519 0.03145929
v -0.02395405 -0.00114394 0.03266653
v -0.02487668 0.00198629 0.03203985
v -0.02254033 0.00033435 0.03366646
v -0.02030000 -0.00374418 0.03458345
v -0.02489820 -0.00249651 0.03169575
v -0.02190817 -0.00549704 0.03336812
v -0.01794481 -0.00825806 0.03482422
v -0.00581456 -0.01870353 0.03386657
v -0.00735447 -0.01951469 0.03323705
v -0.00259680 -0.02271430 0.03154788
v -0.00111502 -0.02267650 0.03152794
v -0.00781392 -0.01863860 0.03366689
v -0.00852027 -0.01814667 0.03383468
v -0.00474621 -0.01559105 0.03554808
v -0.01195627 -0.01513262 0.03431202
v -0.01029165 -0.01691112 0.03386482
v -0.01229123 -0.01313196 0.03515072
v -0.01382568 -0.01459186 0.03406953
v -0.01468194 -0.01473890 0.03361982
v -0.00897919 -0.01422845 0.03560268
v -0.01539640 -0.01177211 0.03468715
v -0.01669485 -0.01458337 0.03280653
v -0.02350972 -0.01016981 0.03053200
v -0.01828210 -0.01079342 0.03387872
v -0.01583241 -0.01055002 0.03485869
v -0.01593448 -0.01021971 0.03503443
v -0.01728637 -0.01032167 0.03455523
v -0.01889511 -0.00958874 0.03400511
v -0.01969839 -0.00861981 0.03390228
v -0.02113418 -0.00987717 0.03255215
v -0.02172015 -0.00639226 0.03327516
v -0.02131686 -0.00670093 0.03349525
v -0.02575355 -0.00496615 0.03050115
v -0.02608806 -0.00288972 0.03054393
v -0.02720182 -0.00174208 0.02972964
v -0.02871114 0.00571127 0.02819429
v -0.02797143 0.00586793 0.02877729
v -0.01446398 0.00410750 0.03711227
v -0.01018189 0.00078967 0.03841654
v -0.00993889 0.00168428 0.03849976
v -0.01014461 0.00300960 0.03838264
v -0.00708492 0.00112825 0.03891810
v -0.00168897 -0.00099643 0.03888838
v -0.00048834 -0.00036641 0.03875820
v 0.00341221 -0.00044279 0.03833040
v 0.02430428 0.00042816 0.02820411
v 0.03246730 0.00181841 0.02104395
v 0.03748008 0.00082932 0.01360118
v 0.03742063 0.00131652 0.01440688
v 0.03707814 0.00162089 0.01507904
v 0.03403922 0.00277626 0.01919050
v 0.03319195 0.00496081 0.02013473
v 0.03829228 0.00311986 0.01047193
v 0.03744822 0.00524029 0.01352480
v 0.03817153 0.00350899 0.01150196
v 0.03852419 0.00738719 0.00900634
v 0.03796812 0.00701004 0.01175422
v 0.03756462 0.00447579 0.01297889
v 0.03712229 0.00331518 0.01468550
v 0.03496538 0.00469136 0.01791699
v 0.03204373 0.00617260 0.02148090
v 0.02843808 0.00284768 0.02466033
v 0.02771719 0.00214741 0.02517251
v 0.03072440 0.00714209 0.02264355
v 0.02434018 0.00242881 0.02814120
v 0.02054185 0.00030724 0.03172707
v 0.01343930 -0.00068497 0.03637559
v 0.01692956 0.00194409 0.03480529
v 0.00938855 0.00073476 0.03760715
v 0.00843314 0.00676255 0.03761546
v 0.00590387 0.00407457 0.03807423
v 0.00678910 0.00261553 0.03796953
v 0.00328761 0.00163804 0.03839042
v 0.00097149 0.00053830 0.03860154
v 0.00011150 0.00163170 0.03880570
v -0.00375339 0.00101629 0.03897688
v -0.00274761 0.00126080 0.03888200
v 0.00450897 0.00412798 0.03828439
v 0.00029849 0.00183621 0.03875975
v 0.00343534 0.00315191 0.03831338
v 0.00324755 0.00404142 0.03823324
v 0.00008714 0.00433574 0.03855803
v -0.00278405 0.00300958 0.03891309
v -0.00269749 0.00266949 0.03897162
v -0.00345673 0.00353804 0.03904689
v -0.00797699 0.00382166 0.03860335
v -0.00467876 0.00131158 0.03909415
v -0.00509732 0.00239371 0.03898633
v -0.01153888 0.00256348 0.03818966
v -0.01238935 0.00202057 0.03797870
v -0.01010132 0.00634018 0.03790421
v -0.00677597 0.00715481 0.03849895
v -0.00165883 0.00487665 0.03876753
v 0.00279204 0.00481588 0.03827257
v 0.00046967 0.00366856 0.03857755
v 0.00575521 0.00641824 0.03783631
v 0.01317086 0.00603711 0.03637534
v 0.02624191 0.00584250 0.02641189
v 0.03413052 0.00690608 0.01884812
v 0.03392583 0.00728335 0.01899837
v 0.03534316 0.00960723 0.01649113
v 0.03270608 0.01041076 0.01980305
v 0.02887118 0.00986740 0.02365772
v 0.02375435 0.00596024 0.02856612
v 0.03665827 0.00910753 0.01429391
v 0.03587976 0.01525348 0.01353368
v 0.03118777 0.01067907 0.02143542
v 0.03728371 0.01116782 0.01223516
v 0.03847536 0.00805355 0.00911701
v 0.03861711 0.00865597 0.00761010
v 0.03853187 0.01120502 0.00712099
v 0.03815473 0.01020762 0.01018574
v 0.03740067 0.01670072 0.00543906
v 0.03707497 0.01890447 0.00103962
v 0.03693206 0.01873707 0.00466097
v 0.03589335 0.02031327 0.00688368
v 0.03636666 0.01918131 0.00712921
v 0.03630407 0.01927226 0.00788357
v 0.03814534 0.01145716 0.00871239
v 0.03759922 0.01305234 0.00978079
v 0.03743178 0.01513564 0.00942447
v 0.03691934 0.01272298 0.01255290
v 0.03671199 0.01400544 0.01189418
v 0.02370392 0.01023140 0.02788071
v 0.02120912 0.00884164 0.03040611
v 0.02764771 0.01267972 0.02401292
v 0.00591955 0.00798198 0.03762668
v 0.00530922 0.00752196 0.03778998
v 0.00582732 0.00726701 0.03777374
v 0.00383501 0.00798093 0.03783930
v 0.00455782 0.00494045 0.03822471
v 0.00055754 0.00484988 0.03837626
v 0.00067066 0.00678856 0.03839842
v -0.00189422 0.00590426 0.03855331
v -0.00367881 0.00562850 0.03873867
v -0.00678848 0.00881122 0.03812328
v -0.00031159 0.00701635 0.03846447
v -0.00363178 0.00741786 0.03848632
v 0.00245533 0.00806866 0.03809983
v 0.00362765 0.01096508 0.03740229
v 0.00570072 0.00969120 0.03740941
v 0.00442591 0.01075553 0.03735860
v 0.00256304 0.01107149 0.03745272
v 0.00704852 0.01226217 0.03659903
v 0.00741837 0.01019230 0.03708642
v 0.00935101 0.01050000 0.03669802
v 0.00844959 0.01197359 0.03642675
v 0.00396385 0.01237088 0.03690759
v 0.00225146 0.01189130 0.03721879
v 0.00005403 0.01237753 0.03718307
v -0.00195177 0.01019431 0.03794764
v -0.00368407 0.00992161 0.03804822
v -0.00673108 0.00955613 0.03787201
v -0.00920540 0.01033248 0.03753732
v -0.00931169 0.00863243 0.03788226
v -0.01117171 0.00508447 0.03801599
v -0.01328009 0.00433560 0.03746594
v -0.01489916 0.00236340 0.03713755
v -0.01457599 0.00548001 0.03695638
v -0.01585335 0.00541445 0.03653724
v -0.01623597 0.00486510 0.03653249
v -0.01607336 0.00484470 0.03659051
v -0.01685597 0.00460819 0.03632794
v -0.01695983 0.00657399 0.03602276
v -0.01395897 0.00775552 0.03697930
v -0.01819441 0.00659768 0.03555156
v -0.00700373 0.01021248 0.03780318
v -0.00524492 0.00927739 0.03813702
v -0.00284191 0.01211334 0.03738241
v -0.00543745 0.01377733 0.03679595
v -0.00614966 0.01250927 0.03727602
v -0.01244030 0.01142117 0.03646895
v -0.00947638 0.01273876 0.03693030
v -0.00801180 0.01254267 0.03710585
v -0.00928972 0.01574227 0.03572900
v -0.00378525 0.01743746 0.03531341
v -0.00030580 0.01497431 0.03645765
v 0.00487485 0.01443034 0.03618771
v 0.00953583 0.01247478 0.03603579
v 0.00605988 0.01487067 0.03597312
v 0.00797558 0.01443874 0.03579978
v 0.01325011 0.01522951 0.03415999
v 0.01479269 0.00996170 0.03516503
v 0.01458825 0.01306010 0.03407839
v 0.01660491 0.01270035 0.03305995
v 0.02218206 0.01240831 0.02880953
v 0.02719731 0.01735666 0.02255927
v 0.03263209 0.01718569 0.01712793
v 0.03660350 0.01598597 0.01090697
v 0.03673828 0.01682710 0.00929581
v 0.03435386 0.01773135 0.01444528
v 0.03137932 0.01479989 0.01981234
v 0.02505261 0.01413015 0.02566954
v 0.02893717 0.01882268 0.02021751
v 0.02251257 0.01653764 0.02697753
v 0.01917270 0.01330062 0.03112232
v 0.00621984 0.01544884 0.03574287
v 0.00690073 0.01643876 0.03528979
v 0.01835478 0.01829593 0.02956614
v 0.01922450 0.01654086 0.02976594
v 0.02285672 0.01455259 0.02742964
v 0.02485130 0.01733151 0.02452124
v 0.02303324 0.01961980 0.02466569
v 0.02883193 0.02209141 0.01814194
v 0.03447750 0.01799512 0.01402321
v 0.03599909 0.01815809 0.01076028
v 0.03465105 0.01891932 0.01286965
v 0.03521056 0.02006413 0.01061698
v 0.03671421 0.01807203 0.00719076
v -0.02615143 0.00748655 0.03060286
v -0.02942815 0.00674366 0.02729636
v -0.02696227 0.00824779 0.02944794
v -0.02442805 0.01564039 0.02860217
v -0.02456359 0.01585097 0.02831189
v -0.02461749 0.01618716 0.02801949
v -0.02478700 0.01688157 0.02746303
v -0.03565123 -0.00041041 0.01919144
v -0.03746923 -0.00197880 0.01531953
v -0.03829884 -0.00436646 0.01193808
v -0.03736278 -0.00630539 0.01381485
v -0.03697451 -0.00750455 0.01403943
v -0.03652290 -0.00769372 0.01514398
v -0.03711853 -0.00800365 0.01351603
v -0.03683731 -0.00525611 0.01575676
v -0.03614029 -0.00379518 0.01764689
v -0.03550081 -0.00706102 0.01762176
v -0.03565344 -0.00622937 0.01774947
v -0.03551368 -0.00635023 0.01805031
v -0.03781055 0.00059925 0.01445631
v -0.01796011 0.01064525 0.03465630
v -0.02035279 0.01065754 0.03362714
v -0.02173263 0.01124911 0.03269179
v -0.02264979 0.01039111 0.03239835
v -0.01559633 0.01364515 0.03471104
v -0.01433484 0.01474570 0.03471996
v -0.01291008 0.01450060 0.03538674
v -0.00534656 0.01978671 0.03419462
v -0.00833918 0.02171271 0.03237494
v -0.00827682 0.02099747 0.03293818
v -0.00815768 0.02036415 0.03346943
v -0.00851170 0.01886246 0.03435963
v -0.00997878 0.01806444 0.03438387
v -0.01120860 0.01904365 0.03358450
v -0.01304930 0.01712624 0.03402887
v -0.01036602 0.02010887 0.03310245
v -0.01523427 0.01841495 0.03243441
v -0.01660262 0.01647828 0.03312192
v -0.01853191 0.01585322 0.03240540
v -0.01727496 0.01260500 0.03445455
v -0.02154495 0.01286224 0.03219435
v -0.02168912 0.01398743 0.03157682
v -0.02590946 0.00807209 0.03062647
v -0.03656405 0.00160845 0.01781534
v -0.03286572 0.00117917 0.02337378
v -0.03291476 0.00084559 0.02331531
v -0.03516117 -0.00144832 0.01995475
v -0.03585104 -0.00235193 0.01859428
v -0.03625201 -0.00228795 0.01781270
v -0.03556304 -0.00248408 0.01908432
v -0.03555542 -0.00302846 0.01908966
v -0.03557980 -0.00332744 0.01891974
v -0.03546136 -0.00466668 0.01866717
v -0.03447256 -0.00387190 0.02098371
v 0.00696968 0.00414712 -0.03767282
v 0.02243316 -0.00158508 -0.03236921
v 0.02605098 -0.00069589 -0.02964831
v 0.02350646 -0.00281266 -0.03146018
v 0.02318187 -0.01261675 -0.02855450
v 0.02389838 -0.00870861 -0.02974263
v 0.02259510 -0.00772617 -0.03102577
v 0.02136970 -0.00564887 -0.03244900
v 0.01976923 -0.01302710 -0.03105377
v 0.01828705 0.03511357 0.00283548
v 0.01883330 0.03499286 -0.00251531
v 0.01930246 0.03498263 0.00256697
v 0.01954310 0.03493511 0.00272582
v 0.01536287 0.03503806 -0.00196887
v 0.01740685 0.03512320 0.00336121
v 0.01792068 0.03497603 0.00464578
v 0.01828037 0.03518163 -0.00052624
v 0.01422894 0.03483413 0.00210631
v 0.01246714 0.03440463 -0.00033880
v 0.01622159 0.03424492 -0.00672947
v 0.01241921 0.03332659 -0.00969616
v 0.01150667 0.03311963 -0.01414824
v 0.01002385 0.03296395 -0.01610875
v 0.00590099 0.03258746 -0.01846282
v 0.00543161 0.03280120 -0.01689909
v 0.01086380 0.03312216 -0.00678792
v -0.00216748 0.03137280 -0.01848046
v -0.00008032 0.03157629 -0.02005381
v -0.00320936 0.03073078 -0.02063511
v -0.00360497 0.03069849 -0.02025410
v -0.00712942 0.02967523 -0.02128110
v 0.00034248 0.03182398 -0.01604547
v -0.01141182 0.02936637 -0.01327467
v -0.00936476 0.02942942 -0.01824129
v -0.01442963 0.02822747 -0.01923768
v -0.01368203 0.02853452 -0.01836414
v -0.01410016 0.02913526 -0.01208227
v -0.01606733 0.02878139 -0.01309335
v -0.01822108 0.02890633 -0.00876706
v -0.01676430 0.02905425 -0.00669096
v -0.01868342 0.02886677 -0.00866050
v -0.01862714 0.02842482 -0.01204388
v -0.01702876 0.02897014 -0.01004207
v -0.01900136 0.02891631 -0.00744997
v -0.01795994 0.02906580 -0.00635247
v -0.01936054 0.02902377 -0.00507973
v -0.01284397 0.02921885 -0.00914858
v -0.01903673 0.02915673 -0.00412851
v -0.01139269 0.03025750 0.01258570
v 0.00269023 0.03177537 0.01556681
v 0.00413722 0.03177130 0.01268584
v 0.00331907 0.03183132 0.01682368
v -0.00043152 0.03141157 0.01834392
v -0.00566426 0.03100713 0.01797034
v -0.01329044 0.03017173 0.01649202
v -0.01878406 0.02983482 0.00806727
v -0.01875579 0.02974707 0.00247381
v -0.01970279 0.02943866 -0.00068754
v -0.02098026 0.02945706 0.00570619
v -0.01479074 0.03006802 0.01344952
v -0.01795540 0.02945117 0.01420842
v -0.02007462 0.02932804 0.01164718
v -0.01960240 0.02977455 0.00775087
v -0.02054588 0.02929491 0.01070308
v -0.01115846 -0.03416681 -0.00584675
v -0.00783416 -0.03257380 -0.00545859
v -0.00569429 -0.02836969 0.00129563
v -0.00941028 -0.03306544 -0.00458188
v -0.01052379 -0.03353432 0.00070695
v -0.01256576 -0.03446132 0.00160340
v -0.00336908 -0.02724612 0.00262425
v 0.00067843 -0.03466748 0.01807763
v 0.00892920 -0.03494347 0.01669195
v 0.01135702 -0.03571650 0.01181422
v 0.01452440 -0.03569194 0.00891229
v 0.01360333 -0.03622967 0.00568794
v 0.01856826 -0.03526798 -0.00491567
v 0.01805652 -0.03516781 -0.00641014
v 0.01694966 -0.03579074 0.00443682
v 0.01639388 -0.03600464 -0.00109600
v 0.02155699 0.00514056 0.03068486
v 0.02113034 0.00260504 0.03122586
v 0.01804958 0.00320771 0.03409122
v 0.01901834 0.00796383 0.03265928
v 0.01024612 0.00440167 0.03733861
v 0.01300448 0.00729862 0.03624633
v 0.01587794 0.00722182 0.03475923
v 0.01528263 0.00583754 0.03544150
v 0.00244903 0.00738733 -0.03790769
v 0.01381898 0.00479627 -0.03648684
v 0.01569588 0.00824852 -0.03563497
v 0.01119796 0.00837373 -0.03680023
v 0.00687460 0.00873805 -0.03739372
v -0.00626397 0.00676914 -0.03829125
v 0.03133661 0.02335762 0.01438025
v 0.03538595 0.02039714 0.00920705
v 0.03272844 0.02269405 0.01227732
v 0.03403800 0.02285727 0.00903853
v 0.03301479 0.02295469 0.01159704
v 0.03117793 0.02405966 0.01371637
v 0.03279097 0.02389254 0.01088747
v 0.03395803 0.02412671 0.00645715
v 0.03314377 0.02449030 0.00885095
v 0.03143403 0.02641048 0.00967256
v 0.02759333 0.02812616 0.01317874
v 0.02379915 0.02865124 0.01576736
v 0.02435699 0.03030470 0.01259770
v 0.02467865 0.03026319 0.01230138
v 0.02483873 0.03063486 0.01151456
v 0.02513308 0.02991976 0.01253475
v -0.01651275 -0.02800425 -0.02217440
v -0.00217607 -0.02099304 -0.03179952
v 0.00521477 -0.02186735 -0.03097241
v 0.01914335 -0.01452552 -0.03072873
v 0.01989025 -0.01521066 -0.02997074
v 0.01987806 -0.01459725 -0.03027068
v 0.01999650 -0.01435592 -0.03030129
v 0.01595557 -0.02067264 -0.02887443
v 0.01533059 -0.01529590 -0.03225051
v 0.00911156 -0.02287435 -0.02965465
v 0.00071170 -0.02584274 -0.02853819
v -0.00256071 -0.02793624 -0.02707689
v -0.00458302 -0.02504240 -0.02937849
v -0.00676228 -0.02920368 -0.02575480
v -0.00452017 -0.02778384 -0.02723186
v -0.00402150 -0.02762438 -0.02734229
v -0.01020751 -0.03278346 -0.02005387
v -0.00558303 -0.03301854 -0.02176897
v -0.00467181 -0.03279100 -0.02221192
v -0.00273337 -0.03267334 -0.02229434
v -0.02204085 -0.02108834 -0.02457399
v -0.01071180 -0.02316060 -0.02990003
v 0.00147497 -0.02195396 -0.03114196
v 0.00775760 -0.01963676 -0.03184111
v 0.00908155 -0.01765538 -0.03263317
v 0.00940196 -0.01942695 -0.03172977
v 0.01426908 -0.00980084 -0.03464645
v 0.01247956 -0.01664702 -0.03237315
v 0.01971556 -0.01076564 -0.03203944
v 0.01790686 -0.00379775 -0.03456342
v 0.01950939 -0.00252832 -0.03399786
v 0.02245019 0.00197516 -0.03259455
v -0.01964058 -0.02459139 -0.02326861
v 0.00031078 -0.02010513 -0.03216899
v 0.00523082 -0.01878688 -0.03258107
v 0.00558485 -0.01453147 -0.03459126
v 0.00999876 -0.01510720 -0.03363877
v 0.01690214 -0.00857494 -0.03400752
v 0.01888603 -0.00606453 -0.03380997
v 0.01520286 -0.00572467 -0.03520468
v 0.01703383 -0.00290730 -0.03512485
v 0.02187125 -0.00103210 -0.03284731
v 0.01748879 0.00381448 -0.03527419
v 0.01465556 0.00099294 -0.03613623
v 0.01813661 0.00096820 -0.03502900
v 0.01167109 -0.00053089 -0.03674017
v 0.00893582 0.00113905 -0.03733949
v 0.01057014 0.00157931 -0.03705288
v 0.01603874 -0.00377231 -0.03528425
v 0.01288664 -0.00388560 -0.03623228
v 0.01128292 -0.00523075 -0.03617340
v 0.01131096 -0.01017262 -0.03514112
v 0.00977588 -0.00359577 -0.03679031
v 0.00522489 0.00128377 -0.03786560
v 0.00764339 -0.00512654 -0.03698417
v -0.00304669 0.00327277 -0.03837506
v -0.00090873 0.00253558 -0.03830728
v 0.00008280 -0.00196910 -0.03803984
v 0.00245228 -0.00144186 -0.03795473
v 0.00686929 -0.01074767 -0.03572599
v 0.00369567 -0.00926770 -0.03654936
v 0.00510248 -0.00517417 -0.03732590
v 0.00177575 -0.00576432 -0.03750785
v -0.00173800 -0.00617448 -0.03752863
v -0.00295435 -0.00496414 -0.03778583
v -0.00095657 -0.00895876 -0.03694712
v 0.00347869 -0.01151130 -0.03585395
v -0.00590112 0.00067027 -0.03827411
v -0.00344724 0.00073193 -0.03831799
v -0.00989369 0.00143859 -0.03800728
v -0.00730785 -0.00426869 -0.03781684
v -0.00868848 -0.00266777 -0.03781624
v -0.01366647 -0.00208684 -0.03703260
v -0.00800340 -0.01231491 -0.03588467
v -0.00509401 -0.01392288 -0.03530318
v 0.00054705 -0.01424149 -0.03502154
v 0.00872583 -0.01367987 -0.03439424
v 0.00263055 -0.01549629 -0.03448065
v -0.00152599 -0.01526888 -0.03472683
v -0.01050468 -0.00503172 -0.03732635
v -0.01566237 -0.00727847 -0.03557874
v -0.01607603 0.00781616 -0.03615405
v -0.01358169 0.00250988 -0.03742344
v -0.00542515 0.00860618 -0.03797256
v 0.01311139 0.01836445 -0.03405469
v 0.01460203 0.01016223 -0.03580955
v 0.01745963 0.00643254 -0.03516318
v 0.01849737 0.00744092 -0.03462008
v 0.02028324 0.00268811 -0.03389486
v 0.01998903 0.00497281 -0.03409704
v 0.02868256 -0.00070420 -0.02674391
v 0.02868276 -0.00098395 -0.02672892
v 0.02683181 -0.00170760 -0.02857004
v 0.02936011 0.00076344 -0.02601096
v 0.02827583 0.00241525 -0.02745262
v 0.02639149 0.00352977 -0.02944239
v 0.02583722 0.00815945 -0.02952765
v 0.02965468 0.00709884 -0.02550214
v 0.03107611 0.01183134 -0.02226499
v 0.02802521 0.00955713 -0.02704599
v 0.02505520 0.01645886 -0.02779473
v 0.02919038 0.01296370 -0.02446536
v 0.03241315 0.01503588 -0.01884335
v 0.03301447 0.00909523 -0.02007064
v 0.03411697 0.01455185 -0.01621873
v 0.03264102 0.01188801 -0.01986930
v 0.02823360 0.01620027 -0.02399324
v 0.02500346 0.01405521 -0.02878656
v 0.02383788 0.00789955 -0.03139221
v -0.01229805 -0.01841998 -0.03237657
v -0.00412553 -0.01784625 -0.03353985
v -0.00630006 -0.02046053 -0.03219806
v -0.00798633 -0.02024302 -0.03214229
v -0.01506257 -0.01472184 -0.03313234
v -0.01871763 -0.01098963 -0.03285682
v -0.01251279 0.01119589 -0.03662270
v 0.01459082 0.01217399 -0.03533229
v 0.01646871 0.01346714 -0.03449111
v 0.01835958 0.00945922 -0.03446398
v 0.02269229 0.01758710 -0.02929812
v 0.02385079 0.01995335 -0.02664100
v 0.01996194 0.01923834 -0.03034567
v 0.02187066 0.01203329 -0.03207023
v 0.01771986 0.02055670 -0.03094537
v 0.01913560 0.01794274 -0.03153562
v 0.01772955 0.01598979 -0.03307225
v 0.01583743 0.01918488 -0.03258254
v 0.01585883 0.02040251 -0.03189646
v 0.01456922 0.02380554 -0.03020461
v 0.01712972 0.02288315 -0.02961848
v 0.01540103 0.01772535 -0.03341701
v 0.01096680 0.02047356 -0.03310035
v 0.01243438 0.02649002 -0.02856899
v 0.00706858 0.02616302 -0.02975926
v 0.00901332 0.02273360 -0.03187841
v 0.00728185 0.02218648 -0.03243334
v 0.00876139 0.02541764 -0.03022370
v 0.00885607 0.01685133 -0.03525809
v 0.00799283 0.01402216 -0.03628919
v 0.01004660 0.01479682 -0.03583613
v 0.00597025 0.01676704 -0.03562257
v 0.00356219 0.01900777 -0.03495284
v 0.00408856 0.01320491 -0.03683031
v 0.00412344 0.02130261 -0.03362658
v -0.00053593 0.01983125 -0.03446339
v 0.00100498 0.02478314 -0.03121243
v -0.00115759 0.02057472 -0.03402631
v -0.00394008 0.01924018 -0.03468961
v -0.00483220 0.01770007 -0.03537738
v -0.00444824 0.02343609 -0.03177937
v -0.00198688 -0.03453305 0.01006832
v -0.00350683 -0.03399200 0.00856144
v -0.00689044 -0.03269252 0.00493690
v -0.00869141 -0.03201395 0.00123373
v -0.00931290 -0.03435758 0.00627790
v -0.01392728 -0.03468996 0.00280745
v -0.01076480 -0.03501579 0.00758578
v -0.00401919 -0.03527895 0.01149383
v -0.02132404 -0.00427211 -0.03327737
v -0.01034599 0.01048340 -0.03720182
v -0.00521596 0.01358332 -0.03687623
v -0.00890882 0.01413215 -0.03638655
v -0.00941700 0.02103697 -0.03282495
v -0.01476647 0.02016744 -0.03165877
v -0.00897717 0.01172582 -0.03721018
v -0.01065708 0.01680824 -0.03518013
v -0.01585096 0.01501369 -0.03400117
v -0.01540583 0.01078951 -0.03583672
v -0.02298089 0.01827750 -0.02697675
v -0.01515017 0.02095940 -0.03015616
v -0.01995978 0.01494117 -0.03157548
v -0.02049820 0.01263638 -0.03233934
v -0.01876188 0.01077914 -0.03410547
v -0.02359676 0.01645835 -0.02759676
v -0.02407959 0.01590797 -0.02750934
v -0.02830342 0.01357872 -0.02439992
v -0.02451902 0.01569133 -0.02726121
v -0.02480998 0.01232935 -0.02890427
v -0.02574942 0.01341747 -0.02732042
v -0.02899549 0.01447743 -0.02275431
v -0.03021747 0.01529104 -0.02024506
v -0.02975049 0.01485407 -0.02127505
v -0.02749007 0.01672285 -0.02288712
v -0.03201225 0.01433167 -0.01799091
v -0.01705796 0.00472589 -0.03600685
v -0.02298693 0.00416403 -0.03259283
v -0.02031320 0.00625410 -0.03425105
v -0.01961188 -0.00333868 -0.03457447
v -0.02533825 0.00563463 -0.03056351
v -0.02624975 0.01020061 -0.02834555
v -0.02529380 0.00978942 -0.02945266
v -0.02703615 0.00873872 -0.02804054
v -0.02751008 0.00929768 -0.02730503
v -0.02512261 0.00091169 -0.03110835
v -0.02819388 0.00158703 -0.02794773
v -0.02910877 0.00322772 -0.02673975
v -0.02832890 0.00559822 -0.02736284
v -0.02901099 0.00479323 -0.02668448
v -0.03028625 0.01164651 -0.02257102
v -0.03053623 0.01333934 -0.02120159
v -0.02967730 0.00745873 -0.02524644
v -0.02851375 0.01089254 -0.02549775
v -0.03064727 0.00998373 -0.02283367
v -0.03177634 0.01592441 -0.01713058
v -0.03390769 0.01303994 -0.01568419
v -0.03364709 0.01267529 -0.01637240
v -0.03398936 0.01189970 -0.01629538
v -0.03165053 0.01103330 -0.02058461
v -0.03285881 0.00984489 -0.01944575
v -0.02934788 0.00389901 -0.02637026
v -0.03597766 0.00950465 -0.01405606
v -0.03345324 0.01304376 -0.01654216
v -0.03522734 0.00634623 -0.01642845
v -0.03152129 0.00502189 -0.02304630
v -0.02612633 -0.00254045 -0.02983548
v -0.02238762 -0.00291525 -0.03288382
v -0.02764549 -0.00475037 -0.02801321
v -0.01668626 -0.01673762 -0.03123592
v -0.02118284 -0.01016952 -0.03171264
v -0.02968886 0.00049372 -0.02598697
v -0.03126473 0.00380741 -0.02388149
v -0.02982258 -0.00527097 -0.02498027
v -0.03400473 0.00358594 -0.01916981
v -0.03608153 0.00704487 -0.01458435
v -0.03570872 0.00652204 -0.01544106
v -0.03473017 0.00297422 -0.01781452
v -0.03378590 -0.00039234 -0.01950952
v -0.03339088 0.00057267 -0.02033965
v -0.02548746 -0.01330321 -0.02694734
v -0.01847330 -0.01709583 -0.02985248
v -0.01798031 -0.02148908 -0.02725332
v -0.01993725 -0.01667400 -0.02921051
v -0.02475006 -0.01012547 -0.02900645
v -0.01458228 -0.02155700 -0.02926774
v -0.02425917 -0.01830921 -0.02468740
v -0.02924166 -0.01221984 -0.02250869
v -0.03234874 -0.00137438 -0.02194550
v -0.03145570 -0.00395982 -0.02277798
v -0.03164507 -0.00407257 -0.02245316
v -0.03113745 -0.00502153 -0.02298487
v -0.03380884 -0.00356307 -0.01877516
v -0.03296198 -0.00223686 -0.02069425
v -0.03464851 -0.00092643 -0.01773885
v -0.03554628 0.00316547 -0.01623706
v -0.03541000 0.00363870 -0.01649885
v -0.03690008 0.00621844 -0.01314465
v -0.03614471 0.00673386 -0.01454534
v -0.03783492 0.00521383 -0.01133950
v -0.03742059 0.00953569 -0.01092077
v -0.03716587 0.01097524 -0.01097724
v -0.03798130 0.00656791 -0.01061726
v -0.03430074 -0.00492626 -0.01722506
v -0.03414382 -0.00605705 -0.01715945
v -0.03467530 -0.00308217 -0.01721482
v -0.03478908 -0.00125540 -0.01741746
v -0.03670137 0.00147756 -0.01405379
v -0.01256903 -0.03174219 -0.02051633
v -0.00909890 -0.03252176 -0.02140458
v -0.00874290 -0.03262051 -0.02141911
v -0.00876995 -0.03289901 -0.02099049
v -0.00817093 -0.03249368 -0.02183201
v -0.01686399 -0.03017416 -0.01881877
v -0.00491227 -0.03548564 0.01243858
v -0.00043967 -0.03519023 0.01103385
v 0.00709973 -0.03479373 0.00578235
v 0.01256569 -0.03648201 -0.00142539
v 0.01184806 -0.03592603 -0.00935923
v 0.01427249 -0.03613848 -0.00600475
v 0.01148273 -0.03582842 -0.01040837
v 0.00422810 -0.03560648 -0.01469969
v 0.00503552 -0.03575832 -0.01380899
v 0.00631792 -0.03578900 -0.01163105
v 0.01004951 -0.03586127 -0.00993801
v 0.01018223 -0.03591884 -0.00817448
v 0.00880535 -0.03591336 0.00759666
v 0.00850815 -0.03490143 -0.00073840
v 0.01226294 -0.03636008 0.00459773
v -0.00578978 -0.03513549 0.01620001
v -0.00824234 -0.03563727 0.01101681
v -0.01461144 -0.03471162 0.00663789
v -0.01368717 -0.03480107 0.00428179
v -0.01367229 -0.03491523 -0.00242450
v -0.00621511 -0.03606571 -0.01426536
v -0.00308406 -0.03591651 -0.01361921
v -0.00998393 -0.03512615 -0.00939801
v -0.01283671 -0.03452300 -0.01259460
v -0.00666057 -0.03553065 -0.01616884
v -0.01423094 -0.03443027 -0.00827327
v -0.01614118 -0.03386441 -0.00947162
v -0.01671226 -0.03522829 -0.00269598
v -0.01954632 -0.03425739 -0.00416088
v -0.01531382 -0.03474103 0.00630060
v 0.02153222 0.02433598 -0.02514772
v 0.02319638 0.02114270 -0.02644827
v 0.02772499 0.01603914 -0.02477198
v 0.03455940 0.01532445 -0.01485987
v 0.03568165 0.01778306 -0.01121031
v 0.03347481 0.02577102 -0.00273020
v 0.03644711 0.01746160 -0.00858108
v 0.03423987 0.02470318 0.00032955
v 0.02943021 0.03009791 -0.00459965
v 0.02846557 0.03044931 0.00561719
v 0.02814645 0.03063659 0.00577427
v 0.02533922 0.03271090 0.00552523
v 0.02728817 0.03081274 0.00755365
v 0.02897874 0.02995381 0.00553511
v 0.02452499 0.02955282 0.01345424
v 0.02268181 0.03202149 0.01145763
v 0.02061787 0.02950924 0.01670928
v 0.02082034 0.02905563 0.01714768
v 0.02079445 0.02887125 0.01748929
v 0.02155676 0.02880442 0.01711174
v 0.02102553 0.03112420 0.01402421
v 0.03198056 0.02752930 -0.00355043
v 0.02907264 0.03063815 0.00093329
v 0.03278415 0.02450835 -0.00970869
v 0.03458219 0.02245498 -0.00807553
v 0.03299538 0.02549521 -0.00634838
v 0.02892314 0.03073606 -0.00210909
v 0.02429026 0.03382785 -0.00145452
v 0.02823303 0.03128671 -0.00211483
v 0.03052755 0.02803227 -0.00758436
v 0.02971837 0.02810572 -0.00964167
v 0.02241523 0.03389423 0.00668170
v 0.02165761 0.03464981 0.00089275
v 0.02555649 0.03244649 -0.00580832
v 0.02748877 0.03201366 -0.00195675
v 0.02770607 0.03055621 -0.00734947
v 0.03344221 0.01833077 -0.01528546
v 0.00837556 0.03025589 -0.02504514
v 0.01640932 0.02862134 -0.02410918
v 0.01897560 0.02758510 -0.02363867
v 0.02783196 0.01997846 -0.02190885
v 0.03296607 0.01731425 -0.01676489
v 0.02972988 0.02021265 -0.01934086
v 0.03085029 0.02085983 -0.01714658
v 0.03213212 0.02216876 -0.01423227
v 0.02667310 0.02820393 -0.01426613
v 0.02763589 0.02950947 -0.01064543
v 0.02560683 0.02660935 -0.01804231
v 0.02430501 0.03000170 -0.01397266
v 0.02337198 0.03065379 -0.01358028
v 0.02291308 0.02939224 -0.01641306
v 0.02532309 0.02373789 -0.02153520
v 0.02233679 0.02622981 -0.02212924
v 0.02293502 0.03168173 -0.01168929
v 0.02079816 0.03452248 -0.00373234
v 0.02078161 0.03477859 0.00099801
v 0.01933139 0.03499635 0.00187834
v 0.01840570 0.03471074 0.00644574
v 0.02051583 0.03377460 0.00873344
v -0.00602539 -0.03554582 0.01339945
v -0.01108451 -0.03515239 0.00998870
v -0.00752490 -0.03547719 0.01369434
v -0.00481376 -0.03412058 0.01907844
v 0.00531926 -0.03592999 0.01358319
v -0.00567606 -0.03480338 0.01748134
v -0.00855611 -0.03402095 0.01830982
v -0.00887079 -0.03403782 0.01815678
v -0.01787077 -0.03302130 -0.01011978
v -0.01611997 -0.03389402 -0.00940876
v -0.01397153 -0.03321344 -0.01624531
v -0.01255681 -0.03398611 -0.01582029
v -0.01337523 -0.03373677 -0.01548228
v -0.01887206 -0.03220000 -0.01087369
v -0.01585660 -0.03307935 -0.01382774
v -0.01767721 -0.03377510 -0.00767315
v 0.00282419 0.02542944 -0.03075550
v -0.00029978 0.02463882 -0.03126282
v -0.00392084 0.02571102 -0.02984825
v 0.00931946 0.02853541 -0.02726231
v 0.01699272 0.02393906 -0.02852409
v 0.02034170 0.02278995 -0.02772493
v 0.01534561 0.02625419 -0.02805239
v -0.02548821 -0.03103229 -0.00401890
v -0.02247515 -0.03044274 -0.00949142
v -0.01938237 -0.03409846 -0.00494550
v -0.02251258 -0.03313376 -0.00364081
v -0.02815849 -0.02802611 -0.00419299
v -0.01995359 -0.03359764 0.00440530
v -0.02750339 -0.02919870 0.00047303
v -0.03100976 -0.02529288 0.00128536
v -0.03225463 -0.02359603 -0.00011509
v -0.02324475 -0.03280780 -0.00021241
v -0.02583694 -0.03018676 0.00333323
v -0.02579472 -0.03032138 0.00289319
v -0.02387032 -0.03144472 0.00546782
v -0.02637581 -0.02906817 0.00609325
v -0.02733065 -0.02838028 0.00545298
v -0.02940432 -0.02656792 0.00406454
v -0.02867346 -0.02758990 0.00329024
v -0.03197581 -0.02366716 0.00308325
v -0.02166054 -0.03202550 0.00888987
v -0.02610109 -0.02898379 0.00790313
v -0.02619300 -0.02925418 0.00629539
v 0.00489648 -0.03034187 0.02364595
v -0.00524288 -0.02958321 0.02544259
v -0.00587350 -0.03034688 0.02460707
v 0.00280745 -0.02857104 0.02590533
v -0.00115790 -0.02501332 0.02967570
v -0.00406296 -0.02633185 0.02879534
v -0.00377330 -0.02783525 0.02733580
v -0.01115955 -0.02708182 0.02653882
v -0.01473661 -0.02511856 0.02672881
v -0.01673292 -0.02306720 0.02740523
v -0.01709092 -0.02251303 0.02766664
v -0.01936767 -0.02123219 0.02716085
v -0.02133674 -0.02162546 0.02514462
v -0.02075856 -0.01925199 0.02774272
v -0.02296275 -0.01667016 0.02750086
v -0.02497836 -0.01611604 0.02580277
v -0.02694899 -0.01311600 0.02556309
v -0.02734462 -0.01034656 0.02644834
v -0.02441672 -0.01218712 0.02884022
v -0.02410246 -0.01260046 0.02879577
v -0.02505126 -0.01200135 0.02830286
v -0.02383056 -0.01228704 0.02930494
v -0.01238170 -0.01793909 0.03270627
v -0.00954983 -0.02028483 0.03232658
v -0.01452415 -0.01856736 0.03163088
v -0.01437085 -0.02088278 0.03015237
v -0.01388636 -0.02256635 0.02918245
v -0.01202095 -0.02448635 0.02842963
v -0.00738742 -0.02463221 0.02986440
v -0.00787746 -0.02402132 0.03009561
v -0.00619887 -0.02049079 0.03301807
v -0.00940073 -0.02195785 0.03121509
v 0.02114446 0.02347741 0.02328704
v 0.01807076 0.02102446 0.02780542
v 0.02752540 0.02417663 0.01767182
v 0.02644595 0.02083422 0.02107862
v 0.02761537 0.02203226 0.01923172
v 0.02422816 0.02617629 0.01836927
v 0.02316623 0.02181854 0.02300864
v 0.01506206 0.02430421 0.02706433
v 0.01557068 0.02005939 0.03039996
v 0.01345342 0.01930528 0.03211266
v 0.01024360 0.02254025 0.03106371
v 0.01242014 0.02430201 0.02879877
v 0.01018199 0.02004082 0.03282836
v 0.01019388 0.01845596 0.03376282
v 0.00912144 0.01880271 0.03377630
v 0.00958477 0.01667435 0.03477660
v 0.00574312 0.01701183 0.03523285
v 0.00157744 0.01748368 0.03526125
v -0.00581047 0.01668168 0.03570999
v 0.00457651 0.01887288 0.03442351
v 0.00080333 0.02076272 0.03361004
v -0.00024956 0.01856310 0.03484676
v 0.00018625 0.02080037 0.03361913
v 0.00258526 0.02350665 0.03154217
v 0.00922707 0.02293220 0.03108964
v 0.00822174 0.01998931 0.03342198
v 0.00303777 0.02000159 0.03396971
v -0.01663032 -0.03276687 -0.01363928
v -0.01728441 -0.03185493 -0.01539231
v -0.01375966 -0.03303464 -0.01687494
v -0.01343789 -0.03213780 -0.01903688
v -0.01225419 -0.03229081 -0.01975594
v -0.01391920 -0.03175083 -0.01934308
v -0.01875200 -0.03040354 -0.01629792
v -0.02130585 -0.03001129 -0.01248885
v -0.02056273 -0.03114618 -0.01112380
v -0.00670862 0.02284632 -0.03194661
v -0.00842356 0.02466936 -0.02974092
v -0.00669262 0.02620357 -0.02860100
v -0.00499654 0.02769326 -0.02695374
v -0.00557952 0.02678947 -0.02802925
v -0.00580864 0.02660339 -0.02822562
v 0.00374536 0.02764959 -0.02862654
v 0.01015060 0.02866728 -0.02692828
v 0.01537299 0.02841344 -0.02526199
v 0.00497744 -0.02553458 0.02799596
v 0.00730131 -0.02743399 0.02597357
v 0.01017014 -0.03284549 0.01931313
v 0.01304119 -0.02933857 0.02193294
v 0.01092024 -0.02753276 0.02481470
v -0.01404753 -0.03491985 -0.00043028
v 0.00900793 0.03190340 -0.02129389
v 0.00923896 0.03193866 -0.02118295
v 0.01596917 0.02905872 -0.02381657
v 0.01948889 0.02518467 -0.02617749
v 0.02016454 0.02685666 -0.02340920
v 0.02134086 0.02574597 -0.02368830
v 0.02497626 0.02422333 -0.02128986
v 0.02206881 0.03405864 -0.00438020
v 0.02034677 0.03365673 -0.00819481
v 0.02212372 0.03070129 -0.01482310
v 0.02129639 0.03202236 -0.01223306
v 0.01867471 0.03460772 -0.00449624
v 0.02053162 0.02993888 -0.01806013
v 0.01680882 0.03077092 -0.01963976
v 0.01650404 0.03013308 -0.02146829
v 0.01300027 0.03207776 -0.01936872
v 0.01257282 0.03257155 -0.01740914
v 0.00835453 0.03221803 -0.02082604
v 0.01300143 0.03135628 -0.02142300
v 0.00243363 0.03006049 -0.02544036
v 0.00829283 0.03275802 -0.01756451
v 0.00307997 0.03157263 -0.02162191
v 0.02004618 0.02779000 0.01940905
v 0.01624014 0.02805680 0.02147223
v 0.01931247 -0.00593394 0.03200838
v -0.02125011 -0.02731483 -0.01837913
v -0.01861230 -0.02662235 -0.02216132
v -0.02325809 -0.02789870 -0.01346016
v -0.02633104 -0.02457490 -0.01352537
v -0.02636061 -0.02404437 -0.01435268
v -0.03002094 -0.01711482 -0.01666499
v -0.02446351 -0.02175334 -0.02093568
v -0.02681040 -0.01634730 -0.02304599
v -0.02542704 -0.01597479 -0.02502000
v -0.02778785 -0.01770705 -0.02021887
v -0.02131153 -0.02990573 -0.01288409
v -0.00640702 -0.03547249 0.01373223
v -0.00597786 -0.03549267 0.01373262
v -0.00682587 -0.03548228 0.01358911
v 0.02363522 0.01734850 0.02548927
v -0.00065564 -0.03560828 0.01377243
v 0.00354165 -0.03597213 0.01304822
v 0.01827242 -0.00551187 0.03294991
v -0.01876394 -0.03177258 -0.01277020
v -0.00127851 0.02443127 -0.03131334
v 0.02097048 0.00147522 0.03133847
v 0.02105614 0.00197550 0.03129300
v -0.01655505 -0.02569797 -0.02453588
v -0.01373980 -0.02465315 -0.02739598
v -0.00916914 -0.02533008 -0.02880045
v 0.02897914 0.02573618 0.01436898
v 0.03165091 0.02446846 0.01240233
v 0.01472382 0.03341062 -0.01075120
v 0.01156082 0.03046099 -0.02402377
v 0.01609832 0.03304402 -0.01237718
v 0.01738705 0.03240265 -0.01438351
v -0.01638802 -0.03050612 -0.01914823
v -0.01584067 -0.03089904 -0.01887421
v -0.01639387 -0.03009631 -0.01973984
v -0.01819367 -0.02989371 -0.01809271
v 0.01585852 0.03351824 -0.01011123
v 0.00867138 -0.02409811 0.02831486
v 0.00052082 -0.03546402 -0.01393423
v 0.00113442 -0.03534765 -0.01335547
v 0.00181660 -0.03527142 -0.01284054
v 0.00108739 -0.03527409 -0.01293334
v -0.00391905 -0.03505677 -0.00981877
v -0.01003240 -0.03428833 -0.00702249
v -0.00749317 -0.03497111 -0.00916638
v -0.01099609 -0.03425745 -0.00651765
v -0.00771967 -0.03340295 -0.00641148
v -0.00522486 -0.02753604 0.00071747
v -0.00666919 -0.02951802 -0.00266270
v -0.00585410 -0.02787640 -0.00047474
v -0.00428151 -0.02807709 -0.00285914
v -0.00289872 -0.02801253 -0.00307375
v 0.00455336 -0.03542856 -0.01140470
v 0.00036031 -0.03462637 -0.01095863
v 0.00194587 -0.03536278 -0.01324753
v -0.00418482 -0.03416009 -0.00804396
v -0.00103344 -0.03302084 -0.00791138
v -0.00328029 -0.03526920 -0.01041956
v 0.00124731 -0.03442504 -0.01060060
v 0.00076717 -0.03138683 -0.00674269
v -0.00338131 -0.03248777 -0.00646072
v -0.01420575 -0.03229460 -0.01813748
v 0.02610185 0.02670526 0.01620524
v -0.00390813 -0.02820975 -0.00129404
v 0.00486650 -0.03219100 -0.00501677
v 0.00515684 -0.03378599 -0.00726040
v 0.00217353 -0.03088496 -0.00560488
v 0.00220561 -0.02957335 -0.00444619
v -0.00012180 -0.02812779 -0.00424888
v -0.00507506 -0.02779290 -0.00113948
v -0.00592697 -0.02840734 -0.00195198
v -0.00585960 -0.02906653 -0.00314051
v 0.00251263 -0.02793634 -0.00233174
v 0.00613474 -0.03277609 -0.00320431
v 0.00981310 -0.03578364 -0.00522950
v 0.01044485 -0.03603211 -0.00350472
v 0.00943670 -0.03548845 -0.00263235
v 0.00837508 -0.03461014 -0.00018382
v 0.00866204 -0.03527845 -0.00609681
v 0.00152811 -0.02772422 0.00256542
v -0.00492652 -0.02756251 0.00070100
v -0.00254257 -0.02941846 0.00120569
v -0.00133197 -0.02922823 0.00077056
v 0.00097034 -0.02823186 0.00170724
v -0.00229729 -0.02704982 0.00259626
v -0.00260208 -0.02658030 0.00261480
v -0.00322824 -0.02857943 0.00170498
v -0.00464612 -0.02771464 0.00163379
v -0.00478744 -0.02773314 0.00183640
v -0.00313734 -0.02657249 0.00224378
v -0.00113230 -0.02764528 0.00361898
v 0.00763366 -0.03124214 0.02208020
v -0.01491288 -0.03381845 -0.01247631
v -0.01323182 -0.03437047 -0.01321755
v -0.01429298 -0.03388350 -0.01351342
v -0.01474112 -0.03358313 -0.01409338
v -0.01049927 -0.03488469 -0.00911663
v 0.02793493 0.02166579 0.01922193
v 0.02760494 0.02202051 0.01923234
v 0.02729581 0.02239872 0.01924151
v -0.01284335 -0.02809847 -0.02469388
v -0.00157380 -0.03068631 0.00605286
v -0.00325716 -0.02819972 0.00378697
v -0.00119651 0.02099790 -0.03379594
v -0.00114359 0.02030836 -0.03417405
v -0.00114666 0.02068428 -0.03396121
v -0.00173523 0.01190364 -0.03736711
v 0.01349418 0.03248667 -0.01715056
v 0.01311679 0.03249985 -0.01739529
v 0.00609546 0.02637850 -0.02969437
v -0.00148102 -0.02718339 0.00314638
v -0.00688682 -0.03017538 -0.00337300
v -0.00690045 -0.03067412 -0.00389854
v -0.00657085 -0.03044006 -0.00391147
v -0.00650829 -0.03070321 -0.00418432
v -0.00701799 -0.03209218 -0.00531371
v -0.00788178 -0.03313375 -0.00602367
v -0.00181244 -0.03435086 0.01882408
v 0.00646880 -0.03403856 0.01862156
v 0.00750020 -0.03572555 0.01492147
v 0.01935524 -0.03478644 0.00201777
v 0.01746088 -0.03544912 0.00490221
v 0.02003201 -0.03423924 0.00495893
v 0.02119389 -0.03109497 0.01126039
v 0.02032060 -0.03431362 0.00052154
v -0.01418433 -0.01140323 -0.03475828
v -0.01289971 -0.01182938 -0.03504494
v -0.01150170 -0.00940460 -0.03621249
v 0.00564723 0.02605393 -0.03003222
v -0.01502364 -0.02604240 -0.02533367
v -0.00858323 -0.03523348 -0.01585099
v -0.01086293 -0.03484177 -0.01462818
v -0.01234796 -0.03460086 -0.01346039
v -0.01291192 -0.03422387 -0.01445007
v 0.02668170 0.00886091 0.02558492
v 0.02993285 0.02605905 0.01288364
v -0.00136726 -0.03444092 0.00978215
v 0.00227008 -0.03520725 0.00987306
v 0.00602777 -0.03363904 0.00447224
v 0.00655623 -0.03419084 0.00491778
v 0.00550012 -0.03216534 0.00161644
v 0.00347214 -0.02990698 0.00262997
v 0.00288510 -0.03021553 0.00383706
v 0.00180112 -0.02835560 0.00276004
v -0.00090640 -0.02837008 0.00415329
v 0.00049465 -0.03259548 0.00697618
v 0.00290813 -0.03296430 0.00600447
v 0.00524432 -0.03389653 0.00586486
v -0.00132576 -0.03229440 0.00736098
v 0.00111617 -0.03466993 0.00951913
v -0.00239443 -0.02875873 -0.00134032
v -0.00052993 -0.02922916 -0.00118849
v 0.00016393 -0.02773034 -0.00320963
v 0.00067870 -0.02848536 -0.00222601
v 0.03137346 0.02734003 0.00649399
v 0.03072576 0.02838441 0.00531427
v 0.03293425 0.02640514 0.00204848
v 0.03347507 0.02543012 0.00348597
v 0.03496702 0.02306511 0.00362017
v 0.03064099 0.02115909 0.01693217
v 0.02917039 0.02104604 0.01851122
v 0.01622405 0.03228904 -0.01564739
v -0.01187139 -0.02372414 -0.02903011
v 0.02938741 0.02811375 0.01015347
v -0.01082021 -0.01254871 -0.03533130
v 0.02906883 0.02930458 0.00761287
v 0.02912725 0.02955114 0.00657274
v 0.02942618 0.02944605 0.00618432
v 0.02883243 0.02987012 0.00648063
v 0.03169684 0.02790036 0.00130571
v 0.03119725 0.02826018 0.00334285
v -0.00284427 -0.03022829 -0.00487191
v 0.02546443 -0.00165971 0.02693098
v 0.02705630 -0.00123397 0.02546090
v -0.01210040 -0.03356485 -0.01730078
v -0.01029807 -0.03454447 -0.01649529
v -0.01148616 -0.03417656 -0.01631755
v -0.01206539 -0.03422111 -0.01561475
v 0.02824315 0.03048387 0.00615791
v 0.02804974 0.03078931 0.00539062
v 0.02819849 0.03057827 0.00584473
v 0.00346465 0.02113457 -0.03376685
v 0.00416506 0.02120534 -0.03368928
v 0.00478223 0.02147065 -0.03348632
v 0.00384508 -0.03535742 0.00910661
v -0.00822986 -0.02977757 -0.02506636
v -0.01027481 -0.02811915 -0.02580774
v -0.00417106 -0.03578253 -0.01141683
v -0.00318546 -0.03583530 -0.01282094
v -0.00612633 -0.03589372 -0.01241258
v 0.02529333 -0.00355730 0.02672089
v 0.01242268 -0.03405988 0.01576596
v 0.00859172 -0.03586348 0.01406532
v 0.01311732 -0.03489243 0.01305079
v 0.01882144 -0.03427716 0.00784535
v 0.01926586 -0.03366961 0.00936079
v 0.01749607 -0.03394105 0.01073631
v 0.01662373 -0.03309214 0.01387719
v 0.01930859 -0.02922838 0.01658523
v 0.01960251 -0.03097988 0.01409793
v 0.01716715 -0.03102176 0.01636092
v 0.01425521 -0.03232454 0.01717512
v 0.00922931 -0.03410640 0.01770283
v 0.01544947 -0.03008713 0.01911456
v 0.01588943 -0.03083153 0.01778709
v 0.01275398 -0.03238916 0.01832995
v 0.00125253 -0.03551681 0.01533760
v 0.02358936 -0.01313344 0.02513977
v 0.00973885 0.02671436 -0.02901272
v 0.00107176 -0.02841357 0.00346516
v 0.00542758 -0.03609905 0.01076942
v -0.00568706 -0.00676926 -0.03739212
v 0.01044220 -0.03609397 0.01005582
v 0.02960660 0.02965090 0.00456399
v 0.02986020 0.02965648 0.00301637
v 0.00191270 -0.02825243 0.00260252
v 0.00473069 -0.03127372 0.00189748
v 0.00291778 -0.02921102 0.00268191
v 0.00531347 -0.03148021 0.00013348
v -0.00887561 -0.03413232 -0.01876238
v -0.00756188 -0.03484219 -0.01819059
v -0.00876407 -0.03476005 -0.01732500
v -0.00670783 -0.03511345 -0.01783786
v 0.00570994 -0.03619580 0.01264292
v 0.02696676 0.02160543 -0.02182823
v 0.02598611 0.01930287 -0.02473850
v -0.00698306 -0.03326624 -0.02104395
v -0.00646787 -0.03395191 -0.02040199
v -0.00225845 -0.03315248 -0.02156996
v 0.00228821 -0.03185483 -0.02296414
v 0.00770408 -0.03389204 -0.01959391
v 0.00997856 -0.03162271 -0.02216803
v 0.01399533 -0.03205535 -0.01865736
v 0.00516104 -0.02978114 -0.02513960
v 0.00797850 -0.03009102 -0.02416264
v 0.01073422 -0.02918457 -0.02444557
v 0.00719065 -0.02915897 -0.02521464
v 0.00671829 -0.02782639 -0.02648436
v 0.00531949 -0.02613823 -0.02798017
v 0.00541928 -0.02647425 -0.02769196
v 0.00581736 -0.02674324 -0.02742830
v 0.00504641 -0.02710966 -0.02721003
v 0.00068632 -0.02677166 -0.02785637
v 0.00238160 -0.02928589 -0.02565086
v -0.00182527 -0.03141711 -0.02379220
v -0.00349038 -0.02852975 -0.02660413
v -0.00544450 -0.03000128 -0.02521245
v -0.00655306 -0.02886177 -0.02610868
v -0.00682465 -0.02990888 -0.02509709
v 0.02917798 0.03052818 -0.00206548
v 0.02885120 0.03078911 -0.00206236
v 0.02866831 0.03094395 -0.00215271
v 0.03307257 0.02284132 0.01158844
v 0.03314568 0.02270997 0.01159064
v 0.03292046 0.02313374 0.01160455
v -0.00394165 -0.03550836 -0.01754333
v 0.00262878 -0.03464062 -0.01867327
v 0.00364174 -0.03420510 -0.01974162
v 0.01948485 -0.03389589 -0.00831327
v 0.01787791 -0.03432854 -0.00958611
v 0.01622113 -0.03391057 -0.01281808
v 0.01563636 -0.03463949 -0.01142512
v 0.00775332 -0.03532756 -0.01625625
v 0.01176981 -0.03525746 -0.01421014
v 0.01129925 -0.03420432 -0.01788218
v 0.00797144 -0.03584629 -0.01389437
v 0.01631784 -0.03573128 -0.00702894
v 0.01754999 -0.03549438 -0.00596776
v 0.01151538 -0.03581087 -0.01066647
v 0.01448591 -0.03613321 -0.00616183
v 0.01542124 -0.03626019 -0.00301124
v 0.02518033 0.03193575 -0.00859702
v 0.02889631 0.02942726 -0.00806258
v 0.03012715 0.02548230 -0.01366408
v 0.03101068 0.02687076 -0.00893275
v 0.02917506 0.02876977 -0.00901513
v 0.03358505 0.02096143 0.01311334
v 0.02620898 -0.01121737 0.02363020
v 0.01646928 -0.02878032 0.01974311
v -0.00692638 -0.03492776 -0.01822496
v -0.00513112 -0.03554094 -0.01706592
v -0.00368331 -0.03378283 -0.02076353
v 0.01344299 -0.02036352 -0.03028856
v 0.03389614 0.02476219 0.00285801
v 0.03371907 0.02504656 0.00313473
v 0.00719403 -0.03376115 0.00096161
v 0.00246708 -0.02074405 -0.03175016
v 0.00043118 -0.03548782 -0.01500245
v -0.00210973 -0.03576832 -0.01463967
v -0.00422932 -0.02869038 -0.02646260
v -0.00479366 -0.02814061 -0.02692311
v -0.00454213 -0.02838759 -0.02672888
v 0.02349724 0.02232604 -0.02517384
v 0.02395996 -0.01978207 0.02091995
v -0.00150941 -0.03435864 -0.01961273
v -0.00498264 -0.03116474 -0.02400866
v 0.03786199 0.01697373 -0.00166427
v 0.03876917 0.01009352 -0.00775652
v 0.03598793 0.00995981 -0.01478288
v 0.03741602 -0.00048933 -0.01221656
v 0.03798378 0.00228210 -0.01150198
v 0.03439811 -0.00451171 -0.01690027
v 0.03391997 -0.00153830 -0.01856730
v 0.03433190 0.00351789 -0.01849366
v 0.03320625 0.00075605 -0.02031405
v 0.03337442 0.00556165 -0.02008734
v 0.03192434 -0.00165750 -0.02197297
v 0.03134222 -0.00457647 -0.02214361
v 0.03138473 -0.00683032 -0.02114996
v 0.03054505 -0.00858541 -0.02167437
v 0.03120715 -0.00096235 -0.02333049
v 0.02895537 -0.00564834 -0.02510081
v 0.02829201 -0.01560483 -0.02043871
v 0.02862437 -0.01034510 -0.02366084
v 0.03172236 -0.01157568 -0.01778279
v 0.03202076 -0.01587275 -0.01361733
v 0.03074826 -0.01981664 -0.01165229
v 0.03263030 -0.01690876 -0.01126108
v 0.03314884 -0.01781470 -0.00868187
v 0.03232341 -0.01966777 -0.00761568
v 0.02877551 -0.02006816 -0.01491492
v 0.02752665 -0.01983731 -0.01749191
v 0.02962650 -0.01582464 -0.01779413
v 0.02940052 -0.01615696 -0.01804137
v 0.02709674 -0.01844770 -0.01988165
v 0.02899991 -0.02188279 -0.01243707
v 0.02719628 -0.02183973 -0.01560445
v 0.02636607 -0.02314632 -0.01535810
v 0.02689737 -0.01737823 -0.02123164
v 0.02635783 -0.01595344 -0.02316469
v 0.02519815 -0.01619580 -0.02441968
v 0.02324353 -0.01497093 -0.02741188
v 0.02272906 -0.01350332 -0.02856970
v 0.02076772 -0.01553605 -0.02920909
v 0.01978950 -0.01555057 -0.02985019
v 0.02012297 -0.01348428 -0.03059559
v 0.01955749 -0.01755742 -0.02883500
v 0.02171900 -0.01962351 -0.02591509
v 0.01708065 -0.02219437 -0.02750356
v 0.01816231 -0.02081563 -0.02773631
v 0.02332174 -0.01776861 -0.02554269
v 0.03475137 0.02364142 -0.00225116
v 0.03783448 0.01280074 -0.00923790
v 0.03781230 0.01489832 -0.00720695
v 0.03693825 0.01923733 -0.00347715
v 0.03763302 0.01745219 -0.00258170
v 0.03679172 0.01999185 -0.00167664
v 0.03529585 0.02288009 -0.00111613
v 0.03565462 0.02210450 0.00063992
v 0.01559435 0.01983718 -0.03233184
v 0.01578153 0.02018736 -0.03204818
v 0.01201172 -0.03606972 0.00869611
v 0.01249980 -0.03606857 0.00816307
v 0.01179385 -0.03608078 0.00889568
v 0.03712697 0.00762158 0.01359171
v 0.02263195 0.02134855 -0.02676789
v 0.03303333 0.02538088 -0.00652953
v 0.03307276 0.02513564 -0.00689758
v 0.03539678 -0.01456119 0.00037293
v 0.03584583 -0.01378311 -0.00010903
v 0.03540668 -0.01124065 -0.01069543
v 0.03743363 -0.00871433 -0.00618215
v 0.03735360 -0.00728697 -0.00822673
v 0.03735301 -0.00567038 -0.01004503
v 0.03757751 -0.00396761 -0.01036707
v 0.03608914 -0.00505668 -0.01338788
v 0.03393958 -0.00896309 -0.01544370
v 0.03489654 -0.00992176 -0.01303676
v 0.03452903 -0.01419143 -0.00976678
v 0.03350705 -0.01627050 -0.00972383
v 0.03630373 -0.01044538 -0.00870474
v 0.03600845 -0.01295145 -0.00578579
v 0.03490629 -0.01563903 -0.00485254
v 0.03013336 -0.02318616 -0.00736759
v 0.02982831 -0.02250904 -0.00967892
v 0.02508442 -0.02907360 -0.00891956
v 0.02563009 -0.02971937 -0.00578889
v 0.02735495 -0.02671324 -0.00818164
v 0.02694230 -0.02614720 -0.01035830
v 0.02459997 -0.02257904 -0.01929737
v 0.02333772 -0.02879664 -0.01248512
v 0.02558271 -0.02482284 -0.01452419
v 0.02451763 -0.02991123 -0.00802036
v 0.02407330 -0.03018922 -0.00861282
v 0.02135816 -0.02861884 -0.01606942
v 0.02067643 -0.02750287 -0.01882305
v 0.02203757 -0.02520317 -0.02010614
v 0.01762977 -0.02431723 -0.02552158
v 0.01239136 -0.02690239 -0.02596893
v 0.01897864 -0.02625557 -0.02249753
v 0.01712205 -0.02731982 -0.02300331
v 0.01492183 -0.02737395 -0.02442163
v 0.01733506 -0.02796768 -0.02211836
v 0.01701848 -0.02877002 -0.02149296
v 0.02163013 -0.03136900 -0.01077440
v 0.02007141 -0.03072104 -0.01443046
v 0.01884775 -0.02992858 -0.01759027
v 0.01728941 -0.03287587 -0.01391122
v 0.01908131 -0.03275793 -0.01170318
v 0.02237836 -0.03288548 -0.00527484
v 0.02847858 -0.02636380 -0.00448265
v 0.02730060 -0.02795032 -0.00251645
v 0.03149694 -0.02162856 -0.00563188
v 0.02682070 -0.02862595 -0.00111318
v 0.02986241 -0.02447075 -0.00289902
v 0.03234566 -0.02062807 -0.00325257
v 0.03302391 -0.01920414 -0.00538853
v 0.02938579 -0.02526906 0.00068905
v 0.03331708 -0.01880516 0.00115156
v 0.03453551 -0.01653334 -0.00248704
v 0.03605727 -0.01342385 -0.00237048
v 0.03082202 -0.02313153 0.00018833
v 0.03227064 -0.02081680 -0.00182380
v 0.02751949 -0.02779284 0.00256486
v 0.02432146 -0.03121351 0.00164972
v 0.02373655 -0.03179487 -0.00246221
v 0.03552140 -0.01383077 0.00433089
v 0.03624897 -0.01239049 0.00264945
v 0.03727995 -0.00944777 0.00187490
v 0.03823663 -0.00152193 -0.00972204
v 0.03860193 -0.00234929 -0.00785811
v 0.03806947 -0.00750029 -0.00310856
v 0.03852784 -0.00541082 -0.00295379
v 0.03623896 -0.01163401 0.00532127
v 0.03699501 -0.00933095 0.00565700
v 0.03786535 -0.00733797 0.00204979
v 0.03824904 -0.00607553 0.00115362
v 0.03912844 -0.00181958 -0.00266604
v 0.03858124 -0.00269677 0.00497387
v 0.03890810 -0.00253392 0.00159400
v 0.03821404 -0.00513834 0.00428986
v 0.03651315 -0.00841472 0.00996542
v 0.03753039 -0.00650753 0.00746722
v 0.03786564 -0.00183877 0.01097621
v 0.03706695 -0.00478372 0.01148061
v 0.03766407 -0.00353662 0.01001150
v 0.03834530 -0.00151335 0.00847991
v 0.03683327 -0.00475019 0.01238996
v 0.03726604 -0.00067786 0.01333706
v 0.03709723 -0.00186792 0.01351173
v 0.03879375 0.00086699 0.00692835
v 0.03898899 0.00064361 0.00544347
v 0.03940376 0.00107958 0.00034306
v 0.03864517 0.00109117 -0.00919156
v 0.03896027 0.00444207 -0.00863663
v 0.03873474 0.00898781 -0.00856592
v 0.03841088 0.00578592 -0.01039466
v 0.03922789 0.00779445 -0.00606425
v 0.03887169 0.00062911 -0.00787102
v 0.03924787 0.00064889 -0.00554556
v 0.03951595 0.00241674 -0.00334486
v 0.03964669 0.00581932 -0.00237515
v 0.03950346 0.00464171 -0.00528171
v 0.03942799 0.00860195 -0.00184083
v 0.03915729 0.01111352 -0.00039978
v 0.03923812 0.00969886 -0.00197135
v 0.03876704 0.01361822 -0.00225130
v 0.03817381 0.01531391 -0.00422249
v 0.03949340 0.00700927 0.00027833
v 0.03941799 0.00790061 0.00126017
v 0.03934282 0.00971970 0.00100368
v 0.03872159 0.01128673 0.00484244
v 0.03908315 0.00802781 0.00465704
v 0.03919282 0.00892163 0.00297825
v 0.03932031 0.00470206 0.00337550
v 0.03939813 0.00565027 0.00285651
v 0.03736614 0.00018990 0.01388548
v 0.03878471 0.00424934 0.00811720
v 0.03918825 0.00429468 0.00530087
v 0.03899680 0.00566890 0.00600056
v 0.03798839 0.00079014 0.01131738
v 0.03480444 -0.01426205 0.00836259
v 0.03443822 -0.01550523 0.00661424
v 0.03498337 -0.01208829 0.01138842
v 0.03500620 -0.01050423 0.01263354
v 0.03263399 -0.01826049 0.00948726
v 0.03401022 -0.01724539 0.00347186
v 0.03423367 -0.01719735 -0.00067420
v 0.03324297 -0.01878892 0.00315016
v 0.03018625 -0.02412565 0.00150375
v 0.03082723 -0.02312210 0.00286495
v 0.03142230 -0.02184280 0.00502755
v 0.02993339 -0.02391057 0.00673420
v 0.02919576 -0.02504735 0.00666161
v 0.02603211 -0.02927912 0.00570706
v 0.02609524 -0.02933249 0.00099823
v 0.02546387 -0.03001213 0.00247586
v 0.02253150 -0.03260188 0.00431899
v 0.02074690 -0.03399011 -0.00333293
v 0.02319434 -0.03128725 0.00833665
v 0.02167456 -0.03284887 0.00518022
v 0.02423111 -0.03040677 0.00790430
v 0.02417081 -0.03005631 0.00911452
v 0.02825558 -0.02661057 0.00471105
v 0.03061908 -0.02288152 0.00658543
v 0.03177209 -0.02088931 0.00674610
v 0.03057748 -0.02232258 0.00889778
v 0.03272425 -0.01927705 0.00613463
v 0.03262972 -0.01923293 0.00735081
v 0.00809942 -0.01847240 -0.03235037
v 0.01419007 -0.03046309 -0.02152724
v 0.01331310 -0.03061535 -0.02194271
v 0.01136728 -0.02965488 -0.02374342
v 0.01602227 -0.02100833 -0.02865563
v 0.01024645 -0.02699069 -0.02649887
v 0.00803979 -0.02317296 -0.02974146
v 0.01118405 -0.02634765 -0.02678896
v 0.00663824 -0.02750907 -0.02674115
v 0.01030604 -0.02448106 -0.02848341
v 0.00520428 -0.02754623 -0.02687246
v 0.00505883 -0.02577457 -0.02825923
v 0.03142173 -0.01972116 0.01108963
v 0.03190493 -0.01808138 0.01228145
v 0.02726466 -0.02385688 0.01377887
v 0.02613991 -0.02818727 0.00907856
v 0.02817583 -0.02489017 0.01055709
v 0.02931386 -0.02191170 0.01293073
v 0.02554268 -0.02790234 0.01092840
v 0.02400465 -0.02812403 0.01297944
v 0.02085148 -0.03174601 0.01123983
v 0.02203934 -0.03081014 0.01131869
v 0.01512701 -0.00605893 -0.03516794
v 0.01524725 -0.00559400 -0.03522625
v 0.01531019 -0.00518683 -0.03525658
v 0.03533362 0.01138206 -0.01550865
v 0.03638645 0.01309298 -0.01277892
v 0.03683103 0.01577185 -0.00962362
v 0.01273679 -0.03296925 -0.01893472
v 0.01208194 -0.03254962 -0.01991125
v 0.00514438 -0.03299766 -0.02126524
v 0.01926880 -0.03486788 -0.00106872
v 0.01994582 -0.00112074 -0.03389309
v 0.03931107 0.00175493 0.00302355
v 0.03888131 -0.00334742 -0.00107305
v 0.03896930 -0.00142501 0.00243882
v 0.02456400 0.00458093 -0.03106609
v 0.01856305 -0.03484125 -0.00685251
v 0.01628430 -0.01185849 -0.03313805
v 0.02101074 -0.03389137 -0.00190108
v 0.03933971 0.00028999 -0.00078153
v 0.03472406 0.00853011 -0.01731298
v 0.03535018 0.00612175 -0.01657499
v 0.03585502 0.00201952 -0.01579486
v 0.03584459 0.00579899 -0.01574229
v 0.03296517 0.00563702 -0.02086668
v 0.03017211 0.00013596 -0.02492775
v 0.02700105 -0.01130649 -0.02537481
v 0.02793460 -0.01217958 -0.02366850
v 0.02902686 -0.01418588 -0.02045880
v 0.01669373 -0.03159028 -0.01762116
v 0.01572151 -0.03277109 -0.01623785
v 0.01321883 -0.03191960 -0.02014156
v 0.01548152 -0.02973969 -0.02147951
v 0.03958782 0.00429928 -0.00335787
v 0.01485002 -0.02330107 -0.02779744
v 0.01522393 -0.02439818 -0.02682489
v 0.02163407 -0.02245718 -0.02365713
v 0.02698286 0.00521910 -0.02868301
v 0.02747417 0.00581726 -0.02816234
v 0.02031701 -0.03329293 -0.00841665
v 0.03711796 0.00880900 -0.01305329
v 0.03663390 -0.01182211 -0.00025598
v 0.03455385 0.01175545 -0.01657339
v 0.02960082 0.00524894 -0.02574050
v 0.01922699 -0.03259147 -0.01187933
v 0.01405317 -0.01815421 -0.03120846
v 0.03299271 0.00831696 -0.02030361
v 0.03108426 0.00485489 -0.02373774
v 0.03216692 0.00662240 -0.02189773
v 0.03072578 0.00703881 -0.02395938
v 0.03043185 0.00531390 -0.02455553
v 0.02997490 0.00272546 -0.02529134
v 0.03059320 0.00785780 -0.02402386
v 0.03072229 0.00741686 -0.02391784
v 0.03097570 0.00739886 -0.02351986
v 0.03552041 -0.01415427 0.00261370
v 0.02914399 -0.02556401 0.00052348
v 0.02941009 -0.02524205 0.00087287
v 0.02962759 -0.02497412 0.00085461
v 0.02635757 -0.00676409 -0.02794044
v 0.02595972 -0.00960483 -0.02729895
v 0.02516595 -0.00915171 -0.02848716
v 0.02703472 -0.00864203 -0.02649779
v 0.02717420 -0.00293350 -0.02811343
v 0.02625635 -0.00337618 -0.02894267
v 0.02582241 -0.00360914 -0.02922550
v 0.02601171 -0.00299529 -0.02924293
v 0.02835023 -0.00081827 -0.02711281
v 0.02792088 -0.00320639 -0.02717664
v 0.02993021 0.00046729 -0.02518365
v 0.03613614 -0.00111881 -0.01462719
v 0.03440158 -0.00288462 -0.01742673
v 0.03135831 -0.00971469 -0.01971737
v 0.02659256 -0.00652594 -0.02773063
v 0.02989588 -0.00816202 -0.02301218
v 0.02651267 -0.00865572 -0.02704716
v 0.02372209 -0.02179317 -0.02155586
v 0.03726280 -0.00760069 -0.00829188
v 0.03744441 -0.00697325 -0.00816159
v 0.03734476 -0.00730302 -0.00825736
v 0.03360349 -0.01024134 -0.01527510
v 0.03356225 -0.01565240 -0.01042718
v 0.03346611 -0.01623205 -0.00991905
v 0.03349991 -0.01659877 -0.00927455
v 0.02910833 -0.01570991 -0.01888198
v 0.02015907 -0.02211701 -0.02525867
v 0.02139690 -0.01761867 -0.02745371
v 0.02932061 -0.02523600 -0.00224288
v 0.01891280 -0.01715740 -0.02949787
v 0.02447894 -0.03020999 -0.00736535
v 0.02455976 -0.02989523 -0.00796617
v 0.02455632 -0.02961246 -0.00867537
v 0.03895034 0.00023024 0.00534605
v 0.03902765 0.00105697 0.00554089
v 0.03897677 0.00067410 0.00541973
v 0.03926062 0.00955520 -0.00246363
v 0.03927113 0.00936496 -0.00285303
v 0.03346101 -0.01523038 0.01183613
v 0.03252087 -0.01449250 0.01455443
v 0.03101355 -0.01913639 0.01278512
v 0.02797362 -0.02105939 0.01574989
v 0.02613089 -0.02429866 0.01485698
v 0.02896564 -0.01967546 0.01562972
v 0.03035440 0.01608356 -0.02125995
v 0.02979956 0.01828910 -0.02060717
v 0.02887961 0.01663118 -0.02289585
v 0.03483827 -0.00978577 0.01361608
v 0.03338894 -0.01235152 0.01464783
v 0.03348096 -0.01160985 0.01489791
v 0.03373082 -0.01108273 0.01486762
v 0.00930919 -0.02257429 -0.02978257
v 0.00903659 -0.02281626 -0.02970659
v 0.00891392 -0.02317441 -0.02952672
v 0.03786417 -0.00379028 0.00931417
v 0.03937018 0.00667692 0.00435558
v 0.03873560 0.00761472 0.00752448
v 0.03866954 0.01266635 0.00287680
v 0.03857321 0.01272380 0.00402668
v 0.03850915 0.01143387 0.00673379
v 0.02993761 0.01803992 -0.02062174
v 0.03193177 -0.01813010 0.01218474
v 0.03192271 -0.01831935 0.01198255
v 0.03188714 -0.01784342 0.01258035
v 0.03773358 0.01682923 -0.00390624
v 0.00830705 -0.01372643 -0.03443021
v 0.00914461 -0.01363332 -0.03435827
v 0.00878084 -0.01363399 -0.03439119
v 0.03629918 0.01935362 -0.00686877
v 0.03734635 0.01661724 -0.00703548
v 0.03438184 0.01893546 -0.01287087
v 0.01548586 -0.03619021 0.00095140
v 0.01321024 -0.03620531 0.00584433
v 0.03793996 0.00224315 0.01168694
v 0.03840450 0.00770188 0.00915904
v 0.03874495 0.00799834 0.00842476
v 0.03112130 -0.01752322 0.01428774
v 0.03685734 0.01959101 0.00054988
v 0.03696718 0.01941699 0.00028721
v 0.03761323 0.01760877 0.00086543
v 0.03741495 0.01675592 0.00544990
v 0.03828032 0.01439716 0.00344399
v 0.03786046 0.01588707 0.00351605
v 0.03735711 0.01663767 0.00625988
v 0.03782005 0.01537568 0.00493769
v 0.03828070 0.01351581 0.00517081
v 0.01942722 0.01548990 -0.03239637
v 0.00482160 -0.02693520 -0.02737409
v 0.00488854 -0.02667309 -0.02754761
v 0.00445988 -0.02724756 -0.02721810
v 0.02776797 0.01748667 -0.02392564
v 0.02433815 0.01955847 -0.02647415
v 0.03846082 0.01324398 0.00400601
v 0.03857097 0.01278273 0.00396784
v 0.03857544 0.01266486 0.00408552
v 0.03087965 0.02129046 -0.01678965
v 0.03092739 0.02059012 -0.01733024
v 0.00172626 -0.02462263 -0.02937932
v 0.03850226 0.01025685 0.00739985
v 0.03855460 0.01006244 0.00706738
v 0.03843789 0.01013808 0.00783760
v 0.02220005 -0.02852907 0.01450634
v 0.02829687 -0.02007227 0.01618975
v 0.00301983 -0.02538186 -0.02878004
v 0.00870780 -0.03577545 -0.00988023
v 0.03702713 0.01923251 -0.00022749
v 0.03017564 -0.01479204 0.01786875
v 0.03727823 0.01800162 0.00270697
v 0.02332127 -0.02745716 0.01455162
v 0.02271969 -0.02779309 0.01485174
v 0.02269550 -0.02750980 0.01521992
v 0.01877215 0.01730668 -0.03199798
v 0.01900864 0.01770273 -0.03170234
v 0.02129975 0.02034116 -0.02870213
v 0.02036036 0.02074075 -0.02916896
v 0.02207698 -0.02762803 0.01572941
v 0.03513917 0.02304237 0.00114857
v 0.00244360 0.03088105 -0.02326752
v 0.00020030 0.03010407 -0.02440136
v -0.00744063 -0.03538588 0.01443875
v -0.01016998 -0.03490273 0.01532057
v -0.01446703 -0.03435690 0.01145856
v -0.01754371 -0.03436636 0.00601331
v -0.01295807 -0.03493284 0.00910803
v -0.01885018 -0.03456054 0.00063470
v -0.01863650 -0.03404276 0.00549510
v -0.01849577 -0.03371830 0.00803856
v -0.01725061 -0.03419465 0.00795749
v -0.01472055 -0.03388960 0.01295556
v -0.01985774 -0.03300096 0.00811611
v -0.01825178 -0.03259264 0.01210996
v -0.01813267 -0.03234664 0.01288052
v -0.01308770 -0.03384649 0.01528175
v -0.00613225 -0.03478773 0.01739611
v -0.00897062 -0.03549175 0.01397176
v -0.00948972 -0.03404896 0.01771960
v 0.00068755 0.02280391 -0.03291689
v -0.00677844 -0.03321001 0.02028156
v -0.00350539 0.02821414 -0.02657286
v -0.00165925 0.02892755 -0.02603035
v 0.02055742 0.03241864 0.01217757
v 0.02057181 0.03309816 0.01037731
v 0.02074859 0.03067758 0.01495571
v 0.01597798 0.03033331 0.01788844
v 0.01848527 0.02952174 0.01794429
v 0.01467309 0.02845365 0.02179530
v 0.01116915 0.02855321 0.02368471
v 0.01024012 0.02813727 0.02481393
v 0.01134087 0.02760813 0.02512414
v 0.01138176 0.02742954 0.02534727
v 0.01035266 0.02804394 0.02492984
v 0.00813284 0.02967605 0.02304588
v 0.00867233 0.03068620 0.02061562
v 0.01069820 0.03176044 0.01609289
v 0.01790637 0.03297981 0.01224903
v 0.01341762 0.03098164 0.01747435
v 0.01500757 0.03417685 0.00932035
v 0.01740074 0.03413328 0.00940877
v 0.01777993 0.03470592 0.00689638
v 0.00107568 0.03039956 -0.02390022
v -0.00552175 0.02913129 -0.02416972
v -0.00040676 0.03080705 -0.02282858
v -0.00512289 0.02753216 -0.02710523
v 0.00241609 0.03176205 -0.02075380
v -0.00371327 0.02991194 -0.02315023
v -0.00717749 0.02834376 -0.02498141
v -0.00846081 0.02740643 -0.02616327
v -0.00968122 0.02891709 -0.02179934
v -0.00804016 0.02815497 -0.02504306
v 0.00827491 0.03205874 -0.00790118
v 0.00444381 0.03212673 -0.01250349
v 0.00696934 0.03280352 -0.01400095
v -0.00280712 0.03048575 -0.01299807
v 0.00477456 0.03065893 -0.00821955
v 0.00733736 0.03226847 -0.01016177
v 0.00125411 0.03197992 -0.01557763
v -0.00143276 0.03123605 -0.01442360
v -0.00646263 0.03008691 -0.01365213
v -0.00482290 0.02969370 -0.01144642
v -0.00840705 0.02958578 -0.01237294
v 0.01671883 0.03475616 0.00651055
v 0.01397781 0.03486926 0.00204962
v 0.00912895 0.03241166 0.01339015
v 0.01278529 0.03335817 0.01147222
v 0.00824481 0.03261404 0.01121642
v 0.01107311 0.03402208 0.00398032
v 0.01386793 0.03478315 0.00620191
v 0.00882323 0.03308358 0.00815386
v 0.00596207 0.03205354 0.01270580
v 0.00804698 0.03199698 0.01512505
v 0.01101385 0.03318157 -0.00577801
v 0.00974133 0.03338239 0.00229169
v 0.01078311 0.03387583 0.00177672
v 0.01029869 0.03289533 -0.00526486
v 0.00702938 0.03127163 -0.00664285
v 0.00737211 0.03110481 -0.00414128
v 0.00815502 0.03209817 -0.00163442
v 0.00529272 0.02928172 0.00072587
v 0.01032023 0.03365796 0.00472718
v 0.00587895 0.03102623 0.00378040
v 0.00717092 0.03207578 0.00432367
v 0.00409643 0.02718571 -0.00177120
v 0.00432169 0.02787703 -0.00311205
v 0.00312317 0.02676539 -0.00407927
v 0.00219069 0.02370613 -0.00211417
v 0.00258157 0.02424201 -0.00143311
v 0.00233289 0.02336990 -0.00062643
v 0.00250323 0.02472603 0.00067190
v 0.00351066 0.02649621 0.00080549
v 0.00279587 0.02760415 0.00347713
v 0.00486274 0.03104299 0.00688097
v 0.00586930 0.03184877 0.00881915
v 0.00634810 0.03211247 0.01008446
v 0.00351131 0.03070533 0.00908384
v 0.00141418 0.02882487 0.00685225
v 0.00111904 0.02925037 0.00829535
v 0.00092663 0.02917688 0.00615659
v 0.00126667 0.02952921 0.00516861
v 0.00248179 0.03011150 0.00736773
v 0.00313956 0.02938048 0.00588136
v 0.00109913 0.02981744 0.00643436
v 0.00112826 0.02952158 0.00681791
v -0.00868929 -0.03516499 0.00914061
v -0.00055683 -0.03415503 0.01916777
v -0.00940970 0.02875932 -0.02284614
v -0.02296179 -0.03014857 -0.00943885
v -0.02680657 -0.02852613 -0.00658947
v -0.02683796 -0.02780691 -0.00766178
v -0.03142890 -0.02171079 -0.00885462
v -0.02813287 -0.02429256 -0.01090814
v -0.03026551 -0.02062725 -0.01237746
v -0.02872484 -0.02076237 -0.01463966
v -0.03350115 -0.01439284 -0.01291702
v -0.03141861 -0.00590743 -0.02231741
v -0.03122992 -0.00945181 -0.02091200
v -0.03135630 -0.00959533 -0.02061030
v -0.03261821 -0.00703647 -0.01962409
v -0.03300181 -0.00928078 -0.01767616
v -0.03323005 -0.00881743 -0.01754005
v -0.03321878 -0.01363554 -0.01408668
v -0.03205598 -0.01554393 -0.01454515
v -0.03128190 -0.01377694 -0.01757707
v -0.03149643 -0.01349680 -0.01744675
v -0.03060111 -0.01184544 -0.02038878
v -0.03155698 -0.01010281 -0.01989497
v -0.00091493 0.03163159 -0.01785662
v -0.00091255 0.03163948 -0.01744180
v -0.01033023 0.02524232 -0.02817231
v -0.01168116 0.02293644 -0.03035667
v -0.01400076 0.02136128 -0.03066286
v -0.01300356 0.02669703 -0.02443700
v -0.01346274 0.02441023 -0.02749887
v -0.01847975 0.02379758 -0.02538728
v -0.01517957 0.02745394 -0.02116363
v -0.01903401 0.02688940 -0.01875106
v -0.01986040 0.02788626 -0.01307362
v -0.01689705 0.02791401 -0.01718783
v -0.02221594 0.02780892 -0.01033799
v -0.02113764 0.02778590 -0.01185095
v -0.02013465 0.02722289 -0.01568094
v -0.02120625 0.02713338 -0.01425022
v -0.01803508 0.02652187 -0.02058742
v -0.02161444 0.02363061 -0.02266829
v -0.02207641 0.02451075 -0.02023645
v -0.02203126 0.02648909 -0.01519012
v -0.02186489 0.02724535 -0.01278352
v -0.02301093 0.02705967 -0.01182910
v -0.02549836 0.02587165 -0.01202470
v -0.02204942 0.02656986 -0.01484290
v -0.02376047 0.02533672 -0.01595703
v -0.02351295 0.02369160 -0.01992573
v -0.02655585 0.02077872 -0.02007071
v -0.02499918 0.02097517 -0.02180843
v -0.02194916 0.02167923 -0.02480122
v -0.01998089 0.02018967 -0.02790958
v -0.02366162 0.01952364 -0.02513645
v -0.02477011 0.02014285 -0.02321244
v -0.02897839 0.01945978 -0.01785343
v -0.02690836 0.02179564 -0.01791475
v -0.02408828 0.02468434 -0.01696222
v -0.02469491 0.02577123 -0.01326046
v -0.02032302 0.02827141 -0.01064857
v -0.02692390 0.02274537 -0.01633128
v -0.02678366 0.02688353 -0.00559644
v -0.02615287 0.02734478 -0.00534821
v -0.02538712 0.02753353 -0.00527110
v -0.02605791 0.02666862 -0.00879889
v -0.02597912 0.02466016 -0.01416279
v -0.02924966 0.02377947 -0.01062276
v -0.02971047 0.02194452 -0.01326394
v -0.02942660 0.02143185 -0.01446920
v -0.03122251 0.02287064 -0.00886802
v -0.02927427 0.02457977 -0.00903017
v -0.02923519 0.02567379 -0.00451496
v -0.03043189 0.02483421 -0.00280505
v -0.02853161 0.02619881 -0.00094227
v 0.01220004 0.03411644 -0.00230340
v 0.00244510 -0.01784551 0.03369495
v 0.00282280 -0.01733012 0.03392132
v -0.00608862 0.02744118 -0.02698369
v -0.00646491 0.02742391 -0.02689446
v -0.00554941 0.02733698 -0.02728446
v 0.01073208 -0.00418383 0.03664440
v -0.00920272 0.02394993 -0.03019084
v 0.00351926 0.03094402 -0.00998280
v 0.00128635 0.02373506 -0.00335212
v 0.00134827 0.02750903 -0.00635944
v 0.00102364 0.02371853 -0.00361296
v 0.00368910 0.02815709 -0.00516712
v 0.00112508 0.02224502 -0.00231907
v -0.00303692 0.02195503 -0.00388524
v -0.00218592 0.02318874 -0.00421316
v -0.00239044 0.02181722 -0.00321665
v -0.00276846 0.02098447 -0.00341949
v -0.00410015 0.02361647 -0.00493056
v -0.00477218 0.02662637 -0.00711001
v -0.00564029 0.02665840 -0.00700477
v -0.00274873 0.02783627 -0.00800831
v -0.00619153 0.02798964 -0.00861822
v -0.00666670 0.02620976 -0.00598190
v -0.00657165 0.02461264 -0.00431077
v 0.00060585 0.02915780 -0.00854644
v -0.00486295 0.02941614 -0.01073020
v -0.01956927 -0.03388020 0.00428325
v -0.02009999 -0.03407199 0.00143060
v 0.00824590 0.03286418 0.00825046
v 0.00312296 -0.01795517 0.03349436
v 0.00300641 -0.01764351 0.03368044
v 0.00500264 0.03071689 0.02186599
v 0.00803511 0.03004260 0.02232884
v 0.00809853 0.02802129 0.02583641
v 0.00025189 0.02713190 0.02813306
v 0.00103998 0.02684819 0.02831587
v 0.00236374 0.02922658 0.02499120
v 0.00443844 0.02924536 0.02470947
v 0.00682190 0.02842436 0.02563701
v 0.00043664 0.02866561 0.02591214
v -0.00118417 0.02785500 0.02705362
v -0.00219445 0.02786969 0.02706648
v -0.00369663 0.02730966 0.02779876
v -0.00433034 0.02704766 0.02792629
v -0.00535453 0.02812293 0.02628936
v -0.00433452 0.02868863 0.02542043
v -0.00216023 0.02903718 0.02521323
v 0.00564778 0.03014010 0.02280304
v 0.00195708 0.03028562 0.02271110
v 0.00445490 0.03152096 0.01912841
v 0.00201554 -0.01905797 0.03313028
v 0.00233528 -0.01924547 0.03298198
v 0.00148932 -0.01901117 0.03323568
v -0.00192075 -0.02452698 0.03019002
v -0.00258271 -0.02447880 0.03025012
v -0.00230147 -0.02447475 0.03026887
v 0.00138662 0.02218496 -0.00118790
v 0.00110005 0.02202606 -0.00188233
v 0.00085357 0.02196680 -0.00088351
v 0.00013613 0.02088797 -0.00230961
v 0.00058591 0.02090036 -0.00171328
v -0.01211056 -0.03119688 0.02112796
v 0.00122166 0.02071804 -0.00040484
v 0.00128250 0.02087943 -0.00030144
v 0.00125564 0.02111744 -0.00019612
v 0.00116324 0.02072989 -0.00008857
v 0.00145799 0.02176128 -0.00036222
v 0.00177490 0.02272990 0.00003126
v 0.00791888 -0.00375495 0.03730438
v 0.00568862 -0.00185078 0.03797229
v 0.00101928 0.02146813 -0.00018363
v 0.00097387 0.02127831 -0.00021670
v 0.00094312 0.02107992 -0.00005581
v 0.00107968 0.02114506 -0.00045932
v 0.00002109 0.02093961 -0.00163384
v -0.00108772 0.02145447 -0.00157984
v -0.00051527 0.02124646 -0.00164593
v -0.00076575 0.02142673 -0.00209176
v 0.00023631 0.02112763 -0.00128279
v -0.00000621 0.02128430 -0.00114088
v 0.00042436 0.02089260 -0.00149103
v 0.00053806 0.02238914 0.00009507
v 0.00129946 0.02249219 0.00023063
v 0.00121844 0.02256731 -0.00000118
v 0.00129312 0.02279807 0.00008630
v 0.00113941 0.02238506 -0.00014675
v 0.00120437 0.02173057 0.00018206
v 0.00114305 0.02203192 -0.00030905
v 0.00115532 0.02200751 -0.00003840
v 0.00160614 0.02350235 0.00058135
v 0.00221324 0.02674003 0.00326520
v 0.00216071 0.02534661 0.00241759
v 0.00140954 0.02407872 0.00227725
v 0.01065316 0.03246813 0.01387147
v 0.01444356 0.03281178 0.01322751
v 0.00926679 0.03205794 0.01522684
v 0.01131150 0.03284114 0.01280648
v -0.00044312 0.02112155 -0.00225630
v -0.00162952 0.02155397 -0.00270962
v -0.00063788 0.02112996 -0.00259218
v -0.00030334 0.02127253 -0.00117343
v 0.00003294 0.02111769 -0.00136606
v -0.00054900 0.02135402 -0.00109245
v -0.00112158 0.02246563 -0.00014456
v -0.00250568 0.02256497 0.00012428
v -0.00152389 0.02279183 0.00035324
v -0.00094880 0.02248821 -0.00038149
v -0.00584381 0.03005896 -0.02120871
v 0.01552717 0.02709424 0.02330780
v 0.01330574 0.02753907 0.02416326
v 0.01298438 0.02743546 0.02443733
v 0.01291017 0.02709824 0.02497004
v 0.01276710 0.02768429 0.02421655
v 0.01017975 0.02648492 0.02712775
v 0.00832105 0.02315638 0.03109310
v 0.00982991 0.02424981 0.02979267
v 0.00466395 0.02608656 0.02876574
v 0.00551246 0.02259880 0.03206424
v 0.00858080 0.02500443 0.02946018
v 0.00169113 0.02451390 0.03094386
v -0.00395666 0.02391306 0.03129598
v -0.00549313 0.02298818 0.03182538
v -0.00490365 0.02497871 0.03022087
v 0.00061528 0.02289149 0.00053531
v -0.00003067 0.02167683 -0.00063919
v 0.00137674 0.02335595 0.00148378
v 0.00141296 0.02343361 0.00121829
v 0.00124353 0.02362213 0.00200831
v 0.00049746 0.02304383 0.00064524
v -0.00801101 0.02701657 -0.00647852
v 0.01357216 0.02885894 0.02178209
v 0.01261100 0.02911533 0.02188304
v 0.01205561 0.02915498 0.02212969
v 0.01306725 0.02929651 0.02133894
v 0.00542829 -0.01061442 0.03616761
v -0.02209281 -0.03162522 0.00892313
v -0.01937726 -0.03258149 0.01083286
v -0.00247471 0.02137249 -0.00281601
v -0.00238442 0.02139305 -0.00154553
v -0.00390423 0.02141406 -0.00083971
v -0.00145376 0.02198036 -0.00117443
v -0.00450066 0.02110819 -0.00031394
v -0.00451272 0.02155802 -0.00083001
v -0.00434623 0.02077146 -0.00203328
v 0.00104957 0.02338727 0.00144806
v -0.00064110 0.02323415 0.00058688
v 0.00028101 0.02360384 0.00116991
v -0.00012386 0.02359426 0.00142741
v -0.03010942 -0.02523522 -0.00614305
v -0.03038446 -0.02370162 -0.00793331
v -0.03254223 -0.02006996 -0.00877577
v -0.03372191 -0.01365117 -0.01309125
v -0.03555399 -0.01013075 -0.01202194
v -0.03408730 -0.01204641 -0.01360449
v -0.03506429 -0.00654280 -0.01501661
v -0.03325900 -0.01042437 -0.01654821
v -0.03631581 -0.00401148 -0.01360543
v -0.03736062 -0.00912240 -0.00882370
v -0.03649487 -0.00886634 -0.01086301
v -0.03878060 0.00151066 -0.00878338
v -0.03762010 -0.00351273 -0.01088317
v -0.03858138 -0.00557938 -0.00795586
v -0.03768339 -0.00958707 -0.00759253
v -0.03552716 -0.01308716 -0.00988331
v -0.03418020 -0.01636167 -0.00995308
v -0.03405320 -0.02023848 -0.00446131
v -0.03589416 -0.01474484 -0.00766559
v -0.03780603 -0.01094681 -0.00642473
v -0.03487630 -0.01794055 -0.00644187
v -0.03920656 -0.00776129 -0.00253784
v -0.03701746 -0.01404345 -0.00491918
v -0.03638653 -0.01603901 -0.00376720
v -0.03448452 -0.02012310 -0.00266934
v -0.03351429 -0.02151263 -0.00251371
v -0.03428757 -0.02035045 -0.00302640
v -0.03203369 -0.02349289 -0.00407540
v -0.03282022 -0.02270572 -0.00276128
v -0.03522216 -0.01890870 -0.00160854
v -0.03780868 -0.01325424 -0.00083655
v -0.03635155 -0.01663841 -0.00086659
v -0.03720562 -0.01478293 0.00013994
v -0.03832179 -0.01175810 0.00031121
v -0.03755359 -0.01379315 -0.00312155
v -0.03948242 0.00242668 -0.00699139
v -0.03862615 0.00777726 -0.00834766
v -0.03629512 0.01263143 -0.01118763
v -0.03881580 0.00870371 -0.00709549
v -0.03884967 0.00918392 -0.00664940
v -0.03913383 0.00724404 -0.00669353
v -0.03959921 0.00580636 -0.00545386
v -0.03890230 0.00581254 -0.00842684
v -0.03958458 0.00495693 -0.00599289
v -0.03995272 0.00222155 -0.00509323
v -0.03931472 -0.00304943 -0.00670290
v -0.03952421 -0.00411359 -0.00499094
v -0.03980140 -0.00393743 -0.00324395
v -0.03963201 -0.00515619 -0.00337436
v -0.03958130 -0.00696304 -0.00001814
v -0.03843127 -0.01120784 -0.00082875
v -0.03862163 -0.01064786 -0.00128729
v -0.03934940 -0.00792440 0.00058233
v -0.03948418 -0.00712524 0.00120946
v -0.04000834 -0.00367941 0.00026718
v -0.03967951 -0.00574677 0.00150887
v -0.03778478 -0.01313202 0.00052393
v -0.03548553 -0.01837109 0.00047334
v -0.03056088 -0.02569245 -0.00310342
v -0.03364112 -0.02167552 0.00023730
v -0.03374919 -0.02139006 -0.00130095
v -0.03320502 -0.02225621 -0.00008184
v -0.03312974 -0.02235634 0.00005095
v -0.03286594 -0.02278323 0.00018584
v -0.03316591 -0.02232391 0.00055247
v -0.03556743 -0.01812248 0.00131174
v -0.03739791 -0.01426574 0.00123472
v -0.03793454 -0.01237275 0.00293660
v -0.03851111 -0.01090356 0.00170949
v -0.03811425 -0.01185756 0.00276265
v -0.03804489 -0.01123248 0.00547833
v -0.03832873 -0.00968809 0.00636394
v -0.03527684 -0.01855494 0.00233804
v -0.03351675 -0.02160566 0.00151684
v -0.03573944 -0.01694634 0.00414783
v -0.02654827 0.00513489 -0.02940993
v 0.00204837 0.02834318 0.00506484
v 0.00205448 0.02823801 0.00488186
v 0.00023931 0.02939842 0.00439275
v 0.00040681 0.03026114 0.00492692
v 0.00137814 0.02540807 0.00306628
v 0.00177553 0.02824296 0.00442378
v 0.00087056 0.02589984 0.00315646
v -0.00024932 0.02619630 0.00296004
v 0.00109457 0.02368783 0.00225210
v -0.00019589 0.02404249 0.00162980
v 0.00025268 0.02428672 0.00242776
v -0.00055696 0.02498826 0.00194715
v -0.02713163 -0.02889118 -0.00500287
v -0.03050281 -0.02572071 -0.00264447
v -0.02679269 -0.02941279 -0.00454688
v -0.01198103 -0.02604684 0.02723205
v -0.01380753 -0.02604216 0.02624686
v -0.01231245 -0.02504481 0.02796383
v -0.01050311 -0.02380707 0.02955650
v -0.01442320 -0.02412978 0.02778308
v -0.01727350 -0.02057045 0.02911699
v -0.01452961 -0.02147171 0.02970620
v -0.01603523 -0.02024201 0.02999206
v -0.02031731 -0.01841489 0.02855853
v -0.01900453 -0.01679818 0.03051553
v -0.01703909 -0.01882981 0.03028395
v -0.01820476 -0.01908861 0.02941996
v -0.01653386 -0.01874437 0.03049066
v -0.01613635 -0.01792479 0.03129595
v -0.01698184 -0.01762324 0.03105965
v -0.01633556 -0.01724007 0.03151800
v -0.02020600 -0.01615506 0.03006704
v -0.02244263 -0.01403805 0.02955504
v -0.02124558 -0.01848351 0.02795100
v -0.02407790 -0.01488237 0.02758022
v -0.02273223 -0.01461016 0.02911863
v -0.00473133 0.02085727 -0.00238915
v -0.00371625 0.02102887 -0.00316585
v -0.00477400 0.02082914 -0.00206158
v -0.00507182 0.02180307 -0.00307614
v -0.00122847 0.02274991 0.00081223
v -0.00110876 0.02286555 0.00096352
v -0.00124773 0.02286386 0.00053785
v -0.00312679 0.02191271 0.00078415
v -0.00273865 0.02177391 0.00147266
v -0.00224491 0.02184794 0.00105555
v -0.00316732 0.02177818 0.00210231
v 0.01252820 0.02825733 0.02344758
v 0.01236242 0.02949173 0.02129817
v -0.00147591 0.02261509 0.00116207
v -0.00283295 0.02348579 0.00370171
v -0.00159224 0.02337991 0.00199164
v -0.00195065 0.02438777 0.00245120
v 0.00089312 0.03426989 0.00701869
v 0.00045652 0.03152475 0.00525208
v 0.00448818 0.03975717 0.01087830
v 0.00662550 0.04287514 0.01188550
v 0.00576329 0.04296244 0.01213138
v 0.00488979 0.04130148 0.01111384
v 0.00561751 0.04176195 0.01254464
v 0.00504629 0.04049563 0.01186474
v 0.00518747 0.03989256 0.01159068
v 0.00502574 0.04018999 0.01160124
v 0.00371226 0.03829606 0.00921543
v 0.00415783 0.03924260 0.01038545
v 0.00342232 0.03869163 0.00998141
v 0.00350429 0.03822499 0.01021883
v 0.00312711 0.03678221 0.00968592
v 0.00279442 0.03662527 0.00955402
v 0.00262952 0.03663864 0.00941067
v 0.00285081 0.03646260 0.00955052
v 0.00258684 0.03690469 0.00893821
v 0.00159125 0.03530699 0.00845308
v 0.00028281 0.03322781 0.00703275
v 0.00077930 0.03339669 0.00741304
v -0.00025064 0.03137524 0.00563787
v -0.00010219 0.03173101 0.00601164
v -0.00086406 0.02891532 0.00428487
v -0.00205226 0.02500090 0.00525500
v -0.00131591 0.02718395 0.00596984
v -0.00114774 0.02921396 0.00485894
v -0.00035457 0.02824364 0.00660631
v -0.00065455 0.02786097 0.00637846
v -0.00062348 0.02977961 0.00591243
v -0.00322252 0.02192232 0.00027020
v -0.00228444 0.02458041 0.00297638
v -0.00178705 0.02633460 0.00333185
v -0.00168114 0.02662542 0.00607138
v -0.00223380 0.02612242 0.00600040
v -0.00229294 0.02387896 0.00453695
v -0.00248797 0.02366020 0.00429910
v -0.00193092 0.02439068 0.00477020
v -0.00185283 0.02545335 0.00409956
v -0.00246452 0.02489140 0.00368632
v -0.00280047 0.02380568 0.00342024
v -0.00646158 0.02457928 -0.00432587
v -0.00705580 0.02389972 -0.00198365
v -0.00710496 0.02495819 -0.00392847
v -0.00874172 0.02648561 -0.00470240
v -0.00961594 0.02699461 -0.00472663
v -0.01007385 0.02693402 -0.00367581
v -0.00832950 0.02528882 -0.00237075
v -0.00470543 0.02108212 -0.00024748
v -0.00419089 0.02103109 0.00025491
v -0.00444027 0.02109361 0.00018382
v -0.00450676 0.02114726 0.00038473
v -0.00442898 0.02289638 0.00220327
v -0.00321437 0.02187250 0.00211289
v -0.00350941 0.02367355 0.00324404
v -0.00537084 0.02244329 0.00161323
v -0.00622211 0.02398387 0.00269560
v -0.00535475 0.02341047 0.00293627
v -0.00435698 0.02383014 0.00438466
v -0.00459609 0.02386064 0.00428139
v -0.00405636 0.02378460 0.00447321
v -0.00437974 0.02430465 0.00477346
v -0.00383142 0.02418456 0.00486794
v -0.00366210 0.02408929 0.00477802
v -0.00370283 0.02379088 0.00467448
v -0.00331928 0.02403457 0.00472833
v -0.00359029 0.02539497 0.00603464
v -0.00283311 0.02535286 0.00586905
v -0.00229517 0.02731448 0.00742703
v -0.00228502 0.02808523 0.00833060
v -0.00210995 0.02691119 0.00675478
v -0.00474189 0.02559540 0.00591143
v -0.00390512 0.02680272 0.00720845
v -0.00446581 0.02958130 0.01092885
v -0.00042701 0.02881647 0.00866001
v 0.00008015 0.03044371 0.01120691
v 0.00094030 0.03026819 0.01043968
v 0.00163233 0.03092491 0.01173585
v 0.00195847 0.03115181 0.01218680
v -0.00232429 0.03104265 0.01400080
v -0.00087279 0.02914331 0.00926650
v -0.00373926 0.03067714 0.01320997
v -0.00802284 0.03010199 0.01239302
v -0.00820442 0.02999007 0.01200864
v -0.00744879 0.02963357 0.01121039
v -0.00795957 0.03026636 0.01293909
v -0.00766104 0.03052487 0.01398456
v -0.00923535 0.03009258 0.01212326
v -0.01023244 0.03017201 0.01226315
v -0.01066138 0.03015466 0.01217276
v -0.01087976 0.03026083 0.01269199
v -0.01102462 0.03004334 0.01141778
f 4 2 1
f 4 1 5
f 1 3 5
f 5 6 4
f 5 8 6
f 7 8 5
f 5 3 7
f 8 7 9
f 3 10 7
f 9 7 10
f 11 14 12
f 14 13 12
f 13 11 12
f 15 14 16
f 15 16 17
f 17 14 15
f 20 18 19
f 20 19 21
f 18 21 19
f 24 22 23
f 23 25 24
f 26 27 25
f 27 26 28
f 26 25 28
f 23 22 25
f 30 29 31
f 29 32 31
f 30 32 29
f 36 33 34
f 33 35 34
f 36 35 33
f 37 38 39
f 37 39 40
f 42 43 41
f 43 42 44
f 41 44 42
f 45 46 47
f 50 49 51
f 49 48 51
f 50 52 49
f 50 53 52
f 54 52 53
f 50 54 53
f 49 52 48
f 55 56 57
f 59 62 60
f 60 63 59
f 58 61 62
f 62 61 60
f 63 60 64
f 60 61 64
f 68 66 65
f 65 66 67
f 65 67 68
f 69 70 72
f 71 70 69
f 72 70 71
f 338 74 73
f 73 74 75
f 73 75 76
f 73 76 77
f 62 59 58
f 79 80 78
f 80 79 81
f 78 80 81
f 82 83 84
f 84 83 85
f 82 85 83
f 87 88 86
f 88 87 89
f 86 89 87
f 93 91 90
f 91 92 90
f 90 92 93
f 94 95 96
f 96 95 94
f 97 98 99
f 100 101 102
f 101 103 102
f 101 100 103
f 105 107 104
f 105 104 106
f 105 106 107
f 110 108 109
f 109 108 111
f 111 108 110
f 113 114 112
f 114 115 117
f 114 116 115
f 117 115 116
f 113 118 114
f 112 118 113
f 121 119 120
f 121 120 122
f 120 119 122
f 124 122 123
f 124 123 125
f 128 126 127
f 128 127 134
f 128 134 129
f 128 129 130
f 132 130 131
f 133 132 131
f 131 130 133
f 129 134 130
f 127 126 134
f 123 122 125
f 138 137 135
f 136 137 138
f 135 136 138
f 141 139 140
f 141 140 142
f 140 139 142
f 145 143 144
f 144 146 145
f 144 143 146
f 147 149 148
f 148 150 147
f 150 149 147
f 151 153 152
f 153 151 154
f 152 154 151
f 156 157 155
f 160 157 156
f 158 159 179
f 156 179 159
f 159 160 156
f 159 214 160
f 160 161 162
f 162 161 163
f 161 160 163
f 164 165 169
f 169 165 168
f 165 167 168
f 168 167 537
f 537 166 170
f 167 165 537
f 165 166 537
f 155 171 156
f 171 172 156
f 175 173 174
f 174 176 175
f 174 173 176
f 179 177 158
f 177 159 158
f 177 178 159
f 177 179 178
f 179 183 178
f 180 181 182
f 179 156 183
f 184 183 156
f 172 184 156
f 185 186 187
f 188 189 190
f 193 192 191
f 191 196 193
f 196 194 193
f 196 195 194
f 194 195 193
f 191 192 196
f 199 197 198
f 199 198 200
f 198 197 200
f 202 201 203
f 203 201 204
f 201 202 204
f 205 206 207
f 207 228 205
f 205 228 206
f 165 164 208
f 165 208 209
f 211 212 210
f 213 212 211
f 211 210 213
f 178 214 159
f 215 217 216
f 223 217 215
f 219 223 218
f 219 218 220
f 219 220 221
f 221 222 219
f 222 221 220
f 218 223 220
f 216 223 215
f 226 224 225
f 226 225 227
f 225 224 227
f 232 229 230
f 232 230 231
f 233 232 234
f 234 235 233
f 235 234 232
f 230 229 231
f 238 236 237
f 238 237 239
f 239 237 236
f 242 241 240
f 242 240 243
f 241 243 240
f 246 245 244
f 246 247 245
f 247 244 245
f 248 250 249
f 251 248 249
f 250 248 251
f 252 253 254
f 255 256 257
f 260 259 258
f 258 261 260
f 258 259 261
f 262 264 263
f 263 264 265
f 264 262 265
f 268 267 266
f 266 269 268
f 266 267 269
f 270 272 271
f 273 275 274
f 273 276 275
f 273 274 276
f 277 278 279
f 285 385 287
f 285 281 385
f 281 283 280
f 283 281 282
f 281 285 282
f 284 287 282
f 285 287 284
f 285 284 282
f 288 287 286
f 282 287 288
f 385 286 287
f 291 290 292
f 290 291 293
f 292 290 293
f 294 295 296
f 295 294 297
f 294 296 297
f 301 299 298
f 298 299 300
f 301 298 300
f 299 302 300
f 303 302 299
f 300 302 303
f 304 305 307
f 305 306 307
f 305 304 306
f 310 308 309
f 310 309 311
f 309 308 311
f 314 316 312
f 313 314 312
f 313 315 314
f 316 314 315
f 317 316 315
f 315 313 317
f 320 319 321
f 319 320 318
f 319 318 321
f 323 322 324
f 325 323 324
f 322 323 325
f 326 328 327
f 329 327 328
f 329 326 327
f 330 332 331
f 333 332 330
f 333 330 331
f 335 336 334
f 337 334 336
f 335 334 337
f 338 73 77
f 280 339 281
f 165 209 166
f 341 260 340
f 341 340 342
f 340 260 342
f 343 344 341
f 344 343 346
f 346 345 348
f 345 346 347
f 348 345 347
f 346 343 341
f 351 352 350
f 350 352 349
f 350 349 351
f 289 354 355
f 356 289 355
f 355 354 356
f 356 357 358
f 356 358 359
f 358 357 359
f 363 360 361
f 363 361 362
f 362 361 360
f 353 364 365
f 366 353 365
f 366 365 364
f 372 367 368
f 372 369 367
f 369 368 367
f 372 368 370
f 370 368 371
f 372 370 378
f 373 372 378
f 374 372 373
f 374 373 378
f 375 376 370
f 378 370 380
f 378 380 379
f 377 379 380
f 383 381 382
f 382 384 383
f 384 382 381
f 339 385 281
f 386 387 388
f 390 389 391
f 391 389 393
f 391 393 390
f 392 393 394
f 392 394 395
f 395 393 392
f 398 396 397
f 397 399 398
f 396 399 397
f 403 400 401
f 400 402 401
f 402 403 401
f 404 408 405
f 404 406 408
f 405 406 404
f 408 407 409
f 407 410 409
f 408 410 407
f 408 411 414
f 414 411 412
f 414 412 413
f 413 415 414
f 413 412 415
f 411 408 412
f 418 416 417
f 419 416 418
f 419 418 417
f 2 3 1
f 421 420 422
f 421 422 423
f 422 420 423
f 424 426 425
f 427 426 424
f 424 425 427
f 429 430 428
f 428 430 431
f 431 429 428
f 432 433 434
f 436 438 435
f 436 437 438
f 435 437 436
f 441 439 440
f 442 441 440
f 440 439 442
f 443 444 445
f 448 446 447
f 448 447 449
f 446 449 447
f 450 451 452
f 454 453 455
f 455 456 454
f 457 456 455
f 456 457 454
f 455 453 458
f 454 458 453
f 460 459 461
f 459 462 461
f 462 459 460
f 463 464 465
f 466 467 468
f 471 469 470
f 470 472 471
f 470 469 472
f 475 474 473
f 476 475 473
f 476 473 474
f 479 477 478
f 478 480 479
f 477 480 478
f 481 482 483
f 486 484 485
f 486 485 487
f 484 487 485
f 371 375 370
f 493 492 490
f 493 488 492
f 488 493 489
f 492 488 489
f 491 490 492
f 493 490 491
f 496 502 494
f 498 496 499
f 496 500 499
f 496 501 500
f 497 501 496
f 502 496 498
f 504 505 503
f 504 503 506
f 506 503 505
f 507 508 509
f 507 509 553
f 508 553 509
f 510 511 512
f 515 513 514
f 515 514 517
f 514 513 517
f 517 513 516
f 516 518 517
f 516 513 518
f 519 526 520
f 521 520 526
f 523 521 522
f 523 522 524
f 522 521 524
f 521 526 527
f 527 526 525
f 527 525 528
f 528 525 529
f 525 519 529
f 526 519 525
f 530 531 532
f 533 532 531
f 534 535 536
f 534 533 535
f 534 536 533
f 531 530 533
f 538 168 537
f 169 168 538
f 538 537 170
f 542 541 540
f 542 786 541
f 542 543 545
f 542 540 543
f 540 557 544
f 545 540 544
f 545 544 546
f 542 545 548
f 548 545 547
f 545 546 547
f 549 550 551
f 551 550 552
f 550 549 552
f 554 555 556
f 557 540 539
f 647 561 769
f 769 561 559
f 559 736 769
f 562 496 494
f 562 495 496
f 563 564 565
f 566 563 565
f 566 565 564
f 567 568 569
f 654 539 540
f 570 571 572
f 573 535 574
f 576 575 577
f 578 577 575
f 576 578 575
f 580 581 579
f 581 580 582
f 580 579 582
f 283 282 660
f 583 584 585
f 588 587 586
f 586 589 588
f 586 587 589
f 495 497 496
f 591 590 592
f 592 590 598
f 594 593 598
f 593 594 595
f 593 597 598
f 595 597 593
f 595 596 597
f 596 595 858
f 596 858 597
f 599 600 601
f 602 604 605
f 604 602 603
f 604 603 605
f 602 606 603
f 606 602 607
f 603 606 607
f 610 609 608
f 610 608 611
f 609 610 611
f 590 591 598
f 614 612 613
f 614 613 615
f 613 612 615
f 618 616 617
f 617 619 618
f 616 619 617
f 624 620 621
f 621 620 622
f 622 620 624
f 626 623 625
f 625 627 626
f 623 627 625
f 628 629 627
f 630 629 628
f 630 627 629
f 633 632 631
f 633 631 634
f 631 632 634
f 634 632 635
f 632 636 635
f 636 637 638
f 639 636 638
f 639 638 637
f 634 635 636
f 640 641 642
f 645 643 644
f 645 644 646
f 644 643 646
f 647 648 709
f 558 648 647
f 647 709 770
f 561 647 770
f 561 770 649
f 649 650 561
f 651 652 653
f 540 655 654
f 655 540 541
f 656 657 658
f 656 658 659
f 659 658 657
f 282 288 660
f 661 558 647
f 647 662 661
f 662 647 769
f 664 665 663
f 663 665 666
f 663 666 664
f 667 668 669
f 669 670 667
f 670 669 668
f 672 671 673
f 671 674 673
f 672 674 671
f 675 676 677
f 675 677 705
f 676 675 705
f 680 679 678
f 681 680 678
f 681 678 682
f 682 680 681
f 683 679 680
f 683 678 679
f 684 685 686
f 688 687 690
f 687 688 689
f 689 690 687
f 370 377 380
f 377 370 691
f 370 376 691
f 694 376 693
f 692 694 693
f 376 694 692
f 695 696 697
f 698 699 700
f 701 703 702
f 701 704 703
f 701 702 704
f 707 705 706
f 705 707 708
f 708 707 706
f 709 648 710
f 711 712 713
f 714 716 715
f 716 714 717
f 717 715 716
f 719 714 718
f 719 718 720
f 718 714 721
f 721 720 718
f 714 722 721
f 723 722 714
f 723 721 722
f 724 725 726
f 724 726 727
f 725 724 727
f 728 729 730
f 734 732 731
f 734 928 732
f 733 928 734
f 733 735 737
f 735 806 736
f 738 737 735
f 738 735 739
f 560 735 561
f 561 650 560
f 735 559 561
f 560 650 735
f 649 740 650
f 650 740 735
f 735 740 741
f 739 735 741
f 742 743 744
f 746 747 745
f 746 748 747
f 749 748 746
f 747 748 745
f 753 754 752
f 754 753 759
f 755 760 751
f 755 750 760
f 755 751 750
f 752 756 750
f 752 750 753
f 751 753 750
f 758 759 760
f 751 760 759
f 751 759 753
f 763 761 762
f 763 764 761
f 761 764 762
f 765 733 734
f 731 765 734
f 766 767 768
f 736 806 769
f 770 709 710
f 772 773 771
f 774 773 772
f 774 772 771
f 776 778 777
f 776 775 778
f 780 779 781
f 782 780 781
f 781 779 782
f 783 784 785
f 786 542 548
f 787 793 789
f 789 793 790
f 790 793 929
f 793 788 792
f 793 792 794
f 792 795 794
f 797 796 795
f 797 795 792
f 798 799 800
f 800 801 798
f 801 800 799
f 804 802 803
f 803 805 804
f 802 805 803
f 543 540 545
f 775 776 777
f 806 733 765
f 806 735 733
f 807 808 809
f 736 559 735
f 812 811 810
f 813 811 812
f 812 810 813
f 814 815 816
f 817 814 816
f 815 817 816
f 819 818 820
f 821 819 820
f 821 818 819
f 825 822 823
f 824 825 823
f 824 823 822
f 793 787 788
f 829 827 826
f 827 828 826
f 826 828 829
f 830 832 831
f 833 835 832
f 834 835 833
f 835 834 836
f 836 837 835
f 834 837 836
f 835 837 838
f 835 838 842
f 837 842 838
f 839 842 840
f 839 840 841
f 839 841 842
f 833 832 834
f 844 846 843
f 843 845 844
f 846 844 845
f 847 848 849
f 850 852 851
f 850 853 852
f 851 852 853
f 854 856 855
f 856 854 857
f 854 855 857
f 750 756 760
f 760 756 757
f 860 861 859
f 862 859 861
f 861 860 862
f 863 864 865
f 830 831 866
f 832 830 866
f 831 867 866
f 831 869 867
f 869 868 870
f 869 870 871
f 872 871 873
f 874 872 873
f 871 874 873
f 868 871 870
f 869 866 867
f 875 876 877
f 880 879 878
f 880 881 879
f 878 879 881
f 793 794 882
f 791 793 882
f 796 794 795
f 794 796 882
f 883 884 885
f 888 887 886
f 891 888 886
f 889 888 891
f 890 888 889
f 891 890 889
f 892 891 886
f 887 892 886
f 893 895 894
f 896 895 893
f 896 894 895
f 900 898 897
f 899 900 897
f 898 900 899
f 903 901 902
f 903 902 904
f 904 902 901
f 907 906 908
f 905 906 907
f 907 908 905
f 909 911 912
f 910 912 911
f 909 912 910
f 913 914 915
f 916 918 917
f 916 919 918
f 916 917 919
f 921 922 920
f 922 921 923
f 923 921 920
f 924 925 926
f 927 925 924
f 925 927 926
f 928 733 737
f 758 760 757
f 929 793 791
f 932 931 930
f 931 932 933
f 930 931 933
f 936 934 935
f 936 935 937
f 935 934 937
f 938 939 940
f 943 941 942
f 944 941 943
f 943 942 944
f 946 948 945
f 948 946 947
f 945 947 946
f 949 951 950
f 952 950 951
f 949 950 952
f 955 954 953
f 956 954 955
f 953 954 956
f 957 958 959
f 960 957 959
f 958 957 960
f 961 963 962
f 964 963 961
f 964 962 963
f 965 967 968
f 966 965 968
f 966 967 965
f 971 969 970
f 971 970 972
f 969 972 970
f 973 974 975
f 976 977 978
f 981 1212 1090
f 1090 980 981
f 985 1689 983
f 985 1460 1689
f 988 987 989
f 990 992 989
f 992 990 987
f 987 991 992
f 994 1045 992
f 993 1044 1043
f 996 993 994
f 996 994 995
f 995 994 992
f 995 992 991
f 987 995 991
f 987 996 995
f 986 996 987
f 990 989 987
f 999 997 986
f 998 997 999
f 998 986 997
f 1000 1002 1092
f 1253 1252 1464
f 1003 1083 1254
f 1006 1007 1005
f 1005 1009 1241
f 1007 1011 1005
f 1005 1011 1008
f 1009 1005 1008
f 1008 1010 1009
f 1011 1010 1008
f 1007 1085 1011
f 1085 1012 1011
f 1085 1013 1014
f 1085 1014 1012
f 1032 1013 1085
f 1033 1014 1013
f 1024 1033 1015
f 1033 1024 1017
f 1017 1024 1016
f 1017 1016 1023
f 1023 1019 1017
f 1021 1019 1023
f 1018 1019 1021
f 1035 1018 1020
f 1020 1021 1035
f 1020 1018 1021
f 1022 1035 1023
f 1022 1023 1053
f 1021 1023 1035
f 1023 1016 1053
f 1053 1016 1025
f 1053 1025 1024
f 1025 1016 1024
f 1022 1053 1035
f 1035 1036 1018
f 1036 1051 1018
f 1044 1037 1051
f 1044 1038 1037
f 1027 1037 1026
f 1037 1027 1018
f 1027 1026 1018
f 1018 1026 1019
f 1030 1082 1071
f 1072 1082 1030
f 1031 1086 1072
f 1031 1085 1086
f 1032 1085 1067
f 1013 1032 1067
f 1067 1033 1013
f 1036 1035 1054
f 1036 1054 1051
f 1037 1018 1051
f 1042 1038 1044
f 1042 1039 1040
f 1040 1039 1041
f 1042 1041 1039
f 1042 1044 993
f 994 1043 1044
f 994 993 1043
f 1044 1051 994
f 994 1046 1045
f 1045 1046 992
f 1047 1046 994
f 1047 994 1051
f 1047 1051 1046
f 1050 1051 1048
f 1048 1049 1054
f 1049 1048 1051
f 1051 1054 1049
f 1050 1048 992
f 1051 1050 992
f 992 1046 1051
f 1048 989 992
f 988 989 1055
f 1055 987 988
f 1055 989 1056
f 1056 989 1048
f 1052 1048 1054
f 1052 1055 1048
f 1052 1054 1055
f 1034 1054 1035
f 1054 1034 1053
f 1035 1053 1034
f 1053 1024 1059
f 1056 1048 1055
f 1057 1463 987
f 1463 1057 1460
f 987 1460 1057
f 1054 1065 1058
f 1054 1059 1065
f 1059 1060 1064
f 1024 1063 1060
f 1063 1061 1062
f 1063 1024 1061
f 1015 1068 1024
f 1066 1062 1061
f 1063 1062 1066
f 1065 1059 1064
f 1073 1064 1066
f 1067 1015 1033
f 1069 1015 1067
f 1069 1068 1015
f 1069 1067 1068
f 1067 1070 1068
f 1085 1070 1067
f 1068 1466 1061
f 1070 1072 1068
f 1072 1070 1085
f 1085 1031 1072
f 1072 1030 1071
f 1068 1072 1071
f 1066 1068 1071
f 1466 1068 1066
f 1071 1074 1066
f 1075 1029 1074
f 1213 1075 1074
f 1075 1213 1029
f 1074 1029 1073
f 1066 1074 1073
f 1064 1073 1078
f 1089 1029 1078
f 1029 1089 1073
f 1064 1078 1065
f 1237 1065 1079
f 982 1077 981
f 1212 1077 982
f 1212 981 1077
f 1078 1081 1065
f 1081 1078 1076
f 1079 1081 1080
f 1081 1079 1065
f 1081 1002 1000
f 1082 1083 1003
f 1082 1084 1083
f 1086 1084 1082
f 1083 1084 1086
f 1086 1004 1083
f 1004 1086 1085
f 1028 1076 1029
f 1080 1081 979
f 1076 1078 1029
f 1028 1081 1076
f 1081 1029 1087
f 1072 1086 1082
f 1071 1082 1003
f 1029 1213 1088
f 1087 1029 1088
f 1081 1000 979
f 1073 1089 1078
f 1028 1029 1081
f 1080 979 984
f 1091 984 979
f 1091 1212 984
f 1212 1091 1090
f 1211 979 1000
f 1211 1000 1092
f 1079 1080 1237
f 1001 1002 1081
f 1095 1094 1093
f 1094 1097 1263
f 1096 1098 1263
f 1096 1097 1098
f 1263 1097 1096
f 1098 1097 1094
f 1094 1099 1098
f 1238 1099 1094
f 1099 1238 1100
f 1239 1100 1238
f 1239 1242 1100
f 1508 1467 1102
f 1105 1103 1104
f 1106 1103 1105
f 1105 1104 1106
f 1107 1496 1108
f 1109 1108 1110
f 1111 1109 1110
f 1109 1111 1108
f 1113 2246 1112
f 3151 1115 1119
f 1119 1121 1120
f 1133 1121 1122
f 1133 1122 1140
f 1140 1122 1124
f 1122 1123 1124
f 1125 1140 1127
f 1125 1127 1160
f 1126 1125 1160
f 1160 1124 1130
f 1124 1160 1127
f 1140 1124 1127
f 1124 1123 1128
f 1123 1122 1128
f 1124 1128 1162
f 1124 1161 1130
f 1126 1160 1131
f 1132 1126 1131
f 1132 1125 1126
f 1140 1125 1132
f 1134 1140 1132
f 1135 1133 1140
f 1140 1139 1135
f 1137 1142 1136
f 1137 1136 1138
f 1137 1138 1139
f 1140 1134 1148
f 1137 1139 1140
f 1137 1141 1145
f 1142 1137 1145
f 1144 1143 1145
f 1146 1144 1145
f 1144 1146 1143
f 1145 1147 1146
f 1145 1141 1147
f 1137 1140 1148
f 1148 1134 1159
f 1148 1159 1149
f 1141 1148 1157
f 1150 1148 1141
f 1137 1148 1150
f 1137 1150 1141
f 1147 1141 1151
f 1151 1152 1147
f 1151 1141 1152
f 1152 1141 1157
f 1153 1152 1157
f 1147 1152 1153
f 1153 1146 1147
f 1155 1153 1154
f 1154 1156 1155
f 1153 1156 1154
f 1168 1169 1202
f 1168 1158 1166
f 1157 1158 1168
f 1157 1148 1158
f 1148 1149 1158
f 1149 1159 1158
f 1158 1159 1134
f 1158 1134 1130
f 1130 1134 1160
f 1130 1162 1129
f 1161 1162 1130
f 1124 1162 1161
f 1162 1128 1163
f 1162 1164 1129
f 1129 1176 1130
f 1166 1158 1130
f 1166 1130 1167
f 1168 1166 1169
f 1167 1169 1166
f 1165 1169 1167
f 1130 1165 1167
f 1130 1176 1165
f 1165 1176 1169
f 1169 1176 1170
f 1171 1169 1170
f 1171 1170 1172
f 1171 1172 1173
f 1171 1173 1169
f 1173 1175 1169
f 1169 1175 1174
f 1173 1129 1175
f 1176 1129 1173
f 1177 1175 1129
f 1177 1194 1175
f 1177 1129 1194
f 1178 1129 1164
f 1164 1162 1178
f 1162 1163 1121
f 1163 1128 1121
f 1162 1121 1178
f 1128 1122 1121
f 1121 1179 1178
f 1180 1178 1181
f 1178 1182 1181
f 1179 1182 1178
f 1179 1121 1182
f 1119 1185 1121
f 1180 1181 1182
f 1178 1180 1187
f 1129 1178 1187
f 1129 1187 1194
f 1187 1180 1194
f 1121 1186 1182
f 1185 1119 1188
f 1188 1119 1118
f 2244 1118 1191
f 1188 1118 2244
f 2244 1191 2243
f 1192 1186 1184
f 1182 1186 1180
f 1186 1192 1205
f 1192 1184 1205
f 1186 1205 1206
f 1186 1206 1180
f 1180 2254 1195
f 1180 1195 1194
f 1195 2254 1194
f 1194 2254 1200
f 1200 1175 1194
f 1175 1200 1196
f 1175 1196 1197
f 1175 1197 1174
f 1199 1174 1197
f 1198 1199 1197
f 1196 1198 1197
f 1198 1196 1199
f 1174 1199 1200
f 1169 1174 1201
f 1201 1202 1169
f 1201 1174 1202
f 1202 1220 1236
f 1174 1220 1202
f 1202 1236 1226
f 1220 2258 1236
f 1174 1200 2257
f 1205 1193 1206
f 1193 3465 1206
f 1193 1205 3465
f 1207 1205 2249
f 1185 2249 1184
f 1184 2249 1205
f 1208 1209 1210
f 1091 979 1211
f 1064 1063 1066
f 1088 1081 1087
f 1001 1081 1088
f 1088 1213 1003
f 1214 1441 1266
f 1467 1216 1102
f 1216 1219 1102
f 1217 1219 1216
f 1217 2259 1219
f 1452 1222 2258
f 2257 1220 1174
f 1204 2258 1222
f 1222 1223 1204
f 1204 1223 1221
f 1221 1223 1224
f 1224 1225 1204
f 1204 1221 1224
f 1236 1204 1448
f 1204 1236 2258
f 1236 1448 1203
f 1448 1204 1225
f 1203 1448 1226
f 1448 1228 1229
f 1228 1232 1229
f 1228 1448 1232
f 1448 1227 1232
f 1230 1232 1227
f 1231 1232 1230
f 1231 1229 1232
f 1231 1234 1229
f 1234 1233 1229
f 1234 1226 1233
f 1234 1231 1168
f 1234 1168 1202
f 1234 1202 1235
f 1202 1226 1235
f 1234 1235 1226
f 1226 1229 1233
f 1229 1226 1448
f 1236 1203 1226
f 1237 1689 1058
f 1237 1058 1065
f 1239 1238 1240
f 1240 1238 1254
f 1240 1254 1243
f 1240 1243 1239
f 1239 1241 1242
f 1241 1243 1005
f 1239 1243 1241
f 1243 1006 1005
f 1244 1243 1254
f 1007 1243 1244
f 1007 1006 1243
f 1254 1246 1244
f 1245 1246 1254
f 1246 1245 1244
f 1007 1244 1085
f 1244 1245 1085
f 1085 1247 1004
f 1245 1247 1085
f 1245 1083 1247
f 1083 1245 1254
f 1254 1238 1248
f 1248 1238 1249
f 1254 1248 1249
f 1249 1253 1254
f 1250 1249 1251
f 1251 1464 1252
f 1251 1253 1250
f 1250 1253 1249
f 1251 1252 1253
f 1253 1003 1254
f 1003 1464 1088
f 1003 1253 1464
f 983 1080 984
f 982 983 984
f 1080 983 1237
f 1211 1092 1255
f 1211 1255 1726
f 1256 1258 1255
f 1258 1259 1255
f 1262 1261 1265
f 1262 1263 1261
f 1262 1093 1263
f 1265 1093 1262
f 1257 1093 1264
f 1093 1265 1264
f 1260 1256 1265
f 1256 1264 1265
f 1264 1256 1257
f 1002 1095 1257
f 1002 1257 1092
f 1256 1092 1257
f 1258 1256 1259
f 1266 1441 1684
f 1269 1270 1268
f 1270 1269 1271
f 1271 1268 1270
f 1274 1272 1273
f 1272 1274 1275
f 1273 1272 1275
f 1277 1278 1276
f 1277 1276 1476
f 1278 1277 1476
f 1280 1477 1279
f 1330 1279 1281
f 1279 1323 1281
f 1279 1493 1323
f 1306 1118 1282
f 1306 1282 2319
f 1287 1290 1291
f 1293 2320 2323
f 2323 1292 1294
f 1294 1293 2323
f 1293 1294 2320
f 1290 1298 1299
f 1292 1290 1299
f 1289 2642 1290
f 1289 1287 1297
f 1305 1288 1296
f 1292 1295 1294
f 1298 1302 1299
f 1302 1301 1299
f 1304 1305 1297
f 1303 1297 1342
f 1297 1343 1342
f 1305 1296 1345
f 1295 1301 1300
f 1300 1338 1313
f 1300 1306 2386
f 1307 1306 1300
f 2386 1306 2319
f 1307 1484 1306
f 1312 1484 1307
f 1309 1308 2272
f 1487 2272 1308
f 1308 1309 1487
f 1493 1487 1310
f 1310 1319 1493
f 1310 1487 1319
f 1311 1314 1312
f 3226 1336 1314
f 1313 1307 1300
f 1309 1315 1316
f 1487 1309 1316
f 1487 1316 1317
f 1318 1319 1487
f 1319 1318 1334
f 1318 1487 1334
f 1317 1334 1487
f 1317 1316 1334
f 1315 3359 1316
f 1309 3359 1315
f 1309 1312 3359
f 1314 1320 1312
f 1321 1334 1316
f 1334 1324 1319
f 1493 1319 1322
f 1493 1322 1323
f 1322 1319 1323
f 1323 1324 1325
f 1325 1281 1323
f 1325 1324 1281
f 1323 1319 1324
f 1334 1326 1324
f 1326 1333 1324
f 1324 1333 1373
f 1324 1373 1369
f 1281 1324 1327
f 1281 1327 1328
f 1327 1324 1328
f 1324 1329 1328
f 1328 1330 1281
f 1330 1328 1331
f 1331 1332 1330
f 1331 1328 1332
f 1329 1369 1328
f 1329 1324 1369
f 1333 1326 1373
f 1334 1321 1379
f 1321 1316 1379
f 1361 1320 1336
f 2556 1341 1301
f 1302 2626 2556
f 1302 1340 2626
f 1302 1303 1340
f 1345 1356 1348
f 1345 1349 1350
f 1301 1352 1339
f 1338 1337 1336
f 1339 1362 1336
f 1339 1336 1337
f 1348 1347 1345
f 1345 1347 1355
f 2626 1342 1354
f 1341 1354 1434
f 1434 1342 1438
f 1342 1349 1438
f 1434 1359 1341
f 1355 1347 1349
f 1358 1356 1345
f 1358 1346 1357
f 1347 1437 1349
f 2522 2539 1359
f 2539 2522 1360
f 1359 1360 1351
f 1339 1351 1430
f 1339 1353 1363
f 1362 1339 1363
f 1320 1361 1362
f 1428 1362 1363
f 1339 1430 2349
f 3359 1335 1316
f 1373 1326 1365
f 1366 1373 1365
f 1365 1326 1366
f 1379 1378 1334
f 1334 1378 1326
f 1378 1366 1326
f 1366 1378 1373
f 1330 1332 1368
f 1330 1367 1405
f 1279 1330 1405
f 1280 1279 1405
f 1280 1405 1399
f 1405 1367 1398
f 1367 1330 1398
f 1330 1368 1398
f 1368 1374 1398
f 1374 1368 1332
f 1328 1369 1332
f 1332 1370 1375
f 1370 1369 1373
f 1369 1370 1332
f 1370 1373 1371
f 1373 1372 1371
f 1372 1370 1371
f 1375 1370 1374
f 1375 1374 1332
f 1376 1398 1374
f 1376 1377 1398
f 1374 1377 1376
f 1370 1372 1374
f 1377 1374 1372
f 1372 1373 1378
f 1378 1421 1372
f 1378 1379 1421
f 1379 1316 1335
f 1379 1380 1390
f 1379 1390 1381
f 1379 1381 1382
f 1379 1382 1421
f 1421 1382 1383
f 1384 1383 1382
f 1386 1389 1380
f 1391 1390 1380
f 1389 1391 1380
f 1389 1386 1391
f 1386 1388 1391
f 1391 1516 1423
f 1391 1423 1390
f 1393 146 1392
f 1393 1385 146
f 1393 1392 1385
f 1384 1382 1394
f 1384 1394 1383
f 1421 1383 1395
f 1396 1372 1421
f 1397 1372 1419
f 1372 1397 1404
f 1404 1377 1372
f 583 1402 1377
f 1377 1402 1398
f 1405 1408 1399
f 1280 1399 1408
f 1401 1405 1398
f 1401 1402 1405
f 1398 1402 1401
f 1404 1406 1403
f 1402 583 1404
f 583 1377 1404
f 1405 1403 1406
f 1405 1404 1403
f 1404 1405 1402
f 1404 1416 1406
f 1408 1405 1406
f 1406 1400 1408
f 1400 1406 1407
f 1400 1407 1408
f 1280 1408 1412
f 1412 1411 1409
f 1409 1410 1412
f 1409 1411 1410
f 1414 1412 1408
f 1407 1414 1408
f 1406 1416 1407
f 1416 1414 1407
f 1414 1416 1413
f 1415 1414 1413
f 1416 1415 1413
f 1631 1416 1404
f 1417 1631 1404
f 1419 1418 1417
f 1404 1419 1417
f 1419 1404 1397
f 1372 1396 1420
f 1396 1421 1420
f 1420 1421 1395
f 1420 1395 1422
f 1420 1422 1372
f 1391 1425 1424
f 3359 1428 3230
f 3359 3230 1427
f 1431 1432 1360
f 1360 1519 1431
f 1438 1435 1434
f 1438 1349 1437
f 1437 1436 1438
f 1434 1435 1439
f 1442 1440 1441
f 1441 1214 1470
f 1729 1736 1471
f 1732 1736 1729
f 1736 1732 1444
f 1444 1735 1736
f 1735 1444 1445
f 1446 1736 1735
f 1446 1448 1736
f 1224 1448 1225
f 1224 1223 1449
f 1223 1222 1452
f 1452 1449 1223
f 1448 1452 1447
f 1452 1448 1224
f 1224 1449 1452
f 1447 1452 1455
f 1452 1450 1455
f 1447 1455 1450
f 1452 1451 1450
f 1452 1454 1451
f 1453 1454 1217
f 2259 1217 1454
f 1217 1450 1453
f 1454 1453 1450
f 1454 1450 1451
f 1217 1458 1450
f 1450 1458 1443
f 1443 1458 1456
f 1217 1218 1458
f 1458 1218 1459
f 1450 1443 1736
f 982 984 1212
f 983 1689 1237
f 985 983 1460
f 1460 983 1463
f 1461 987 1462
f 987 1461 986
f 987 981 1462
f 1463 982 981
f 980 1462 981
f 1095 1002 1001
f 1001 1088 1095
f 1095 1088 1251
f 1464 1251 1088
f 982 1463 983
f 1060 1059 1024
f 1064 1060 1063
f 1726 1465 1211
f 1091 1211 1465
f 1061 1466 1066
f 1216 1467 1468
f 1216 1218 1217
f 1216 1468 1218
f 1218 1468 1457
f 1442 1457 1468
f 1457 1442 1218
f 1442 1459 1218
f 1440 1469 1468
f 1468 1469 1442
f 1442 1469 1440
f 1470 1442 1441
f 1729 1471 1470
f 1442 1443 1456
f 1456 1459 1442
f 1471 1736 1443
f 1442 1471 1443
f 1442 1470 1471
f 1267 1509 1441
f 1467 1473 1472
f 1467 1267 1215
f 1473 1467 1475
f 1474 1276 1475
f 1276 1474 1476
f 1412 1476 1474
f 1474 1280 1412
f 1280 1474 1477
f 1474 1478 1477
f 1478 1506 1479
f 1279 1478 1479
f 1279 1479 1480
f 1279 1490 1493
f 1481 1487 1485
f 2272 1487 1481
f 1112 1483 1312
f 1484 2246 1306
f 2246 1484 1112
f 1112 1484 1483
f 1483 1484 1312
f 2265 2272 1482
f 2265 1482 1485
f 1482 2272 1485
f 2272 1481 1485
f 1485 1486 1489
f 1485 1487 1486
f 1486 1487 1489
f 1489 1493 1488
f 2264 1489 1492
f 1488 1492 1489
f 1488 1493 1490
f 1489 1487 1493
f 1492 1488 1491
f 1492 1490 1495
f 1491 1490 1492
f 1490 1491 1488
f 1494 1495 1490
f 1494 1498 1497
f 1494 1497 1108
f 1503 1107 1108
f 1107 1503 1496
f 1108 1497 1503
f 1499 1498 1494
f 1494 1490 1499
f 1497 1498 1499
f 1497 1499 1500
f 1500 1480 1497
f 1500 1499 1480
f 1279 1499 1490
f 1480 1499 1279
f 1501 1497 1480
f 1503 1497 1502
f 1501 1480 1502
f 1502 1497 1501
f 1503 1502 1504
f 1504 1219 1503
f 1504 1502 1505
f 1505 1502 1479
f 1479 1502 1480
f 1505 1479 1504
f 1479 1219 1504
f 1219 1479 1506
f 1478 1507 1506
f 1102 1219 1506
f 1506 1507 1102
f 1507 1508 1102
f 1467 1508 1507
f 1474 1507 1478
f 1474 1475 1467
f 1467 1507 1474
f 1441 1509 1684
f 1472 1683 1467
f 1418 1631 1417
f 1418 1419 1631
f 1631 1419 1563
f 1512 1563 1419
f 1419 1372 1512
f 1372 1422 1512
f 1512 1514 1563
f 1512 1513 1514
f 1515 1514 1513
f 1512 1515 1513
f 1422 1515 1512
f 1515 1422 1423
f 1516 1549 1423
f 1516 1517 1548
f 1517 1424 1548
f 1517 1516 1424
f 1518 1424 1425
f 1391 1518 1425
f 1518 3294 1426
f 3294 1518 1391
f 1426 1542 1518
f 3294 1542 1426
f 1430 1432 1431
f 1432 1430 1360
f 1436 1520 1438
f 1346 1437 1357
f 1437 1346 1521
f 1437 1521 1522
f 1436 1437 1522
f 1436 1524 1520
f 1522 1528 1532
f 1528 1529 1582
f 1529 1528 1526
f 1527 1532 1531
f 1532 1528 1531
f 1527 1531 1528
f 1436 1532 1533
f 1533 2703 1525
f 1536 1433 1535
f 1535 1537 1536
f 1536 1537 1519
f 1433 1519 2522
f 1433 1536 1519
f 1538 1519 1571
f 1519 1537 1571
f 1430 1519 1539
f 1430 1539 1819
f 1364 1430 1429
f 1542 1543 1545
f 1544 1545 1543
f 1545 1546 1542
f 1518 1542 1546
f 1518 1546 1547
f 1424 1518 1547
f 1547 1548 1424
f 1547 1546 1548
f 1516 1550 1549
f 1423 1549 1515
f 1550 1557 1549
f 1516 1557 1550
f 1548 1568 1516
f 1552 1568 1548
f 1548 1546 1552
f 1546 1545 1544
f 1546 1544 1553
f 1552 1546 1568
f 1546 1554 1568
f 1554 1546 1553
f 1553 1544 1554
f 1544 1604 1551
f 1554 1544 1551
f 1557 1566 1556
f 1516 1568 1557
f 1557 1556 1558
f 1558 1559 1557
f 1561 1549 1557
f 1560 1549 1561
f 1515 1549 1560
f 1560 1561 1515
f 1557 1559 1561
f 1515 1561 1559
f 1559 1514 1515
f 1629 1514 1559
f 1563 1514 1562
f 1629 1563 1562
f 1563 1629 1630
f 1562 1514 1629
f 1638 1629 1559
f 1559 1564 1638
f 1564 695 1638
f 1628 1638 695
f 695 1564 1628
f 1564 1559 1628
f 1559 1565 1628
f 1556 1566 1558
f 1568 1566 1557
f 1558 1566 1559
f 1568 1555 1566
f 1555 1605 1566
f 1568 1605 1555
f 1568 1554 1567
f 1612 1568 1567
f 1567 1554 1612
f 1554 1551 1604
f 1543 1569 1604
f 1544 1543 1604
f 1600 1569 1543
f 1821 1570 1543
f 2703 1573 1572
f 1525 2703 1572
f 1525 1572 1573
f 2703 1578 1574
f 1534 1573 1574
f 1571 1537 1576
f 1576 1537 1580
f 1537 1575 1580
f 1574 1579 1534
f 1579 1537 1534
f 1579 1575 1537
f 1530 2703 1527
f 1584 1582 1583
f 1592 1582 1584
f 1585 1582 1592
f 1530 1582 1585
f 1574 1595 1579
f 1584 1586 1592
f 1588 1592 1586
f 1590 1682 1589
f 1663 1594 1588
f 1588 1594 1592
f 1581 1592 1595
f 1595 1596 1579
f 1594 1596 1595
f 1596 1594 1579
f 1519 1577 1817
f 1577 1597 1817
f 1817 1597 1598
f 1817 1598 1820
f 1577 1599 1597
f 1600 1543 1614
f 1603 1600 1614
f 1601 1569 1602
f 1602 1600 1601
f 1602 1569 1600
f 1604 1569 1603
f 1554 1604 1603
f 1554 1603 1612
f 1605 1568 1612
f 1612 1606 1605
f 1606 1612 1610
f 1605 1606 1610
f 1566 1605 1610
f 1607 1608 1566
f 1607 1610 1608
f 1610 1607 1566
f 1608 1610 1611
f 1559 1566 1608
f 1565 1608 1611
f 1608 1565 1559
f 1565 1611 1609
f 1611 1641 1609
f 1641 1611 1624
f 1611 1610 1624
f 1603 1613 1612
f 1603 1614 1613
f 1543 1618 1614
f 1614 1618 1617
f 1614 1617 1615
f 1615 1613 1614
f 1616 1612 1613
f 1622 1612 1616
f 1616 1613 1622
f 1615 1617 1613
f 1618 1619 1617
f 1617 1619 1620
f 1621 1613 1617
f 1621 1617 1651
f 1622 1613 1621
f 1651 1622 1621
f 1623 1622 1651
f 1612 1622 1623
f 1610 1612 1624
f 1623 1624 1612
f 1624 1623 1650
f 1641 1624 1625
f 1626 1641 1640
f 1609 1626 1640
f 1641 1626 1609
f 641 1565 1609
f 1628 1565 641
f 641 1609 1628
f 1629 1638 1632
f 1632 1511 1629
f 1511 1630 1629
f 1630 1511 1563
f 1631 1563 1511
f 1631 1511 1632
f 1632 1638 1637
f 1632 1637 1633
f 1633 1635 1632
f 1633 1637 1635
f 1634 1635 1637
f 1634 1636 1635
f 1634 1637 1636
f 1638 1639 1637
f 1638 1703 1639
f 1609 1627 1628
f 1627 1646 1628
f 1627 1640 1646
f 1640 1627 1609
f 1641 1625 1640
f 1624 1640 1625
f 1624 1642 1640
f 1624 1649 1642
f 1642 1649 1643
f 1640 1642 1643
f 1643 1644 1640
f 1640 1644 1647
f 1646 1640 1647
f 1628 1646 1638
f 1638 1645 1709
f 1645 1638 1646
f 1647 1644 1646
f 1644 1643 1648
f 1646 1644 1648
f 2292 1643 1649
f 1624 1650 1649
f 1651 1650 1623
f 1654 1617 1620
f 1619 1654 1620
f 1619 1655 1652
f 1654 1619 1652
f 1651 1653 2290
f 1651 1654 1653
f 1617 1654 1651
f 1652 1655 1654
f 1656 1655 1619
f 1619 1618 1656
f 1618 1543 1656
f 1820 1659 1669
f 1599 1666 1674
f 1579 1594 1662
f 1594 1663 1662
f 1579 1662 1663
f 1579 1661 1665
f 1666 1599 1668
f 1660 1668 1599
f 1661 1579 1664
f 1674 1666 1668
f 1654 1655 2289
f 1653 1654 1670
f 1653 1670 2290
f 1654 2290 1670
f 1654 1671 2290
f 2289 2290 1671
f 1654 2289 1671
f 1669 1674 1668
f 1668 1660 1675
f 2364 1675 1676
f 1668 2364 1676
f 1667 2509 1677
f 1579 1679 1664
f 1579 1663 1679
f 1680 2625 1664
f 1681 1680 1679
f 1663 1588 1682
f 1441 1101 1267
f 1684 1509 1683
f 1685 1683 1725
f 1685 1684 1683
f 1003 1213 1074
f 1071 1003 1074
f 1059 1054 1053
f 1686 1687 1688
f 1689 1460 987
f 1440 1468 1101
f 1101 1441 1440
f 1058 1689 987
f 1093 1257 1095
f 1214 1690 1470
f 1509 1267 1510
f 1691 1255 1259
f 1691 1259 1697
f 1697 1698 1255
f 1255 1691 1697
f 1256 1692 1259
f 1260 1692 1256
f 1260 1265 1692
f 1259 1692 1693
f 1694 1695 1693
f 1694 1696 1695
f 1693 1696 1694
f 1697 1693 1695
f 1259 1693 1697
f 1695 1698 1697
f 1700 1698 1699
f 1701 1700 1699
f 1698 1700 1701
f 1092 1256 1702
f 1702 1256 1255
f 1092 1702 1255
f 1463 981 987
f 1510 1683 1509
f 1095 1251 1094
f 1472 1706 1683
f 1472 1703 1704
f 1706 1704 1705
f 1723 1706 1705
f 1705 1704 1723
f 1704 1703 1723
f 1722 1723 1703
f 1709 1722 1703
f 1709 1703 1638
f 1645 1646 1709
f 1648 1709 1646
f 1722 1709 1707
f 1722 1707 883
f 1714 1709 1648
f 1714 1648 1643
f 1714 1643 2292
f 1713 1710 1712
f 1714 1713 1712
f 1710 1711 1712
f 1710 3346 1711
f 1713 1714 1710
f 1709 1714 1715
f 1716 1709 1715
f 1716 1715 1714
f 1716 1717 1709
f 1716 1714 1718
f 1711 1714 1712
f 1718 1714 1711
f 1717 1716 1720
f 1716 1719 1720
f 1719 1716 1718
f 1717 1720 1709
f 1708 1709 1720
f 1707 1708 1720
f 1708 1707 1709
f 1707 1720 883
f 1722 883 1720
f 1720 1719 1721
f 1723 1722 1720
f 1721 1723 1720
f 1721 1724 1723
f 1704 1706 1472
f 1723 1724 1725
f 1726 1255 1698
f 1468 1467 1215
f 1267 1101 1215
f 1215 1101 1468
f 1093 1094 1263
f 1510 1267 1683
f 1683 1267 1467
f 1469 1727 1728
f 987 1055 1058
f 1054 1058 1055
f 1068 1061 1024
f 1251 1249 1238
f 1251 1238 1094
f 1725 1683 1723
f 1723 1683 1706
f 1690 1729 1470
f 1732 1729 1730
f 1730 1731 1732
f 1729 1731 1730
f 1732 1733 1444
f 1733 1734 1444
f 1733 1732 1734
f 1446 1735 1448
f 1448 1735 1445
f 1227 1448 1445
f 1447 1736 1448
f 1450 1736 1447
f 1744 1743 1875
f 1743 1744 1742
f 1875 1743 1742
f 1875 1742 1741
f 1749 1747 1753
f 1749 1753 1748
f 1751 1749 1748
f 1752 1749 1751
f 1751 1748 1746
f 1746 1748 1753
f 1746 1753 1751
f 1750 1751 1753
f 1751 1750 1754
f 1752 1751 1754
f 1747 1756 1750
f 1755 1754 1750
f 1755 1750 1762
f 1750 1757 1762
f 2385 1757 1756
f 1757 1758 1761
f 1762 1757 1761
f 1762 1761 1768
f 1761 1764 1763
f 1764 1761 1760
f 1763 1764 1765
f 1763 1765 1766
f 1763 1766 1770
f 1783 1768 1763
f 1763 1769 1783
f 1763 1770 1769
f 1767 1771 1770
f 1770 1771 1772
f 1772 1771 213
f 1770 1772 213
f 1779 1783 1769
f 1769 1773 1779
f 1776 1783 1779
f 1779 1773 1774
f 1769 1770 213
f 1769 213 1774
f 1774 1773 1769
f 1776 1779 1775
f 1775 1777 1776
f 1779 1777 1775
f 1779 1778 1777
f 1774 1778 1779
f 1774 213 1778
f 1777 1778 1780
f 1780 1776 1777
f 1781 1776 1780
f 1782 1776 1781
f 1782 1784 1776
f 1784 1782 1794
f 1783 1784 1794
f 1776 1784 1783
f 1785 1793 1796
f 1787 1785 1796
f 1786 1787 1796
f 1786 1788 1787
f 1788 1786 1789
f 1789 1786 1790
f 1786 1796 1790
f 1790 1796 1791
f 1792 1799 1796
f 1792 1793 1799
f 1792 1796 1793
f 1793 1795 1799
f 1793 1785 1794
f 1793 1794 1795
f 1796 1797 1791
f 1797 1796 1798
f 1798 1796 1800
f 1796 1799 1800
f 1799 1795 1800
f 1804 1806 1801
f 1801 1802 1804
f 1802 1803 1804
f 1804 1803 2000
f 1805 1806 1804
f 2000 1805 1804
f 2000 1803 2451
f 1803 1807 2451
f 1999 2000 2451
f 1998 1999 2451
f 2202 1809 1808
f 1808 2466 2201
f 1814 1813 1816
f 1813 1815 1816
f 1812 1815 1811
f 1816 1815 1812
f 1817 1819 1818
f 1519 1817 1818
f 1519 1818 1819
f 1519 1819 1539
f 1430 1819 1541
f 1817 1820 1819
f 1540 1819 1824
f 1540 1824 1570
f 1540 1570 1542
f 1570 1656 1822
f 1570 1822 1543
f 1822 1656 1543
f 1824 1656 1570
f 1820 1824 1819
f 1820 1823 1824
f 1823 1820 1656
f 1824 1823 1656
f 1932 1826 1828
f 1838 1589 1588
f 2507 1588 3044
f 1588 2507 1838
f 2625 1681 1832
f 1833 2625 1834
f 2625 1832 1834
f 1833 1834 1835
f 2625 1833 1831
f 1589 1838 1832
f 1839 1838 1840
f 1834 1838 1839
f 1834 1839 1840
f 1837 1834 1840
f 1842 1841 1843
f 1843 1841 1846
f 1843 1846 1844
f 1845 1844 1846
f 1844 1845 1843
f 1841 2514 1846
f 1855 1875 1850
f 1851 1855 1850
f 1851 1850 1852
f 1852 1853 1851
f 1850 1853 1852
f 1855 1851 1854
f 1855 1854 2631
f 2631 2857 1856
f 2631 1856 2854
f 2854 1856 2857
f 1858 1859 1857
f 1859 1861 1860
f 1859 1862 1861
f 1858 1862 1859
f 1862 1858 1861
f 1859 1860 2534
f 1860 1865 2534
f 1865 1866 1864
f 1864 2534 1865
f 1864 1863 2534
f 1866 1865 1860
f 1867 1879 2351
f 2534 2374 1859
f 2886 1855 1873
f 1855 1898 1873
f 1877 1885 1876
f 1888 1738 1740
f 1739 1744 1740
f 1744 1739 1742
f 1744 1888 1740
f 1885 1877 1744
f 2077 1879 1867
f 1876 1885 1887
f 1877 1876 1887
f 1877 1888 1744
f 1738 1888 1878
f 1878 1888 1891
f 1891 1877 1887
f 1891 1896 1890
f 1890 1896 1826
f 1826 1891 1890
f 1891 1826 1889
f 1892 1826 1896
f 1826 1737 1828
f 1826 1894 1893
f 1893 1894 1892
f 1894 1826 1892
f 1884 1896 1886
f 1895 1884 1886
f 1884 1873 1896
f 1896 1873 1897
f 1896 1897 1899
f 1897 1873 1899
f 1898 1855 1883
f 1898 1883 1923
f 1923 1882 1898
f 1898 1906 1908
f 1873 1898 1899
f 1896 1899 1892
f 1826 1893 1737
f 1737 1893 1900
f 1829 1737 1825
f 1737 1900 1825
f 1825 1900 1903
f 1900 1899 1901
f 1900 1901 1908
f 1825 1903 1902
f 1825 1902 1830
f 1904 1900 1905
f 1900 1908 1905
f 1898 1908 1901
f 1906 1898 1882
f 1905 1908 1904
f 1908 1909 1904
f 1912 1910 1909
f 1912 1909 1907
f 1910 1912 1911
f 1911 1909 1910
f 1911 1904 1909
f 1915 1904 1911
f 1912 1882 1924
f 1912 1913 1882
f 1913 1912 1907
f 1915 1917 1914
f 1902 1915 1830
f 1915 1914 1830
f 1830 1917 1916
f 1911 1917 1915
f 1916 1919 1929
f 1911 1912 1920
f 1912 1925 1921
f 1883 1882 1923
f 1922 1924 1925
f 2476 1920 2513
f 1916 1926 1919
f 1933 1889 1826
f 1826 1965 1933
f 1940 1939 1739
f 1939 1940 1937
f 1937 1938 1939
f 1937 1940 1938
f 1739 1941 1940
f 1941 2912 1940
f 1941 1739 1942
f 1942 1739 2884
f 2912 1941 2907
f 2972 1951 1949
f 1953 2972 1948
f 1947 1946 1954
f 1947 1953 1948
f 1955 1943 2884
f 2884 1943 2907
f 1946 1969 1954
f 1946 1955 1969
f 1921 1925 1957
f 1921 1957 1920
f 1959 1956 1920
f 1958 1959 1920
f 1961 2034 1927
f 1929 2034 2031
f 1928 1929 2031
f 1825 1989 1985
f 1985 1829 1825
f 1963 1932 1931
f 1936 1969 1955
f 1969 1936 1934
f 1947 3041 1967
f 1970 1976 1968
f 1971 1972 1968
f 1971 3014 1972
f 1964 1969 1965
f 1969 1934 1965
f 1970 1974 1975
f 1976 1970 1975
f 1979 1976 1975
f 1975 1973 1931
f 1974 1973 1975
f 1964 1963 1931
f 1964 1932 1963
f 1977 1964 1931
f 1931 1973 1977
f 1931 1978 1975
f 1979 1975 1978
f 1978 1983 1979
f 1979 1983 1980
f 1979 1980 2458
f 1978 1982 1981
f 1981 1982 1983
f 1978 1981 1983
f 1978 1931 1986
f 1986 1984 1978
f 1978 1984 1987
f 1987 1989 2455
f 1988 3064 1990
f 1982 1988 1990
f 1982 1990 3064
f 1980 1982 3064
f 1994 3064 1993
f 1991 1994 1993
f 1987 2455 1988
f 1988 2007 1994
f 1988 2455 2007
f 1997 1998 2450
f 2000 2001 1806
f 2001 2003 1806
f 2002 1806 2003
f 1998 2004 2003
f 2003 2001 1998
f 1997 2004 1998
f 1957 1958 1920
f 1927 1960 1961
f 2034 1929 1927
f 2062 2034 2005
f 2031 2034 2033
f 2006 1830 1962
f 2011 1830 2006
f 2012 2007 2008
f 2007 2011 2008
f 2008 2011 2012
f 1962 2011 2006
f 2010 2012 2013
f 2012 2014 2013
f 2012 1962 2014
f 2010 2015 2016
f 2016 2015 2029
f 2020 2021 2015
f 2020 2017 2021
f 2015 2017 2020
f 2017 2023 2021
f 2015 2021 2023
f 2015 2023 2029
f 2029 2025 2022
f 2025 2017 2024
f 2023 2017 2025
f 2029 2022 2026
f 2027 2029 2026
f 2027 2026 2028
f 2030 2050 2029
f 2029 2027 2030
f 2027 2028 2046
f 2028 2026 2046
f 2030 2027 2054
f 2054 2027 2046
f 2033 1928 2031
f 2036 2024 2037
f 2036 2039 2024
f 2036 2037 2039
f 2037 2038 2039
f 2024 2039 2025
f 2035 2039 2038
f 2037 2035 2038
f 2043 2047 2035
f 3448 46 2043
f 2040 46 3448
f 46 2041 2043
f 46 2040 2041
f 2041 2042 2043
f 2047 2043 2044
f 2035 2047 2039
f 2039 2047 2048
f 2025 2039 2022
f 2022 2039 2048
f 2022 2045 2046
f 2026 2022 2046
f 2045 2049 2046
f 2022 2049 2045
f 2047 2049 2048
f 2048 2049 2022
f 2046 2049 2054
f 2030 2054 2055
f 2030 2055 2058
f 2050 2030 2058
f 2058 2052 2051
f 2051 2052 2053
f 2052 2058 2053
f 2054 2049 2055
f 2047 2067 2060
f 2047 2044 2067
f 2044 2056 2067
f 2044 2043 2056
f 2043 2042 2056
f 2056 2042 2067
f 2060 2055 2047
f 2049 2047 2055
f 2067 2055 2060
f 2055 2057 2058
f 2067 2069 2055
f 2042 2041 2067
f 2065 2062 2005
f 2005 2034 2065
f 2034 1961 2065
f 1961 2064 2065
f 2066 2067 2041
f 2063 2067 2066
f 2041 2063 2066
f 2059 2055 2069
f 2057 2055 2059
f 2096 2058 2057
f 3410 2058 2096
f 2071 2070 2057
f 2057 2059 2071
f 2072 2090 2069
f 2072 2074 2090
f 2072 2069 2074
f 2074 2073 2089
f 2067 2083 2074
f 2067 2074 2069
f 2067 2063 2083
f 2063 2068 2083
f 2086 2068 3161
f 2065 2075 2079
f 1956 2077 2064
f 2075 2065 2078
f 2077 1956 2080
f 2086 2084 2068
f 2074 2083 2073
f 2083 2068 2084
f 2083 2084 2088
f 2084 2085 2088
f 2085 2084 2086
f 2085 2086 2088
f 3161 2088 2086
f 2088 3161 2087
f 2083 2088 2089
f 2088 2087 2089
f 2073 2083 2089
f 2091 2069 2090
f 2059 2069 2091
f 2093 2071 2092
f 2093 2070 2071
f 2070 2093 2092
f 2057 2070 2092
f 2057 2092 2094
f 2102 2094 2092
f 2071 2102 2092
f 2071 2059 2102
f 2059 2091 2102
f 2091 2090 2102
f 2090 2074 2102
f 3384 2094 2102
f 2094 2097 2057
f 2057 2095 2096
f 2095 3415 2096
f 3415 2095 2057
f 3415 2057 2097
f 3415 2097 2094
f 3161 2099 2087
f 2098 2087 2099
f 2089 2087 2100
f 2089 2100 2101
f 2089 2101 2102
f 2101 2100 2102
f 2087 2098 2100
f 2074 2089 2102
f 3381 2102 2100
f 2099 3381 2100
f 2098 2099 2100
f 2103 2534 1863
f 2105 2106 2104
f 2107 2106 2105
f 2104 2107 2105
f 2103 1863 2108
f 2198 2109 2365
f 2113 2114 2112
f 2115 2114 2113
f 2113 2116 2115
f 2116 2113 2117
f 2117 2118 2116
f 2113 2118 2117
f 2113 2119 2118
f 2119 2113 2120
f 2120 2113 2112
f 2121 2122 2112
f 2122 2121 2111
f 2112 2123 2121
f 2123 3000 2121
f 2366 2555 2365
f 2198 2555 2124
f 2555 2198 2365
f 2198 2125 3150
f 3150 2125 2126
f 2136 2002 2126
f 2133 2130 2129
f 2130 2131 2129
f 2134 2129 2131
f 1756 1757 1750
f 2133 2129 2134
f 2132 2133 2134
f 2135 2132 2134
f 2135 2134 2137
f 2134 2136 2137
f 2136 2138 2137
f 2136 2126 2138
f 2126 2199 2138
f 2988 3018 2181
f 2988 2141 3018
f 2180 2988 2181
f 2143 2142 2180
f 2163 2145 2143
f 2163 2143 2183
f 2145 2163 2144
f 2144 2146 2145
f 2152 2146 2144
f 2152 2160 2161
f 2160 2152 2144
f 2161 2148 2152
f 2150 2149 2148
f 2151 2149 2150
f 2148 2149 2151
f 2148 2151 2152
f 2151 2153 2152
f 2153 2151 2154
f 2155 2153 2154
f 2157 2156 2155
f 2157 2158 2156
f 2156 2158 2155
f 2155 2154 2159
f 2150 2170 2154
f 2154 2197 2159
f 2197 2154 2170
f 2161 2173 2150
f 2161 2160 2147
f 2164 2144 2162
f 2160 2164 2162
f 2144 2164 2160
f 2147 2165 2161
f 2173 2166 2150
f 2161 2167 2173
f 2165 2147 2167
f 2160 2162 2168
f 2147 2160 2168
f 2167 2147 2173
f 2150 2171 2170
f 2171 2150 2166
f 2173 2172 2166
f 2168 2169 2147
f 2177 2318 2327
f 2318 2177 2178
f 2181 2182 2175
f 2175 2182 2183
f 2162 2183 2622
f 2169 2622 2185
f 2184 2185 2622
f 2183 2182 2181
f 2622 2183 2181
f 2622 2181 2186
f 2622 2186 2184
f 2187 2186 2188
f 2184 2187 2188
f 2184 2186 2187
f 2185 2184 2620
f 2147 2620 2172
f 2188 2620 2184
f 2188 2186 2334
f 2186 2337 2189
f 2186 2181 2573
f 2190 2331 2186
f 2186 2191 2337
f 2189 2337 2334
f 2186 2189 2334
f 2620 2188 2192
f 2194 2170 2171
f 2170 2195 2196
f 2170 2196 2197
f 2170 2194 2195
f 2199 2126 2125
f 2125 2198 2199
f 2124 2200 2198
f 2199 2198 2200
f 2202 1808 2203
f 2203 1808 2201
f 2201 3065 2203
f 3065 2204 2203
f 2205 2204 3065
f 2205 2203 2204
f 2212 2208 2210
f 2210 2209 2212
f 2208 2209 2210
f 2206 2213 2211
f 2206 2211 2212
f 2207 2213 2206
f 2217 2557 2316
f 2219 2218 2220
f 2009 2012 2010
f 2222 2224 2221
f 2222 2221 2225
f 2225 2221 2229
f 2224 2230 2221
f 2228 2221 2227
f 2229 2221 2228
f 2228 2238 2229
f 2227 2237 2228
f 2233 2230 2226
f 2232 2227 2230
f 2232 2231 2237
f 2231 2233 2237
f 2231 2232 2233
f 2237 2233 2235
f 2233 2234 2235
f 2228 2237 2236
f 2228 2236 2238
f 2237 2240 2236
f 2237 2235 2240
f 2235 2241 2240
f 2241 2235 2234
f 2234 2233 2241
f 2240 2241 2233
f 2240 2233 3360
f 2239 3360 2233
f 1191 1190 2243
f 2244 2243 1190
f 1306 2247 1118
f 2247 1306 2246
f 2246 1113 2247
f 2247 1113 1112
f 2248 2247 1190
f 1112 2270 2247
f 2249 1190 2247
f 1185 1190 2249
f 2244 1190 1185
f 1207 2249 3465
f 1205 1207 3465
f 3465 3468 2250
f 1206 2250 3468
f 3465 2250 1206
f 1206 3468 1180
f 1180 3468 2251
f 1180 2252 2254
f 1180 2251 2252
f 2252 2253 2254
f 2255 2254 2253
f 2256 1200 2254
f 2253 2252 2255
f 2255 2256 2254
f 1200 2256 2257
f 2257 3483 1220
f 2258 1220 2259
f 2258 2259 1452
f 2259 1454 1452
f 2260 2262 2261
f 2260 2263 2262
f 2261 2263 2260
f 1495 3479 1492
f 1492 3479 2266
f 2266 2264 1492
f 2265 2264 2266
f 2267 2265 2266
f 2249 2247 2270
f 2270 2271 3467
f 1312 2270 1112
f 2265 2273 2272
f 2273 2265 3467
f 2272 2273 3467
f 3467 2265 2268
f 2264 2265 1485
f 2264 1485 1489
f 1660 1667 2277
f 1668 1676 1672
f 1667 1677 2277
f 2277 1677 2278
f 1677 2276 2278
f 1677 2508 1831
f 2508 2625 1831
f 2276 1677 1831
f 1676 2276 2280
f 2276 1676 2277
f 2274 2281 2275
f 2275 2281 2282
f 1672 2275 2282
f 1672 2282 1655
f 2282 2281 2283
f 2281 2285 2283
f 2287 2283 2286
f 2283 2287 1655
f 2289 1655 2287
f 2287 2286 2289
f 2286 2288 2289
f 2286 2299 2288
f 2289 2288 2299
f 2290 2289 2299
f 1651 2290 2291
f 1651 2291 1650
f 1650 2291 1649
f 1710 1714 2292
f 1710 2292 1649
f 2291 2295 1649
f 2291 2300 2295
f 2291 2290 2300
f 2290 2299 2293
f 2290 2293 2300
f 2293 2299 2300
f 2295 2300 482
f 2295 482 2296
f 2295 2296 1710
f 2295 1710 1649
f 2296 482 2300
f 2300 2294 2296
f 2296 2294 3344
f 2294 2300 3344
f 3344 2300 2297
f 3342 2297 2300
f 2284 2299 2285
f 2286 2283 2285
f 2299 2286 2285
f 3342 2300 2299
f 2306 2305 2304
f 2410 2306 2304
f 2410 2304 2305
f 2308 2307 2302
f 2309 2308 2302
f 2368 2309 2302
f 2312 2216 2311
f 2310 2311 2216
f 2313 2312 2311
f 2314 2312 2313
f 2314 2315 2312
f 2317 2217 2176
f 2318 2220 2378
f 2219 2220 2328
f 2215 2310 2216
f 2315 2216 2312
f 2315 2314 2216
f 1282 1118 2319
f 2319 2245 2386
f 2245 2319 1118
f 2386 2245 2320
f 2322 1114 1116
f 1116 1114 2321
f 1116 2321 1115
f 1114 1115 2321
f 2322 2323 1114
f 2136 2128 2324
f 2136 2324 2002
f 2176 2220 2317
f 2220 2217 2317
f 2176 2316 2344
f 2342 2176 2344
f 2378 2220 2176
f 2078 2077 1867
f 2178 2177 2327
f 2329 2330 2178
f 2191 2331 2190
f 2191 2329 2178
f 2191 2330 2329
f 2331 2191 2186
f 2192 2188 2335
f 2620 2192 2335
f 2332 2193 2166
f 2166 2193 2171
f 2171 2193 2336
f 2336 2194 2171
f 2195 2194 2336
f 2333 2166 2620
f 2335 2188 2334
f 2193 2333 2336
f 2333 2379 2336
f 2334 2337 2335
f 2380 2333 2337
f 2191 2178 2339
f 2191 2339 2337
f 2377 2336 2379
f 2337 2338 2380
f 2338 2337 2339
f 2379 2340 2341
f 2379 2341 2342
f 2379 2342 2345
f 2341 2340 2342
f 2345 2342 2344
f 2344 2346 2345
f 2344 3045 2346
f 2347 2281 2279
f 2281 2347 3333
f 1842 2347 1841
f 2279 1841 2347
f 2347 1842 2348
f 3333 2347 2348
f 1363 1353 2349
f 1339 2349 1353
f 1363 2349 2367
f 2351 2108 2350
f 2103 2108 2351
f 2357 2356 2359
f 2356 2350 2354
f 2359 2356 2354
f 2350 2352 2354
f 2360 2352 2350
f 2352 2360 3155
f 2354 2352 2353
f 2353 2352 3157
f 2354 2353 3157
f 1867 2356 2081
f 2081 2357 2358
f 2357 2075 2358
f 2075 2081 2358
f 2075 2357 2082
f 2357 2359 2082
f 1962 1929 2014
f 1830 1929 1962
f 1928 2014 1929
f 2078 1867 2075
f 2350 2108 2360
f 2351 2350 1867
f 2361 2362 2363
f 1668 1675 2364
f 2109 3150 2365
f 1801 1806 2002
f 1363 1430 1364
f 2367 1430 1363
f 2349 1430 2367
f 2279 2411 1841
f 2368 2302 2301
f 1675 2277 1676
f 1597 1599 1659
f 1599 1674 1659
f 1189 2242 1118
f 2385 1758 1757
f 1119 1117 1118
f 1115 1117 1119
f 2245 1118 2242
f 1759 1760 1761
f 2000 1806 1805
f 1758 1759 1761
f 1927 1929 1919
f 1753 1747 1750
f 2012 1994 1995
f 2369 3064 1996
f 1992 3064 2369
f 2370 1818 2371
f 2064 2076 2065
f 2065 2076 2078
f 1879 2077 2351
f 2077 2478 2372
f 1958 1859 2374
f 1956 1959 2374
f 1958 2374 1959
f 1115 1118 1117
f 1115 1189 1118
f 1999 2001 2000
f 2276 2411 2279
f 1831 1837 2376
f 1833 1837 1831
f 1835 1837 1833
f 1835 1834 1837
f 1837 1840 2376
f 1836 2376 1840
f 2320 1294 2386
f 2077 2372 2351
f 2076 2077 2078
f 2064 2077 2076
f 2242 2320 2245
f 2379 2345 2377
f 2198 3150 2109
f 2340 2326 2342
f 1960 2064 1961
f 2216 2344 2316
f 2342 2326 2325
f 2342 2325 2176
f 2326 2176 2325
f 2343 2378 2340
f 2326 2378 2176
f 2339 2327 2378
f 2327 2318 2378
f 2343 2339 2378
f 2340 2378 2326
f 2510 2340 2379
f 2380 2510 2379
f 2215 2216 2316
f 2316 2214 2215
f 2136 2134 2128
f 2134 2131 2128
f 2383 2382 2381
f 2384 2383 2381
f 2382 2384 2381
f 2001 1999 1998
f 1660 2277 1675
f 2386 1295 1300
f 1747 2385 1756
f 2242 1189 1115
f 1995 2007 2012
f 2207 2206 2212
f 1295 2386 1294
f 2278 2276 2277
f 1338 1300 1301
f 1351 1339 1352
f 2110 2365 3150
f 2389 2388 2387
f 2390 2388 2389
f 2387 2388 2390
f 2391 2393 2536
f 2393 2391 2392
f 2391 2395 2392
f 2392 2395 2394
f 2397 2398 2396
f 2398 2420 2419
f 2397 2420 2398
f 2401 2402 2403
f 2406 2403 2402
f 2406 2402 2404
f 2406 2404 2465
f 2404 2402 2405
f 2402 2401 2407
f 2401 2414 2407
f 2414 2402 2407
f 2402 2414 2408
f 2402 2408 2405
f 2420 2404 2409
f 2420 2409 2399
f 2408 2409 2405
f 1431 1519 1430
f 2410 2302 2307
f 2411 2276 1841
f 2375 1841 2276
f 2375 2484 1841
f 2429 2396 2398
f 2427 2401 3032
f 2401 2427 2414
f 2413 2408 2414
f 2408 2413 2415
f 2415 2413 2416
f 2408 2415 2416
f 2417 2408 2416
f 2400 2412 2399
f 2420 2418 2419
f 2398 2419 2418
f 2420 2412 2418
f 2399 2412 2420
f 2396 2429 2437
f 2423 2424 2427
f 2414 2427 2413
f 2413 2427 2422
f 2422 2634 2567
f 2421 2428 2432
f 2429 2435 2436
f 2429 2418 2435
f 2500 2421 2431
f 2432 2431 2421
f 2431 2432 2428
f 2428 2430 2431
f 2430 2435 2418
f 2428 2459 2430
f 2434 2435 2433
f 2435 2434 2438
f 2436 2435 2438
f 2438 2437 2436
f 2434 2459 2438
f 2439 2428 2564
f 2428 2439 2459
f 2439 2438 2459
f 2436 2437 2429
f 2379 2333 2380
f 1114 2440 1115
f 1115 2440 2242
f 2242 2440 1114
f 2242 1114 2320
f 2443 2442 2441
f 2444 2442 2443
f 2444 2443 2441
f 2429 2398 2418
f 2392 2394 2445
f 2446 2447 2448
f 2332 2166 2333
f 2332 2333 2193
f 2103 2351 1847
f 2103 1847 2449
f 2351 2478 2449
f 2351 2449 1847
f 2151 2150 2154
f 2450 2451 1807
f 2451 2450 1998
f 1519 1538 1577
f 1995 1994 2007
f 2301 2302 2303
f 2452 2453 2454
f 2011 2007 2455
f 2455 1930 2011
f 2456 2341 2457
f 3064 1988 1991
f 3064 1991 1993
f 1992 2458 3064
f 2458 1980 3064
f 1116 1115 3151
f 2217 2316 2176
f 1338 1339 1337
f 1301 1339 1338
f 1919 1926 2476
f 1927 1919 2476
f 2434 2433 2459
f 2435 2459 2433
f 2430 2459 2435
f 2461 2420 2460
f 2462 2420 2461
f 2463 2420 2462
f 2404 2420 2464
f 2404 2464 2465
f 2464 2420 2463
f 2462 2461 2463
f 2460 2420 2397
f 2471 2472 2544
f 2471 2887 2472
f 2887 2471 2473
f 2887 2473 1813
f 1815 2469 2470
f 1815 2473 2469
f 2473 2471 2469
f 2475 2513 1960
f 2475 2476 2513
f 2476 2474 1927
f 2476 1960 2474
f 2475 1960 2476
f 1927 2474 1960
f 1930 1830 2011
f 2455 1825 1830
f 1825 2455 1989
f 1930 2455 1830
f 1808 2467 2466
f 1808 1809 2467
f 2557 2477 2316
f 2477 2214 2316
f 1114 2323 2320
f 2478 2351 2372
f 2373 2449 2478
f 2480 2479 2481
f 2482 2479 2480
f 2481 2482 2480
f 1960 1956 2064
f 1577 1571 2483
f 1571 1576 1599
f 2483 1571 1599
f 2483 1599 1577
f 1831 2375 2276
f 1831 1836 2484
f 2484 2375 1831
f 2484 1836 1840
f 1991 1988 1994
f 2498 2486 2485
f 2498 2488 2486
f 2488 2487 2489
f 2489 2487 2490
f 2490 2487 2491
f 2492 2490 2491
f 2492 2491 2558
f 2492 2558 2493
f 2558 2491 2493
f 2491 2494 2493
f 2497 2493 2494
f 2491 2495 2494
f 2498 2497 2494
f 2498 2485 2497
f 1360 1430 1351
f 2412 2500 2431
f 2430 2412 2431
f 2430 2418 2412
f 2499 2500 2412
f 2417 2421 2501
f 2417 2416 2421
f 2400 2501 2500
f 2499 2400 2500
f 2501 2421 2502
f 2502 2500 2501
f 2421 2500 2502
f 2080 2478 2077
f 2080 2373 2478
f 1538 1571 1577
f 1665 1660 1599
f 1351 1352 1359
f 1841 2512 2514
f 1840 2503 2504
f 2507 3044 2505
f 2507 2505 2506
f 2507 2506 1838
f 2503 1840 1838
f 2503 1838 2504
f 2505 1838 2506
f 1667 2625 2508
f 1665 2625 1667
f 1661 1664 2625
f 1678 1680 1664
f 1664 1679 1678
f 1678 1679 1680
f 1667 2508 2509
f 2509 2508 1677
f 2410 2303 2302
f 1665 1667 1660
f 2080 2511 2373
f 1956 1868 2511
f 1956 2511 2080
f 2339 2343 2340
f 2512 2484 1840
f 2512 1841 2484
f 1929 1830 1916
f 2620 2166 2172
f 1982 1980 1983
f 2412 2400 2499
f 1920 1956 2513
f 2513 1956 1960
f 1840 2514 2512
f 1840 2504 2514
f 2514 2516 2515
f 2515 2516 2517
f 2514 2515 2517
f 2504 2562 2514
f 2519 2504 2505
f 1838 2505 2504
f 2518 2519 2505
f 2505 3044 2518
f 2400 2399 2520
f 2408 2520 2409
f 2400 2520 2408
f 2399 2409 2520
f 1519 1360 2521
f 1360 2522 2521
f 2521 2522 1519
f 1359 1434 2522
f 1917 1918 1916
f 1918 1926 1916
f 1918 1917 1926
f 2523 2524 2525
f 2526 2523 2525
f 2525 2524 2526
f 1576 1580 1599
f 2510 2339 2340
f 2339 2510 2380
f 2380 2338 2339
f 1301 1341 1352
f 2527 2528 2529
f 2335 2337 2333
f 1295 1299 1301
f 1341 1359 1352
f 2322 1292 2323
f 2322 1291 1292
f 2417 2501 2400
f 1599 1580 1665
f 1661 2625 1665
f 2148 2161 2150
f 2530 2531 2532
f 2121 2365 2533
f 2121 2533 2111
f 2533 2365 2110
f 1920 2476 1926
f 1982 1978 1988
f 2103 2449 2534
f 2535 2534 2449
f 2535 2374 2534
f 2620 2335 2333
f 1836 1831 2376
f 2445 2393 2392
f 2536 2393 2538
f 2537 2536 2538
f 2538 2393 2445
f 1360 1359 2539
f 1809 2551 2467
f 1815 2544 1811
f 2470 2543 1815
f 2470 2471 2543
f 2543 2471 2544
f 1815 2543 2544
f 2542 2540 2541
f 2544 2472 2548
f 2548 2546 2544
f 2548 2472 2547
f 2548 2547 2546
f 2549 2550 2546
f 2546 2550 2540
f 1809 2554 2551
f 2549 2546 2547
f 2553 2549 2547
f 2547 2552 2553
f 2553 2550 2549
f 2550 2553 1809
f 1809 2553 2554
f 2552 2554 2553
f 2366 2572 2555
f 2498 2494 2496
f 2495 2496 2494
f 2556 1301 1302
f 2217 2220 2557
f 2218 2557 2220
f 2365 2559 2366
f 2559 2365 2121
f 1914 1917 1830
f 1295 1292 1299
f 1917 1920 1926
f 1911 1920 2560
f 1911 2560 1917
f 2560 1920 1917
f 2202 2468 1809
f 2202 2541 2468
f 2541 2202 2561
f 2561 1810 2541
f 2561 1811 1810
f 2562 2504 2563
f 2504 2519 2563
f 1535 1433 1537
f 2449 2373 2511
f 2511 2374 2449
f 2374 2511 1868
f 2374 2535 2449
f 2421 2567 2428
f 2422 2567 2421
f 2567 2634 2565
f 2567 2565 2566
f 2428 2567 2566
f 2564 2428 2566
f 2522 1434 1433
f 2568 2569 2570
f 2570 2569 2571
f 2568 2571 2569
f 2173 2147 2172
f 1902 1903 1915
f 2417 2400 2408
f 1434 1534 1537
f 2374 1868 1956
f 2496 2488 2498
f 2487 2488 2496
f 1580 1575 1665
f 2161 2165 2167
f 2559 2121 2366
f 2121 3000 2572
f 2121 2572 2366
f 2178 2327 2339
f 2573 2574 2641
f 2641 2328 2139
f 2584 2581 2580
f 2580 2579 2582
f 2580 2582 2583
f 2583 2582 2585
f 2580 2583 2585
f 2580 2586 2584
f 2586 2580 2585
f 2586 2585 2582
f 2582 2590 2586
f 2587 2588 2590
f 2588 2587 2589
f 2589 2590 2588
f 3031 2590 2582
f 3031 2582 2591
f 2591 2582 2592
f 2582 2578 2592
f 2578 2582 2606
f 2578 2593 2592
f 2594 2592 2593
f 2591 2592 2594
f 2593 2643 2577
f 2644 2595 2593
f 2595 2594 2593
f 2594 2595 2596
f 2596 2595 2597
f 2644 2597 2595
f 1537 1433 1434
f 2491 2496 2495
f 2491 2487 2496
f 1978 1987 1988
f 2598 2599 2600
f 2556 2626 1341
f 2601 2602 2603
f 2540 1809 2468
f 2540 2468 2541
f 1810 2546 2542
f 1810 1811 2546
f 2541 1810 2542
f 2405 2409 2404
f 2178 2220 2318
f 2328 2220 2178
f 2575 2576 2628
f 2576 2604 2628
f 2613 2609 2612
f 2579 2613 2611
f 2614 2606 2611
f 2613 2612 2611
f 2611 2612 2614
f 2612 2610 2615
f 2617 2614 2612
f 2612 2615 2617
f 2608 2610 2609
f 2608 2607 2615
f 2617 2615 2618
f 2615 2619 2618
f 2615 2616 2619
f 2174 2620 2147
f 2621 2185 2147
f 2622 2169 2168
f 2623 2622 2168
f 2623 2168 2162
f 2623 2162 2622
f 2169 2624 2621
f 2169 2185 2624
f 2621 2624 2185
f 2169 2621 2147
f 2147 2185 2174
f 2174 2185 2620
f 2413 2421 2416
f 2413 2422 2421
f 1525 1573 1534
f 1575 1579 1665
f 1291 1290 1292
f 2625 1680 1681
f 1832 1838 1834
f 1439 1520 1434
f 1439 1435 1520
f 1341 2626 1354
f 1520 1534 1434
f 1524 1525 1534
f 1298 2642 1302
f 1116 2627 2322
f 2627 1287 2322
f 1287 2627 1283
f 1287 1291 2322
f 1985 1989 1987
f 1290 2642 1298
f 2550 1809 2540
f 2391 2536 2537
f 1958 1957 1848
f 1880 1957 1925
f 1925 1924 1880
f 1984 1985 1987
f 1985 1984 1986
f 2604 2629 2628
f 1915 1903 1904
f 1524 1534 1520
f 1342 1434 1354
f 1920 1912 1921
f 1525 1524 1533
f 2642 1297 1302
f 2629 2604 2637
f 2576 2643 2604
f 2630 2643 2576
f 2630 2577 2643
f 2576 2575 2630
f 1900 1904 1903
f 2631 1870 1872
f 1870 2854 1849
f 1870 2631 2854
f 1340 1342 2626
f 1342 1340 1303
f 2632 2633 2506
f 1520 1435 1438
f 2328 2178 2330
f 2427 2634 2422
f 2426 2634 2427
f 2703 1574 1573
f 2635 1849 1869
f 1870 1871 1872
f 1849 1881 1870
f 1924 1881 1849
f 1849 2635 1924
f 1924 2635 1869
f 1859 1958 1848
f 1985 1986 1829
f 1297 1303 1302
f 2614 2636 2604
f 2605 2614 2604
f 2606 2614 2605
f 2605 2604 2643
f 2604 2636 2637
f 1679 1832 1681
f 1679 1591 1832
f 2638 2639 2640
f 2641 2191 2190
f 2641 2190 2573
f 2191 2641 2139
f 2330 2191 2139
f 2139 2328 2330
f 2546 2540 2542
f 1289 1297 2642
f 1591 1589 1832
f 2593 2577 2644
f 1589 1682 1588
f 2695 2696 2697
f 2645 2992 2694
f 2649 2940 2891
f 2652 2891 2653
f 2653 2655 2659
f 2655 2656 2659
f 2660 2894 2659
f 2656 2660 2659
f 2661 2677 2897
f 2896 2941 2897
f 2661 2897 2673
f 2667 2666 2718
f 2669 2670 2664
f 2663 2664 2671
f 2671 2664 2670
f 2672 2671 2670
f 2672 2663 2671
f 2672 2670 2673
f 2669 2675 2670
f 2675 2676 2670
f 2670 2676 2728
f 2684 2681 2680
f 2682 2684 2680
f 2683 2684 2682
f 2957 2683 2682
f 2685 2957 2682
f 2682 2680 2955
f 2689 2955 2680
f 2695 2690 2696
f 2695 2996 2690
f 2806 2805 2691
f 2806 2691 2692
f 2806 2692 2997
f 2692 2691 2997
f 2693 2992 2997
f 2694 2992 2693
f 2694 2693 2645
f 2697 2696 2690
f 1974 2698 2699
f 1679 1663 1591
f 1663 1589 1591
f 1590 1589 1663
f 1590 1663 1682
f 1973 1970 1977
f 1970 1972 1977
f 1968 1972 1970
f 1973 1974 1970
f 2700 2701 2702
f 1912 1922 1925
f 1912 1924 1922
f 1524 1436 1533
f 1595 1574 1578
f 1595 1578 1581
f 1931 1932 1986
f 1986 1932 1828
f 1812 1811 2561
f 1532 2703 1533
f 1578 2703 1581
f 1828 1829 1986
f 2641 2704 2219
f 2140 2704 2641
f 2641 2219 2328
f 2704 2218 2219
f 2705 2164 2706
f 2143 2145 2142
f 2711 2719 2712
f 2712 2710 2711
f 2719 2711 2710
f 2663 2650 2949
f 2949 2650 2715
f 2949 2716 2663
f 2664 2716 2717
f 2663 2716 2664
f 2717 2666 2664
f 2717 2716 2709
f 2718 2717 2667
f 2666 2717 2718
f 2709 2712 2719
f 2710 2720 2719
f 2667 2720 2755
f 2668 2667 2755
f 2668 2755 2722
f 2674 2665 2723
f 2674 2723 2727
f 2689 2905 2686
f 2905 2689 2679
f 2905 2945 2728
f 2728 2735 2905
f 2733 2735 2730
f 2727 2724 2729
f 2727 2726 2724
f 2727 2729 2733
f 2730 2727 2733
f 2733 2729 2744
f 2732 2724 2731
f 2732 2743 2724
f 2725 2732 2731
f 2725 2731 2724
f 2732 2725 2748
f 2852 2903 2737
f 2740 2738 2739
f 2739 2741 2740
f 2745 2733 2744
f 2744 2898 2745
f 2746 2898 2747
f 2729 2743 2744
f 2747 2898 2743
f 2743 2748 2908
f 2764 2725 2752
f 2725 2749 2750
f 2749 2725 2722
f 2722 2755 2751
f 2752 2725 2750
f 2751 2755 2749
f 2749 2755 2754
f 2754 2753 2749
f 2956 2754 2761
f 2759 2758 2755
f 2759 2755 2721
f 2721 2755 2720
f 2720 2759 2721
f 2757 2760 2826
f 2761 2826 2760
f 2760 2956 2761
f 2762 2760 2828
f 2762 2756 2760
f 2756 2752 2760
f 2760 2752 2956
f 2764 2752 2763
f 2748 2764 2763
f 2766 2821 2765
f 2766 2765 2924
f 2713 2768 2712
f 2712 2769 2710
f 2710 2769 2770
f 2820 2766 2772
f 2772 2822 2820
f 2772 2766 2773
f 2766 2767 2773
f 2767 2774 2773
f 2714 2648 2768
f 2768 2713 2714
f 2713 2712 2714
f 2714 2650 2648
f 2771 2778 2775
f 2775 2774 2767
f 2779 2778 2777
f 2780 2773 2781
f 2777 2982 2779
f 2822 2772 2773
f 2781 2783 2780
f 2781 2982 2783
f 2785 2777 2789
f 2777 2785 2982
f 2784 2982 2782
f 2782 2982 2785
f 2786 2783 2782
f 2786 2782 2788
f 2788 2782 2787
f 2790 2789 2777
f 2777 2881 2790
f 2769 2712 2768
f 2649 2792 2648
f 2794 2795 2909
f 2793 2649 2795
f 2793 2795 2794
f 2793 2801 2798
f 2768 2792 2769
f 2769 2792 2797
f 2648 2792 2768
f 2797 2798 2769
f 2797 2792 2798
f 2800 2802 2807
f 2802 2800 2646
f 2800 2796 2646
f 2805 2803 2646
f 2646 2803 2804
f 2804 2802 2646
f 2806 2992 2645
f 2804 2803 2802
f 2800 2807 2881
f 2791 2800 2881
f 2809 2803 2812
f 2985 2812 2803
f 2803 2805 2985
f 2810 2986 3009
f 3009 2986 2985
f 2810 2812 2985
f 2808 2812 2807
f 2881 2807 2813
f 2812 2814 2807
f 2813 2814 2812
f 2807 2814 2813
f 2812 2817 2813
f 2817 2812 2983
f 2813 2817 2881
f 2817 2789 2881
f 2881 2789 2790
f 2815 2787 3001
f 2788 2787 2815
f 2785 2789 2782
f 2816 2789 2817
f 2817 2818 2816
f 2819 2816 3001
f 2816 2819 2789
f 2789 2819 2782
f 3001 2787 2819
f 2821 2820 2824
f 2966 2820 2822
f 2827 2821 2824
f 2826 2708 2707
f 2707 2924 2826
f 2707 2708 2924
f 2826 2924 2757
f 2760 2757 2827
f 2828 2760 2829
f 2829 2762 2828
f 2760 2827 2829
f 2832 2829 2830
f 2833 2835 2762
f 2834 2762 2763
f 2834 2763 2752
f 2752 2762 2834
f 2835 2763 2762
f 2763 2835 2833
f 2839 2748 2836
f 2748 2839 2837
f 2763 2836 2748
f 2836 2763 2833
f 2838 2839 2833
f 2833 2839 2836
f 2841 2840 2833
f 2840 2838 2833
f 2838 2840 2841
f 2833 2762 2842
f 2762 2832 2842
f 2762 2829 2832
f 2842 2832 2833
f 2833 2863 2841
f 2833 2832 2863
f 2832 2831 2845
f 2831 2843 2845
f 2832 2830 2843
f 2831 2832 2843
f 2827 2830 2829
f 2844 2830 2846
f 2846 2847 2845
f 2846 2830 2827
f 2827 2757 2825
f 2824 2846 2827
f 2844 2846 2845
f 2846 2824 2847
f 2845 2847 2824
f 2691 2805 2646
f 1936 1878 1935
f 1874 1883 1855
f 1883 1874 1871
f 1883 1871 1882
f 2848 1871 1870
f 1870 1882 2848
f 1870 1881 1882
f 1871 2848 1882
f 1955 1878 1936
f 1955 2884 1878
f 2737 2850 2851
f 2850 2900 2851
f 2737 2853 2852
f 2737 2851 2853
f 2855 2857 1854
f 1849 2857 2859
f 2857 2855 2856
f 2857 2856 2858
f 2859 2857 2858
f 2864 2863 2832
f 2845 2860 2865
f 2824 2860 2845
f 2968 2861 2966
f 2824 2966 2861
f 2864 2845 2865
f 2866 2864 2862
f 2970 2867 2862
f 2862 2867 2866
f 2841 2866 2838
f 2866 2867 2838
f 3029 2868 2867
f 2869 2867 2868
f 2869 2868 2838
f 2869 2838 2867
f 2839 2838 2868
f 1948 1946 1947
f 2870 2871 2872
f 2631 1871 2914
f 2875 2691 2909
f 2646 2909 2691
f 2875 2909 2874
f 2909 2873 2874
f 2874 2873 2911
f 1891 1936 1935
f 1935 1878 1891
f 1889 1936 1891
f 2613 2876 2581
f 2876 2877 2581
f 2876 2613 2877
f 2580 2877 2613
f 2877 2580 2581
f 2613 2579 2580
f 2878 2582 2579
f 2878 2606 2582
f 2878 2579 2606
f 2972 1945 1948
f 1815 1813 2879
f 2473 1815 2879
f 2473 2879 1813
f 1896 1895 1886
f 2612 2609 2610
f 1877 1891 2880
f 1888 1877 2880
f 2880 1891 1888
f 1887 1885 1884
f 1884 1895 1887
f 1952 1949 1951
f 1950 1952 1951
f 1874 1855 2914
f 2844 2843 2830
f 2843 2844 2845
f 1943 1955 1946
f 2907 1943 1946
f 2608 2615 2610
f 2770 2769 2771
f 2776 2771 2798
f 2771 2769 2798
f 2776 2791 2882
f 2882 2771 2776
f 2882 2778 2771
f 2778 2882 2791
f 2778 2881 2883
f 2883 2777 2778
f 2883 2881 2777
f 2884 1739 1878
f 1945 1946 1948
f 2982 2781 2779
f 2616 2615 2885
f 2607 2885 2615
f 2886 1875 1855
f 2886 1873 1875
f 1873 1884 1875
f 2890 2647 2909
f 2647 2873 2909
f 2796 2794 2646
f 1814 2887 1813
f 2850 2737 2740
f 2881 2778 2791
f 2791 2888 2799
f 2888 2776 2799
f 2791 2776 2888
f 2799 2776 2798
f 2609 2613 2581
f 2911 2873 2889
f 2891 2892 2909
f 2890 2909 2892
f 2890 2892 2891
f 2652 2890 2891
f 2889 2893 2911
f 2654 2652 2653
f 2890 2652 2654
f 2889 2890 2654
f 2653 2893 2654
f 2653 2659 2893
f 2893 2659 2894
f 2679 2680 2678
f 2905 2679 2678
f 2680 2679 2689
f 2678 2896 2897
f 2678 2897 2677
f 2661 2673 2677
f 2905 2678 2677
f 2781 2775 2779
f 2775 2781 2773
f 2746 2899 2898
f 2898 2899 2900
f 2745 2898 2742
f 2898 2900 2850
f 2740 2742 2850
f 2850 2901 2849
f 2901 2850 2742
f 2901 2898 2849
f 2849 2898 2850
f 2740 2741 2742
f 2766 2820 2821
f 2800 2902 2801
f 2902 2799 2801
f 2904 2903 2687
f 2687 2740 2904
f 2740 2903 2904
f 2740 2687 2736
f 2688 2736 2687
f 2852 2687 2903
f 2796 2800 2801
f 2801 2794 2796
f 2889 2873 2890
f 2873 2647 2890
f 2737 2903 2740
f 2748 2725 2764
f 2825 2821 2827
f 1942 2906 2907
f 2907 1941 1942
f 1942 2884 2906
f 2884 2907 2906
f 2902 2800 2791
f 2799 2902 2791
f 2908 2748 2837
f 2778 2779 2775
f 2794 2909 2646
f 2720 2710 2759
f 2710 2770 2759
f 2910 2770 2766
f 2766 2770 2767
f 2910 2766 2759
f 2766 2924 2708
f 2759 2766 2708
f 2915 2911 2893
f 1945 1944 1946
f 1945 2912 1944
f 2912 1945 1952
f 1952 1950 2912
f 2857 2631 1854
f 2907 1946 1944
f 2907 1944 2912
f 2581 2608 2609
f 2913 2608 2581
f 2608 2913 2607
f 1855 2631 2914
f 2765 2821 2924
f 2752 2756 2762
f 2917 2893 2916
f 2893 2894 2916
f 2894 2919 2916
f 2920 2919 2894
f 2938 2920 2894
f 2774 2775 2773
f 2922 2918 2921
f 2923 2918 2922
f 2922 2921 2923
f 2915 2893 2917
f 2825 2924 2821
f 2757 2924 2825
f 1744 1875 1885
f 1875 1884 1885
f 2925 2926 2927
f 2747 2743 2908
f 2898 2901 2742
f 1740 1738 1878
f 1740 1878 1739
f 2743 2898 2744
f 2917 2916 2919
f 2793 2794 2801
f 2798 2801 2799
f 2893 2889 2654
f 2956 2752 2750
f 2767 2770 2775
f 2770 2771 2775
f 1850 1875 1745
f 1739 2930 1742
f 1739 1939 2930
f 2930 1939 2928
f 2929 1741 2930
f 2930 2928 2929
f 2944 2931 2895
f 2933 2932 2934
f 2934 2935 2933
f 2933 2935 2932
f 2937 2932 2936
f 2660 2937 2894
f 2936 2938 2937
f 2894 2937 2938
f 2660 2931 2937
f 2649 2939 2940
f 2648 2939 2649
f 2939 2650 2940
f 2650 2939 2648
f 2653 2656 2655
f 2941 2940 2663
f 2650 2663 2940
f 2940 2657 2651
f 2656 2651 2657
f 2940 2941 2657
f 2722 2727 2723
f 2726 2722 2725
f 2722 2726 2727
f 2942 2937 2944
f 2937 2942 2932
f 2944 2937 2931
f 2656 2891 2651
f 2656 2653 2891
f 2676 2735 2728
f 2735 2676 2730
f 2651 2891 2940
f 2674 2727 2730
f 2943 2656 2657
f 2943 2662 2656
f 2662 2660 2656
f 2658 2896 2657
f 2662 2657 2896
f 2662 2943 2657
f 2681 2944 2680
f 2676 2675 2669
f 2717 2719 2720
f 2709 2719 2717
f 2680 2944 2895
f 2680 2896 2678
f 2895 2896 2680
f 2722 2723 2668
f 2673 2728 2945
f 2673 2945 2677
f 2677 2945 2905
f 2670 2728 2673
f 2660 2895 2931
f 2896 2895 2662
f 2895 2660 2662
f 2946 2947 2948
f 2674 2730 2676
f 2674 2676 2669
f 2668 2723 2665
f 2667 2668 2665
f 2717 2720 2667
f 2665 2674 2669
f 2896 2658 2941
f 2658 2657 2941
f 2709 2716 2712
f 2715 2712 2949
f 2949 2712 2716
f 2715 2714 2712
f 2669 2664 2665
f 2950 2951 2952
f 2673 2953 2672
f 2673 2897 2953
f 2897 2663 2672
f 2953 2897 2672
f 2663 2897 2941
f 2665 2664 2666
f 2714 2715 2650
f 2665 2666 2667
f 2686 2955 2689
f 2736 2905 2738
f 2736 2954 2905
f 2736 2686 2954
f 2686 2736 2688
f 2686 2685 2955
f 2685 2682 2955
f 2905 2954 2686
f 2722 2751 2749
f 2826 2758 2708
f 2758 2759 2708
f 1741 1742 2930
f 2755 2758 2754
f 2758 2826 2754
f 2754 2826 2761
f 2725 2724 2726
f 2733 2734 2735
f 2734 2733 2745
f 2905 2735 2738
f 2735 2734 2738
f 2742 2741 2738
f 2738 2734 2742
f 2734 2745 2742
f 2753 2956 2749
f 2910 2759 2770
f 2792 2793 2798
f 2795 2649 2891
f 2909 2795 2891
f 2754 2956 2753
f 1875 1741 1745
f 2793 2792 2649
f 2688 2685 2686
f 2687 2685 2688
f 2957 2685 2687
f 2687 2852 2957
f 2739 2738 2741
f 2736 2738 2740
f 2958 2959 2960
f 2743 2729 2724
f 2750 2749 2956
f 2743 2732 2748
f 2961 2962 2963
f 2804 2964 2965
f 2802 2803 2807
f 2807 2803 2809
f 2809 2808 2807
f 2809 2812 2808
f 2822 2773 2780
f 1952 1945 1949
f 2180 2175 2143
f 2820 2966 2824
f 2822 2967 2966
f 2966 3004 2968
f 2865 2860 2968
f 2860 2824 2968
f 2865 2969 2970
f 2865 2970 2862
f 2865 3004 2971
f 2969 2865 2971
f 1874 2914 1871
f 1891 1887 1895
f 1895 1896 1891
f 1871 2631 1872
f 2972 1949 1945
f 1951 2972 2973
f 2974 2973 2972
f 2972 1953 2974
f 2875 2997 2691
f 2864 2832 2845
f 2822 2780 2823
f 2975 2780 2786
f 2783 2786 2780
f 2975 2823 2780
f 2967 2822 2976
f 2977 2976 2822
f 2977 2822 2978
f 2822 2975 2978
f 2975 2822 2823
f 2979 2980 2981
f 2863 2864 2866
f 2783 2982 2784
f 2782 2783 2784
f 2812 2811 2983
f 2983 2811 2817
f 2811 2818 2817
f 2816 2818 2984
f 2984 2811 2810
f 2810 2811 2812
f 2810 2987 2984
f 2985 2986 2810
f 2987 2810 3013
f 2142 2988 2180
f 1934 1936 1889
f 1934 1889 1965
f 1965 1889 1933
f 2989 2990 2991
f 2824 2861 2968
f 2992 2806 2997
f 2573 3018 2574
f 2993 2994 2995
f 2996 2997 2875
f 2693 2997 2996
f 2854 2857 1849
f 2865 2862 2864
f 2143 2998 2183
f 2998 2175 2183
f 2143 2175 2998
f 2645 2805 2806
f 1346 1358 1344
f 1358 1345 1344
f 2863 2866 2841
f 2112 2114 2999
f 2999 2123 2112
f 3000 2123 2999
f 1964 3014 1969
f 3014 1964 1972
f 2811 2984 2818
f 2470 2469 2471
f 2968 3004 2865
f 1947 1954 1966
f 1901 1899 1898
f 1964 1965 1932
f 1965 1827 1932
f 1826 1827 1965
f 1932 1827 1826
f 3001 2984 3002
f 3001 2816 2984
f 3002 2984 3003
f 2984 2987 3003
f 2175 2180 2181
f 2181 3018 2179
f 2179 3018 2573
f 3004 2966 2967
f 1954 1969 1966
f 3007 2805 2645
f 3010 2985 2805
f 3007 3010 2805
f 2695 3006 3033
f 3006 2695 3005
f 3007 3033 3006
f 3010 3007 3035
f 3035 3008 3010
f 3010 3009 2985
f 3008 3011 3010
f 3011 3012 3010
f 3010 3012 3013
f 3010 3013 3009
f 3013 2810 3009
f 1947 1966 1968
f 1966 1969 1968
f 1968 3014 1971
f 3014 1968 1969
f 3015 3016 3017
f 3018 2141 3019
f 3019 2574 3018
f 2641 2574 3019
f 2140 2641 3019
f 2606 2579 2611
f 2645 2693 2695
f 1356 1358 1348
f 1348 1357 1437
f 1348 1437 1347
f 1358 1357 1348
f 1527 1528 1582
f 1527 1582 1530
f 2782 2819 2787
f 3020 3021 3022
f 1296 1344 1345
f 2120 2118 2119
f 1529 1583 1582
f 1521 1526 1528
f 2423 2427 3032
f 1953 1947 1967
f 1924 1882 1881
f 3023 2182 3024
f 2695 2693 2996
f 3007 2645 2695
f 3025 1849 2859
f 1859 1849 3025
f 3025 1857 1859
f 3026 3027 3028
f 1522 1521 1528
f 2867 2970 3029
f 2179 2573 2181
f 1288 3030 1287
f 1287 3030 1305
f 3030 1288 1305
f 2120 2112 2122
f 1882 1907 1906
f 1907 1882 1913
f 2403 3032 2401
f 1908 1906 1907
f 1893 1892 1899
f 1893 1899 1900
f 2163 2183 2162
f 3007 2695 3033
f 2578 2605 2593
f 2605 2578 2606
f 2593 2605 2643
f 1297 1305 3034
f 3034 1305 1343
f 3034 1343 1297
f 1287 1305 1304
f 1297 1287 1304
f 1530 1585 2703
f 1523 1522 1532
f 1532 1436 1523
f 1869 1849 1859
f 1908 1907 1909
f 3007 3006 3035
f 3006 3005 3035
f 2427 2424 2425
f 1286 1288 1287
f 3005 2695 2697
f 1586 1587 1588
f 1285 1286 1287
f 1285 1287 3036
f 3037 3036 1287
f 3037 1287 3038
f 1284 3038 1287
f 1971 3039 3040
f 1522 1523 1436
f 1848 1869 1859
f 2544 2545 1811
f 2545 2546 1811
f 2544 2546 2545
f 1968 3041 1947
f 3041 1968 3042
f 3042 1968 1976
f 1345 1343 1305
f 2703 1585 1581
f 1345 1355 1349
f 1592 1581 1585
f 1972 1964 1977
f 1350 1349 1343
f 1345 1350 1343
f 1532 1527 2703
f 1593 1595 1592
f 1594 1593 1592
f 1594 1595 1593
f 1869 1880 1924
f 2186 2573 2190
f 2163 2162 2144
f 3043 1284 1287
f 3043 1287 1283
f 1869 1957 1880
f 1957 1869 1848
f 1343 1349 1342
f 1828 1737 1829
f 1588 1587 3044
f 2426 2427 2425
f 1290 1287 1289
f 3045 2344 3046
f 3046 2344 3067
f 3051 3062 3049
f 3052 3051 3050
f 3052 3050 3252
f 3251 3054 3057
f 3251 3053 3054
f 3053 3251 3050
f 3053 3050 3054
f 3050 3055 3054
f 3054 3049 3057
f 3049 3058 3057
f 3057 3058 3059
f 3058 3056 3059
f 3056 3048 3060
f 3060 3048 3063
f 3047 3061 3062
f 3048 3062 3063
f 3062 3061 3063
f 2350 2356 1867
f 1996 3064 2016
f 3064 2010 2016
f 2010 3064 2009
f 2012 2009 3064
f 3064 1994 2012
f 1598 1597 1820
f 2279 2274 2276
f 1338 1336 1313
f 3065 2201 2466
f 2314 2313 2216
f 3066 2216 2313
f 2216 3066 3067
f 2344 2216 3067
f 2012 2011 1962
f 1659 1820 1597
f 3069 3068 3070
f 3070 3068 3071
f 3073 3072 3071
f 3497 3071 3083
f 3071 3497 3073
f 3497 3083 3080
f 3076 3074 3075
f 3076 3077 3074
f 3076 3075 3077
f 3075 3078 3077
f 3258 3078 3075
f 3258 3077 3078
f 3258 3079 3263
f 3258 3080 3079
f 3074 3080 3258
f 3071 3319 3083
f 3071 3082 3319
f 3068 3085 3082
f 3068 3069 3085
f 3319 3085 3084
f 3085 3319 3082
f 3085 3086 3084
f 3069 3086 3085
f 1430 1541 1429
f 2274 1676 2280
f 3091 3089 3152
f 3088 3092 3089
f 3087 3090 3089
f 3089 3090 3088
f 3089 3092 3152
f 3091 3152 3332
f 3093 3088 3094
f 3088 3090 3094
f 3094 3096 3093
f 3093 3096 3088
f 3096 3152 3088
f 3094 3152 3096
f 3091 3087 3089
f 3051 3047 3062
f 3102 3101 3097
f 3098 3101 3102
f 3101 3098 3100
f 3098 3102 3099
f 3098 3099 3103
f 3103 3104 3098
f 3106 3101 3100
f 3098 3104 3100
f 3104 3103 3105
f 3106 3100 3107
f 3100 3105 3107
f 3100 3104 3105
f 1676 2274 1672
f 2127 2126 2002
f 2276 2274 2280
f 2222 2223 2224
f 3102 3097 3099
f 1336 1307 1313
f 3109 3114 3108
f 3111 3108 3114
f 3110 3111 3114
f 3117 3111 3110
f 3110 3114 3112
f 3114 3109 3113
f 3112 3115 3253
f 3253 3116 3112
f 3110 3112 3116
f 3110 3116 3117
f 3121 3224 3118
f 3121 3124 3120
f 3121 3123 3124
f 3118 3122 3121
f 3122 3123 3121
f 3128 3125 3127
f 3125 3128 3124
f 3126 3120 3128
f 3126 3128 3139
f 3126 3139 3140
f 3139 3128 3138
f 3124 3123 3130
f 3130 3123 3122
f 3133 3130 3132
f 3134 3133 3132
f 3130 3133 3129
f 3133 3134 3135
f 3135 3136 3133
f 3133 3125 3129
f 3133 3136 3125
f 3147 3136 3137
f 3125 3136 3147
f 3147 3138 3128
f 3140 3139 3141
f 3141 3139 3138
f 3141 3138 3146
f 3141 3142 3143
f 3142 3144 3143
f 3148 3144 3142
f 3148 3145 3144
f 3147 3128 3127
f 3142 3141 3146
f 3149 3146 3148
f 3142 3146 3149
f 3146 3147 3148
f 3148 3147 3145
f 3149 3148 3142
f 3150 2126 2127
f 2274 2279 2281
f 1669 1659 1674
f 1673 1658 1669
f 1658 1673 1672
f 1658 1672 1655
f 1673 1669 1668
f 1867 2081 2075
f 1540 1429 1541
f 1120 3151 1119
f 1362 1361 1336
f 3049 3062 3048
f 1364 1429 1540
f 3068 3082 3071
f 1672 2274 2275
f 1673 1668 1672
f 2014 1928 2019
f 2033 2019 1928
f 2033 2018 2019
f 2018 2024 2017
f 2018 2033 2037
f 2037 2033 2035
f 2018 2037 2024
f 2247 2248 1118
f 3155 3153 3154
f 2352 3155 3157
f 3156 3157 3374
f 3158 2355 3159
f 2354 3159 2359
f 2359 3159 2355
f 3389 3160 3168
f 2082 2355 3169
f 2082 2068 2075
f 3162 2068 2082
f 3162 3161 2068
f 2082 3171 3162
f 3163 3162 3172
f 3166 3163 3172
f 3166 3162 3163
f 3161 3162 3166
f 3161 3166 3164
f 3161 3164 2099
f 3164 3166 2099
f 3166 3172 3165
f 3165 3380 3166
f 3380 3167 3376
f 3378 3380 3376
f 3168 3160 3376
f 3169 2355 3170
f 3170 2082 3169
f 3170 3171 2082
f 3172 3171 3170
f 3162 3171 3172
f 3380 3172 3170
f 3172 3380 3165
f 3380 3168 3167
f 3168 3376 3167
f 3168 3380 3170
f 1763 3173 1761
f 3173 1763 3174
f 1768 3174 1763
f 3173 1768 1761
f 3094 3178 3152
f 3176 3177 3180
f 3179 3176 3180
f 3178 3179 3180
f 3178 3180 3181
f 3152 3178 3181
f 3181 3180 3189
f 3152 3181 3184
f 3184 3095 3152
f 3184 3181 3182
f 3189 3182 3181
f 3183 3184 3187
f 3184 3183 3209
f 3209 3183 3185
f 3183 3186 3185
f 3186 3193 3185
f 3183 3193 3186
f 3193 3183 3187
f 3187 3188 3193
f 3182 3187 3184
f 3182 3189 3190
f 3189 3180 3190
f 3190 3191 3182
f 3191 3187 3182
f 3187 3191 3197
f 3187 3197 3192
f 3196 3187 3192
f 3196 3188 3187
f 3188 3196 3193
f 3193 3196 3208
f 3193 3194 3185
f 3194 3195 3185
f 3194 3193 3195
f 3193 3208 3195
f 3208 3196 3197
f 3197 3196 3192
f 3197 3191 3198
f 3207 3197 3198
f 3191 3190 3198
f 3198 3190 3210
f 3190 3200 3199
f 3200 3190 3201
f 3190 3180 3201
f 3180 3177 3202
f 3202 3201 3180
f 3201 3202 3203
f 3201 3203 3204
f 3200 3201 3204
f 3190 3199 3206
f 3199 3200 3205
f 3210 3190 3206
f 3198 3210 3215
f 3207 3198 3215
f 3197 3207 3215
f 3213 3209 3185
f 3213 3185 3214
f 3214 3185 3195
f 3215 3208 3197
f 3212 3213 3214
f 3221 3213 3212
f 3211 3221 3212
f 3211 3214 3221
f 3212 3214 3211
f 3215 3214 3195
f 3208 3215 3195
f 3215 3210 3217
f 3217 3216 3215
f 3215 3220 3214
f 3220 3215 3216
f 3221 3220 3219
f 3217 3220 3216
f 3210 3206 3217
f 3199 3205 3218
f 3199 3218 3206
f 3218 3217 3206
f 3219 3217 3218
f 3220 3217 3219
f 3220 3221 3214
f 3219 3222 3221
f 3222 3223 3221
f 3221 3223 3213
f 2224 2223 2230
f 3071 3072 3070
f 3126 3224 3120
f 3224 3121 3120
f 1185 1188 2244
f 2062 2065 2079
f 2360 3153 3155
f 1820 1669 1658
f 1658 1656 1820
f 1118 2248 1191
f 1428 1363 1364
f 3176 3231 3177
f 1362 1428 3359
f 2223 2226 2230
f 1307 1336 3226
f 1307 3226 3225
f 3225 3226 1314
f 1311 3225 1314
f 1307 3225 1311
f 3051 3049 3050
f 2017 2013 2014
f 2017 2014 2018
f 2014 2019 2018
f 3227 3228 3229
f 2033 2034 2062
f 2062 2032 2033
f 2063 2079 2075
f 3049 3048 3056
f 1540 3230 1364
f 3230 1540 1542
f 1364 3230 1428
f 1387 1427 1542
f 1387 1542 3294
f 1427 3230 1542
f 3090 3231 3094
f 3231 3176 3094
f 3176 3175 3094
f 3232 3249 3236
f 3236 3234 3233
f 3242 3234 3249
f 3239 3234 3242
f 3234 3239 3235
f 3234 3235 3233
f 3237 3236 3233
f 3233 3239 3237
f 3240 3239 3238
f 3241 3238 3242
f 3242 3248 3241
f 3239 3242 3238
f 3248 3242 3243
f 3247 3244 3246
f 3243 3244 3247
f 3247 3248 3243
f 3247 3354 3248
f 3247 3246 3354
f 3249 3232 3250
f 1190 1191 2248
f 3252 3050 3251
f 3251 3057 3252
f 2062 2079 2063
f 1541 1819 1540
f 2032 2062 2040
f 2081 2356 2357
f 3234 3236 3249
f 1133 1120 1121
f 1656 1658 1657
f 3119 3128 3120
f 3124 3130 3125
f 3125 3130 3129
f 2062 2063 2061
f 3055 3050 3049
f 3055 3049 3054
f 1320 1314 1336
f 3119 3120 3124
f 3119 3124 3128
f 3130 3122 3131
f 3115 3113 3253
f 3114 3113 3115
f 3175 3176 3179
f 2013 2017 2010
f 1307 1311 1312
f 3088 3152 3092
f 1320 1362 3359
f 3254 3226 3255
f 3083 3319 3081
f 3080 3256 3257
f 3079 3080 3257
f 3272 3263 3079
f 3260 3259 3267
f 3260 3267 3268
f 3260 3261 3259
f 3260 3263 3261
f 3263 3260 3258
f 3263 3262 3261
f 3264 3259 3261
f 3264 3261 3271
f 3271 3259 3264
f 3265 3259 3271
f 3259 3265 3266
f 3259 3266 3267
f 3266 3271 3267
f 3271 3266 3265
f 3267 3269 3268
f 3267 3270 3269
f 3267 3271 3270
f 3271 3273 3270
f 3271 3261 3273
f 3261 3256 3273
f 3261 3262 3256
f 3262 3263 3256
f 3263 3272 3256
f 3079 3257 3256
f 3079 3256 3272
f 3080 3274 3256
f 3080 3083 3081
f 3080 3081 3320
f 3320 3274 3080
f 3256 3274 3273
f 2032 2040 2035
f 3275 3276 3277
f 1766 1767 1770
f 3130 3131 3132
f 3278 3279 3280
f 3281 3285 3283
f 3282 3284 3281
f 3281 3284 3285
f 3056 3060 3059
f 2062 2061 2040
f 3282 3281 3292
f 3049 3056 3058
f 1121 1185 3286
f 1121 3286 1184
f 1184 3286 1185
f 3288 3289 3287
f 3289 3288 3290
f 3287 3290 3288
f 3237 3239 3240
f 3291 3281 3283
f 3281 3291 3292
f 3359 1427 1335
f 1335 3293 1387
f 1335 1427 3293
f 1386 1387 3294
f 1388 1386 3294
f 3294 1391 1388
f 1516 1391 1424
f 3179 3094 3175
f 3178 3094 3179
f 3239 3233 3235
f 3295 3297 3296
f 3297 3298 3296
f 3295 3296 3298
f 3299 3301 3300
f 3299 3302 3301
f 3300 3301 3302
f 3303 3304 3349
f 3349 3305 3303
f 3303 3305 3304
f 3308 3309 3307
f 3310 3309 3308
f 3310 3308 3307
f 3310 3311 3313
f 3312 3313 3311
f 3313 3312 3310
f 3316 3315 3314
f 3316 3317 3315
f 3316 3314 3317
f 3112 3114 3115
f 1657 1658 1655
f 3319 3320 3081
f 3319 3318 3320
f 3321 3320 3318
f 3319 3321 3318
f 3084 3321 3319
f 3322 3324 3323
f 1387 3293 1427
f 1656 1657 1655
f 3325 3326 3327
f 3327 3304 3325
f 3325 3304 3326
f 3328 3331 3329
f 3330 3328 3329
f 3330 3331 3328
f 3095 3332 3152
f 3333 3334 3335
f 3335 3336 3333
f 3335 3337 3336
f 3335 3334 3337
f 3333 3336 2285
f 3333 2285 2281
f 2284 2285 2298
f 2298 2299 2284
f 3343 3339 2298
f 2298 3340 3343
f 3340 2298 2285
f 2285 3343 3340
f 3343 2285 3338
f 3343 3338 3341
f 3342 3339 3343
f 2298 3339 3342
f 2299 2298 3342
f 2297 3342 3344
f 3343 3344 3342
f 3343 3341 3344
f 2296 3344 1710
f 1710 3345 3346
f 1710 3344 3345
f 3344 3341 3345
f 3345 3341 3347
f 3345 3347 3346
f 3349 3306 3314
f 3314 3306 3348
f 3348 3306 3349
f 3350 3352 3351
f 3350 3353 3352
f 3353 3350 3351
f 3250 3246 3249
f 3246 3243 3245
f 3245 3249 3246
f 3250 3354 3246
f 3337 3334 3333
f 3333 2348 3337
f 3357 3355 3356
f 3358 3357 3356
f 3355 3358 3356
f 3359 1312 1320
f 2226 2239 2233
f 2239 3361 3360
f 2239 2226 3361
f 3364 3365 3363
f 3366 3364 3367
f 3365 3364 3366
f 3368 3364 3363
f 3362 3368 3363
f 3368 3367 3364
f 3159 2354 3158
f 2354 3157 3158
f 3249 3245 3242
f 3245 3243 3242
f 2033 2032 2035
f 3369 3371 3372
f 3370 3371 3369
f 3371 3370 3372
f 3135 3137 3136
f 3373 3157 3155
f 3374 3157 3373
f 3156 3374 3373
f 3389 3158 3156
f 3375 3389 3156
f 3160 3389 3376
f 3389 3388 3376
f 3377 3378 3388
f 3376 3388 3378
f 3380 3378 3377
f 2099 3166 3380
f 3379 2099 3380
f 2099 3379 3381
f 3385 3381 3386
f 3379 3380 3377
f 3382 3388 3387
f 3386 3388 3382
f 3383 3388 3386
f 3388 3383 3377
f 3383 3381 3377
f 3381 3379 3377
f 3386 3381 3383
f 2102 3381 3385
f 2102 3385 3384
f 3386 3387 3392
f 3387 3386 3382
f 3392 3387 3388
f 3388 3389 3392
f 3393 3389 3375
f 3156 3393 3375
f 3373 3390 3156
f 3389 3393 3391
f 3389 3391 3392
f 3393 3392 3391
f 3156 3390 3393
f 3396 3395 3393
f 3390 3399 3402
f 3393 3390 3402
f 3393 3402 3396
f 3395 3392 3393
f 3392 3395 3394
f 3395 3407 3394
f 3407 3395 3396
f 3396 3402 3407
f 3402 3399 3397
f 3397 3398 3402
f 3397 3399 3398
f 3390 3398 3399
f 3390 3400 3398
f 3390 3373 3400
f 3400 3373 180
f 3400 3401 3398
f 3398 3433 3402
f 3407 3402 3404
f 3403 3407 3405
f 3403 3405 3406
f 3407 3403 3406
f 3394 3386 3392
f 3385 3386 3384
f 3384 3408 3415
f 3415 2094 3384
f 3410 2096 3409
f 3409 3411 3412
f 3411 3413 3412
f 3409 3413 3411
f 3415 3413 3409
f 2096 3415 3409
f 3415 3414 3413
f 3415 3416 3414
f 3416 3415 3408
f 3408 3417 3416
f 3408 3384 3417
f 3384 3386 3418
f 3418 3419 3384
f 3421 3420 3419
f 3419 3386 3421
f 3386 3419 3418
f 3386 3394 3421
f 3394 3420 3421
f 3394 3406 3422
f 3394 3424 3406
f 3424 3394 3407
f 3407 3423 3424
f 3407 3406 3423
f 3424 3423 3406
f 3422 3425 3426
f 3422 3427 3394
f 3428 3427 3422
f 3426 3428 3422
f 3425 3422 3441
f 3422 3406 3441
f 3429 3406 3405
f 3407 3404 3405
f 3439 3405 3404
f 3430 3439 3404
f 3430 3404 3402
f 3433 3432 3402
f 180 3431 3400
f 180 3373 3431
f 3373 3462 3431
f 3373 3155 3462
f 3400 3431 3462
f 3462 3432 3400
f 3432 3401 3400
f 3401 3432 3398
f 3432 3433 3398
f 3462 3434 3432
f 3434 3436 3435
f 3435 3436 3437
f 3434 3435 3437
f 3432 3434 3446
f 3438 3430 3445
f 3438 3445 3439
f 3430 3438 3439
f 3429 3405 3439
f 3429 3439 3406
f 3441 3406 3439
f 3447 3443 3439
f 3439 3443 3440
f 3440 3441 3439
f 3442 3441 3440
f 3442 3440 3444
f 3444 3441 3442
f 3440 3443 3444
f 3443 3447 3444
f 3432 3446 3445
f 3445 3446 3447
f 3432 3445 3430
f 3430 3402 3432
f 3445 3447 3439
f 2041 2061 2063
f 3365 3362 3363
f 1542 1570 1821
f 1542 1821 1543
f 3240 3238 3241
f 2010 2017 2015
f 1655 2282 2283
f 2035 2040 3448
f 2043 2035 3448
f 3125 3147 3127
f 3147 3137 3450
f 3145 3147 3449
f 3449 3450 3145
f 3147 3450 3449
f 3144 3145 3452
f 3451 3452 3145
f 3145 3137 3451
f 3450 3137 3145
f 3454 3453 3455
f 3454 3455 3456
f 3457 3459 3455
f 3453 3457 3455
f 3458 3459 3457
f 3459 3460 3455
f 3460 3456 3455
f 3460 3459 3458
f 1335 1387 1386
f 3155 3154 3461
f 3155 3461 3462
f 3461 3463 3462
f 3154 3463 3461
f 2249 3464 3465
f 3465 3466 3468
f 3465 3464 3466
f 3464 2249 3466
f 2270 3467 2249
f 2249 3467 3466
f 3467 2269 3466
f 3468 3466 2269
f 3468 2269 3467
f 3468 3467 2268
f 3469 2252 2268
f 2268 2252 3468
f 3468 2252 2251
f 2252 3469 2255
f 3471 2255 3469
f 3469 3470 2267
f 3469 2268 3470
f 3470 2268 2267
f 2268 2265 2267
f 3471 2267 2266
f 3471 3469 2267
f 3471 3475 2255
f 2255 3472 3482
f 2255 3473 3472
f 3475 3473 2255
f 3474 3473 3475
f 3474 3475 3471
f 3476 3471 3479
f 3474 3471 3476
f 3479 3474 3476
f 3477 3479 3471
f 3477 2266 3479
f 2266 3477 3471
f 3478 3474 3479
f 3473 3474 3478
f 3478 3479 3473
f 1495 3473 3479
f 3473 1495 3480
f 2256 3473 3480
f 2256 3481 3484
f 2256 3480 3481
f 3473 3482 3472
f 2255 3482 2256
f 3483 2256 3484
f 2256 3483 2257
f 3483 3484 3481
f 2256 3482 3473
f 1312 1309 2272
f 2063 2075 2068
f 2041 2040 2061
f 2232 2230 2233
f 2230 2227 2221
f 3486 3485 3487
f 3485 3488 3487
f 3485 3486 3488
f 2271 2270 2272
f 2272 3467 2271
f 2270 1312 2272
f 3489 3490 3491
f 3489 3491 3533
f 3490 3489 3533
f 3494 3492 3493
f 3494 3493 3495
f 3493 3492 3495
f 3495 3492 3533
f 3496 3080 3074
f 3080 3496 3497
f 3146 3138 3147
f 3499 3501 3500
f 3526 3500 3535
f 3512 3503 3502
f 3514 3512 3502
f 3504 3507 3505
f 3505 3507 3506
f 3505 3506 3508
f 3506 3507 3508
f 3507 3509 3508
f 3507 3504 3509
f 3504 3510 3511
f 3511 3510 3509
f 3504 3511 3509
f 3504 3512 3513
f 3512 3514 3513
f 3515 3513 3514
f 3513 3515 3504
f 3520 3515 3514
f 3514 3502 3520
f 3518 3517 3516
f 3519 3517 3518
f 3516 3517 3519
f 3502 3521 3520
f 3521 3502 3523
f 3523 3502 3522
f 3522 3525 3523
f 3502 3525 3522
f 3502 3524 3525
f 3503 3524 3502
f 3524 3503 3526
f 3525 3524 3526
f 3529 3532 3526
f 3526 3527 3529
f 3531 3529 3528
f 3529 3531 3532
f 3530 3532 3531
f 1121 1184 1183
f 1121 1183 1186
f 2082 2359 2355
f 3526 3498 3500
f 3494 3533 3492
f 1379 1386 1380
f 1386 1379 1335
f 3500 3498 3499
f 3542 3501 3534
f 3500 3501 3535
f 3501 3499 3543
f 3534 3501 3543
f 3542 3534 3543
f 3535 3501 3542
f 3535 3542 3541
f 3527 3526 3535
f 3527 3535 3541
f 3527 3537 3536
f 3528 3529 3536
f 3527 3536 3529
f 3531 3536 3537
f 3531 3528 3536
f 3530 3531 3537
f 3499 3537 3527
f 3527 3538 3539
f 3538 3527 3540
f 3527 3539 3538
f 3538 3540 3527
f 3541 3542 3527
f 3542 3543 3539
f 3539 3527 3542
f 3499 3527 3539
f 3539 3543 3499
f 3338 2285 3336
f 3243 3246 3244
f 1183 1184 1186
f 3547 3546 3544
f 3546 3545 3544
f 3545 3546 3550
f 3546 3547 3548
f 3548 3549 3546
f 3549 3550 3546
f 2227 2232 2237
f 3158 3157 3156
f 3168 2355 3158
f 3168 3158 3389
f 3170 2355 3168
f 3553 3551 3554
f 3553 3554 3552
f 3552 3551 3553
f 3557 3555 3560
f 3556 3555 3557
f 3558 3555 3556
f 3555 3558 3559
f 3560 3555 3559
f 3563 3562 3561
f 3561 3564 3563
f 3564 3561 3562
f 3566 3567 3565
f 3566 3568 3567
f 3568 3566 3565
f 3583 3577 3572
f 3573 3571 3572
f 3571 3573 3575
f 3575 3572 3571
f 3569 3575 3570
f 3569 3570 3574
f 3575 3569 3574
f 3583 3572 3576
f 3583 3579 3577
f 3583 3578 3579
f 3578 3583 3584
f 3580 3579 3578
f 3581 3579 3580
f 3581 3580 3582
f 3578 3584 3580
f 3584 3582 3580
f 3584 3583 3576
f 3582 3584 3589
f 3584 3576 3585
f 3584 3585 3588
f 3589 3584 3588
f 3586 3588 3585
f 3586 3585 3587
f 3586 3587 3590
f 3588 3586 3590
f 3589 3588 3590
f 3591 3592 3593
f 3592 3594 3593
f 3591 3594 3592

