{
  "mass_kg": 0.35,
  "friction": 0.5,
  "restitution": 0.1,
  "density_kg_m3": 1000.0,
  "size_cm": [
    18.0,
    4.4,
    10.0
  ],
  "tags": [
    "plate",
    "dish",
    "round",
    "flat",
    "thin",
    "grasp",
    "plate_02"
  ],
  "source": "objaverse",
  "description": "Round plate (Objaverse) [uid=5da32137611346eebf4125ce518a76fd]",
  "stable_poses": [
    {
      "z": 0.062897,
      "quat": [
        0.556483,
        -0.830842,
        0.004464,
        0.00299
      ],
      "probability": 0.5417
    },
    {
      "z": 0.066535,
      "quat": [
        0.002629,
        -0.00181,
        0.567048,
        0.823679
      ],
      "probability": 0.4583
    }
  ]
}