# https://github.com/mikedh/trimesh
v -0.00569726 0.00432473 0.04001307
v -0.00748762 0.00447291 0.03960334
v -0.01184637 0.00826370 0.03757368
v -0.00853527 0.00854678 0.03868562
v -0.00298766 0.00494701 0.04015049
v -0.00369744 0.00796381 0.03969386
v -0.00664851 0.00987931 0.03871557
v -0.01290783 0.01114219 0.03637607
v -0.01067911 0.01360865 0.03647753
v -0.01196581 0.01741155 0.03418876
v -0.00426671 0.01666043 0.03674765
v -0.00098208 0.00948828 0.03934006
v -0.00185089 0.01349383 0.03811312
v -0.00474025 0.01121283 0.03873923
v -0.00194520 0.01748613 0.03642788
v 0.00482843 0.01312627 0.03750618
v 0.00075749 0.01424093 0.03764227
v 0.00376012 0.01707611 0.03609358
v -0.00030958 0.01838373 0.03599657
v 0.00157851 0.01887095 0.03548966
v -0.00824271 0.01602255 0.03616712
v -0.00599411 0.01870453 0.03537835
v -0.00369368 0.01910051 0.03549532
v -0.00794172 0.01998139 0.03430951
v -0.00568417 0.02349742 0.03230045
v -0.00468568 0.02590786 0.03009290
v 0.00108496 0.02219399 0.03347165
v 0.00021891 0.02449205 0.03171561
v -0.00259977 0.02889961 0.02683852
v 0.00122335 0.02905183 0.02679402
v -0.01277370 0.02200132 0.03109088
v -0.01542164 0.02081045 0.03050349
v -0.01594944 0.02262130 0.02826031
v -0.00994578 0.02169733 0.03252724
v -0.01856798 0.02114550 0.02807199
v -0.01888512 0.02089687 0.02789265
v -0.01702586 0.01952240 0.03026294
v -0.01018560 0.02812550 0.02585431
v -0.01787663 0.02433892 0.02518220
v -0.01688260 0.02612691 0.02334838
v -0.01595537 0.02685681 0.02274376
v -0.00887323 0.02713842 0.02769165
v -0.00590706 0.02639736 0.02935297
v -0.00591560 0.02767305 0.02790791
v -0.01451781 0.02590147 0.02568472
v -0.00998380 0.02949142 0.02315759
v -0.01239431 0.02913569 0.02191838
v -0.01117153 0.02979688 0.01007651
v -0.00641472 0.03078995 0.00876737
v -0.00742110 0.03161018 0.01172238
v -0.01059449 0.03081073 0.01356884
v -0.00665263 0.03232922 0.01535478
v -0.00226703 0.03330090 0.01176257
v -0.01592170 0.02699241 0.02237014
v -0.01603441 0.02897506 0.01617451
v -0.01148245 0.03032769 0.01820958
v -0.01368548 0.02973432 0.01627070
v -0.01400046 0.02931478 0.01079303
v -0.00742947 0.02871067 0.02594769
v -0.00511407 0.02980264 0.02503803
v -0.00267036 0.03263508 0.01961852
v -0.00552323 0.03129218 0.02190184
v -0.00984309 0.02949383 0.02337898
v -0.00773452 0.03070684 0.02207372
v -0.00665310 0.03119727 0.02156932
v -0.00114976 0.03185040 0.02263863
v -0.00329626 0.03228048 0.02058882
v -0.00326159 0.03248869 0.01990132
v -0.00276567 0.03322196 0.01677062
v -0.00748337 0.03173939 0.01905827
v -0.00177923 0.03288638 0.01921738
v 0.00068561 0.03272571 0.02056719
v 0.00375453 0.03371447 0.01630618
v 0.00187305 0.03233088 0.02142845
v 0.00121250 0.03337593 0.01774795
v 0.00077549 0.03371471 0.01522720
v 0.00219324 0.03362276 0.01648820
v 0.00701569 0.01913633 0.03421837
v 0.00794364 0.01833045 0.03448622
v 0.01169872 0.02013584 0.03235413
v 0.00565338 0.02100069 0.03353820
v 0.00446347 0.02113078 0.03373305
v 0.00836305 0.02260065 0.03189957
v 0.00493649 0.02390561 0.03168847
v 0.00532604 0.02551726 0.03029011
v 0.01302188 0.02100696 0.03126455
v 0.00826282 0.02778825 0.02716369
v 0.00669513 0.02937474 0.02566059
v 0.01480113 0.02084104 0.03046757
v 0.01110960 0.02671381 0.02750534
v 0.01302508 0.02398350 0.02913531
v 0.01354314 0.02894902 0.02365627
v 0.01647278 0.02556053 0.02586645
v 0.01663741 0.02819719 0.02270389
v 0.01792947 0.02891554 0.02064544
v 0.01155528 0.03053074 0.02241498
v 0.01508825 0.03177044 0.01817416
v 0.00463178 0.02691616 0.02889709
v 0.00080220 0.02661679 0.02977765
v 0.00443684 0.02856154 0.02708826
v 0.00356158 0.03142775 0.02299106
v 0.00907034 0.03112129 0.02237750
v 0.01013291 0.03336523 0.01736220
v 0.00453453 0.03275661 0.02001530
v 0.00737137 0.03363657 0.01694575
v -0.00076807 0.02737720 0.00102286
v -0.00162869 0.02930529 0.00389493
v 0.00095675 0.03135991 0.00335858
v 0.00213814 0.03130597 0.00076671
v 0.00398035 0.03252081 -0.00135648
v 0.00286699 0.03284855 0.00337547
v 0.00566949 0.03432725 0.00107871
v 0.00351560 0.03266139 -0.00718150
v 0.00543275 0.03341899 -0.00409384
v 0.00588168 0.03456200 0.00920945
v 0.00812674 0.03427419 0.01407218
v 0.00688800 0.03473781 0.00791066
v 0.00426591 0.03390766 0.00674251
v 0.01263644 0.03569801 0.00336825
v 0.01471603 0.03561022 0.00182024
v 0.01177615 0.03614108 0.00062330
v 0.00861415 0.03531115 0.00633153
v 0.00924450 0.03578244 0.00203136
v 0.01114316 0.03538050 0.00662228
v 0.00357059 0.03339135 -0.01023775
v 0.00649927 0.03486841 -0.00900879
v 0.00814020 0.03542231 -0.01181632
v 0.00876150 0.03530656 -0.01039361
v 0.01348922 0.03640752 -0.01041967
v 0.00729944 0.03518126 -0.00689190
v 0.00854631 0.03420309 -0.01887142
v 0.00357960 0.03347657 -0.01508669
v 0.00673304 0.03489186 -0.01517031
v 0.01241504 0.03509472 -0.01648679
v 0.01163526 0.03621330 -0.01160258
v 0.01686914 0.03404270 -0.01700605
v 0.01286988 0.03587690 -0.01426853
v 0.01708443 0.03535114 -0.00059171
v 0.01727209 0.03528671 -0.00350379
v 0.02285068 0.03338568 -0.00669191
v 0.01966434 0.03464135 -0.00648705
v 0.02458086 0.03140055 -0.01299566
v 0.02105375 0.03330415 -0.01403596
v 0.01887038 0.03500321 -0.01005780
v 0.02327860 0.03290870 -0.00951448
v 0.02160155 0.03355406 -0.01141560
v 0.02062831 0.03418321 -0.01037869
v 0.00883141 0.03528018 -0.00299904
v 0.00948516 0.03578097 -0.00518688
v 0.01308500 0.03625789 -0.00635781
v 0.01326704 0.03617827 -0.00159988
v 0.01157015 0.03593650 -0.00348355
v 0.01553909 0.03585994 -0.00048940
v 0.01612739 0.03585769 -0.00694899
v 0.01259848 0.03606393 -0.00477875
v 0.01375079 0.03614969 -0.01138038
v -0.00016413 0.03166114 0.00609615
v -0.00231847 0.03159666 0.00768578
v 0.00076949 0.03168076 0.00489460
v -0.00456890 0.03217981 0.01048542
v 0.00093799 0.03324502 0.00947905
v 0.00107301 0.03114535 -0.01106183
v 0.02173505 0.02891545 0.01659642
v 0.01777000 0.03040144 0.01838820
v 0.02067173 0.03084681 0.01383354
v 0.01831675 0.03219140 0.01351234
v 0.02290275 0.02955732 0.01317093
v 0.01734581 0.03242911 0.01393938
v 0.02166430 0.03287736 0.00453173
v 0.02016989 0.03369045 0.00354202
v 0.01661745 0.03446762 0.00699328
v 0.02336388 0.03016233 0.01065963
v 0.02491054 0.02983864 0.00732475
v 0.02235443 0.03197809 0.00660994
v 0.02386375 0.03142496 0.00444010
v 0.02022101 0.03283960 0.00805944
v 0.02223552 0.03148781 0.00906737
v 0.01909756 0.03304110 0.00952098
v 0.01728997 0.03326913 0.01133440
v 0.02149936 0.03249818 0.00662130
v 0.01329662 0.03279299 0.01677701
v 0.00916358 0.03424245 0.01404513
v 0.01079555 0.03383828 0.01533403
v 0.01351166 0.03386249 0.01330902
v 0.00966294 0.03460799 0.01227689
v 0.01602449 0.03374340 0.01079629
v 0.01172105 0.03421079 0.01350873
v 0.01633942 0.03418873 0.00965032
v 0.00941040 0.03431129 0.01355542
v 0.00609399 0.03451865 0.01217331
v 0.01270051 0.03267456 0.01732553
v 0.01564348 0.03493959 0.00490981
v 0.01325961 0.03500503 0.00776991
v 0.01286551 0.03474761 0.00966672
v 0.01637042 0.03498851 0.00325850
v 0.02129957 0.03347312 0.00126787
v 0.02427273 0.03168717 0.00063029
v 0.02262177 0.03265751 0.00202136
v 0.02562310 0.03139607 -0.00388471
v 0.02199178 0.03350766 -0.00324349
v 0.01837323 0.03483949 0.00085631
v 0.01934484 0.02783369 -0.02450362
v 0.01299391 0.03036118 -0.02474097
v 0.01737836 0.03027786 -0.02318802
v 0.02193355 0.02894518 -0.02120951
v 0.01889001 0.03185997 -0.01950612
v 0.01717006 0.03312790 -0.01859280
v 0.01261795 0.03332749 -0.02097322
v 0.01560887 0.03230401 -0.02129495
v 0.00828326 -0.03327434 -0.00745930
v 0.00731698 -0.03256142 -0.00667573
v 0.00999953 -0.03414669 -0.00818648
v 0.00650602 -0.03245544 -0.00691772
v -0.02146997 -0.02696985 0.02146723
v -0.02257840 -0.02732466 0.01943045
v -0.02582887 -0.02175193 0.02258265
v -0.02774997 -0.02203829 0.01960508
v 0.00583416 -0.03310062 0.01293329
v 0.00911665 -0.03127453 0.02268548
v 0.00842286 -0.03347220 0.01463090
v 0.00703935 -0.03315096 0.01801182
v 0.01185684 -0.03333326 0.01316580
v 0.01390569 -0.03222758 0.01600391
v 0.01562848 -0.03057317 0.01851996
v 0.01075413 -0.03242605 0.01791491
v 0.01749266 -0.03415141 -0.00459627
v 0.00595542 -0.03206459 0.00675858
v 0.00927802 -0.03352141 0.00981073
v 0.00815008 -0.03327292 0.00807031
v 0.01177641 -0.03342517 0.00509813
v 0.00814547 -0.03090540 0.00217926
v 0.01283899 -0.03305253 0.00339954
v 0.01351912 -0.03463150 -0.00717655
v 0.01471933 -0.03436614 -0.00458032
v 0.01038875 -0.03238064 0.00048900
v 0.01197578 -0.03284246 0.00113519
v 0.00709649 -0.03078357 -0.00044141
v 0.01233738 -0.03404380 -0.00383159
v 0.00782803 -0.03181427 -0.00306076
v 0.01483968 -0.03335338 0.00143789
v 0.01752110 -0.03410696 -0.00672505
v 0.01927099 -0.03260461 0.00188195
v 0.01894142 -0.03328607 -0.00165756
v 0.02418959 -0.03112349 -0.00290775
v 0.02189489 -0.03088466 0.00455058
v 0.02207279 -0.03112066 0.00320430
v 0.01293399 -0.03340312 0.00851652
v 0.01602544 -0.03307939 0.00354635
v 0.01540299 -0.03310367 0.00552661
v 0.01606868 -0.03274429 0.00909915
v 0.01984882 -0.03120797 0.00938763
v 0.01923038 -0.03122662 0.01096803
v 0.01841548 -0.03047816 0.01449343
v 0.01786614 -0.03021808 0.01628655
v 0.01958969 -0.03103296 0.01023029
v 0.00852819 -0.02986478 0.02557398
v 0.01207686 -0.02808179 0.02594396
v 0.01446267 -0.02844104 0.02348321
v 0.01491163 -0.02335937 0.02900853
v 0.01842509 -0.02854028 0.01948026
v 0.02176493 -0.02720952 0.01697824
v 0.01315910 -0.03093859 0.01999896
v 0.01467818 -0.02792649 0.02386946
v 0.01664702 -0.02497928 0.02590690
v 0.01624134 -0.02547034 0.02575446
v 0.02191793 -0.02496818 0.02025944
v 0.02486540 -0.02030033 0.02167732
v 0.01859379 -0.02372493 0.02549499
v 0.01622666 -0.02131353 0.02975012
v 0.02021643 -0.02310751 0.02448212
v 0.01952167 -0.02063826 0.02749685
v 0.02122042 -0.01929270 0.02686887
v 0.02274585 -0.02869516 0.01141943
v 0.02441705 -0.02894206 0.00546048
v 0.02437904 -0.02855680 0.00746896
v 0.02786516 -0.02625646 0.00366689
v 0.02563935 -0.02908499 0.00154041
v 0.02672113 -0.02536862 0.00979702
v 0.03098421 -0.02029834 0.00825994
v 0.02274192 -0.02572171 0.01785598
v 0.02789934 -0.02310806 0.01171253
v 0.03013633 -0.02075161 0.00983805
v 0.02479349 -0.02569284 0.01445755
v 0.02662470 -0.02339418 0.01453958
v 0.02578343 -0.02113404 0.01939480
v 0.02885638 -0.01988769 0.01500619
v 0.03049316 -0.01898997 0.01172025
v 0.03052477 -0.01719027 0.01430178
v 0.03263592 -0.01606859 0.00935291
v 0.03212267 -0.01468626 0.01283611
v -0.00794466 -0.03114324 0.02366068
v -0.00933259 -0.02959679 0.02618007
v -0.00492634 -0.03126827 0.02482508
v -0.01237843 -0.02872418 0.02560425
v -0.00593351 -0.02822234 0.02899990
v 0.00197604 -0.02482644 0.03293369
v -0.00083760 -0.02982210 0.02776289
v -0.00693471 -0.02493407 0.03198570
v -0.01108796 -0.02424827 0.03108635
v 0.00043875 -0.02679716 0.03143273
v -0.00670515 -0.02282415 0.03363260
v -0.01461645 -0.02949805 0.02288366
v -0.01687273 -0.02913973 0.02190347
v -0.02031973 -0.02512198 0.02478049
v -0.01687084 -0.02681046 0.02552489
v -0.01184942 -0.02630381 0.02901405
v -0.01326458 -0.02413429 0.03022697
v -0.01444581 -0.02608652 0.02770886
v -0.01386686 -0.02677639 0.02731169
v -0.01693360 -0.02433932 0.02817707
v -0.01686563 -0.02372166 0.02868835
v -0.01461125 -0.02578998 0.02794472
v -0.01793157 -0.02155802 0.02977493
v -0.02377834 -0.02022219 0.02611467
v -0.02306868 -0.02283404 0.02467138
v -0.02473531 -0.02199599 0.02363065
v -0.02366759 -0.01759827 0.02790313
v -0.02594340 -0.01942761 0.02438295
v -0.02753241 -0.02091428 0.02132161
v -0.02089182 -0.02082384 0.02823878
v -0.02023526 -0.02067916 0.02895274
v -0.02536349 -0.01722608 0.02639137
v -0.02172157 -0.01759446 0.02945687
v -0.01089298 -0.02465931 0.03084444
v -0.01356633 -0.02229989 0.03148903
v -0.01685712 -0.02142952 0.03059721
v -0.01864139 -0.01649919 0.03215240
v -0.01723091 -0.02258998 0.02942438
v -0.00928098 -0.02112326 0.03390639
v -0.00793566 -0.01972001 0.03516665
v -0.01113430 -0.02056310 0.03369908
v -0.01289592 -0.01946617 0.03360421
v -0.01564553 -0.01613612 0.03396347
v -0.00976607 -0.01800326 0.03540412
v -0.01895469 -0.01873748 0.03083164
v -0.01673591 -0.01719243 0.03284805
v -0.01836104 -0.01499143 0.03280770
v -0.02073197 -0.01549312 0.03111250
v -0.02214800 -0.01474344 0.03037711
v -0.02129355 -0.01278664 0.03159723
v -0.01708972 -0.01414287 0.03379313
v -0.01356884 -0.01338579 0.03588153
v -0.02004163 -0.00949305 0.03337274
v -0.01797063 -0.00997427 0.03446713
v 0.00672821 -0.02766177 0.02943861
v 0.00435564 -0.02672876 0.03095230
v 0.00520652 -0.02390084 0.03304878
v 0.00652852 -0.01988101 0.03529666
v 0.00127935 -0.01969603 0.03621442
v -0.00148721 -0.02377221 0.03381548
v -0.00127508 -0.02032439 0.03582291
v 0.00160667 -0.02208269 0.03479160
v -0.00097587 -0.01840872 0.03679563
v 0.00182141 -0.01642394 0.03757886
v -0.00156549 -0.01430535 0.03844578
v 0.00402651 -0.01542401 0.03763928
v 0.00624943 -0.01468472 0.03741131
v 0.00401829 -0.01233819 0.03863488
v 0.00729745 -0.01246800 0.03788650
v 0.00197873 -0.01302841 0.03868294
v -0.00509845 -0.02138607 0.03492882
v -0.00338656 -0.01967146 0.03605865
v -0.00612270 -0.01653038 0.03707279
v -0.01120152 -0.01394991 0.03670550
v -0.00264114 -0.01577516 0.03783997
v -0.00487351 -0.01348184 0.03842333
v -0.00938546 -0.01252654 0.03778511
v -0.00754423 -0.01053076 0.03877594
v -0.01300438 -0.01087791 0.03680283
v -0.01544616 -0.00886222 0.03592859
v -0.01169177 -0.00825044 0.03790305
v 0.00087400 -0.01169386 0.03915780
v -0.00273836 -0.01217130 0.03901829
v -0.00121857 -0.01078930 0.03945042
v 0.00177507 -0.01044846 0.03942270
v 0.00250410 -0.00895545 0.03971466
v -0.00494233 -0.01161941 0.03900472
v -0.00116690 -0.00648865 0.04047385
v -0.00366137 -0.00702297 0.04021626
v -0.00645163 -0.00464746 0.03995617
v -0.00839782 -0.00727446 0.03916884
v -0.01043040 -0.00395153 0.03885316
v -0.00263015 -0.00452026 0.04058449
v -0.00363907 -0.00238456 0.04063269
v -0.00756887 -0.00306571 0.03980533
v -0.00833216 -0.00114167 0.03969276
v -0.00503806 -0.03287307 0.01963516
v -0.00447117 -0.03316211 0.01585611
v -0.00286151 -0.03315392 0.01564658
v 0.00078914 -0.03333098 0.01858816
v 0.00033878 -0.03305163 0.02074180
v -0.00472153 -0.03222667 0.02239237
v -0.00424607 -0.03158130 0.01018870
v -0.00463071 -0.03265804 0.01272375
v -0.00237160 -0.03077956 0.00931373
v -0.00186859 -0.02923522 0.00747347
v 0.00112212 -0.03049997 0.00978290
v 0.00062249 -0.03307795 0.01548392
v 0.00186552 -0.03238005 0.01322106
v 0.00427065 -0.03320122 0.01614919
v 0.00302985 -0.03213647 0.01217621
v 0.00407433 -0.03212762 0.01091884
v -0.00054447 -0.03252627 0.01299588
v 0.00236854 -0.03077539 0.00978053
v 0.00185124 -0.03006218 0.00876675
v -0.00862875 -0.03248213 0.01942813
v -0.00642738 -0.03245303 0.02065648
v -0.01096937 -0.03188836 0.01982619
v -0.00741209 -0.03282855 0.01394731
v -0.00713796 -0.03293124 0.01667411
v -0.00591849 -0.03164176 0.02338848
v 0.00192258 -0.03114059 0.02537992
v 0.00360364 -0.03307609 0.02011171
v 0.00603827 -0.03306225 0.01842099
v 0.00422069 -0.03221749 0.02276788
v -0.00206261 -0.03196819 0.02384470
v 0.00335667 -0.03069572 0.02616682
v 0.00457318 -0.02940121 0.02777208
v 0.00654082 -0.03000558 0.02656433
v 0.00270822 -0.02870110 0.00404966
v 0.00595015 -0.02949584 0.00169034
v 0.00404914 -0.02834372 0.00210378
v 0.00014902 -0.02888556 0.00762679
v 0.00099828 -0.02885069 0.00740188
v -0.00132307 -0.02785236 0.00576913
v 0.00039144 -0.02717975 0.00501230
v -0.00098492 -0.02860481 0.00173828
v 0.00018754 -0.02937711 0.00099752
v 0.00050286 -0.02905035 0.00082797
v 0.00111160 -0.02868048 0.00088277
v 0.00039121 -0.02883055 0.00139325
v -0.00034397 -0.02844202 -0.00027162
v 0.00093659 -0.02860414 0.00161658
v 0.00171698 -0.02747207 0.00171655
v 0.00261301 -0.02782411 -0.00013776
v 0.00142640 -0.02747204 0.00363916
v 0.00281705 -0.02755280 0.00169274
v 0.00086816 -0.02711565 0.00213326
v -0.00003877 -0.02669400 0.00422483
v 0.00214069 -0.02735727 0.00149872
v 0.00099361 -0.02732243 0.00180141
v 0.00018167 -0.02727090 0.00215534
v 0.00128413 -0.02722796 0.00198968
v 0.00498337 -0.03154499 0.00662845
v 0.00526491 -0.03139181 0.00555996
v 0.00506901 -0.03089546 0.00477416
v 0.00249136 -0.02964854 0.00701609
v 0.00564444 -0.03097447 0.00431558
v 0.00676904 -0.03050489 0.00289327
v 0.00532589 -0.02904358 0.00162908
v 0.00130851 -0.02935063 0.00806313
v 0.00151292 -0.02864172 0.00645827
v 0.00696122 -0.03099499 -0.00169683
v 0.00381750 -0.02819853 0.00041992
v 0.00252608 -0.02791285 -0.00070999
v 0.00248551 -0.02813612 -0.00162515
v 0.00421925 -0.02899559 -0.00125908
v 0.00172332 -0.02786365 -0.00176978
v 0.00299479 -0.02766174 0.00075172
v 0.00270870 -0.02763535 0.00073081
v -0.00298429 -0.02754067 0.00459719
v -0.00159751 -0.02685069 0.00396571
v -0.00235724 -0.02726134 0.00282879
v -0.00283028 -0.02760739 0.00169092
v -0.00072144 -0.02777273 0.00286541
v -0.00080624 -0.02698974 0.00376023
v -0.00180789 -0.02715505 0.00348309
v -0.00409062 -0.02708925 0.00204793
v -0.00046467 -0.02679131 0.00358542
v -0.00000036 -0.02657286 0.00377000
v 0.00987923 -0.02746758 0.02820767
v 0.00696322 -0.02469246 0.03192175
v 0.01181468 -0.02527584 0.02922679
v 0.01048141 -0.02473095 0.03049018
v 0.00898400 -0.02362915 0.03210095
v 0.00972358 -0.02015781 0.03403595
v 0.01428876 -0.02348637 0.02929068
v 0.00858673 -0.02034020 0.03429789
v 0.01210640 -0.02035438 0.03271391
v 0.00920251 -0.01768701 0.03550508
v 0.01671838 -0.01793720 0.03158399
v 0.01407208 -0.01811949 0.03308937
v 0.01143023 -0.01650003 0.03520024
v 0.01396835 -0.01396881 0.03487001
v 0.01494461 -0.01728078 0.03296233
v 0.01836092 -0.01755445 0.03051545
v 0.00821018 -0.01480852 0.03688122
v 0.00654272 -0.03444581 -0.01638784
v 0.00774870 -0.03294718 -0.02074889
v 0.00522659 -0.03463323 -0.01375407
v 0.00422657 -0.03459248 -0.01467463
v 0.00997985 -0.03464267 -0.01224605
v 0.00715922 -0.03405589 -0.01003953
v 0.00851499 -0.03388821 -0.01780443
v 0.01397897 -0.03461392 -0.00997214
v 0.01074830 -0.03464879 -0.01440172
v 0.01610433 -0.03330780 -0.01562972
v 0.01453563 -0.03420154 -0.01377924
v 0.01250864 -0.03448056 -0.01324103
v 0.00910019 -0.03425566 -0.00974333
v 0.01013318 -0.03273702 -0.02020845
v 0.01102979 -0.03098473 -0.02273682
v 0.01309862 -0.02937878 -0.02379690
v 0.01386540 -0.03353236 -0.01661368
v 0.01729474 -0.03166622 -0.01792237
v 0.01568211 -0.03015859 -0.02142417
v 0.01626655 -0.02910701 -0.02252301
v 0.01400268 -0.03206805 -0.01965875
v 0.01419702 -0.03076518 -0.02142830
v 0.01535772 -0.02965255 -0.02230162
v 0.01800358 -0.02531448 -0.02510906
v 0.00570779 -0.00617674 -0.03756175
v 0.00730303 -0.00598017 -0.03729412
v 0.00267371 -0.00327213 -0.03853457
v 0.00051362 -0.00293435 -0.03875926
v 0.00179545 -0.00115617 -0.03881820
v -0.00093495 -0.00220385 -0.03888418
v -0.00193411 -0.00241471 -0.03887621
v -0.00108198 -0.00091605 -0.03902491
v 0.00101486 -0.00000724 -0.03898692
v -0.00279733 0.00124875 -0.03921429
v 0.01945258 -0.03330940 -0.01076857
v 0.01774429 -0.03333729 -0.01326452
v 0.02116332 -0.03286627 -0.00540722
v 0.02077877 -0.03285739 -0.00846797
v 0.02063091 -0.03270701 -0.01073684
v 0.02248114 -0.03200359 -0.00848412
v 0.02511374 -0.02961455 -0.01167503
v 0.02344380 -0.02877235 -0.01626223
v 0.02582583 -0.02750992 -0.01506273
v 0.02578319 -0.02653686 -0.01651744
v 0.01621504 -0.03416004 -0.01060095
v 0.01933472 -0.03178069 -0.01605473
v 0.02043382 -0.03127676 -0.01580953
v 0.01866320 -0.03065788 -0.01836224
v 0.02054901 -0.02881949 -0.01957773
v 0.02158070 -0.02863599 -0.01878482
v 0.02199058 -0.03219903 -0.00240574
v 0.02275511 -0.03190148 -0.00647412
v 0.02412999 -0.03108881 -0.00349824
v 0.02411776 -0.03088265 -0.00866220
v 0.02592267 -0.02963602 -0.00588725
v 0.02880132 -0.02664501 -0.00278071
v 0.02844537 -0.02699900 -0.00334331
v 0.02537535 -0.02924655 -0.01181934
v 0.02753016 -0.02689821 -0.01269840
v 0.02845910 -0.02533860 -0.01312990
v 0.02818745 -0.02469453 -0.01531138
v 0.02765598 -0.02763985 -0.00946183
v 0.03020062 -0.02473697 -0.00769344
v 0.02661012 -0.02533727 -0.01668611
v 0.02874910 -0.02496007 -0.01321435
v 0.02943720 -0.02249021 -0.01588697
v 0.03120993 -0.02299064 -0.00917178
v 0.02873772 -0.02577184 -0.01127962
v 0.01972818 -0.02791130 -0.02130358
v 0.02165456 -0.02559094 -0.02217655
v 0.01630419 -0.02578067 -0.02574859
v 0.01813776 -0.02251461 -0.02714913
v 0.02130155 -0.02368798 -0.02401943
v 0.01993389 -0.02163175 -0.02649813
v 0.02036452 -0.02227375 -0.02578280
v 0.02270806 -0.02519177 -0.02166196
v 0.02465131 -0.02568946 -0.01902099
v 0.02537219 -0.02476823 -0.01898023
v 0.02244409 -0.02392143 -0.02285668
v 0.02377255 -0.02415199 -0.02149331
v 0.02469712 -0.02361236 -0.02130396
v 0.02164846 -0.02385380 -0.02362302
v 0.02035661 -0.02446060 -0.02410127
v 0.02363865 -0.02159757 -0.02390741
v 0.02608657 -0.02516259 -0.01762658
v 0.02652898 -0.02297574 -0.01978331
v 0.02751162 -0.02203883 -0.01936534
v 0.02788025 -0.02340992 -0.01726589
v 0.02981704 -0.01721095 -0.02014718
v 0.02628089 -0.01987811 -0.02263501
v 0.02397210 -0.01868041 -0.02545351
v 0.02575181 -0.01901481 -0.02372279
v 0.02890729 -0.02041956 -0.01883304
v 0.03030171 -0.02066437 -0.01617253
v 0.03021400 -0.01462544 -0.02128888
v 0.02526681 -0.01711897 -0.02526159
v 0.02733820 -0.01726962 -0.02313635
v 0.02863481 -0.01669171 -0.02196448
v 0.02768634 -0.01489853 -0.02410572
v 0.02870275 -0.01348549 -0.02373834
v 0.02989304 -0.02505110 -0.00048901
v 0.02866312 -0.02687504 -0.00567995
v 0.03132640 -0.02334745 -0.00445492
v 0.02804390 -0.02536312 0.00566948
v 0.03043711 -0.02370651 0.00178791
v 0.03303761 -0.02055927 -0.00331523
v 0.03087845 -0.02326673 -0.00974635
v 0.03198903 -0.02223667 -0.00627584
v 0.03295785 -0.02066909 -0.00578678
v 0.03159972 -0.02171111 -0.01105976
v 0.03306547 -0.01973723 -0.00862186
v 0.03348620 -0.01872426 -0.00951287
v 0.03269435 -0.02119965 -0.00453555
v 0.03477058 -0.01561031 -0.00972897
v 0.03257056 -0.01971794 0.00340032
v 0.03222171 -0.01940840 0.00537559
v 0.03289157 -0.02069052 -0.00147346
v 0.03337868 -0.01903673 0.00067917
v 0.03422604 -0.01730996 0.00018106
v 0.03444563 -0.01652045 0.00156740
v 0.03355875 -0.01941463 -0.00243737
v 0.03512978 -0.01539153 0.00038523
v 0.03365939 -0.01538783 0.00676698
v 0.03336935 -0.01469237 0.00847514
v 0.03349026 -0.01701130 0.00500684
v 0.03467340 -0.01510685 0.00331937
v 0.03510759 -0.01594103 -0.00619024
v 0.03687921 -0.01061745 -0.00628587
v 0.03531943 -0.01518909 -0.00769271
v 0.03509404 -0.01626581 -0.00341007
v 0.03637657 -0.01260171 -0.00455800
v 0.03678205 -0.01116045 -0.00402946
v 0.03107460 -0.01906246 -0.01629663
v 0.03167333 -0.01680491 -0.01744486
v 0.03081726 -0.02109556 -0.01455404
v 0.03008398 -0.01934135 -0.01794251
v 0.03235348 -0.01360110 -0.01841686
v 0.03302111 -0.01722328 -0.01375191
v 0.03398528 -0.01590347 -0.01258690
v 0.03547447 -0.01315180 -0.01049564
v 0.03348229 -0.01357855 -0.01632396
v 0.03556677 -0.01063096 -0.01296718
v 0.03429813 -0.01048940 -0.01666772
v 0.03135210 -0.01307392 -0.02055969
v 0.03269977 -0.01116227 -0.01934322
v 0.03304112 -0.00839038 -0.02019052
v 0.03526699 -0.01286777 -0.01160084
v 0.03599357 -0.01247406 -0.00856511
v 0.03535172 -0.01178107 -0.01254189
v 0.03478617 -0.00856991 -0.01654117
v 0.03592616 -0.00605519 -0.01498398
v 0.03688734 -0.00936084 -0.00850347
v 0.03648002 -0.00842415 -0.01141678
v 0.03658951 -0.00480526 -0.01353252
v 0.03702971 -0.00447705 -0.01207566
v 0.03594261 -0.00613589 -0.01503523
v 0.03430041 -0.00709434 -0.01829217
v 0.03587459 -0.00447830 -0.01582444
v 0.01946218 -0.02178675 -0.02674014
v 0.01662728 -0.01927757 -0.02969202
v 0.01450269 -0.01860370 -0.03097425
v 0.01708037 -0.01932041 -0.02943215
v 0.01835111 -0.01984892 -0.02845028
v 0.01925272 -0.01487689 -0.03027257
v 0.01559248 -0.02057927 -0.02940396
v 0.01524677 -0.01544101 -0.03217172
v 0.01304112 -0.01693763 -0.03230987
v 0.01869020 -0.01121740 -0.03202966
v 0.01728851 -0.01449463 -0.03161652
v 0.02080902 -0.02139152 -0.02614718
v 0.01957665 -0.01691095 -0.02928118
v 0.02262823 -0.01609383 -0.02766212
v 0.02147525 -0.01530988 -0.02874265
v 0.01896755 -0.01673336 -0.02972915
v 0.01708927 -0.01071961 -0.03295706
v 0.02006761 -0.01323464 -0.03049145
v 0.02058137 -0.01168261 -0.03070383
v 0.02303175 -0.01036382 -0.02956734
v 0.01274350 -0.01433891 -0.03356964
v 0.01410867 -0.01092919 -0.03415448
v 0.01222027 -0.00933757 -0.03525708
v 0.01631018 -0.00878218 -0.03386045
v 0.02451449 -0.01239655 -0.02784213
v 0.02723080 -0.01038375 -0.02648906
v 0.02066125 -0.00831478 -0.03172887
v 0.02253235 -0.00825809 -0.03064084
v 0.02407930 -0.00595025 -0.03021757
v 0.02594354 -0.01256553 -0.02660028
v 0.02719371 -0.00705739 -0.02745650
v 0.01986501 -0.01093103 -0.03139011
v 0.03061061 -0.01032316 -0.02291510
v 0.02822865 -0.01037097 -0.02551070
v 0.02955819 -0.00754903 -0.02515862
v 0.03069498 -0.00853406 -0.02340438
v 0.02940585 -0.00465834 -0.02601267
v 0.02683168 -0.00434931 -0.02846011
v 0.03220180 -0.00641606 -0.02215561
v 0.03056640 -0.00466095 -0.02474963
v 0.03093838 -0.00477286 -0.02425663
v 0.03319269 -0.00466035 -0.02115243
v 0.03210490 -0.00309996 -0.02318581
v 0.03475102 -0.00369081 -0.01864244
v 0.03416134 -0.00180283 -0.02030942
v 0.03572855 -0.00204711 -0.01712657
v 0.03607978 0.00045770 -0.01674315
v 0.03708509 0.00329640 -0.01460136
v 0.03431827 0.00094154 -0.02056234
v 0.03396005 0.00379119 -0.02126755
v 0.03486907 0.00464466 -0.01970585
v 0.03567594 0.00335410 -0.01800724
v 0.01005729 -0.00461788 -0.03696327
v 0.01160875 -0.00697296 -0.03605649
v 0.01519337 -0.00659333 -0.03486823
v 0.01284591 -0.00470874 -0.03618898
v 0.01713828 -0.00439854 -0.03446772
v 0.01858693 -0.00548591 -0.03352479
v 0.01911747 -0.00105303 -0.03386857
v 0.01813640 -0.00257487 -0.03429350
v 0.01967146 -0.00303336 -0.03345088
v 0.01665512 0.00048732 -0.03530851
v 0.02116247 -0.00468243 -0.03228333
v 0.02236357 -0.00186256 -0.03204611
v 0.02522255 -0.00241614 -0.03005484
v 0.02004118 0.00169262 -0.03370180
v 0.01883509 -0.00019052 -0.03415723
v 0.02100026 0.00224859 -0.03319359
v 0.02282589 0.00278929 -0.03202196
v 0.00660321 -0.00176766 -0.03808573
v 0.00456443 -0.00182304 -0.03842793
v 0.00502560 0.00069751 -0.03852486
v 0.00880658 0.00059376 -0.03791785
v 0.01296107 -0.00294947 -0.03650635
v 0.01358787 0.00178759 -0.03660461
v 0.01159453 -0.00004253 -0.03721050
v 0.00942644 0.00290273 -0.03784762
v 0.00159629 0.00220087 -0.03908325
v 0.00008324 0.00457786 -0.03912643
v 0.00493029 0.00421924 -0.03864363
v 0.00783129 0.00740655 -0.03804226
v 0.00505519 0.00861825 -0.03829400
v 0.00170840 0.00984461 -0.03837496
v 0.01205829 0.00199933 -0.03706831
v 0.01790752 0.00245684 -0.03476915
v 0.01418220 0.00395356 -0.03640742
v 0.01394694 0.00539809 -0.03651424
v 0.00936847 0.00640362 -0.03783323
v 0.01304095 0.00836811 -0.03659944
v 0.01821550 0.00216097 -0.03461260
v 0.01836157 0.00590011 -0.03448114
v 0.02077999 0.00649585 -0.03316158
v 0.01346397 0.00881271 -0.03648957
v 0.01552698 0.00837280 -0.03561173
v 0.01707376 0.00379379 -0.03517538
v 0.00997757 0.00989765 -0.03730934
v 0.00858564 0.01105478 -0.03739432
v 0.00495939 0.01206512 -0.03764802
v 0.01504829 0.00932098 -0.03568144
v 0.01443666 0.01103817 -0.03563708
v 0.01416851 0.01144123 -0.03567037
v 0.01042495 0.01525080 -0.03591719
v 0.00969158 0.01392695 -0.03649508
v 0.02725505 -0.00458904 -0.02800042
v 0.02855101 -0.00401998 -0.02700331
v 0.02702560 -0.00077075 -0.02886963
v 0.03041281 -0.00064282 -0.02575282
v 0.02445782 -0.00074609 -0.03074952
v 0.02539610 0.00207389 -0.03032271
v 0.02471184 0.00327966 -0.03078396
v 0.02635272 0.00484956 -0.02957119
v 0.02318305 0.00568437 -0.03162712
v 0.02727034 0.00186242 -0.02887005
v 0.02820083 0.00408536 -0.02809178
v 0.02747764 0.00697304 -0.02852164
v 0.03142522 -0.00019306 -0.02460700
v 0.03023307 0.00188470 -0.02605820
v 0.03224210 0.00395504 -0.02364878
v 0.03226500 0.00475819 -0.02366061
v 0.03107510 0.00537597 -0.02513342
v 0.02990594 0.00695238 -0.02632790
v 0.02952539 0.00947403 -0.02627237
v 0.02889009 0.00799197 -0.02717478
v 0.03064410 0.01151477 -0.02459450
v 0.03337821 0.00637906 -0.02180854
v 0.03090550 0.00947278 -0.02469124
v 0.03301392 0.00919571 -0.02186053
v 0.03158484 0.01215813 -0.02309759
v 0.02194082 0.00781906 -0.03236878
v 0.01803068 0.00909132 -0.03433544
v 0.01712303 0.01145609 -0.03442331
v 0.01815234 0.01310571 -0.03360479
v 0.02103655 0.01089962 -0.03246091
v 0.02311646 0.00742581 -0.03155428
v 0.02678766 0.00816716 -0.02898496
v 0.02379842 0.01105404 -0.03057599
v 0.02471289 0.01287606 -0.02958252
v 0.01606146 0.01522544 -0.03387975
v 0.01207032 0.01603536 -0.03503844
v 0.01512292 0.01142645 -0.03535567
v 0.01296437 0.01269143 -0.03584109
v 0.01976776 0.01396978 -0.03248560
v 0.01871460 0.01652486 -0.03217712
v 0.01851110 0.01960638 -0.03092464
v 0.01585528 0.01807874 -0.03286265
v 0.01653678 0.02047310 -0.03139636
v 0.02643701 0.01302103 -0.02834780
v 0.02695260 0.01091041 -0.02836395
v 0.02397495 0.01575019 -0.02927702
v 0.02169880 0.02011351 -0.02876361
v 0.02785659 0.01334343 -0.02688103
v 0.03047508 0.01547531 -0.02330482
v 0.02404814 0.01851868 -0.02787084
v 0.02606809 0.01732726 -0.02690678
v 0.02580599 0.01969586 -0.02588707
v 0.02229730 0.01604201 -0.03025893
v 0.01829225 0.02231131 -0.02943705
v 0.02068663 0.01875606 -0.03022013
v 0.02163235 0.02312696 -0.02697326
v 0.02375121 0.02187600 -0.02628369
v 0.02262184 0.02222903 -0.02693056
v 0.01944062 0.02542822 -0.02651752
v -0.03022696 -0.01895707 0.01882784
v -0.02989623 -0.01737421 0.02066811
v -0.03337833 -0.02189960 -0.00280558
v -0.03476734 -0.01975734 -0.00141044
v -0.03351209 -0.02124843 -0.00437026
v -0.03272108 -0.02211408 -0.00591218
v -0.03178202 -0.02274264 -0.00758792
v -0.03088187 -0.02337718 -0.00896706
v -0.03279178 -0.02014805 -0.00940529
v -0.03538962 -0.01815343 -0.00383022
v -0.03458383 -0.01868556 -0.00623415
v -0.03517084 -0.01780874 -0.00588636
v -0.03287011 -0.02008156 -0.00925003
v -0.03522550 -0.01620577 -0.00822196
v -0.03503913 -0.01402892 -0.01097348
v -0.03020480 -0.02137826 -0.01359721
v -0.03209801 -0.01944470 -0.01205059
v -0.02962186 -0.02028490 -0.01609013
v -0.02864920 -0.01879690 -0.01915799
v -0.03108827 -0.01872108 -0.01488168
v -0.03176367 -0.01664216 -0.01575799
v -0.03148277 -0.01554637 -0.01705685
v -0.02981128 -0.01775039 -0.01814878
v -0.03296463 -0.01633256 -0.01369004
v -0.03445131 -0.01619091 -0.01017739
v -0.03444286 -0.01423035 -0.01216344
v -0.03266708 -0.01970610 -0.01042924
v -0.03364682 -0.01568486 -0.01283572
v -0.03182051 -0.01403852 -0.01752443
v -0.03231860 -0.01262980 -0.01760119
v -0.03670625 -0.01294785 -0.00720937
v -0.03627288 -0.01315103 -0.00844216
v -0.03609881 -0.01119879 -0.01061296
v -0.03442079 -0.01510067 -0.01138061
v -0.03518121 -0.01126973 -0.01285187
v -0.03427629 -0.01239606 -0.01399277
v -0.03478155 -0.01149219 -0.01351161
v -0.03345736 -0.01233316 -0.01567501
v -0.03556505 -0.00902689 -0.01318423
v -0.03416702 -0.01024208 -0.01542581
v -0.03487327 -0.00809002 -0.01529270
v -0.03042071 -0.02256236 0.01334962
v -0.03076964 -0.02371361 0.01059249
v -0.03260349 -0.02184701 0.00789144
v -0.03382019 -0.01982554 0.00813850
v -0.03312389 -0.02003970 0.01028163
v -0.03487187 -0.01735228 0.00901011
v -0.03582378 -0.01632032 0.00689446
v -0.03517474 -0.01622575 0.00996876
v -0.03272648 -0.02286249 0.00331078
v -0.03403503 -0.02073396 0.00395179
v -0.03191224 -0.02372681 0.00492094
v -0.03205417 -0.02388346 0.00112062
v -0.03550536 -0.01824351 0.00322474
v -0.03525556 -0.01799169 0.00602662
v -0.03717550 -0.01188961 0.00761438
v -0.03611664 -0.01698593 0.00207514
v -0.03820572 -0.01123410 0.00156634
v -0.03667095 -0.01509794 0.00472659
v -0.03719072 -0.01318672 0.00523472
v -0.03758128 -0.01315560 0.00311509
v -0.03667908 -0.01343221 0.00759817
v -0.03836275 -0.00859984 0.00582787
v -0.03842946 -0.01044583 0.00074076
v -0.02976684 -0.02147344 0.01680567
v -0.03258555 -0.01964227 0.01287681
v -0.03191484 -0.01838584 0.01606898
v -0.03376145 -0.01452280 0.01571804
v -0.03473222 -0.01298697 0.01468522
v -0.03389104 -0.01759543 0.01204898
v -0.03475177 -0.01584642 0.01204229
v -0.03269463 -0.01477297 0.01765521
v -0.03224606 -0.01261458 0.02001456
v -0.03390069 -0.01052454 0.01792050
v -0.03625863 -0.01080434 0.01241003
v -0.03698495 -0.01094626 0.00945939
v -0.03720411 -0.00849616 0.01116678
v -0.03576044 -0.00912514 0.01494853
v -0.03636612 -0.00591188 0.01491309
v -0.03758960 -0.00463333 0.01226154
v -0.03778280 -0.00901733 0.00847584
v -0.03844535 -0.00535318 0.00860530
v -0.03716994 -0.00771310 0.01227013
v -0.03724917 -0.01197686 -0.00632155
v -0.03706705 -0.01400763 -0.00356526
v -0.03586812 -0.01571077 -0.00627836
v -0.03707605 -0.01443043 -0.00117792
v -0.03764448 -0.01154070 -0.00476001
v -0.03815373 -0.01117271 -0.00179621
v -0.03802065 -0.01135699 -0.00258674
v -0.03912456 -0.00566763 -0.00370036
v -0.03851112 -0.00889595 -0.00365374
v -0.03757393 -0.00875814 -0.00779805
v -0.03782250 -0.00613876 -0.00894752
v -0.03909670 -0.00732355 -0.00072820
v -0.03650900 -0.00873214 -0.01114734
v -0.03684858 -0.01059553 -0.00873985
v -0.03719903 -0.00602873 -0.01083454
v -0.03634564 -0.00529759 -0.01325424
v -0.03570539 -0.00697172 -0.01406632
v -0.03526519 -0.00515332 -0.01590823
v -0.03932012 -0.00469105 0.00374313
v -0.03925243 -0.00638970 0.00220095
v -0.03801574 -0.00015805 0.01232272
v -0.03917563 -0.00397073 0.00571796
v -0.03923279 -0.00147638 0.00728648
v -0.03962494 0.00073804 0.00557606
v -0.03872566 -0.00300403 0.00908025
v -0.03886114 0.00124129 0.00967779
v -0.03753376 0.00003051 0.01338001
v -0.03954875 0.00258481 0.00573021
v -0.03925860 0.00289240 0.00772279
v -0.03912746 0.00535673 0.00763280
v -0.03874065 -0.00580837 -0.00571037
v -0.03942491 -0.00552171 -0.00003774
v -0.03956882 -0.00433259 -0.00090886
v -0.03987146 -0.00135047 -0.00140451
v -0.03937714 -0.00336464 -0.00409053
v -0.03909474 -0.00332352 -0.00583388
v -0.03719667 -0.00411367 -0.01148066
v -0.03817373 -0.00362195 -0.00905879
v -0.03705397 -0.00218905 -0.01251083
v -0.03742811 -0.00073269 -0.01170382
v -0.03665138 -0.00486803 -0.01270905
v -0.03635790 -0.00042360 -0.01451518
v -0.03659807 -0.00110653 -0.01390873
v -0.03899644 -0.00080333 -0.00720663
v -0.03861896 -0.00040010 -0.00836971
v -0.03820369 0.00097299 -0.00982447
v -0.03940279 0.00011956 -0.00554672
v -0.03803791 0.00331581 -0.01014859
v -0.03867570 0.00079302 -0.00848499
v -0.03875542 0.00375228 -0.00780822
v -0.03760868 0.00073998 -0.01146097
v -0.03735129 0.00432608 -0.01166132
v -0.03705855 0.00311786 -0.01261502
v -0.03990394 -0.00041152 0.00283899
v -0.04007464 -0.00045456 0.00100931
v -0.03998074 0.00065707 -0.00143346
v -0.03993495 0.00326467 -0.00065474
v -0.03967226 -0.00118335 -0.00385041
v -0.03989410 0.00352652 -0.00193701
v -0.03977011 0.00198073 -0.00345331
v -0.03919249 0.00320378 -0.00630962
v -0.03713437 0.00508518 -0.01199788
v -0.03998509 0.00336362 0.00063848
v -0.03973138 0.00643190 0.00156617
v -0.03965317 0.00499508 -0.00318420
v -0.03972712 0.00547086 0.00271799
v -0.03989364 0.00274958 0.00330551
v -0.03986264 0.00482610 0.00197656
v -0.03949522 0.00572880 0.00494427
v -0.03916664 0.00896996 0.00253137
v -0.03951761 0.00768459 -0.00060434
v -0.03947517 0.00669823 -0.00340140
v -0.03882510 0.00923863 -0.00391960
v -0.03881193 0.01083745 -0.00105004
v -0.03925235 0.00906145 0.00088706
v -0.03831554 0.00521790 -0.00875521
v -0.03923357 0.00707267 -0.00454174
v -0.03885503 0.00617279 -0.00681291
v -0.03756648 0.00825931 -0.00976307
v -0.03704996 0.00817298 -0.01105430
v -0.03833279 0.00733341 -0.00795401
v -0.03765389 0.00899225 -0.00885284
v -0.03676522 0.01018672 -0.01052499
v -0.03858655 0.00896429 -0.00572521
v -0.03738425 0.01088482 -0.00804865
v -0.03759174 0.01016654 -0.00801099
v -0.03819782 0.01147399 -0.00408193
v -0.03774113 0.01121545 -0.00650637
v -0.03688301 0.01416330 -0.00534343
v -0.03630772 0.01305973 -0.00915131
v -0.03493859 0.01510967 -0.00997892
v -0.02969183 -0.01309906 0.02357359
v -0.02757235 -0.01580710 0.02478043
v -0.03104864 -0.01354444 0.02136447
v -0.03111631 -0.01158266 0.02227356
v -0.02577637 -0.01340093 0.02783614
v -0.02823323 -0.01210626 0.02569851
v -0.02734742 -0.01011373 0.02740258
v -0.02904443 -0.00506078 0.02677229
v -0.03120004 -0.00650207 0.02396202
v -0.03168032 -0.00863725 0.02263035
v -0.03303645 -0.00400671 0.02175823
v -0.03018710 -0.00571871 0.02538950
v -0.02257335 -0.01073163 0.03123682
v -0.02499919 -0.00891333 0.02978431
v -0.02767810 -0.00463727 0.02812750
v -0.02184706 -0.01117914 0.03164399
v -0.02308184 -0.00784253 0.03147515
v -0.02223605 -0.00724102 0.03221743
v -0.02138500 -0.01233985 0.03159498
v -0.01969575 -0.00643415 0.03402804
v -0.02448800 -0.00714328 0.03046996
v -0.02077299 -0.00224066 0.03360741
v -0.02415652 -0.00274704 0.03109678
v -0.02191146 -0.00066105 0.03285579
v -0.02827669 -0.00426893 0.02758965
v -0.02565081 -0.00168464 0.03002636
v -0.02528647 -0.00225455 0.03027812
v -0.02707565 -0.00073249 0.02874207
v -0.02829400 0.00143446 0.02760569
v -0.01561947 -0.00546631 0.03637064
v -0.01680460 -0.00357029 0.03590704
v -0.01802271 -0.00338601 0.03521234
v -0.01719388 0.00134918 0.03574499
v -0.01913168 0.00009187 0.03460456
v -0.01664182 0.00145020 0.03600339
v -0.02328760 -0.00382084 0.03169212
v -0.02322321 0.00100402 0.03176529
v -0.02459119 0.00254936 0.03064665
v -0.02349591 0.00587949 0.03106849
v -0.02214655 0.00205164 0.03248914
v -0.02120533 0.00360216 0.03295310
v -0.01784404 0.00600107 0.03488543
v -0.01368711 -0.00253440 0.03756493
v -0.01678689 -0.00054893 0.03603643
v -0.01441588 0.00308449 0.03705563
v -0.01281027 0.00206075 0.03777267
v -0.00999222 0.00017015 0.03904568
v -0.01151665 0.00376921 0.03821682
v -0.01778997 0.00979234 0.03409768
v -0.01391356 0.00558656 0.03706745
v -0.01497965 0.00837805 0.03605992
v -0.02643410 -0.01732635 -0.02322277
v -0.02994453 -0.01564400 -0.01956765
v -0.02810871 -0.01463622 -0.02289511
v -0.02597637 -0.01423526 -0.02560543
v -0.02445682 -0.01571312 -0.02620837
v -0.03014912 -0.01453799 -0.02009157
v -0.03016994 -0.01302496 -0.02105765
v -0.03066979 -0.00938022 -0.02219224
v -0.02930276 -0.01278080 -0.02244369
v -0.02375874 -0.01280319 -0.02821613
v -0.02255775 -0.01360417 -0.02878949
v -0.02066498 -0.01251483 -0.03062559
v -0.01949843 -0.00969440 -0.03250947
v -0.02188490 -0.01021768 -0.03068271
v -0.02762030 -0.01185610 -0.02482907
v -0.02826757 -0.01022141 -0.02477423
v -0.02563023 -0.00783068 -0.02844985
v -0.02298443 -0.01044373 -0.02983548
v -0.02344807 -0.00578693 -0.03089447
v -0.03172970 -0.01136758 -0.01955269
v -0.03336287 -0.00775393 -0.01850309
v -0.03226221 -0.00884309 -0.01990958
v -0.03244136 -0.00766075 -0.02008569
v -0.02923571 -0.00875196 -0.02423758
v -0.03092508 -0.00704734 -0.02288419
v -0.02745995 -0.00846938 -0.02649304
v -0.02638643 -0.00538690 -0.02851651
v -0.02159426 -0.00883802 -0.03136291
v -0.03395812 -0.00476437 -0.01867559
v -0.03383040 -0.00235421 -0.01969609
v -0.03507577 -0.00345654 -0.01689855
v -0.03123420 -0.00486050 -0.02324671
v -0.03225904 -0.00191976 -0.02245457
v -0.02900574 -0.00445423 -0.02601202
v -0.02396116 -0.00360073 -0.03096089
v -0.02510611 -0.00282962 -0.03020131
v -0.02680889 -0.00354758 -0.02851992
v -0.03056497 -0.00386114 -0.02439441
v -0.03017323 -0.00348343 -0.02500607
v -0.03203263 -0.00391975 -0.02239857
v -0.03035042 0.00013427 -0.02542239
v -0.02559063 -0.00076934 -0.02999963
v -0.02726676 -0.00075868 -0.02854339
v -0.02933843 -0.00120798 -0.02634415
v -0.02816945 0.00126212 -0.02773775
v -0.02717413 0.00578629 -0.02830488
v -0.01795334 -0.00730293 -0.03417678
v -0.01914026 -0.00681146 -0.03357000
v -0.01629841 -0.00773886 -0.03492260
v -0.02211152 -0.00730184 -0.03145933
v -0.01873725 -0.00385439 -0.03446794
v -0.02080372 -0.00415522 -0.03318287
v -0.01917907 -0.00094298 -0.03459071
v -0.01554403 -0.00456651 -0.03596555
v -0.01004541 -0.00377303 -0.03783431
v -0.00988288 -0.00270766 -0.03809840
v -0.01312405 0.00093883 -0.03752055
v -0.01199827 -0.00184044 -0.03770241
v -0.01558215 -0.00126097 -0.03633371
v -0.02313930 -0.00423540 -0.03147658
v -0.02388360 0.00054294 -0.03149023
v -0.02575139 0.00068552 -0.02995125
v -0.02048460 -0.00072852 -0.03382055
v -0.01675203 0.00188806 -0.03617840
v -0.02160471 0.00051342 -0.03319440
v -0.01939215 0.00253104 -0.03469679
v -0.02484710 0.00195088 -0.03075490
v -0.02221636 0.00262679 -0.03276829
v -0.02617948 0.00365490 -0.02951145
v -0.01984951 0.00390179 -0.03440470
v -0.00801946 0.00011718 -0.03875652
v -0.00512169 0.00170255 -0.03916849
v -0.00603053 0.00025326 -0.03898549
v -0.00706052 0.00461480 -0.03890253
v -0.00921113 0.00586058 -0.03843428
v -0.01128292 0.00433145 -0.03811871
v -0.01283416 0.00263530 -0.03769092
v -0.02038219 0.00772822 -0.03353366
v -0.01499869 0.00634461 -0.03674252
v -0.01760356 0.00390053 -0.03576187
v -0.01593983 0.00785846 -0.03608901
v -0.01528804 0.00965417 -0.03599976
v -0.01822083 0.00822124 -0.03481995
v -0.02176927 0.00811803 -0.03235910
v -0.01302203 0.00743377 -0.03730626
v -0.01014357 0.00967226 -0.03773267
v -0.01173565 0.01236163 -0.03663193
v -0.01156116 0.01030547 -0.03723215
v -0.01034096 0.01186613 -0.03716288
v -0.01886746 0.01370986 -0.03266450
v -0.01573179 0.01180862 -0.03526966
v -0.03449180 -0.00130233 -0.01857641
v -0.03494765 -0.00027888 -0.01749879
v -0.03292111 0.00020320 -0.02173897
v -0.03309573 0.00206132 -0.02141256
v -0.03409004 0.00051171 -0.01957913
v -0.03637296 -0.00178954 -0.01422872
v -0.03440322 0.00205385 -0.01884608
v -0.03587908 -0.00023695 -0.01566994
v -0.03592071 0.00473357 -0.01508577
v -0.03623973 0.00153127 -0.01485767
v -0.03685533 0.00125564 -0.01339159
v -0.03542457 0.00273501 -0.01672935
v -0.03608554 0.00195872 -0.01520663
v -0.03635923 0.00458699 -0.01409651
v -0.03422800 0.00352577 -0.01908015
v -0.03384736 0.00545116 -0.01946275
v -0.03470312 0.00585918 -0.01759692
v -0.03500834 0.00648668 -0.01678786
v -0.03328517 0.00729758 -0.02013162
v -0.03185739 0.00084231 -0.02340744
v -0.03203643 0.00439735 -0.02298140
v -0.03092663 0.00270879 -0.02463442
v -0.02910107 0.00316922 -0.02670370
v -0.02973235 0.00336771 -0.02593965
v -0.02834697 0.00287090 -0.02750426
v -0.02981524 0.00556273 -0.02557503
v -0.03024976 0.00659812 -0.02479899
v -0.03314756 0.00438539 -0.02116265
v -0.03265757 0.00594028 -0.02161091
v -0.03004217 0.00719886 -0.02489489
v -0.02975234 0.00823155 -0.02497659
v -0.03637941 0.00692294 -0.01335988
v -0.03457092 0.00755339 -0.01731025
v -0.03385498 0.00793664 -0.01873145
v -0.03229280 0.00914775 -0.02133367
v -0.03242544 0.00978828 -0.02073215
v -0.03083006 0.01248989 -0.02169857
v -0.02728479 0.01126982 -0.02651000
v -0.02864666 0.01205118 -0.02444043
v -0.02907540 0.01464485 -0.02258101
v -0.03597215 0.00660981 -0.01452329
v -0.03546749 0.00664085 -0.01576068
v -0.03670110 0.00785290 -0.01212492
v -0.03544934 0.01168396 -0.01262589
v -0.03596220 0.01182001 -0.01146699
v -0.03499480 0.00918975 -0.01563866
v -0.03444395 0.00942242 -0.01683844
v -0.03249121 0.01203589 -0.01926852
v -0.03453624 0.01277894 -0.01389502
v -0.03383647 0.01207355 -0.01623593
v -0.03259262 0.01511405 -0.01616778
v -0.03436640 0.01258150 -0.01460514
v -0.03200214 0.01845103 -0.01170650
v -0.03521117 0.01232352 -0.01239366
v -0.03173839 0.01413366 -0.01904457
v -0.03029856 0.01710066 -0.01853956
v -0.02680962 0.01535487 -0.02491241
v -0.02777286 0.01786227 -0.02169716
v -0.02481830 0.00691863 -0.03014817
v -0.02784433 0.00906350 -0.02684864
v -0.02617193 0.00936649 -0.02839297
v -0.02277232 0.00952221 -0.03124524
v -0.02474882 0.01004611 -0.02945145
v -0.02171156 0.01247597 -0.03112999
v -0.02729221 0.01240599 -0.02591117
v -0.02261899 0.01387745 -0.02970246
v -0.02123155 0.01549455 -0.02999574
v -0.02613563 0.01389363 -0.02644850
v -0.02521357 0.01614070 -0.02613202
v -0.02457593 0.01453814 -0.02770603
v -0.02070900 0.01734994 -0.02928139
v -0.02306564 0.01644944 -0.02776499
v -0.02061286 0.01211248 -0.03214215
v -0.01954301 0.01627360 -0.03090034
v -0.02554825 0.01722173 -0.02486562
v -0.00524527 0.00495960 -0.03910332
v -0.00645591 0.00913096 -0.03848230
v -0.00835452 0.00892246 -0.03818342
v -0.00884546 0.01070494 -0.03772017
v -0.00268685 0.00647464 -0.03906365
v 0.00119164 0.00679583 -0.03882326
v -0.00171921 0.00899516 -0.03870254
v -0.00524529 0.01085948 -0.03820885
v -0.00381837 0.01510559 -0.03707478
v -0.00219064 0.01299007 -0.03770589
v 0.00045081 0.01429232 -0.03722162
v -0.00162623 0.01814564 -0.03593127
v -0.00927701 0.01292176 -0.03704245
v -0.00732617 0.01607761 -0.03621300
v -0.00932861 0.01699545 -0.03542107
v -0.00549438 0.01530982 -0.03679177
v -0.00452139 0.01817516 -0.03566874
v -0.00594811 0.01909245 -0.03489224
v -0.00802738 0.01980138 -0.03405545
v 0.00278787 0.01130506 -0.03801348
v 0.00358133 0.01624185 -0.03661687
v 0.00727733 0.01513718 -0.03659891
v 0.00135479 0.01524096 -0.03700142
v 0.00228888 0.01947253 -0.03529739
v 0.00082400 0.01786916 -0.03604089
v 0.00025802 0.01853663 -0.03577474
v 0.00800822 0.01716396 -0.03580893
v 0.00382545 0.02054482 -0.03472028
v 0.00645720 0.02014609 -0.03455193
v -0.00363942 0.01902260 -0.03542081
v -0.00124262 0.02014054 -0.03490514
v -0.00156986 0.02374517 -0.03243797
v 0.00154378 0.02229731 -0.03368170
v -0.00450389 0.02255775 -0.03295954
v -0.01029537 0.02099562 -0.03274582
v -0.00773012 0.02440045 -0.03068011
v 0.01145201 0.01751981 -0.03467854
v 0.01109361 0.01828510 -0.03442734
v 0.00993621 0.01976278 -0.03401290
v 0.01316878 0.01788511 -0.03403816
v 0.00991488 0.01901876 -0.03446462
v 0.00706804 0.02154029 -0.03375530
v 0.00614899 0.02319268 -0.03290250
v 0.01214658 0.02145063 -0.03257729
v 0.01210690 0.02279748 -0.03171855
v 0.01403304 0.02271988 -0.03106923
v 0.00883656 0.02471168 -0.03120340
v 0.00949816 0.02222572 -0.03280239
v 0.00838264 0.02514619 -0.03098589
v 0.00835933 0.02753212 -0.02887986
v 0.00226684 0.02425821 -0.03221538
v 0.00429769 0.02525830 -0.03138920
v 0.00017546 0.02601023 -0.03065902
v 0.00118371 0.02787101 -0.02866231
v -0.00064089 0.02757874 -0.02883725
v 0.00455405 0.02617834 -0.03054504
v 0.00520797 0.02724894 -0.02948176
v 0.00190700 0.02781492 -0.02876856
v 0.00420208 0.02636274 -0.03041422
v 0.00227734 0.02777189 -0.02890146
v 0.00143533 0.02693188 -0.02977241
v 0.00123374 0.02927474 -0.02674136
v 0.00380818 0.02894357 -0.02747526
v 0.01563729 0.02363704 -0.02968427
v 0.01557292 0.02578923 -0.02819250
v 0.01084088 0.02613547 -0.02947039
v 0.01471305 0.02799554 -0.02668343
v 0.01051462 0.02741014 -0.02842352
v 0.01071119 0.02843851 -0.02737770
v 0.01458178 0.02909209 -0.02560777
v 0.01620858 0.02832964 -0.02575560
v 0.00594232 0.02944743 -0.02688275
v 0.00839872 0.02955007 -0.02665512
v 0.00424886 0.03063359 -0.02491751
v 0.00610629 0.03190465 -0.02312838
v 0.01046225 0.03109462 -0.02445461
v 0.01256318 0.03089014 -0.02421947
v 0.01059473 0.03271482 -0.02216831
v 0.00730062 0.03322138 -0.02073039
v -0.00267324 0.02746318 -0.02863024
v 0.02397651 -0.01822585 0.02453822
v 0.02171826 -0.01619985 0.02835478
v 0.02459274 -0.01473680 0.02613076
v 0.02905275 -0.01662328 0.01835659
v 0.02660792 -0.01861669 0.02086789
v 0.02702376 -0.01455191 0.02320940
v 0.03127500 -0.01250378 0.01720508
v 0.02525868 -0.01183345 0.02677058
v 0.02862852 -0.01409226 0.02114623
v 0.03055081 -0.00775514 0.02113930
v 0.03099641 -0.01486493 0.01572753
v 0.03336805 -0.01051113 0.01261890
v 0.03317615 -0.01450424 0.00919658
v 0.03364044 -0.01039921 0.01144961
v 0.03447141 -0.00994390 0.00936826
v 0.03247968 -0.01148988 0.01482485
v 0.03277304 -0.00916654 0.01552440
v 0.03109693 -0.01031680 0.01895818
v 0.03317551 -0.00718619 0.01557041
v 0.03343285 -0.01130999 0.01136750
v 0.03406059 -0.00657682 0.01315533
v 0.00733373 -0.00937786 0.03856742
v 0.00654559 -0.00652546 0.03941131
v 0.00425325 -0.00831748 0.03960158
v 0.00218425 -0.00526940 0.04035459
v 0.00653325 -0.00839423 0.03899763
v 0.00390778 -0.00449739 0.04022010
v 0.00040594 -0.00675270 0.04035230
v 0.00061118 -0.00374058 0.04065666
v 0.00594428 -0.00468878 0.03981789
v 0.00503248 -0.00210420 0.04007107
v 0.00144254 0.00024248 0.04061213
v 0.00380271 -0.00087678 0.04027463
v -0.00140230 -0.00148152 0.04080851
v 0.00101721 -0.00219110 0.04070143
v -0.00088207 0.00231839 0.04059844
v -0.00675950 0.00092051 0.04009690
v -0.00431062 0.00228684 0.04034942
v -0.00296930 0.00072991 0.04061553
v 0.00098182 0.00266479 0.04041431
v -0.00112947 0.00583415 0.04004693
v 0.03496177 -0.01470571 0.00282271
v 0.03479986 -0.01299500 0.00583317
v 0.03351724 -0.01315948 0.00943235
v 0.03339500 -0.01387889 0.00913411
v 0.03567291 -0.01171394 0.00398874
v 0.03690504 -0.00848852 0.00191764
v 0.03577711 -0.00994585 0.00552541
v 0.03614106 -0.00504155 0.00697198
v 0.03429614 -0.00544494 0.01281534
v 0.03674102 -0.01010889 0.00032888
v 0.03778270 -0.00611368 -0.00218501
v 0.03677290 -0.01109394 -0.00209734
v 0.03790395 -0.00602070 -0.00476002
v 0.03763125 -0.00333723 0.00191779
v 0.03424222 -0.00652649 0.01241029
v 0.03788972 -0.00489587 -0.00718374
v 0.03843478 -0.00160423 -0.00590928
v 0.03739494 -0.00596176 -0.00952482
v 0.03834842 -0.00232248 -0.00366626
v 0.03493265 0.00687414 -0.01927989
v 0.03369530 0.01131454 -0.02028804
v 0.03144775 0.01312462 -0.02305559
v 0.03298641 0.01422757 -0.02023546
v 0.03367824 0.01405600 -0.01909649
v 0.03341521 0.01568964 -0.01841979
v 0.02919660 0.01726194 -0.02391433
v 0.02793083 0.01869847 -0.02439132
v 0.02710658 0.02066440 -0.02409533
v 0.03132252 0.01802860 -0.02063904
v 0.03062388 0.01982908 -0.02015075
v 0.02565220 0.02382448 -0.02303315
v 0.02723579 0.02258845 -0.02235501
v 0.02325624 0.02567644 -0.02363027
v 0.02187238 0.02531719 -0.02500640
v 0.02604198 0.02572922 -0.02069214
v 0.02681866 0.02691510 -0.01836077
v 0.02925164 0.02489791 -0.01699748
v 0.02286812 0.03014727 -0.01849325
v 0.02487832 0.02879466 -0.01806933
v 0.03293632 0.01952880 -0.01606833
v 0.03183721 0.02098638 -0.01685414
v 0.02993006 0.02188765 -0.01963906
v 0.03004906 0.02604520 -0.01311647
v 0.02601060 0.02878420 -0.01661656
v -0.01712827 -0.03263081 -0.01181784
v -0.01375820 -0.03255921 -0.01588744
v -0.01470700 -0.03182792 -0.01753850
v -0.01325670 -0.03310707 -0.01377030
v -0.01071794 -0.03334783 -0.01610943
v -0.02350331 -0.03126200 0.00029891
v -0.02493090 -0.03063109 -0.00025339
v -0.02470965 -0.03061487 -0.00264897
v -0.02757989 -0.02865641 -0.00081523
v -0.02777776 -0.02837023 -0.00291593
v -0.02928862 -0.02706101 0.00190982
v -0.02958974 -0.02668266 -0.00198114
v -0.03076526 -0.02547015 -0.00081746
v -0.03056808 -0.02561092 -0.00194809
v -0.03170762 -0.02417561 -0.00287397
v -0.03351126 -0.02185310 -0.00033317
v -0.02031900 -0.03241375 -0.00405517
v -0.02075444 -0.03226050 -0.00057880
v -0.01854623 -0.03263119 -0.00981178
v -0.01830481 -0.03293753 -0.00517874
v -0.01835293 -0.03284840 -0.00817155
v -0.02265807 -0.03157016 -0.00260758
v -0.02252912 -0.03156726 -0.00400435
v -0.02278787 -0.03069369 -0.00949765
v -0.02464112 -0.03034050 -0.00560636
v -0.02317517 -0.03065252 -0.00876258
v -0.02278752 -0.03141802 -0.00467554
v -0.02058037 -0.03201089 -0.00862105
v -0.02203085 -0.03075674 -0.01086398
v -0.02040108 -0.03101319 -0.01314822
v -0.02388040 -0.02980198 -0.01035024
v -0.02351952 -0.02850005 -0.01434257
v -0.02515727 -0.02754590 -0.01336713
v -0.02027043 -0.02736501 -0.02009944
v -0.02241799 -0.02730125 -0.01758287
v -0.02565896 -0.02545902 -0.01589976
v -0.01795709 -0.03170946 -0.01371540
v -0.01709057 -0.03216164 -0.01335332
v -0.02209158 -0.03074138 -0.01040637
v -0.02002044 -0.03150505 -0.01189624
v -0.02092899 -0.03127952 -0.01118520
v -0.02064753 -0.03004333 -0.01495975
v -0.01809447 -0.03109114 -0.01530480
v -0.01614727 -0.03145811 -0.01678208
v -0.02002065 -0.02907063 -0.01758330
v -0.01899046 -0.03033248 -0.01608757
v -0.02719843 -0.02709993 -0.01015615
v -0.02993867 -0.02436772 -0.00957673
v -0.03021633 -0.02325349 -0.01082748
v -0.02653929 -0.02905088 -0.00576877
v -0.02812116 -0.02800058 -0.00368695
v -0.02665469 -0.02794771 -0.00927240
v -0.02550708 -0.02919943 -0.00831465
v -0.02731779 -0.02685142 -0.01056935
v -0.02885248 -0.02665467 -0.00745704
v -0.02993237 -0.02601906 -0.00512731
v -0.03163895 -0.02407002 -0.00434401
v -0.03035299 -0.02490168 -0.00715361
v -0.03169523 -0.02408131 -0.00341292
v -0.02817638 -0.02647621 -0.00938897
v -0.03027606 -0.02345288 -0.01045516
v -0.02351543 -0.02327219 -0.02162402
v -0.02540018 -0.02471203 -0.01742526
v -0.02900189 -0.02324027 -0.01350461
v -0.02985150 -0.02320000 -0.01170153
v -0.02807018 -0.02418851 -0.01383479
v -0.02892757 -0.02229324 -0.01485076
v -0.02668235 -0.02242553 -0.01839578
v -0.02753400 -0.02212177 -0.01746373
v -0.02947719 -0.01924157 -0.01749436
v -0.01323931 -0.03265160 0.01036300
v -0.01628888 -0.03215541 0.00584744
v -0.01553490 -0.03214362 0.00210192
v -0.01486443 -0.03186643 0.00280858
v -0.01476915 -0.03183494 0.00455034
v -0.01217367 -0.03075424 0.00336031
v -0.01771823 -0.03207344 0.01063484
v -0.01670518 -0.03203761 0.01252022
v -0.01491861 -0.03229390 0.01419729
v -0.01618420 -0.03204683 0.01340922
v -0.01665098 -0.03186767 0.01415302
v -0.01581500 -0.03231040 0.01185145
v -0.01629303 -0.03120020 0.01748779
v -0.01113120 -0.03272587 0.01402688
v -0.00754392 -0.03235666 0.01179906
v -0.01306661 -0.03234856 0.01601357
v -0.01238101 -0.03158734 0.01964061
v -0.01611031 -0.03116275 0.01772794
v -0.01089162 -0.03117825 0.00580192
v -0.01437267 -0.03221904 0.00710541
v -0.00876898 -0.03208535 0.01041080
v -0.00675981 -0.03249034 0.01236438
v -0.00812068 -0.03105595 0.00819095
v -0.00846310 -0.03086218 0.00712006
v -0.00613719 -0.02851516 0.00394292
v -0.00410546 -0.02854108 0.00581928
v -0.00639318 -0.03031288 0.00781688
v -0.00622449 -0.03317670 -0.01203600
v -0.00300067 -0.03337487 -0.01076228
v -0.00200417 -0.03326340 -0.01080923
v -0.01514220 -0.03311410 -0.00442594
v -0.01570350 -0.03253413 -0.00084042
v -0.01315569 -0.03327877 -0.00594760
v -0.01326486 -0.03164440 0.00037362
v -0.01078312 -0.03004716 0.00067877
v -0.01077285 -0.03101578 -0.00240949
v -0.01201817 -0.03253145 -0.00435850
v -0.01260287 -0.03232742 -0.00315463
v -0.01242133 -0.03348645 -0.01105534
v -0.01165780 -0.03354154 -0.01077611
v -0.00994665 -0.03333422 -0.00995358
v -0.00666391 -0.03253841 -0.00938912
v -0.00797156 -0.03360461 -0.01456944
v -0.00640120 -0.03295090 -0.01088852
v -0.00844098 -0.03327892 -0.01124036
v -0.01356417 -0.03349495 -0.00815137
v -0.01571375 -0.03338799 -0.00921691
v -0.00511377 -0.03140382 -0.00855157
v -0.01059180 -0.03176900 -0.00384253
v -0.00727817 -0.03205304 -0.00780106
v -0.00508079 -0.02971500 -0.00647544
v -0.00703458 -0.03097257 -0.00546114
v -0.00634090 -0.03241360 -0.00985974
v -0.00043373 -0.02965940 0.00042167
v -0.00123840 -0.02786020 -0.00223316
v -0.00183173 -0.02930067 0.00025379
v -0.00194000 -0.02878631 0.00121428
v -0.00084792 -0.02823251 -0.00086105
v 0.00147612 -0.03400567 -0.01158750
v -0.00170843 -0.02982169 -0.00636823
v 0.00083490 -0.03297917 -0.00927498
v 0.00426473 -0.03327573 -0.00842906
v 0.00401454 -0.03013640 -0.00452380
v 0.00522773 -0.03121961 -0.00564129
v 0.00634562 -0.03159886 -0.00557997
v 0.00488585 -0.02980561 -0.00337052
v 0.00150831 -0.03052166 -0.00562321
v 0.00230178 -0.02833674 -0.00282920
v 0.00143115 -0.02806054 -0.00247996
v -0.00159561 -0.02886035 -0.00497724
v 0.00057083 -0.02829595 -0.00310666
v -0.00979599 -0.02901059 0.00257599
v -0.00864866 -0.02826906 0.00179601
v -0.00576317 -0.02872875 -0.00341362
v -0.00927153 -0.02946601 -0.00128455
v -0.00720048 -0.02808680 -0.00133143
v -0.00777991 -0.02827272 -0.00069825
v -0.00969985 -0.03014158 0.00456374
v -0.00468013 -0.02754964 0.00313289
v -0.00388696 -0.02945611 0.00005980
v -0.00184971 -0.02923805 0.00050622
v -0.00334459 -0.02962915 -0.00058986
v -0.00272955 -0.02974140 -0.00019361
v -0.00401142 -0.02831063 -0.00033675
v -0.00577975 -0.02735623 0.00027410
v -0.00498531 -0.02782925 0.00057444
v -0.00519154 -0.02726034 -0.00027913
v -0.00429161 -0.02728631 -0.00174348
v -0.00334711 -0.02705144 -0.00193455
v -0.00279875 -0.02932980 0.00044493
v -0.00246286 -0.02914692 0.00076490
v -0.00261349 -0.02923369 0.00063478
v -0.00246742 -0.02899313 0.00122193
v -0.00149024 -0.02825668 0.00274934
v -0.00214039 -0.02835071 0.00188594
v -0.00153864 -0.02903014 -0.00044168
v -0.00299709 -0.02786056 -0.00082511
v -0.00289307 -0.02741675 -0.00148829
v -0.00462722 -0.02762801 0.00119238
v -0.00421992 -0.02753921 0.00125779
v -0.00526827 -0.02710387 0.00197265
v -0.00373833 -0.02714993 0.00204477
v -0.00385097 -0.02783755 -0.00043364
v -0.00700732 -0.02776209 0.00215582
v -0.00813257 -0.02804281 0.00096483
v -0.00559746 -0.02709226 0.00123092
v -0.00419346 -0.02863627 -0.00551995
v -0.00334727 -0.02908910 -0.00593838
v -0.00372557 -0.02785468 -0.00427464
v -0.00476242 -0.02851363 -0.00469430
v -0.00375710 -0.02713507 -0.00241148
v -0.00254269 -0.02745413 -0.00305961
v -0.00420440 -0.02758869 -0.00338747
v -0.00349755 -0.02719509 -0.00326938
v -0.00225292 -0.02880281 -0.00115638
v -0.00007571 -0.02793480 -0.00130383
v -0.00050199 -0.02778212 -0.00246022
v -0.00043939 -0.02791072 -0.00285595
v -0.00237087 -0.02769948 -0.00233538
v -0.00234913 -0.02757364 -0.00304766
v -0.02173068 -0.03141529 0.00667513
v -0.01783623 -0.03216411 0.00878782
v -0.02153537 -0.03084340 0.01147057
v -0.02009769 -0.03072864 0.01478832
v -0.02370849 -0.02944228 0.01271095
v -0.02411920 -0.02989019 0.01024132
v -0.01935618 -0.03202716 0.00510640
v -0.02240684 -0.03156856 0.00248160
v -0.02270769 -0.03159261 -0.00044527
v -0.02468189 -0.03035172 0.00539812
v -0.02144607 -0.03166423 0.00473017
v -0.02676931 -0.02899055 0.00581942
v -0.02552720 -0.03005471 0.00299406
v -0.02289048 -0.03148838 0.00161657
v -0.01882604 -0.03194840 0.00951456
v -0.01821798 -0.03213828 0.00808154
v -0.01836880 -0.03217043 0.00358932
v -0.02314119 -0.03083540 0.00713170
v -0.02809147 -0.02740345 0.00894043
v -0.03002844 -0.02555468 0.00758565
v -0.03014760 -0.02527295 0.00843560
v -0.02553941 -0.02674899 0.01603165
v -0.02786898 -0.02611961 0.01287543
v -0.02652443 -0.02820923 0.01038684
v -0.02931962 -0.02518472 0.01141142
v -0.03089008 -0.02408049 0.00913092
v -0.02828287 -0.02796068 0.00387967
v -0.02920926 -0.02660421 0.00654394
v -0.02672833 -0.02920508 0.00166523
v -0.03138952 -0.02477402 0.00104352
v -0.03094493 -0.02519468 0.00320246
v -0.03118297 -0.02479464 0.00433418
v -0.03148846 -0.02460208 0.00117407
v -0.02035975 -0.02952460 0.01765042
v -0.01889329 -0.03167207 0.01205403
v -0.01696436 -0.03179032 0.01408544
v -0.02145886 -0.02966660 0.01609544
v -0.01762451 -0.03041994 0.01861347
v -0.01908800 -0.02978661 0.01852951
v -0.02733851 -0.02497003 0.01591179
v -0.02526679 -0.02464266 0.01997894
v -0.02975694 -0.02203597 0.01587576
v -0.01844719 -0.03260810 -0.00181294
v -0.00956315 -0.03267994 -0.01929167
v -0.00676641 -0.03290251 -0.02049012
v -0.00679315 -0.03247568 -0.02152036
v -0.00682040 -0.03117888 -0.02402664
v -0.01321542 -0.03206425 -0.01814721
v -0.01507489 -0.03237446 -0.01495808
v -0.01329830 -0.03023912 -0.02160900
v -0.00950385 -0.03190387 -0.02130773
v -0.01328493 -0.03083430 -0.02065419
v -0.00449544 -0.03159743 -0.02399764
v -0.00543992 -0.03033491 -0.02552711
v -0.00727598 -0.02931900 -0.02629922
v -0.01014157 -0.02944031 -0.02504780
v -0.00886357 -0.02953115 -0.02542351
v -0.00903329 -0.02669588 -0.02814606
v -0.00944134 -0.02625335 -0.02830726
v -0.00698119 -0.02511476 -0.03004283
v -0.01762299 -0.02932315 -0.01967359
v -0.01842671 -0.02599360 -0.02327797
v -0.02148483 -0.02649007 -0.01984752
v -0.02161142 -0.02464517 -0.02197848
v -0.01732875 -0.02508447 -0.02506415
v -0.01976368 -0.02428251 -0.02400771
v -0.01500126 -0.02957458 -0.02134271
v -0.01662082 -0.02781402 -0.02253678
v -0.01493916 -0.02680165 -0.02500994
v -0.01243918 -0.03013829 -0.02248741
v -0.01137312 -0.02951574 -0.02436202
v -0.01265631 -0.02609226 -0.02708533
v -0.01342754 -0.02573086 -0.02700206
v -0.01553273 -0.02427551 -0.02700312
v -0.01167112 -0.02431365 -0.02908725
v -0.01046751 -0.02373296 -0.03001749
v -0.01548895 -0.02281435 -0.02802615
v -0.01744578 -0.02221612 -0.02741043
v -0.01588589 -0.02159768 -0.02857086
v -0.01434928 -0.02010323 -0.03082285
v -0.02486837 -0.02314600 -0.02005077
v -0.02517314 -0.02274933 -0.02011280
v -0.01852833 -0.02182532 -0.02699740
v -0.02053262 -0.02216233 -0.02523691
v -0.02270888 -0.02191433 -0.02357931
v -0.02325385 -0.01966753 -0.02482566
v -0.02095945 -0.01995272 -0.02657649
v -0.02701100 -0.01826178 -0.02188740
v -0.02767232 -0.01948584 -0.01996759
v -0.02236513 -0.01943888 -0.02577923
v -0.02491758 -0.02019757 -0.02278558
v -0.01913483 -0.02109137 -0.02711099
v -0.01678313 -0.02041311 -0.02886594
v -0.01656594 -0.01995287 -0.02918695
v -0.01749000 -0.01713257 -0.03055575
v -0.02249257 -0.01851665 -0.02625067
v -0.02375366 -0.01723508 -0.02601828
v -0.01819875 -0.01762418 -0.02981940
v -0.01971541 -0.01604755 -0.02967969
v -0.02162871 -0.01489269 -0.02885461
v -0.01804551 -0.01610566 -0.03088233
v -0.01997397 -0.01413324 -0.03040993
v -0.01977549 -0.01318142 -0.03095455
v -0.00726819 -0.02335166 -0.03118934
v -0.00993493 -0.02160540 -0.03167985
v -0.01020126 -0.01924835 -0.03291335
v -0.01326567 -0.01793592 -0.03251589
v -0.01556147 -0.01671537 -0.03201524
v -0.01862157 -0.01256058 -0.03192636
v -0.01761358 -0.01401982 -0.03203643
v -0.00036414 -0.03378386 -0.02056969
v 0.00099785 -0.03423128 -0.01896937
v -0.00184965 -0.03441820 -0.01720222
v -0.00603407 -0.03375382 -0.01536916
v -0.00397012 -0.03351443 -0.02034687
v -0.00059476 -0.03184549 -0.02364776
v -0.00800906 -0.03275888 -0.01996617
v 0.00107390 -0.03463094 -0.01578184
v 0.00241620 -0.03454996 -0.01683711
v -0.00196993 -0.03421747 -0.01451349
v -0.00155563 -0.03440889 -0.01686146
v -0.00325936 -0.03219590 -0.02337032
v 0.00091507 -0.03105704 -0.02527875
v 0.00235587 -0.02845976 -0.02797444
v 0.00210228 -0.03310199 -0.02191991
v 0.00218728 -0.03231391 -0.02352205
v 0.00469597 -0.03348467 -0.02052228
v 0.00488902 -0.02933706 -0.02656860
v 0.00613394 -0.03122164 -0.02404001
v 0.00356548 -0.02993121 -0.02620863
v -0.00547220 -0.03380165 -0.01824533
v -0.00740620 -0.03338608 -0.01837712
v -0.00381575 -0.03022743 -0.02584245
v -0.00149624 -0.02922621 -0.02715015
v -0.00430584 -0.02632174 -0.02961096
v -0.00294855 -0.02554210 -0.03026910
v -0.00117145 -0.02809237 -0.02821238
v 0.00007001 -0.02588532 -0.03021108
v -0.00426413 -0.02739716 -0.02865327
v 0.00281188 -0.03445395 -0.01315899
v 0.00380069 -0.03407377 -0.01120605
v 0.00615131 -0.03019717 -0.02539136
v 0.01072523 -0.02658093 -0.02744596
v 0.00744369 -0.02875363 -0.02650796
v 0.00218505 -0.03078189 -0.02508611
v 0.00690329 -0.02797693 -0.02743377
v 0.00437933 -0.02632049 -0.02945620
v 0.00422114 -0.02537842 -0.03018420
v 0.00834072 -0.02742146 -0.02756913
v 0.00393934 -0.02421708 -0.03107966
v 0.00236686 -0.02784845 -0.02848632
v -0.00394791 -0.02388142 -0.03133744
v -0.00133451 -0.02330434 -0.03189835
v -0.00299455 -0.02117800 -0.03310593
v 0.00248009 -0.02241317 -0.03229801
v 0.00014716 -0.02220509 -0.03248015
v 0.00464413 -0.02180035 -0.03234515
v 0.00120842 -0.02020727 -0.03353630
v 0.00240716 -0.01824519 -0.03432652
v 0.00044980 -0.01616582 -0.03538449
v 0.01032285 -0.02864069 -0.02569559
v 0.01018871 -0.02390764 -0.02974037
v 0.01269378 -0.02548113 -0.02762096
v 0.01023657 -0.02703391 -0.02717416
v 0.00826050 -0.02258733 -0.03115433
v 0.00838457 -0.01919118 -0.03288870
v 0.01398541 -0.02639239 -0.02633466
v 0.01306460 -0.02165305 -0.02982421
v 0.01517660 -0.02096038 -0.02938915
v 0.01348730 -0.02247785 -0.02917750
v 0.01527709 -0.02485686 -0.02692744
v 0.01406535 -0.02329934 -0.02846307
v 0.00960963 -0.02148681 -0.03140790
v 0.01164908 -0.01851942 -0.03213207
v 0.00690252 -0.02230271 -0.03169096
v 0.00577337 -0.01949510 -0.03331669
v 0.00702377 -0.01914328 -0.03321722
v 0.00946791 -0.01531022 -0.03422282
v 0.00461448 -0.01583370 -0.03501238
v 0.00298939 -0.01422353 -0.03597965
v 0.00701023 -0.01452349 -0.03501730
v 0.00796190 -0.01306882 -0.03541106
v 0.00701013 -0.00997952 -0.03648660
v 0.01175870 -0.01583300 -0.03331666
v 0.01108814 -0.01412381 -0.03417363
v 0.00904834 -0.01174952 -0.03557936
v 0.00673912 -0.01346794 -0.03546453
v 0.01009201 -0.01223080 -0.03508741
v 0.01089714 -0.01121846 -0.03515187
v 0.00968458 -0.00847664 -0.03620083
v -0.00651032 -0.02082956 -0.03287523
v -0.00814441 -0.02067842 -0.03262551
v -0.00788842 -0.01667443 -0.03477592
v -0.00436541 -0.01953572 -0.03381225
v -0.00265697 -0.01784188 -0.03466335
v -0.00581178 -0.01655268 -0.03515397
v -0.01061523 -0.01729796 -0.03369075
v -0.00742038 -0.01370601 -0.03594908
v -0.00247899 -0.01222918 -0.03689403
v -0.00271206 -0.01436153 -0.03610409
v 0.00008098 -0.01461951 -0.03600930
v -0.00143171 -0.01394264 -0.03624644
v -0.00015223 -0.00854505 -0.03774691
v -0.00613149 -0.01180883 -0.03678428
v -0.00427355 -0.00874289 -0.03782382
v -0.01366472 -0.01543203 -0.03347662
v -0.01432155 -0.01177041 -0.03456635
v -0.01114597 -0.01391851 -0.03495619
v -0.01120484 -0.01226980 -0.03562333
v -0.01607225 -0.01231700 -0.03357946
v -0.01508866 -0.01019356 -0.03477096
v -0.01618892 -0.00874838 -0.03472540
v -0.01280266 -0.00897734 -0.03603230
v -0.00791687 -0.00511269 -0.03812833
v -0.00880518 -0.00984580 -0.03695174
v -0.01097824 -0.00706332 -0.03698535
v -0.01312809 -0.00455607 -0.03680191
v 0.00396676 -0.01244476 -0.03633878
v -0.00262583 -0.00532870 -0.03854843
v 0.00143441 -0.01048449 -0.03719314
v -0.00087081 -0.00612112 -0.03829895
v 0.00408346 -0.00948346 -0.03712628
v 0.00447438 -0.00719600 -0.03753800
v 0.00714992 -0.00805150 -0.03686347
v 0.00217252 -0.00624190 -0.03801307
v 0.00126570 -0.00559164 -0.03824548
v -0.00411846 -0.00644474 -0.03829490
v -0.00645731 -0.00260830 -0.03864710
v -0.00480842 -0.00283599 -0.03884509
v -0.00710477 -0.00254151 -0.03855945
v -0.00501498 -0.00098535 -0.03899274
v -0.03306698 -0.00858538 0.02028792
v -0.03437637 -0.00378696 0.01954212
v -0.03530615 -0.00471214 0.01755871
v -0.03435455 -0.00474801 0.01926335
v -0.03154791 -0.00196808 0.02418042
v -0.03170410 0.00053925 0.02403533
v -0.03056145 0.00267705 0.02530007
v -0.02773472 0.00598087 0.02759177
v -0.03639705 -0.00143419 0.01591755
v -0.03575705 0.00080151 0.01722677
v -0.03716495 0.00337765 0.01403905
v -0.03352177 0.00030405 0.02141362
v -0.03604729 0.00298201 0.01661683
v -0.03402271 0.00275827 0.02054120
v -0.03634577 0.00636807 0.01507263
v -0.03651810 0.00453726 0.01524267
v -0.03883805 0.00768010 0.00715157
v -0.03799765 0.00803767 0.01066957
v -0.03843032 0.00555508 0.01029793
v -0.03713430 0.00664626 0.01321091
v -0.03677053 0.00876400 0.01317195
v -0.03592674 0.01173713 0.01313244
v -0.03638844 0.01203871 0.01173838
v -0.03649228 0.01198570 0.01153770
v -0.03694622 0.01218127 0.01045284
v -0.03225480 0.00349529 0.02306221
v -0.03173400 0.00260946 0.02384452
v -0.03061685 0.00619316 0.02464603
v -0.03382233 0.00730402 0.01998320
v -0.02926291 0.00369501 0.02651645
v -0.02877511 0.00436333 0.02689156
v -0.03243886 0.00761598 0.02203666
v -0.03253026 0.01271510 0.01952345
v -0.02940185 0.01079029 0.02459900
v -0.03172757 0.01070030 0.02178553
v -0.02995125 0.01039336 0.02415467
v -0.03517777 0.00828616 0.01717743
v -0.03363135 0.01095032 0.01859060
v -0.03503781 0.01050196 0.01608984
v -0.03404136 0.01514233 0.01396594
v -0.03570160 0.01422497 0.01119635
v -0.03202468 0.01543136 0.01778648
v -0.03274250 0.01671695 0.01498380
v -0.03426204 0.01598504 0.01243733
v -0.03260315 0.01787061 0.01322636
v -0.03910479 0.00837488 0.00452126
v -0.03801158 0.01150714 0.00665853
v -0.03849240 0.01168418 0.00282755
v -0.03904507 0.00940091 0.00331631
v -0.03774047 0.01366567 -0.00093667
v -0.03792983 0.01308074 0.00286929
v -0.03686637 0.01589609 0.00155465
v -0.03782844 0.01123333 0.00804243
v -0.03687380 0.01537886 0.00387531
v -0.03461053 0.01845744 0.00655827
v -0.03376904 0.02044042 0.00362606
v -0.03738254 0.01432847 -0.00254865
v -0.03540304 0.01752586 -0.00433806
v -0.03628826 0.01641788 -0.00258022
v -0.03558327 0.01806772 -0.00059904
v -0.03553368 0.01594249 -0.00712075
v -0.03675431 0.01590714 -0.00003564
v -0.03527165 0.01833098 -0.00206039
v -0.03467188 0.01930858 0.00036176
v -0.03403951 0.01827046 -0.00723347
v -0.03442337 0.01863360 -0.00527733
v -0.03437851 0.01958063 -0.00141774
v -0.03581646 0.01616859 0.00771824
v -0.03405897 0.01831781 0.00874153
v -0.03312230 0.01893141 0.01010938
v -0.03032243 0.02133189 0.01177812
v -0.03289772 0.02007900 0.00806777
v -0.03241098 0.02135087 0.00641244
v -0.03129417 0.02275751 0.00464605
v -0.03034294 0.02254840 0.00888331
v -0.03281340 0.02145614 -0.00052476
v -0.03254193 0.02183670 0.00237647
v -0.03214712 0.02181058 -0.00273032
v -0.03145874 0.02212967 -0.00426801
v -0.03057648 0.02325487 -0.00077665
v -0.03073986 0.02268303 -0.00430055
v -0.03071255 0.02329202 0.00110431
v -0.03063811 0.02326719 0.00380131
v -0.02965094 0.02361753 0.00628337
v -0.02856641 0.02472974 0.00336257
v -0.02784950 0.02496878 -0.00244569
v -0.02467149 0.00637586 0.03012850
v -0.02150363 0.00689775 0.03220637
v -0.02301714 0.00491001 0.03147731
v -0.02064464 0.00895302 0.03242473
v -0.02042024 0.01042642 0.03215969
v -0.01447007 0.01013056 0.03585656
v -0.01712588 0.01242546 0.03364141
v -0.01554537 0.01011731 0.03533143
v -0.01860454 0.01232395 0.03268323
v -0.02738911 0.00867898 0.02723238
v -0.02918570 0.00920482 0.02531400
v -0.02502477 0.01022537 0.02870945
v -0.02697762 0.01376159 0.02558844
v -0.02731940 0.01564123 0.02410378
v -0.02438145 0.01339781 0.02796715
v -0.02262499 0.01594649 0.02827280
v -0.02438690 0.01783843 0.02520727
v -0.02989534 0.01384322 0.02267606
v -0.02820297 0.01862132 0.02064427
v -0.03122258 0.01571657 0.01906011
v -0.02965838 0.01710036 0.02035675
v -0.02863728 0.02071969 0.01704420
v -0.03061232 0.01941845 0.01532293
v -0.02623734 0.01894187 0.02256477
v -0.02774635 0.02108931 0.01803381
v -0.02561028 0.02068587 0.02119515
v -0.02359782 0.02424960 0.01821178
v -0.02156150 0.01263116 0.03061803
v -0.02042223 0.01216505 0.03165848
v -0.02155388 0.01480046 0.02970576
v -0.01891285 0.01580463 0.03114694
v -0.01790191 0.01594170 0.03174033
v -0.01679241 0.01573615 0.03255040
v -0.01798928 0.01719113 0.03102744
v -0.01986997 0.01809877 0.02916278
v -0.01919203 0.02022760 0.02821796
v -0.02274382 0.02008062 0.02500949
v -0.02120884 0.01831635 0.02799688
v -0.01998257 0.02314775 0.02465533
v -0.02468704 0.01953723 0.02343307
v -0.02142057 0.02159355 0.02507955
v -0.02411824 0.02136830 0.02208927
v -0.02283786 0.02372261 0.02021301
v -0.02005090 0.02443943 0.02241530
v -0.02069733 0.02472801 0.02098456
v -0.02739272 0.02360260 0.01284450
v -0.02880223 0.02397773 0.00726992
v -0.02658688 0.02453047 0.01131085
v -0.02503076 0.02555095 0.01097176
v -0.02629650 0.02422398 0.01376245
v -0.03036268 0.02067228 0.01359653
v -0.02707362 0.02483545 0.00870949
v -0.03066511 0.02324412 0.00423119
v -0.02962330 0.02412408 0.00334455
v -0.02595210 0.02588131 -0.00085900
v -0.02622881 0.02584131 0.00413488
v -0.02211505 0.02685193 0.00205185
v -0.01917792 0.02746621 0.00473105
v -0.01807066 0.02755446 0.00536660
v -0.02451000 0.02643616 0.00566842
v -0.02281225 0.02686398 0.00580805
v -0.02237557 0.02698862 0.00556606
v -0.01268020 0.02765940 0.00671699
v -0.01072485 0.02850508 0.00771200
v -0.02247546 0.02469140 0.01870939
v -0.01821806 0.02801769 0.01537311
v -0.02340203 0.02551813 0.01517915
v -0.02284320 0.02669836 0.01051790
v -0.02061145 0.02558273 0.01905286
v -0.01939409 0.02650577 0.01863698
v -0.02247353 0.02622639 0.01419405
v -0.01897296 0.02713973 0.01750994
v -0.01908572 0.02717993 0.01716636
v -0.02226885 0.02650628 0.01334365
v -0.01944768 0.02787943 0.01086887
v -0.02286072 0.02684831 0.00794110
v -0.02069595 0.02759570 0.00832248
v -0.01712938 0.02828484 0.00829134
v -0.01737678 0.02828691 0.00904459
v -0.02141906 0.02732620 0.00993259
v -0.01571804 0.02859823 0.00983461
v -0.01438255 0.01455283 -0.03483797
v -0.01195443 0.01562886 -0.03530512
v -0.01373479 0.01611353 -0.03444545
v -0.01288633 0.01632379 -0.03466451
v -0.01400836 0.01761876 -0.03345750
v -0.03502540 0.01590147 -0.00856691
v -0.03360057 0.01703719 -0.01063288
v -0.03212560 0.01981441 -0.00939666
v -0.03298371 0.01585854 -0.01398184
v -0.03323498 0.01641246 -0.01261594
v -0.03148009 0.01776518 -0.01511830
v -0.03146988 0.01923142 -0.01210293
v -0.03316731 0.02039634 -0.00486512
v -0.03091403 0.02128882 -0.00868596
v -0.03107313 0.01950030 -0.01241877
v -0.03016940 0.02040586 -0.01281261
v -0.02563042 0.02144658 -0.02013951
v -0.03032127 0.01832421 -0.01679958
v -0.02921030 0.02031443 -0.01537763
v -0.02872119 0.01944525 -0.01822515
v -0.02599352 0.02198356 -0.01860769
v -0.02570561 0.02270886 -0.01779107
v -0.03004381 0.02127624 -0.01117504
v -0.02746148 0.02328073 -0.01127083
v -0.02737548 0.02220442 -0.01543751
v -0.02527957 0.02417332 -0.01431626
v -0.02894585 0.02323953 -0.00795535
v -0.03035937 0.02314735 -0.00361342
v -0.02877370 0.02393750 -0.00537662
v -0.02641004 0.02464607 -0.00818226
v -0.02783890 0.02467595 -0.00402200
v -0.02491252 0.02564816 -0.00529109
v -0.02854306 0.02432855 -0.00356570
v -0.02510683 0.02595416 -0.00308132
v -0.02295908 0.02591513 -0.00807588
v -0.02404637 0.02528473 -0.01211714
v -0.02412058 0.02406572 -0.01709446
v -0.02177635 0.02572577 -0.01617935
v -0.02018337 0.02661975 -0.01186664
v -0.02043573 0.02659802 -0.01456434
v -0.01929737 0.02699595 -0.01376161
v -0.02310190 0.02570037 -0.01055132
v -0.02269134 0.02583437 -0.01101098
v -0.01681425 0.01980400 -0.03051854
v -0.02087966 0.02012834 -0.02704413
v -0.01823986 0.02274961 -0.02673549
v -0.01938513 0.02196492 -0.02660109
v -0.01590522 0.01763418 -0.03256932
v -0.01752846 0.01860365 -0.03075119
v -0.01361174 0.02191122 -0.03058378
v -0.01640283 0.02219600 -0.02878822
v -0.01590595 0.02417096 -0.02709086
v -0.02593197 0.01941139 -0.02237660
v -0.02392891 0.01887506 -0.02509536
v -0.02245352 0.02156326 -0.02375515
v -0.02386070 0.02102150 -0.02280175
v -0.02006034 0.02511190 -0.02129073
v -0.02121636 0.02175362 -0.02501694
v -0.01935184 0.02519378 -0.02198761
v -0.01892162 0.02361510 -0.02452493
v -0.01368971 0.02814745 -0.02079842
v -0.01470831 0.02684962 -0.02361322
v -0.01155252 0.02285858 -0.03077394
v -0.00963961 0.02590867 -0.02844291
v -0.01250723 0.02590090 -0.02708512
v -0.01364974 0.02459983 -0.02798842
v -0.00748336 0.02626968 -0.02882299
v -0.00593633 0.02629030 -0.02924935
v -0.00877517 0.02715672 -0.02726173
v -0.01119367 0.02750968 -0.02490978
v -0.02186469 0.02505632 -0.01858327
v -0.01767062 0.02457170 -0.02462206
v -0.01845259 0.02695330 -0.01854328
v -0.01750930 0.02774551 -0.01518988
v -0.01500661 0.02713834 -0.02259235
v -0.00790486 0.01835728 -0.00003891
v -0.00877020 0.01929291 0.00053196
v -0.00937554 0.01882630 -0.00064473
v -0.00830776 0.01832514 -0.00009233
v -0.01012068 0.01958702 -0.00021440
v -0.01134206 0.02121471 0.00045646
v -0.01055365 0.02024554 -0.00171270
v -0.00802626 0.01835060 -0.00059275
v -0.00933811 0.01881928 -0.00076368
v -0.00589367 0.01919751 -0.00247612
v -0.00688736 0.01863724 -0.00125969
v -0.00622057 0.01882247 -0.00154749
v -0.00759685 0.01919041 -0.00125447
v -0.00657202 0.01968000 -0.00273788
v -0.00617034 0.01970479 -0.00356932
v -0.00557640 0.01954052 -0.00305176
v -0.00642922 0.02022962 -0.00433282
v -0.00681203 0.02051228 -0.00324551
v -0.00922039 0.01932383 -0.00107062
v -0.00825276 0.02065148 -0.00176035
v -0.00503119 0.02027894 -0.00394399
v -0.00430512 0.02232893 -0.00519880
v -0.00482200 0.02069302 -0.00406633
v -0.00738444 0.02101647 -0.00446248
v -0.00718498 0.02080827 -0.00417800
v -0.00706189 0.02191509 -0.00524701
v -0.00772890 0.02211674 -0.00447898
v -0.00728090 0.02189736 -0.00362754
v -0.00771817 0.02261535 -0.00544770
v -0.00758758 0.02300688 -0.00595120
v -0.00862374 0.02023294 0.00110199
v -0.00893228 0.02154182 0.00176521
v -0.00885237 0.02257562 0.00242515
v -0.00808657 0.02182785 0.00173585
v -0.00710764 0.02234926 0.00148388
v -0.00564192 0.01949639 -0.00080508
v -0.00690699 0.02029126 0.00011497
v -0.00691558 0.02052460 0.00018683
v -0.00500163 0.02030633 -0.00252806
v -0.00495185 0.02030912 -0.00102170
v -0.00435256 0.02157152 -0.00166461
v -0.00405246 0.02190492 -0.00032297
v -0.00426213 0.02143556 -0.00055707
v -0.00387944 0.02192072 -0.00074428
v -0.00403956 0.02375346 0.00111040
v -0.00506837 0.02100533 -0.00023626
v -0.00270836 0.02396925 -0.00158637
v -0.00400754 0.02485995 0.00191881
v -0.00548052 0.02790365 0.00478039
v -0.00934506 0.02143835 0.00161671
v -0.00227423 0.02464043 0.00017775
v -0.00196256 0.02474658 -0.00025143
v -0.00428426 0.02641375 0.00313433
v -0.00376598 0.02274811 -0.00425104
v -0.00364805 0.02291285 -0.00499598
v -0.00300218 0.02415089 -0.00581636
v -0.00247477 0.02478630 0.00047684
v -0.00319883 0.02404481 -0.00592502
v -0.00301869 0.02390677 -0.00543468
v -0.00557882 0.02520132 -0.00776562
v -0.00361126 0.02418766 -0.00638121
v -0.00306757 0.02378079 -0.00527766
v -0.00347337 0.02704375 -0.00943280
v -0.00048792 0.02691513 -0.00062905
v -0.00072921 0.02703805 -0.00426050
v -0.00116226 0.02676127 -0.00724142
v 0.00206715 0.03049301 -0.00438155
v 0.00056406 0.02908373 -0.00647573
v 0.00080375 0.03020827 -0.02466408
v -0.00112658 0.02873498 -0.01026390
v 0.00262854 0.03250015 -0.01770239
v 0.00314005 0.03309608 -0.01582627
v 0.00482958 0.03266526 -0.02037143
v -0.01282383 0.02266175 -0.00110360
v -0.01529548 0.02490009 0.00024092
v -0.01073579 0.02111947 0.00085487
v -0.01426348 0.02437677 -0.00005860
v -0.01055642 0.01987711 -0.00115528
v -0.01082102 0.02071794 -0.00197690
v -0.01139743 0.02134314 -0.00233277
v -0.01264035 0.02275435 -0.00282115
v -0.01176779 0.02242112 -0.00300700
v -0.01311661 0.02345633 -0.00313813
v -0.01202532 0.02346757 -0.00316526
v -0.01164331 0.02133293 -0.00110442
v -0.00965872 0.02128788 -0.00173683
v -0.00991046 0.02318654 -0.00233645
v -0.01193418 0.02427714 -0.00310989
v -0.01127253 0.02519191 -0.00278169
v -0.01498092 0.02486780 0.00021566
v -0.01435359 0.02487758 -0.00392561
v -0.01421848 0.02513819 -0.00439630
v -0.01652436 0.02572011 -0.00323155
v -0.01539645 0.02527681 -0.00377994
v -0.01669308 0.02566461 -0.00182441
v -0.01573727 0.02588680 -0.00463490
v -0.01608222 0.02602880 -0.00520430
v -0.01577963 0.02583415 -0.00450357
v -0.01557212 0.02623997 -0.00540099
v -0.01460822 0.02523858 -0.00447870
v -0.01392657 0.02609576 -0.00426063
v -0.01504280 0.02586876 -0.00449691
v -0.01563723 0.02628851 -0.00476522
v -0.01566344 0.02654151 -0.00487605
v -0.01451429 0.02620778 -0.00441215
v -0.01470210 0.02684125 -0.00425141
v -0.01482352 0.02714604 -0.00403503
v -0.01428817 0.02419567 -0.00125943
v -0.01356014 0.02436625 -0.00391823
v -0.01222877 0.02530670 -0.00311088
v -0.01153927 0.02678415 -0.00331235
v -0.01304988 0.02632193 -0.00358461
v -0.01483382 0.02617716 -0.00447334
v -0.01378466 0.02799688 -0.00368977
v -0.01431470 0.02732301 -0.00424371
v -0.01457090 0.02798080 -0.00373842
v -0.01436356 0.02720648 -0.00421444
v -0.01564981 0.02594502 -0.00591573
v -0.01815789 0.02652758 -0.00759390
v -0.01454756 0.02721101 -0.01044549
v -0.01106602 0.02481932 -0.00624060
v -0.01144599 0.02462040 -0.00648983
v -0.00761013 0.02196863 -0.00437671
v -0.00806389 0.02320433 -0.00505885
v -0.00800166 0.02357614 -0.00449998
v -0.00907402 0.02423280 -0.00623167
v -0.00789117 0.02310698 -0.00583940
v -0.00822719 0.02353664 -0.00625375
v -0.00846751 0.02356553 -0.00584346
v -0.00848933 0.02372118 -0.00572295
v -0.01058739 0.02491402 -0.00631804
v -0.00950157 0.02414942 -0.00647681
v -0.00923784 0.02410891 -0.00642113
v -0.00948669 0.02468177 -0.00631027
v -0.00903926 0.02536392 -0.00599022
v -0.01042870 0.02451146 -0.00649336
v -0.01038708 0.02623419 -0.00542972
v -0.00845005 0.02506716 -0.00574146
v -0.00577228 0.02494457 -0.00749167
v -0.00957819 0.02491522 -0.00718277
v -0.00806206 0.02779709 -0.01156253
v -0.00670155 0.02644535 -0.00927452
v -0.01275264 0.02508266 -0.00655568
v -0.01325644 0.02512500 -0.00605204
v -0.01253694 0.02496183 -0.00584710
v -0.01305658 0.02616697 -0.00564267
v -0.01287530 0.02734797 -0.01064915
v -0.01054148 0.02468805 -0.00682306
v -0.01449064 0.02564284 -0.00604029
v -0.01468672 0.02589200 -0.00575312
v -0.01389914 0.02601876 -0.00586362
v -0.01413234 0.02562265 -0.00628366
v -0.01394279 0.02562275 -0.00615505
v -0.01332850 0.02655416 -0.00569206
v -0.01422209 0.02692958 -0.00539818
v -0.01495877 0.02722314 -0.00583095
v -0.01208180 0.02508038 -0.00539343
v -0.01241572 0.02581160 -0.00549824
v -0.01149689 0.02514276 -0.00550625
v -0.01085053 0.02616915 -0.00557403
v -0.01131145 0.02507343 -0.00574710
v -0.01201727 0.02690182 -0.00596019
v -0.01315362 0.02855585 -0.00615772
v -0.01327513 0.02704066 -0.00579808
v -0.01396358 0.02586656 -0.00606972
v -0.01271332 0.02704164 -0.00600189
v -0.01357948 0.02790276 -0.00592766
v -0.01496552 0.02798210 -0.00615215
v -0.01380125 0.02811156 -0.00609897
v -0.01351161 0.02803669 -0.00599899
v -0.01246229 0.02908819 -0.00517628
v -0.01382334 0.02836466 -0.00627518
v -0.01259981 0.02898897 -0.00562086
v -0.01026483 0.02718642 -0.01042971
v -0.01303896 0.02733473 -0.01061961
v -0.01998482 0.02667959 -0.00192604
v -0.01840213 0.02618621 -0.00319468
v -0.01842157 0.02635887 -0.00165457
v -0.01800103 0.02634087 -0.00520546
v -0.01851874 0.02633827 -0.00621749
v -0.02253705 0.02677608 0.00003298
v -0.01818331 0.02640281 0.00038200
v -0.01859168 0.02664658 0.00135456
v -0.01607325 0.02578463 0.00091934
v -0.01957481 0.02624171 -0.00368767
v -0.01804673 0.02613549 -0.00345556
v -0.01592290 0.02752656 -0.00434113
v -0.01531972 0.02809493 -0.00382178
v -0.01436592 0.02906507 -0.00414768
v -0.01414831 0.02908890 -0.00400555
v -0.01656742 0.02701515 -0.01001201
v -0.01691359 0.02717939 -0.01144318
v -0.01450144 0.02808882 -0.01355143
v -0.01567185 0.02726306 -0.00586758
v -0.01596400 0.02767096 -0.00569115
v -0.01531944 0.02848292 -0.00591227
v -0.01568753 0.02826808 -0.00564975
v -0.01541257 0.02824369 -0.00436375
v -0.01481079 0.02885277 -0.00601660
v -0.01318657 0.02942042 -0.00429967
v -0.01430179 0.02837381 -0.00356792
v -0.01397854 0.02902506 -0.00601758
v -0.01303747 0.02938879 -0.00587478
v -0.01376502 0.02861946 -0.00633225
v -0.01395005 0.02897515 -0.00603973
v -0.00982863 0.02138771 0.00157912
v -0.01056656 0.02345672 0.00298051
v -0.01060187 0.02249615 0.00208223
v -0.00842981 0.02384426 -0.00313150
v -0.00925812 0.02327467 -0.00273522
v -0.01541747 0.02642663 0.00343616
v -0.01114422 0.02536405 0.00444412
v -0.01142895 0.02613597 0.00505446
v -0.01239831 0.02724710 -0.00337157
v -0.01077860 0.02656105 0.00545734
v -0.00883252 0.02778347 0.00618921
v -0.00776305 0.02338897 -0.00421731
v -0.00801068 0.02539958 -0.00490299
v -0.01000656 0.02613614 -0.00331491
v -0.00821272 0.02510914 -0.00374424
v -0.00922639 0.02618993 -0.00406783
v -0.00816162 0.02542637 -0.00546634
v -0.00875795 0.02589381 -0.00522143
v -0.00377591 0.02632260 -0.00861551
v -0.01073664 0.02694574 -0.00433017
v -0.00934542 0.02627708 -0.00490017
v -0.01122268 0.02707009 -0.00355757
v -0.01263758 0.02875352 -0.00386082
v -0.01282655 0.02934580 -0.00433609
v -0.01348689 0.02880329 -0.00351892
v -0.01366105 0.02838975 -0.01421023
v -0.00923947 0.02916111 -0.02122914
v -0.01194382 0.02895381 -0.01802961
v -0.00783954 0.02962675 -0.02090384
v -0.00883651 0.02957679 -0.01804449
v -0.00464119 0.03011094 -0.01804033
v -0.01022718 0.02865308 -0.01417070
v -0.00988523 0.02851869 -0.01353081
v -0.00691694 0.02904509 -0.01403436
v -0.00747245 0.02942583 -0.01579998
v -0.00369906 0.03015999 -0.01666591
v -0.00369223 0.02707630 -0.02920604
v -0.00636802 0.02875452 -0.02494962
v -0.00476866 0.02789563 -0.02722371
v -0.00884318 0.02894860 -0.02296897
v -0.01017453 0.02903321 -0.01773087
v -0.00905093 0.02831829 -0.02452261
v -0.00147651 0.03076945 -0.02073118
v -0.00472086 0.02941308 -0.02415817
v -0.00333946 0.02835286 -0.02712535
v -0.00102810 0.02967631 -0.02530136
v 0.00026097 0.03077575 -0.02275748
v -0.01338142 0.02862648 -0.01523170
v -0.01567515 0.02801661 -0.01868087
v -0.00457483 0.02857279 -0.01202894
v -0.00273742 0.03002846 -0.01488087
v -0.00292392 0.02860341 -0.01134618
v -0.00030128 0.03023521 -0.01219531
v -0.00000117 0.03121928 -0.01496493
v 0.00148045 0.03215142 -0.01539517
v 0.00237754 0.03261891 -0.01432052
v 0.00277140 0.03289932 -0.01328857
v 0.00210373 0.03139868 -0.02216842
v 0.01744514 -0.01426667 0.03272891
v 0.01227103 -0.01407296 0.03566585
v 0.01588839 -0.01531963 0.03324129
v 0.01482435 -0.01210735 0.03500635
v 0.01406315 -0.01137947 0.03557893
v 0.01523096 -0.01167224 0.03503639
v 0.02012850 -0.01745159 0.02912838
v 0.01986191 -0.01434472 0.03091440
v 0.01864164 -0.01235584 0.03255838
v 0.02246046 -0.01311362 0.02905741
v 0.02467401 -0.01276588 0.02696337
v 0.02387468 -0.00904145 0.02916814
v 0.02257122 -0.01108404 0.02976953
v 0.02491791 -0.00894853 0.02813736
v 0.01764286 -0.00839033 0.03442366
v 0.02025994 -0.01066852 0.03194041
v 0.02300184 -0.00822373 0.03029428
v 0.00957638 -0.01192657 0.03732534
v 0.01055982 -0.01441860 0.03625867
v 0.01225471 -0.01107087 0.03647190
v 0.01446105 -0.00894269 0.03603433
v 0.00925134 -0.00819196 0.03825044
v 0.01521463 -0.00575473 0.03614139
v 0.01682286 -0.00867271 0.03483919
v 0.00868729 -0.00476476 0.03906525
v 0.01207307 -0.00596090 0.03757555
v 0.01285934 -0.00449289 0.03744219
v 0.01197059 -0.00147285 0.03798610
v 0.02652304 -0.00764088 0.02660772
v 0.02079520 -0.00748064 0.03231633
v 0.02224452 -0.00439663 0.03169830
v 0.01750695 -0.00489682 0.03502893
v 0.01494308 -0.00180758 0.03668100
v 0.01812845 -0.00437753 0.03471668
v 0.01961217 -0.00417218 0.03376559
v 0.01893206 -0.00141710 0.03446414
v 0.02160280 -0.00100786 0.03253408
v 0.02034590 -0.00060312 0.03344220
v 0.02334419 0.00000102 0.03109090
v 0.02017949 0.00211798 0.03357752
v 0.01979306 0.00286516 0.03382004
v 0.02457786 0.00244046 0.02999883
v 0.02302264 0.00275672 0.03138556
v 0.02131855 0.00522712 0.03248585
v 0.02693192 -0.01093910 0.02507455
v 0.02928469 -0.00670707 0.02341166
v 0.02628067 -0.00477574 0.02757266
v 0.02750313 -0.00363125 0.02644477
v 0.02511817 -0.00472813 0.02886319
v 0.02942076 -0.00377273 0.02404607
v 0.02601042 0.00018148 0.02848430
v 0.02752665 -0.00027190 0.02676748
v 0.02886686 -0.00750020 0.02394762
v 0.02835078 0.00001850 0.02588714
v 0.03205872 -0.00589239 0.01873152
v 0.03126042 -0.00520988 0.02065630
v 0.03406047 -0.00404525 0.01419361
v 0.03411860 -0.00423114 0.01395867
v 0.03371826 -0.00332612 0.01553556
v 0.03114400 -0.00203208 0.02166399
v 0.03291110 -0.00107457 0.01797869
v 0.03169078 0.00235107 0.02115531
v 0.03116990 0.00266895 0.02196169
v 0.03346086 0.00140174 0.01717741
v 0.03412009 0.00404342 0.01533293
v 0.03270399 0.00488382 0.01894993
v 0.03373548 0.00680554 0.01594336
v 0.02680844 -0.00026614 0.02753932
v 0.02764814 0.00315214 0.02675285
v 0.02969510 0.00206964 0.02420269
v 0.02949212 0.00442608 0.02439654
v 0.00897627 -0.00323117 0.03907695
v 0.00922043 -0.00148831 0.03904932
v 0.00660980 -0.00239686 0.03971677
v 0.00572032 0.00234651 0.03967042
v 0.00394388 0.00170459 0.04011450
v 0.00229031 0.00346415 0.04020669
v 0.01162475 0.00051573 0.03801988
v 0.01019379 0.00049605 0.03854543
v 0.01416560 0.00232161 0.03694425
v 0.01167979 0.00416255 0.03767486
v 0.01376223 0.00129115 0.03715889
v 0.00826702 0.00387442 0.03881455
v 0.00415752 0.00552731 0.03965227
v 0.00758942 0.00459494 0.03886661
v 0.01264110 0.00707454 0.03685454
v 0.01542759 0.00228000 0.03631307
v 0.01620709 0.00370760 0.03580232
v 0.01664279 0.00547363 0.03534994
v 0.01829512 0.00791873 0.03400358
v 0.01996217 0.00542020 0.03343306
v 0.01439823 0.00745718 0.03602379
v 0.01216772 0.01047514 0.03635334
v 0.00476934 0.00298414 0.03981317
v 0.00154670 0.00540674 0.04002535
v 0.00641982 0.00644039 0.03894175
v 0.00774764 0.00870057 0.03812341
v 0.00300965 0.00766745 0.03940566
v 0.00221370 0.01048632 0.03871651
v 0.00957381 0.01010439 0.03724373
v 0.00775310 0.01005559 0.03769963
v 0.00936306 0.01241898 0.03660085
v 0.01126642 0.00955068 0.03680382
v 0.00623793 0.01174997 0.03766053
v 0.00953272 0.01422967 0.03587933
v 0.00878135 0.01650341 0.03519081
v 0.02818590 0.00506474 0.02600423
v 0.02789598 0.00667805 0.02624689
v 0.02499990 0.00457270 0.02950413
v 0.02500069 0.00623912 0.02927836
v 0.02603281 0.00794717 0.02812108
v 0.02486409 0.01047625 0.02845983
v 0.02632976 0.01121626 0.02681955
v 0.03095734 0.00625087 0.02212150
v 0.03156585 0.00769893 0.02075415
v 0.03353623 0.00814701 0.01604959
v 0.02682115 0.00993077 0.02672093
v 0.02859265 0.00971523 0.02463994
v 0.03130018 0.01194894 0.01961967
v 0.03008440 0.00921554 0.02281081
v 0.02734133 0.01217704 0.02535157
v 0.03072295 0.01175453 0.02088553
v 0.02097864 0.00862642 0.03200599
v 0.02045469 0.00754246 0.03267144
v 0.02273861 0.00765760 0.03090271
v 0.02147779 0.00952086 0.03139291
v 0.01782977 0.00971533 0.03375458
v 0.01567741 0.01009913 0.03473352
v 0.01263025 0.01153369 0.03576712
v 0.01289619 0.01131465 0.03573301
v 0.01144848 0.01399189 0.03531935
v 0.01747611 0.01283255 0.03293563
v 0.01301169 0.01638300 0.03380236
v 0.01673176 0.01484898 0.03249598
v 0.01410452 0.01456688 0.03409042
v 0.01905746 0.01394392 0.03150106
v 0.01583700 0.01643782 0.03236096
v 0.00964417 0.01659408 0.03483391
v 0.01085132 0.01595471 0.03472444
v 0.01376881 0.02001229 0.03152566
v 0.02230893 0.01067865 0.03046517
v 0.02025735 0.01200941 0.03144784
v 0.02186040 0.01282010 0.03006382
v 0.01995134 0.01574950 0.03010954
v 0.02377587 0.01380853 0.02811605
v 0.02605637 0.01424810 0.02592919
v 0.02144308 0.01493588 0.02947071
v 0.02353742 0.01649893 0.02709549
v 0.02072179 0.01894983 0.02798829
v 0.02927948 0.01443700 0.02204860
v 0.02783781 0.01682225 0.02260009
v 0.02971938 0.01552113 0.02045080
v 0.02495979 0.01840021 0.02486046
v 0.02409907 0.02171709 0.02323078
v 0.02767790 0.01830445 0.02170058
v 0.03047515 0.01755554 0.01743611
v 0.02602395 0.01970322 0.02268316
v 0.02602218 0.02199833 0.02063720
v 0.01870310 0.01817771 0.02968201
v 0.01630845 0.01952679 0.03040194
v 0.01762789 0.01911934 0.02978538
v 0.02153519 0.01962571 0.02697190
v 0.01774124 0.02112924 0.02845524
v 0.02000122 0.02097073 0.02714061
v 0.01776784 0.02301457 0.02712391
v 0.01648846 0.02309941 0.02784900
v 0.02012907 0.02205780 0.02619232
v 0.02146624 0.02293912 0.02462304
v 0.02409367 0.02396688 0.02103054
v 0.02261294 0.02543012 0.02101723
v 0.02467059 0.02547308 0.01828909
v 0.01973579 0.02479288 0.02423977
v 0.01799273 0.02594623 0.02449997
v 0.02088547 0.02713634 0.02052868
v 0.02169746 0.02785782 0.01845161
v 0.03705394 -0.00365063 0.00440705
v 0.03848234 -0.00001540 -0.00301715
v 0.03480819 -0.00363483 0.01175612
v 0.03534301 -0.00032652 0.01100778
v 0.03594070 -0.00225892 0.00849497
v 0.03497878 0.00012584 0.01232895
v 0.03620925 0.00133778 0.00844182
v 0.03551145 0.00562492 0.01023156
v 0.03484373 0.00226976 0.01322920
v 0.03620624 0.00535013 0.00839129
v 0.03507526 0.00055954 0.01180556
v 0.03731762 -0.00076950 0.00399519
v 0.03811319 0.00038649 0.00018785
v 0.03713232 0.00105997 0.00492752
v 0.03834786 0.00351541 -0.00153736
v 0.03825244 0.00594998 -0.00139237
v 0.03680006 0.00335220 0.00647494
v 0.03751291 0.00330132 0.00364992
v 0.03768778 0.00677575 0.00153768
v 0.03681796 0.00773849 0.00536619
v 0.03717094 0.00952384 0.00277319
v 0.03533527 0.00630073 0.01092273
v 0.03549081 0.00793168 0.00963973
v 0.03544025 0.01137626 0.00849556
v 0.03615174 0.01061104 0.00614756
v 0.03596145 0.01207313 0.00587412
v 0.03674575 0.01206989 0.00243441
v 0.03747446 -0.00058043 -0.01219489
v 0.03844037 -0.00137329 -0.00412888
v 0.03846009 0.00013562 -0.00743816
v 0.03868681 0.00118244 -0.00561957
v 0.03802290 -0.00088606 -0.00999263
v 0.03851130 0.00360604 -0.00798215
v 0.03671756 0.00006739 -0.01483247
v 0.03778776 0.00488792 -0.01228908
v 0.03638530 0.00521915 -0.01651322
v 0.03791949 0.00368657 -0.01157999
v 0.03814895 0.00657968 -0.01005929
v 0.03761170 0.00935640 -0.01133001
v 0.03598905 0.00966674 -0.01641687
v 0.03592364 0.01160872 -0.01559488
v 0.03701989 0.01011579 -0.01329672
v 0.03375311 0.01726459 -0.01574342
v 0.03858012 0.00409534 -0.00457996
v 0.03820932 0.00854952 -0.00757354
v 0.03831502 0.00692332 -0.00461675
v 0.03748169 0.01030923 0.00044954
v 0.03811084 0.01006813 -0.00549100
v 0.03762692 0.01227112 -0.00568449
v 0.03744184 0.01254833 -0.00304607
v 0.03701620 0.01476423 -0.00529163
v 0.03666586 0.01473527 -0.00130058
v 0.03644534 0.01514198 -0.00023206
v 0.03555053 0.01882562 -0.00486590
v 0.03776039 0.01027764 -0.00976344
v 0.03735560 0.01226352 -0.00997213
v 0.03596124 0.01704604 -0.00939199
v 0.03541429 0.01407454 -0.01553527
v 0.03521277 0.01588220 -0.01442009
v 0.03502632 0.01784217 -0.01249682
v 0.03589430 0.01552963 -0.01240575
v 0.03693227 0.01520931 -0.00575587
v 0.03609325 0.01698203 -0.00810192
v 0.03396490 0.02159101 -0.00460816
v 0.03292457 0.01892742 -0.01698443
v 0.03419969 0.01943574 -0.01295285
v 0.03218971 0.02390363 -0.01090882
v 0.03191294 0.02308145 -0.01352585
v 0.03414577 0.02123363 -0.00781017
v 0.03514323 0.01883273 -0.00913331
v 0.03331554 0.02195418 -0.01105379
v 0.03368733 0.02147741 -0.01085988
v 0.03219047 0.02415599 -0.01005527
v 0.03262619 0.02385157 -0.00574214
v 0.03191816 0.02486979 -0.00813181
v 0.02932120 0.02594359 -0.01502437
v 0.02665978 0.02958423 -0.01340549
v 0.03056874 0.02664496 -0.00706279
v 0.02895065 0.02814449 -0.00979251
v 0.03049224 0.02614514 -0.01088566
v 0.02897492 0.02753473 -0.01227626
v 0.02738265 0.02997839 -0.00875542
v 0.02734976 0.03017923 -0.00635611
v 0.02683233 0.03010099 -0.01088560
v 0.03450896 0.00994139 0.01238667
v 0.03476961 0.00772616 0.01255085
v 0.03466507 0.01296465 0.00981282
v 0.03294594 0.01077420 0.01647030
v 0.03237370 0.01133706 0.01745027
v 0.03266613 0.01290439 0.01585967
v 0.03435615 0.01173661 0.01162612
v 0.03225804 0.01633493 0.01397509
v 0.03502285 0.01088564 0.00994641
v 0.03557510 0.01247917 0.00715352
v 0.03499234 0.01548663 0.00622887
v 0.03366042 0.01698264 0.00895526
v 0.03351319 0.01498620 0.01167666
v 0.03386058 0.01857167 0.00625618
v 0.03568947 0.01520313 0.00320894
v 0.03475603 0.01782492 0.00302851
v 0.03566859 0.01613465 0.00208927
v 0.03136494 0.01518086 0.01755867
v 0.03060504 0.01926034 0.01533923
v 0.03198198 0.01738489 0.01370126
v 0.02778961 0.02153856 0.01831491
v 0.02788451 0.02050114 0.01933851
v 0.02931109 0.02287945 0.01328102
v 0.03273735 0.02101287 0.00591485
v 0.03184151 0.02371461 0.00248279
v 0.03175118 0.02074675 0.00987747
v 0.03244940 0.02134222 0.00667214
v 0.03022844 0.02385109 0.00896655
v 0.03173962 0.02019234 0.01084487
v 0.03416979 0.01574195 0.00879998
v 0.03050848 0.02540549 0.00339769
v 0.02908925 0.02667901 0.00542812
v 0.02622222 0.02433116 0.01745159
v 0.02472419 0.02717288 0.01554325
v 0.02829953 0.02311752 0.01532076
v 0.02638322 0.02652738 0.01348823
v 0.02543211 0.02826621 0.01140785
v 0.02442974 0.02881429 0.01213542
v 0.02764961 0.02637905 0.01041020
v 0.02986348 0.02350359 0.01084283
v 0.02823549 0.02693298 0.00725451
v 0.02658428 0.02787349 0.00926776
v 0.02855370 0.02492705 0.01121741
v 0.02823056 0.02543998 0.01098577
v 0.02889982 0.02683443 0.00571942
v 0.02957011 0.02500991 0.00793222
v 0.02630280 0.02932590 0.00501437
v 0.02549627 0.02960291 0.00648393
v 0.03463708 0.01957923 -0.00011150
v 0.03421514 0.01906000 0.00293240
v 0.03379853 0.02020671 0.00255998
v 0.03333989 0.02130359 0.00229510
v 0.03523359 0.01920029 -0.00350751
v 0.03423824 0.02105245 -0.00326222
v 0.03297713 0.02280260 -0.00087698
v 0.03295751 0.02312479 -0.00297222
v 0.03058254 0.02638515 -0.00346982
v 0.03178463 0.02507071 -0.00504319
v 0.03053307 0.02599228 0.00099629
v 0.02822841 0.02826150 0.00201178
v 0.02840968 0.02875853 -0.00196279
v 0.02811417 0.02940466 -0.00537966
v 0.02864548 0.02835340 -0.00105889
v 0.02645273 0.02963345 0.00329987
v 0.02643539 0.02999136 0.00130615
v 0.02630086 0.03041339 -0.00046609
v 0.02611964 0.03107764 -0.00531735
v 0.02959291 0.02775942 -0.00585814
v -0.00899710 0.02441201 -0.00619462
v -0.00844811 0.02346017 -0.00589995
v -0.00894061 0.02359840 -0.00608353
v -0.00864950 0.02356832 -0.00588105
v -0.01115916 0.02474444 -0.00630565
v -0.00749484 0.02117044 -0.00435596
v -0.00969968 0.01886168 -0.00140835
v -0.01635958 0.02641809 -0.02271513
v -0.00145753 -0.00230345 -0.03887293
v -0.01498347 0.02625068 -0.00563781
v -0.01181162 0.02477076 -0.00538405
v -0.02412231 -0.03001028 -0.00895751
v 0.00623599 0.03456606 0.00776073
v -0.00978633 0.01937373 -0.00138409
v 0.00566084 0.03438584 0.00766445
v -0.02611166 -0.02204352 0.02184349
v 0.00608640 0.03461947 0.00373280
v -0.01095390 0.02488997 -0.00622243
v -0.03796716 -0.01072071 -0.00411272
v -0.00046502 -0.02971846 0.00060102
v -0.03988898 0.00427211 0.00188215
v 0.03297943 -0.00381217 0.01717559
v -0.00720274 -0.03118009 -0.00575920
v -0.03991533 0.00371812 0.00178774
v -0.03620448 0.01212618 0.01214675
v -0.03665251 0.01191677 0.01112232
v -0.02505043 -0.02945478 -0.00853546
v 0.03109519 -0.01698248 0.01279625
v 0.03711830 -0.00517081 0.00325417
v -0.00258449 -0.02921433 0.00065238
v -0.03987789 0.00441365 0.00190094
f 2 1 4
f 2 4 3
f 1 6 4
f 6 12 14
f 4 6 7
f 4 7 9
f 7 6 9
f 6 14 9
f 1903 9 10
f 8 4 9
f 21 9 11
f 10 9 21
f 21 22 10
f 10 22 24
f 12 13 14
f 17 13 12
f 2388 16 12
f 17 12 16
f 14 13 11
f 15 13 19
f 11 13 15
f 16 18 17
f 19 13 17
f 17 18 19
f 16 79 18
f 78 18 79
f 20 19 18
f 20 18 27
f 20 27 19
f 82 27 18
f 14 11 9
f 11 22 21
f 23 11 15
f 11 23 22
f 22 23 24
f 24 23 19
f 24 25 34
f 19 23 15
f 25 24 19
f 19 27 25
f 28 25 27
f 28 99 25
f 99 26 25
f 29 99 30
f 1903 10 32
f 10 31 32
f 10 24 31
f 31 24 34
f 35 33 39
f 45 37 32
f 38 45 32
f 39 33 40
f 31 34 25
f 32 31 38
f 42 38 31
f 41 40 33
f 42 31 25
f 26 43 25
f 25 43 42
f 42 43 44
f 26 99 43
f 43 99 44
f 54 46 47
f 38 63 45
f 47 70 56
f 46 70 47
f 49 48 51
f 49 51 50
f 51 52 50
f 70 51 56
f 70 52 51
f 52 53 50
f 55 54 47
f 55 56 57
f 55 47 56
f 57 51 55
f 48 58 51
f 55 51 58
f 56 51 57
f 44 60 42
f 44 29 60
f 60 59 42
f 60 66 62
f 42 59 38
f 59 60 38
f 38 64 63
f 38 65 64
f 60 62 38
f 38 62 65
f 61 70 46
f 99 29 44
f 66 60 29
f 30 66 29
f 66 67 62
f 66 68 67
f 67 68 62
f 66 71 68
f 69 76 53
f 70 61 69
f 69 52 70
f 52 69 53
f 66 72 71
f 69 61 73
f 66 74 72
f 71 72 75
f 190 76 73
f 76 69 73
f 75 72 77
f 72 182 77
f 78 81 18
f 80 83 79
f 81 82 18
f 78 79 81
f 83 81 79
f 82 81 27
f 81 83 27
f 27 83 84
f 27 84 28
f 28 84 85
f 83 91 90
f 83 90 85
f 83 85 84
f 87 85 90
f 80 86 91
f 80 91 83
f 91 92 90
f 93 92 91
f 2462 94 93
f 93 94 92
f 92 96 90
f 90 96 88
f 92 94 97
f 96 92 97
f 97 94 164
f 95 164 94
f 28 85 98
f 28 98 99
f 85 87 98
f 98 87 99
f 99 87 88
f 90 88 87
f 99 88 100
f 99 100 30
f 100 88 30
f 30 88 66
f 101 66 88
f 96 102 88
f 88 102 101
f 102 104 101
f 66 101 74
f 74 101 104
f 74 104 72
f 105 182 72
f 104 105 72
f 104 102 105
f 102 103 105
f 97 102 96
f 102 97 103
f 2093 2090 110
f 2090 109 110
f 106 108 2090
f 2090 108 109
f 108 110 109
f 111 110 108
f 2093 110 113
f 110 114 113
f 112 148 110
f 2629 117 2631
f 115 117 118
f 117 115 122
f 190 185 115
f 118 110 111
f 118 112 110
f 112 118 2633
f 123 2633 118
f 112 2633 123
f 148 112 123
f 122 118 117
f 122 123 118
f 115 124 122
f 123 122 124
f 121 123 124
f 124 119 121
f 114 130 113
f 110 130 114
f 130 110 148
f 113 126 125
f 130 126 113
f 126 128 127
f 126 130 129
f 126 133 132
f 126 127 133
f 131 133 134
f 134 133 137
f 137 133 127
f 126 135 128
f 128 135 127
f 137 127 135
f 142 143 145
f 143 146 145
f 145 147 144
f 139 144 154
f 144 139 141
f 145 144 141
f 141 139 145
f 145 139 140
f 146 147 145
f 147 146 143
f 143 144 147
f 130 148 149
f 151 152 123
f 123 152 148
f 129 130 149
f 152 155 149
f 148 152 149
f 149 150 129
f 149 155 150
f 138 139 153
f 120 151 121
f 120 153 151
f 151 139 155
f 139 150 155
f 152 151 155
f 154 129 139
f 150 139 129
f 151 153 139
f 123 121 151
f 135 156 137
f 156 129 144
f 143 136 156
f 137 156 136
f 156 144 143
f 129 156 126
f 126 156 135
f 154 144 129
f 2075 49 107
f 2242 49 2075
f 48 49 2242
f 158 107 49
f 107 158 157
f 158 49 53
f 157 159 107
f 107 159 108
f 158 53 157
f 159 157 118
f 118 111 159
f 160 53 49
f 50 160 49
f 50 53 160
f 159 111 108
f 161 53 115
f 161 118 157
f 157 53 161
f 115 118 161
f 115 53 76
f 76 190 115
f 126 132 125
f 164 95 163
f 165 163 167
f 163 165 164
f 164 165 166
f 97 184 181
f 166 97 164
f 166 168 97
f 166 184 168
f 184 97 168
f 179 184 166
f 169 170 171
f 195 192 171
f 172 177 165
f 177 166 165
f 173 2596 177
f 175 169 180
f 176 177 174
f 171 180 169
f 166 177 179
f 178 179 177
f 177 176 178
f 180 188 186
f 188 180 171
f 103 181 183
f 115 185 124
f 185 194 124
f 188 185 186
f 184 179 187
f 184 187 183
f 183 187 182
f 189 186 185
f 105 103 183
f 190 116 189
f 105 183 182
f 73 116 190
f 189 185 190
f 97 181 191
f 191 181 103
f 97 191 103
f 183 181 184
f 124 194 193
f 194 185 188
f 171 193 188
f 194 188 193
f 193 171 124
f 192 121 119
f 192 124 171
f 121 192 195
f 195 120 121
f 120 195 153
f 124 192 119
f 197 198 169
f 169 198 196
f 198 197 196
f 197 200 196
f 199 200 197
f 199 140 200
f 196 201 195
f 195 171 196
f 201 139 138
f 169 196 170
f 196 171 170
f 196 139 201
f 139 200 140
f 139 196 200
f 201 153 195
f 138 153 201
f 206 204 209
f 204 202 1269
f 204 206 205
f 205 206 1357
f 207 206 209
f 136 207 209
f 206 207 136
f 208 209 204
f 1276 131 208
f 134 208 131
f 209 208 134
f 209 134 137
f 209 137 136
f 1363 1357 143
f 206 143 1357
f 136 143 206
f 315 1594 214
f 315 216 1594
f 216 2632 1594
f 1594 2632 319
f 2632 216 319
f 219 414 221
f 220 221 218
f 220 223 225
f 220 225 221
f 225 219 221
f 225 262 219
f 225 223 262
f 222 223 220
f 220 229 228
f 218 229 220
f 233 234 238
f 239 210 235
f 239 235 237
f 238 235 210
f 233 238 210
f 210 239 211
f 238 240 235
f 232 236 240
f 234 226 240
f 238 234 240
f 241 226 234
f 243 240 226
f 231 235 236
f 232 231 236
f 232 230 231
f 240 236 235
f 244 242 243
f 243 226 538
f 244 243 538
f 242 246 245
f 277 246 244
f 244 246 242
f 245 246 277
f 230 247 229
f 222 250 252
f 250 222 247
f 249 248 242
f 232 249 230
f 230 250 247
f 249 251 230
f 230 251 250
f 242 251 249
f 222 220 228
f 229 222 228
f 222 229 247
f 223 222 252
f 223 252 253
f 223 253 254
f 250 255 252
f 251 255 250
f 249 232 248
f 248 232 240
f 240 242 248
f 240 243 242
f 251 242 245
f 258 257 219
f 223 224 262
f 223 254 224
f 224 254 260
f 219 262 258
f 224 260 262
f 260 261 266
f 262 260 258
f 258 263 257
f 263 265 257
f 263 258 265
f 258 260 265
f 260 268 265
f 268 264 265
f 264 259 265
f 259 264 268
f 259 268 269
f 270 269 268
f 266 268 260
f 268 266 270
f 266 267 270
f 270 271 269
f 271 270 267
f 271 267 272
f 272 267 1279
f 255 251 273
f 251 245 275
f 275 273 251
f 245 274 275
f 277 274 245
f 277 275 274
f 277 591 275
f 277 276 591
f 273 275 278
f 275 591 278
f 273 278 283
f 276 592 591
f 278 591 281
f 254 253 260
f 255 273 252
f 252 260 253
f 252 261 260
f 266 261 280
f 252 273 261
f 283 261 273
f 278 281 283
f 283 281 284
f 279 281 591
f 282 281 279
f 283 266 280
f 280 261 283
f 266 283 285
f 284 285 283
f 284 281 286
f 266 285 267
f 1283 267 285
f 284 286 285
f 285 286 1283
f 267 1283 1279
f 282 286 281
f 286 287 288
f 286 282 287
f 282 279 287
f 287 279 288
f 288 279 2644
f 279 290 2644
f 2644 290 288
f 291 293 292
f 294 292 306
f 297 292 293
f 297 295 292
f 292 295 298
f 292 298 306
f 297 300 295
f 300 298 295
f 303 302 305
f 305 214 303
f 305 304 214
f 305 302 308
f 294 306 309
f 305 308 310
f 309 306 312
f 310 321 305
f 310 308 311
f 328 312 306
f 306 326 328
f 310 311 313
f 321 310 313
f 304 315 214
f 315 316 216
f 315 318 316
f 216 316 318
f 315 314 318
f 318 319 216
f 314 322 318
f 305 321 304
f 304 321 320
f 304 320 315
f 315 320 314
f 320 317 314
f 320 323 317
f 320 339 323
f 323 339 317
f 314 317 322
f 307 326 306
f 306 324 299
f 306 298 324
f 298 299 324
f 307 306 325
f 306 299 325
f 325 331 332
f 307 325 326
f 325 332 326
f 299 298 331
f 299 331 325
f 298 329 331
f 301 330 298
f 298 330 329
f 332 331 334
f 332 334 364
f 332 364 333
f 313 335 321
f 328 326 335
f 326 327 335
f 321 339 320
f 326 336 327
f 327 1000 335
f 321 335 338
f 321 338 339
f 338 340 339
f 340 994 339
f 326 332 336
f 332 333 336
f 333 337 336
f 336 337 327
f 333 341 337
f 341 344 337
f 327 337 343
f 341 333 344
f 337 344 343
f 347 296 300
f 346 347 300
f 300 350 298
f 296 352 300
f 300 352 350
f 352 349 350
f 298 361 301
f 298 350 361
f 296 347 352
f 347 348 352
f 349 351 350
f 350 351 361
f 351 362 361
f 349 353 351
f 351 353 362
f 348 349 352
f 349 348 356
f 349 356 354
f 354 353 349
f 354 356 360
f 480 487 348
f 348 487 356
f 487 357 356
f 359 358 356
f 358 360 356
f 356 357 359
f 357 487 359
f 329 330 331
f 301 361 330
f 331 330 334
f 330 364 334
f 362 363 361
f 353 365 362
f 363 367 330
f 330 361 363
f 362 365 363
f 363 365 366
f 330 367 364
f 363 366 367
f 366 377 367
f 377 368 367
f 364 342 333
f 342 369 333
f 333 369 344
f 369 370 344
f 364 367 342
f 371 369 342
f 367 371 342
f 368 381 367
f 381 371 367
f 369 1011 370
f 369 1024 1011
f 369 371 1024
f 354 365 353
f 355 366 365
f 373 366 355
f 354 355 365
f 355 374 373
f 354 360 355
f 373 377 366
f 377 379 368
f 355 360 372
f 372 374 355
f 358 372 360
f 372 375 374
f 358 375 372
f 358 376 375
f 375 376 374
f 373 374 377
f 374 379 377
f 374 378 379
f 378 383 379
f 374 1306 378
f 376 1306 374
f 381 382 371
f 368 380 381
f 379 380 368
f 371 382 1024
f 379 384 380
f 379 383 384
f 380 385 381
f 381 385 382
f 385 386 382
f 382 386 1028
f 380 386 385
f 392 416 293
f 387 416 392
f 391 416 387
f 388 391 387
f 389 390 391
f 389 391 388
f 388 394 389
f 393 403 394
f 403 389 394
f 403 395 397
f 393 395 403
f 423 397 395
f 390 403 398
f 221 400 218
f 400 399 218
f 398 400 390
f 400 398 399
f 401 399 404
f 397 405 404
f 404 402 401
f 401 218 399
f 402 218 401
f 403 390 389
f 398 403 399
f 404 399 403
f 404 403 397
f 387 407 406
f 408 406 291
f 388 387 410
f 406 409 410
f 409 388 410
f 410 387 406
f 1450 408 292
f 408 291 292
f 406 392 291
f 392 411 291
f 387 392 407
f 407 392 406
f 411 392 293
f 411 293 291
f 409 394 388
f 1460 395 393
f 395 1460 1459
f 1459 396 395
f 391 390 413
f 415 391 413
f 219 413 414
f 413 219 415
f 391 415 416
f 416 412 297
f 416 297 293
f 415 412 416
f 412 417 297
f 415 417 412
f 417 419 418
f 419 415 219
f 415 419 417
f 256 419 219
f 417 418 297
f 297 418 300
f 418 346 300
f 400 221 414
f 413 390 400
f 400 414 413
f 396 423 395
f 424 423 426
f 423 425 426
f 426 436 424
f 429 431 428
f 1514 431 427
f 431 429 433
f 430 433 429
f 433 430 435
f 435 434 433
f 431 442 427
f 431 433 442
f 433 441 442
f 420 422 448
f 420 436 422
f 422 436 437
f 459 422 437
f 426 439 438
f 436 426 438
f 434 441 433
f 435 440 434
f 440 436 434
f 436 440 437
f 441 438 442
f 436 443 434
f 434 443 441
f 441 443 438
f 443 436 438
f 459 437 440
f 229 218 402
f 402 444 229
f 445 230 444
f 230 227 444
f 229 227 230
f 227 229 444
f 405 444 404
f 402 404 444
f 445 420 446
f 444 447 445
f 445 447 420
f 445 448 230
f 448 231 230
f 445 446 448
f 448 449 231
f 449 421 231
f 421 449 450
f 446 420 448
f 422 449 448
f 422 450 449
f 405 424 447
f 444 405 447
f 397 451 405
f 397 423 451
f 451 423 424
f 405 451 424
f 424 420 447
f 424 452 420
f 452 436 420
f 424 436 452
f 1499 453 457
f 237 421 450
f 421 237 235
f 237 453 239
f 457 453 237
f 237 450 457
f 454 457 450
f 211 239 1498
f 239 453 1498
f 1499 1498 453
f 1496 1499 1501
f 1501 1499 457
f 1501 457 456
f 1549 458 430
f 430 458 435
f 435 458 455
f 455 458 456
f 456 458 1502
f 458 1504 1502
f 455 459 435
f 459 460 435
f 459 456 457
f 457 454 459
f 456 459 455
f 454 450 459
f 450 422 459
f 440 435 460
f 460 459 440
f 231 421 235
f 1459 461 425
f 1512 463 461
f 1459 423 396
f 425 423 1459
f 461 462 439
f 439 425 461
f 426 425 439
f 1527 427 466
f 461 463 467
f 463 1527 466
f 427 465 466
f 466 465 442
f 442 465 427
f 466 467 463
f 461 467 462
f 469 470 466
f 439 466 470
f 466 442 469
f 442 438 469
f 469 438 470
f 467 466 462
f 462 466 439
f 438 439 470
f 419 257 471
f 419 345 418
f 471 345 419
f 256 219 257
f 256 257 419
f 418 345 346
f 345 347 346
f 471 474 345
f 345 474 475
f 257 265 471
f 471 265 259
f 471 473 474
f 259 473 471
f 473 259 474
f 347 345 472
f 475 472 345
f 347 472 348
f 472 475 348
f 477 474 259
f 477 475 474
f 477 479 475
f 477 259 479
f 479 259 269
f 475 478 348
f 479 476 475
f 348 478 476
f 475 476 478
f 348 476 480
f 479 269 482
f 269 481 482
f 476 479 480
f 482 480 479
f 482 483 480
f 481 483 482
f 481 485 483
f 483 485 484
f 269 271 481
f 272 481 271
f 481 272 2296
f 483 487 480
f 487 483 2308
f 493 210 490
f 490 210 1495
f 490 488 492
f 488 494 496
f 488 496 492
f 495 233 496
f 233 492 496
f 499 496 498
f 499 495 496
f 499 498 495
f 498 504 497
f 492 233 500
f 493 500 210
f 492 500 493
f 490 492 493
f 500 212 210
f 212 233 210
f 212 500 233
f 489 501 488
f 488 501 494
f 494 501 496
f 496 504 498
f 501 504 496
f 502 508 501
f 503 509 502
f 504 501 508
f 508 497 504
f 497 508 505
f 508 509 506
f 508 506 505
f 502 509 508
f 509 503 506
f 510 506 503
f 510 507 506
f 503 507 510
f 507 503 1720
f 1716 1720 503
f 507 1720 558
f 1720 1724 558
f 517 2625 518
f 519 515 517
f 515 516 514
f 516 515 520
f 515 519 520
f 521 723 519
f 519 723 520
f 521 724 723
f 521 1203 724
f 241 522 226
f 522 526 226
f 226 527 524
f 526 525 226
f 226 525 527
f 525 526 527
f 526 528 527
f 523 533 522
f 522 533 534
f 526 522 528
f 534 528 522
f 545 528 530
f 534 529 528
f 528 529 530
f 495 498 532
f 495 532 522
f 233 495 522
f 234 233 241
f 233 522 241
f 532 498 522
f 523 498 497
f 522 498 523
f 523 497 533
f 505 533 497
f 505 506 533
f 535 533 506
f 534 533 535
f 507 535 506
f 534 535 536
f 534 536 537
f 535 507 536
f 536 507 556
f 529 534 537
f 537 530 529
f 537 531 530
f 524 539 540
f 524 540 226
f 540 538 226
f 538 540 244
f 524 527 539
f 527 540 539
f 527 541 540
f 540 541 542
f 527 528 541
f 541 549 542
f 244 543 277
f 542 549 589
f 542 589 540
f 540 589 244
f 544 543 244
f 528 549 541
f 545 530 546
f 528 545 546
f 530 531 546
f 531 547 546
f 528 546 549
f 549 550 589
f 546 555 549
f 546 547 555
f 551 548 552
f 555 547 554
f 552 548 594
f 553 622 548
f 622 597 548
f 558 556 507
f 511 556 558
f 556 511 570
f 556 570 557
f 511 558 559
f 559 570 511
f 570 559 646
f 570 646 562
f 561 658 657
f 556 537 536
f 563 537 556
f 556 557 563
f 564 531 537
f 537 563 564
f 565 564 563
f 565 563 567
f 551 566 568
f 569 567 563
f 570 563 557
f 569 563 570
f 570 560 569
f 571 568 566
f 562 560 570
f 657 571 566
f 657 566 561
f 578 571 657
f 575 553 548
f 531 572 547
f 564 572 531
f 565 572 564
f 568 548 551
f 573 548 568
f 573 575 548
f 575 573 574
f 571 577 568
f 568 577 573
f 573 577 574
f 574 577 576
f 578 579 571
f 577 571 579
f 574 553 575
f 574 580 553
f 553 580 623
f 623 581 553
f 581 622 553
f 580 574 576
f 580 621 623
f 580 576 621
f 577 584 576
f 584 585 576
f 583 579 578
f 583 577 579
f 583 584 577
f 583 585 584
f 583 586 585
f 583 675 586
f 586 582 585
f 587 582 586
f 671 587 586
f 277 543 588
f 277 588 276
f 244 589 544
f 544 589 543
f 543 589 590
f 276 588 592
f 591 592 279
f 590 588 543
f 604 588 590
f 592 588 604
f 550 590 589
f 549 555 550
f 550 555 554
f 595 550 554
f 550 595 590
f 548 597 594
f 596 594 597
f 597 598 596
f 590 593 604
f 600 593 590
f 595 600 590
f 608 594 596
f 599 598 597
f 599 596 598
f 626 601 599
f 599 601 616
f 279 602 603
f 279 592 602
f 592 604 602
f 602 604 605
f 602 605 607
f 604 607 605
f 607 604 606
f 604 593 606
f 608 596 609
f 596 617 609
f 596 599 617
f 599 614 617
f 603 602 612
f 279 603 612
f 289 279 610
f 279 612 610
f 611 289 610
f 602 607 612
f 607 606 613
f 607 613 612
f 608 609 1320
f 613 610 612
f 1320 609 1321
f 599 616 614
f 614 616 617
f 616 615 618
f 1331 609 617
f 618 617 616
f 618 1331 617
f 619 618 615
f 618 619 1331
f 1331 619 615
f 622 599 597
f 581 623 622
f 620 622 623
f 620 623 621
f 620 621 622
f 599 622 626
f 622 625 626
f 621 625 622
f 631 621 576
f 621 624 628
f 621 631 624
f 628 626 625
f 601 626 627
f 621 628 625
f 628 629 626
f 636 626 629
f 630 629 628
f 628 624 631
f 630 628 631
f 585 582 576
f 587 631 582
f 582 631 576
f 587 678 631
f 631 633 632
f 631 678 633
f 632 630 631
f 632 633 630
f 633 637 630
f 601 615 616
f 634 627 626
f 634 626 636
f 615 601 635
f 635 601 627
f 635 627 615
f 640 639 627
f 636 627 634
f 640 627 636
f 629 630 637
f 636 629 640
f 637 643 629
f 627 639 615
f 1332 615 639
f 1332 639 1337
f 639 640 642
f 643 640 629
f 642 1337 639
f 638 641 643
f 640 643 642
f 643 641 642
f 644 637 633
f 644 643 637
f 643 645 638
f 641 638 645
f 649 650 559
f 1722 649 559
f 559 650 646
f 650 562 646
f 651 658 561
f 656 647 653
f 661 647 656
f 661 652 647
f 666 653 648
f 653 647 648
f 658 660 657
f 655 661 656
f 660 578 657
f 660 659 578
f 663 660 658
f 677 661 655
f 662 655 656
f 658 651 663
f 663 664 660
f 651 664 663
f 667 653 666
f 667 666 1742
f 667 656 653
f 668 667 1742
f 699 668 1742
f 1742 1743 699
f 667 662 656
f 669 662 667
f 662 669 655
f 583 578 659
f 659 660 583
f 583 660 670
f 583 670 675
f 660 665 670
f 660 664 665
f 673 665 664
f 651 672 664
f 664 672 673
f 665 671 670
f 675 671 586
f 671 679 587
f 670 671 675
f 673 671 665
f 674 683 671
f 671 673 674
f 683 676 671
f 679 678 587
f 679 680 678
f 671 680 679
f 671 676 680
f 678 681 633
f 633 681 680
f 678 680 681
f 680 682 686
f 676 683 680
f 750 682 680
f 680 684 633
f 684 687 633
f 680 686 684
f 686 682 685
f 685 752 686
f 688 687 684
f 686 688 684
f 686 752 688
f 682 752 685
f 750 752 682
f 687 689 633
f 689 643 644
f 633 689 644
f 689 645 643
f 688 690 687
f 687 690 689
f 690 691 689
f 688 761 690
f 752 761 688
f 690 761 694
f 690 694 691
f 691 645 689
f 645 642 641
f 691 642 645
f 691 2492 642
f 692 2498 691
f 693 2498 692
f 691 694 692
f 696 694 695
f 696 692 694
f 696 697 692
f 695 1339 696
f 698 699 1743
f 668 699 667
f 667 701 669
f 701 667 699
f 669 702 655
f 702 703 655
f 700 669 701
f 702 669 700
f 701 702 700
f 719 702 701
f 655 706 677
f 655 703 706
f 673 672 708
f 705 706 703
f 704 708 672
f 702 705 703
f 702 719 707
f 704 711 708
f 707 705 702
f 706 705 712
f 707 712 705
f 708 674 673
f 709 674 708
f 674 709 710
f 674 710 683
f 708 711 709
f 711 713 709
f 713 714 709
f 698 1743 513
f 698 701 699
f 513 715 698
f 514 513 512
f 513 514 715
f 514 716 715
f 715 718 698
f 718 721 698
f 715 717 718
f 698 719 701
f 721 719 698
f 721 720 719
f 718 722 721
f 721 722 729
f 516 717 514
f 716 514 717
f 716 717 715
f 516 520 717
f 520 723 717
f 717 725 718
f 717 723 725
f 723 724 1204
f 725 723 1204
f 718 725 722
f 725 733 722
f 733 725 726
f 1204 728 725
f 725 728 727
f 726 725 727
f 728 1218 727
f 727 1218 743
f 707 719 720
f 721 729 720
f 707 720 731
f 707 731 732
f 720 722 731
f 729 722 720
f 722 732 731
f 707 735 712
f 707 730 735
f 730 707 740
f 730 740 735
f 711 736 737
f 707 732 740
f 704 736 711
f 711 737 713
f 732 738 740
f 704 739 736
f 734 738 732
f 736 739 785
f 738 744 740
f 732 722 733
f 726 742 733
f 733 734 732
f 733 741 734
f 727 742 726
f 727 743 742
f 742 741 733
f 743 1220 742
f 734 741 738
f 744 738 745
f 746 785 739
f 738 747 786
f 738 786 745
f 741 748 738
f 738 748 747
f 741 742 748
f 742 1220 748
f 683 749 680
f 749 750 680
f 749 683 750
f 683 751 752
f 683 752 750
f 752 762 761
f 751 683 710
f 709 753 710
f 709 754 753
f 753 754 710
f 709 755 754
f 751 710 758
f 754 758 710
f 709 714 755
f 757 755 714
f 758 752 751
f 754 759 758
f 752 758 762
f 758 759 762
f 756 759 754
f 756 754 755
f 755 780 756
f 755 757 780
f 780 760 756
f 762 764 761
f 761 764 763
f 761 695 694
f 763 695 761
f 695 763 764
f 762 759 766
f 766 765 762
f 762 765 764
f 756 760 759
f 759 760 766
f 760 768 766
f 760 780 768
f 793 767 780
f 768 767 766
f 768 780 767
f 695 764 770
f 765 772 764
f 772 770 764
f 766 771 765
f 765 771 772
f 770 1339 695
f 766 767 771
f 771 769 772
f 769 773 772
f 772 773 1341
f 767 769 771
f 713 757 714
f 713 737 757
f 774 757 737
f 774 779 757
f 785 775 736
f 736 775 737
f 775 785 776
f 775 777 737
f 777 778 737
f 776 777 775
f 757 779 780
f 779 774 780
f 737 778 774
f 774 781 780
f 780 781 793
f 778 781 774
f 777 787 778
f 778 801 781
f 787 803 778
f 778 803 801
f 785 783 776
f 783 777 776
f 746 784 785
f 784 1238 785
f 747 1235 786
f 785 1238 783
f 777 788 787
f 783 788 777
f 787 788 803
f 1238 790 783
f 783 790 788
f 790 1238 791
f 788 790 789
f 793 781 792
f 782 792 781
f 793 769 767
f 793 796 769
f 793 792 796
f 781 794 782
f 781 801 794
f 782 794 792
f 769 796 797
f 796 792 1345
f 769 797 1341
f 796 1345 797
f 792 794 799
f 795 798 794
f 794 798 799
f 792 799 1345
f 788 789 803
f 794 801 795
f 801 803 795
f 791 789 790
f 803 789 802
f 1244 789 791
f 789 1244 802
f 798 795 799
f 795 806 805
f 804 806 795
f 795 805 799
f 799 805 800
f 803 802 795
f 795 807 804
f 795 802 807
f 319 809 808
f 982 984 809
f 809 984 880
f 810 1379 811
f 813 1378 810
f 810 812 813
f 814 820 815
f 820 814 813
f 1411 834 1424
f 1411 816 834
f 810 811 812
f 811 817 812
f 817 819 813
f 813 812 817
f 813 819 818
f 819 817 892
f 821 820 813
f 841 820 821
f 821 813 818
f 818 819 821
f 839 821 819
f 821 822 841
f 823 824 825
f 834 823 1424
f 834 824 823
f 831 827 824
f 824 827 825
f 827 828 825
f 828 1433 825
f 1433 829 830
f 834 835 824
f 824 835 831
f 831 828 827
f 816 832 834
f 832 833 834
f 835 834 833
f 828 829 1433
f 831 845 828
f 829 836 1038
f 828 845 829
f 829 837 836
f 893 838 839
f 893 839 819
f 839 840 821
f 821 840 822
f 835 833 843
f 822 842 841
f 842 844 841
f 840 842 822
f 843 831 835
f 831 843 845
f 843 847 845
f 845 837 829
f 833 846 843
f 846 847 843
f 842 931 844
f 903 842 840
f 847 848 1053
f 850 873 851
f 851 873 853
f 851 853 852
f 853 873 852
f 854 855 852
f 873 856 852
f 856 854 852
f 857 859 851
f 851 858 857
f 851 852 858
f 857 1379 860
f 857 858 861
f 858 852 862
f 862 861 858
f 861 866 864
f 857 861 1379
f 864 811 1379
f 861 864 1379
f 811 864 817
f 855 862 852
f 862 855 861
f 854 856 855
f 866 868 864
f 864 868 894
f 868 865 894
f 871 894 865
f 896 894 871
f 855 856 866
f 861 855 866
f 868 866 867
f 856 869 866
f 856 863 869
f 869 867 866
f 869 863 867
f 867 870 868
f 863 870 867
f 868 910 865
f 871 865 910
f 868 870 910
f 1595 872 873
f 872 874 873
f 874 878 873
f 878 874 875
f 878 877 873
f 873 877 856
f 877 878 856
f 875 876 878
f 808 874 872
f 874 808 809
f 809 880 874
f 874 880 879
f 874 879 875
f 879 881 875
f 863 856 878
f 878 883 863
f 878 882 883
f 876 882 878
f 876 885 882
f 890 884 882
f 881 876 875
f 879 880 881
f 876 881 885
f 881 886 885
f 885 890 882
f 885 886 890
f 890 886 887
f 883 888 863
f 883 882 888
f 863 888 870
f 889 870 888
f 912 870 889
f 884 888 882
f 884 889 888
f 889 884 890
f 864 894 817
f 894 892 817
f 892 893 819
f 893 892 891
f 894 897 892
f 892 895 891
f 897 895 892
f 896 897 894
f 838 893 891
f 839 838 904
f 897 2635 895
f 895 2635 891
f 899 2635 897
f 871 899 896
f 897 896 899
f 891 2635 899
f 839 904 840
f 891 900 838
f 838 900 904
f 891 899 898
f 900 891 921
f 898 921 891
f 921 901 900
f 871 902 899
f 904 903 840
f 903 904 900
f 842 903 931
f 900 901 903
f 901 905 903
f 846 848 847
f 848 846 907
f 903 905 931
f 907 846 906
f 907 908 848
f 902 871 910
f 1793 917 886
f 886 917 911
f 887 886 911
f 890 915 889
f 889 915 913
f 912 909 870
f 870 909 910
f 909 945 910
f 909 912 945
f 912 944 945
f 889 913 912
f 913 914 912
f 914 944 912
f 914 957 944
f 890 887 915
f 887 916 915
f 916 887 911
f 915 916 913
f 914 913 916
f 916 919 914
f 918 957 914
f 918 914 919
f 918 919 920
f 902 910 922
f 902 923 899
f 899 923 898
f 922 923 902
f 922 910 923
f 948 898 923
f 921 925 926
f 925 921 898
f 925 948 926
f 910 924 923
f 948 923 924
f 948 925 898
f 946 948 924
f 948 937 926
f 905 901 927
f 921 928 901
f 928 921 926
f 929 905 927
f 901 928 927
f 906 908 907
f 905 929 931
f 929 1129 931
f 906 932 908
f 930 927 928
f 927 930 929
f 932 1131 908
f 1129 929 933
f 934 928 926
f 926 937 934
f 933 929 1134
f 935 928 934
f 939 930 928
f 935 939 928
f 935 934 939
f 934 937 939
f 939 938 936
f 939 940 938
f 939 941 930
f 936 941 939
f 930 941 929
f 941 1134 929
f 938 941 936
f 938 1134 941
f 938 943 1134
f 942 943 938
f 942 952 943
f 910 945 924
f 924 945 946
f 953 945 944
f 953 944 957
f 953 947 945
f 946 950 948
f 948 950 937
f 945 950 946
f 949 950 945
f 950 951 937
f 949 945 947
f 937 951 940
f 939 937 940
f 966 938 940
f 952 942 938
f 950 955 951
f 947 954 949
f 954 947 953
f 949 955 950
f 962 955 949
f 2637 953 957
f 918 920 957
f 959 956 957
f 2647 958 2640
f 2637 957 956
f 953 2637 956
f 954 953 956
f 957 920 959
f 954 956 959
f 960 965 954
f 961 954 965
f 949 954 962
f 954 961 962
f 962 964 963
f 961 965 962
f 964 962 965
f 951 955 968
f 951 968 940
f 968 971 966
f 955 962 968
f 962 967 968
f 967 974 968
f 968 966 940
f 966 969 938
f 952 938 969
f 971 969 966
f 1166 1155 952
f 969 970 952
f 970 1166 952
f 974 971 968
f 971 972 969
f 969 973 970
f 967 963 974
f 962 963 967
f 977 963 964
f 978 975 974
f 974 963 977
f 971 974 972
f 974 975 976
f 976 972 974
f 972 976 969
f 976 975 969
f 969 975 973
f 980 973 975
f 974 977 978
f 978 977 979
f 978 979 975
f 975 979 980
f 319 983 809
f 319 318 983
f 983 982 809
f 322 983 318
f 982 985 984
f 985 982 991
f 317 986 322
f 322 986 983
f 983 987 982
f 987 983 986
f 987 988 982
f 988 990 982
f 986 988 987
f 982 990 991
f 991 990 992
f 989 993 988
f 988 993 990
f 993 1789 990
f 986 317 339
f 986 339 988
f 988 339 994
f 988 994 995
f 995 996 988
f 988 996 989
f 327 343 1000
f 340 997 994
f 997 998 994
f 994 998 1002
f 1000 343 999
f 994 1002 995
f 1000 999 1017
f 999 1003 1017
f 343 1001 999
f 996 995 1002
f 1004 1008 1002
f 1002 998 1004
f 1003 1005 1017
f 989 996 1006
f 993 989 1789
f 989 1791 1789
f 1006 1010 989
f 989 1010 1791
f 1002 1007 996
f 1002 1008 1007
f 1007 1009 996
f 996 1010 1006
f 1009 1010 996
f 1009 1007 1010
f 344 1001 343
f 344 370 1011
f 1001 344 1011
f 1001 1003 999
f 1011 1012 1001
f 1012 1013 1001
f 1001 1013 1003
f 1003 1013 1025
f 1013 1012 1025
f 1025 1015 1003
f 1025 1016 1014
f 1025 1014 1015
f 1004 1018 1008
f 1007 1008 1019
f 1008 1018 1019
f 1873 1017 1005
f 1005 1021 1873
f 1007 1019 1010
f 1003 1015 1005
f 1015 1014 1005
f 1014 1022 1005
f 1005 1022 1021
f 1018 1020 1019
f 1021 1022 1873
f 1022 1023 1872
f 1011 1024 1012
f 1024 1025 1012
f 1024 382 1028
f 1025 1024 1026
f 1016 1025 1026
f 1014 1016 1026
f 1024 1027 1026
f 1027 1024 1029
f 386 1315 1028
f 1315 2 1028
f 1028 1029 1024
f 1029 1028 2
f 1026 1027 1029
f 1029 1031 1026
f 1029 2 1031
f 2 3 1031
f 1023 1022 1014
f 1026 1023 1014
f 1023 1030 1874
f 1026 1031 1023
f 3 1032 1031
f 1023 1031 1032
f 3 4 8
f 1032 3 8
f 1433 830 826
f 1642 826 1641
f 1038 1641 826
f 826 1034 1038
f 1641 1036 1033
f 1650 1036 1037
f 1641 1035 1036
f 829 826 830
f 826 829 1034
f 829 1038 1034
f 836 837 1038
f 837 1052 1038
f 1040 1039 1038
f 1038 1052 1040
f 1038 1035 1641
f 1038 1041 1035
f 1039 1041 1038
f 1047 1036 1035
f 1035 1041 1047
f 1039 1040 1041
f 1041 1048 1047
f 1653 1037 1042
f 1036 1042 1037
f 1042 1043 1653
f 1043 1042 1044
f 1042 1046 1044
f 1045 1044 1046
f 1042 1050 1046
f 1036 1058 1042
f 1047 1048 1036
f 1048 1058 1036
f 1058 1050 1042
f 1058 1049 1050
f 1046 1050 1051
f 845 847 837
f 837 847 1052
f 847 1054 1052
f 847 1053 1054
f 1053 1055 1054
f 1040 1048 1041
f 1056 1048 1040
f 1054 1040 1052
f 1040 1054 1057
f 1040 1057 1056
f 1055 1057 1054
f 1053 1057 1055
f 1072 1064 1057
f 1048 1056 1058
f 1058 1059 1049
f 1057 1058 1056
f 1057 1071 1058
f 1046 1082 1060
f 1049 1051 1050
f 908 1053 848
f 908 1061 1053
f 1061 1062 1053
f 1062 1072 1053
f 908 1063 1061
f 1053 1072 1057
f 1072 1062 1065
f 1058 1066 1059
f 1051 1049 1059
f 1067 1059 1068
f 1066 1069 1059
f 1068 1059 1069
f 1057 1064 1070
f 1071 1066 1058
f 1057 1070 1071
f 1072 1070 1064
f 1071 1076 1066
f 1075 1066 1076
f 1070 1072 1071
f 1072 1073 1071
f 1072 1065 1073
f 1076 1071 1073
f 1075 1069 1066
f 1075 1074 1069
f 1076 1073 1075
f 1077 1101 1075
f 1073 1077 1075
f 1079 1081 1045
f 1060 1045 1046
f 1079 1045 1080
f 1045 1081 1765
f 1081 1079 1086
f 1045 1060 1082
f 1051 1082 1046
f 1051 1045 1082
f 1045 1084 1080
f 1045 1051 1084
f 1092 1084 1051
f 1080 1084 1079
f 1086 1079 1084
f 1083 1086 1084
f 1084 1085 1083
f 1085 1084 1095
f 1770 1088 1087
f 1770 1086 1090
f 1088 1770 1090
f 1090 1086 1091
f 1091 1086 1083
f 1091 1083 1085
f 1089 1090 1091
f 1089 1091 1096
f 1051 1059 1092
f 1067 1092 1059
f 1092 1067 1084
f 1097 1084 1067
f 1068 1069 1074
f 1068 1097 1067
f 1084 1097 1095
f 1068 1074 1094
f 1094 1099 1068
f 1075 1094 1074
f 1068 1099 1093
f 1097 1068 1093
f 1095 1096 1085
f 1095 1097 1096
f 1102 1097 1100
f 1096 1097 1098
f 1098 1097 1102
f 1094 1075 1099
f 1093 1099 1097
f 1075 1101 1099
f 1110 1099 1101
f 1099 1100 1097
f 1099 1110 1100
f 1100 1110 1102
f 1101 1116 1110
f 1085 1096 1091
f 1096 1102 1112
f 1098 1102 1096
f 1090 1103 1088
f 1103 1090 1109
f 1108 1106 1103
f 1109 1090 1089
f 1103 1109 1108
f 1089 1096 1109
f 1104 1103 1106
f 1108 1107 1106
f 1107 1108 1118
f 1109 1096 1111
f 1112 1111 1096
f 1112 1113 1111
f 1109 1111 1117
f 1117 1108 1109
f 1113 1114 1111
f 1102 1110 1115
f 1115 1112 1102
f 1115 1113 1112
f 1115 1114 1113
f 1123 1114 1115
f 1115 1110 1123
f 1108 1117 1118
f 1114 1119 1111
f 1111 1119 1117
f 1117 1120 1118
f 1119 1120 1117
f 1120 1119 1118
f 1119 1121 1118
f 1119 1114 1123
f 908 1131 1063
f 1125 1063 1131
f 1063 1125 1124
f 1124 1061 1063
f 933 1134 1129
f 1124 1062 1061
f 1065 1062 1126
f 1125 1128 1124
f 1062 1124 1128
f 1128 1126 1062
f 1125 1131 1130
f 1130 1128 1125
f 1128 1130 1126
f 1127 1126 1130
f 1136 1129 1134
f 1131 1132 1135
f 932 1133 1131
f 1133 1132 1131
f 1134 1137 1136
f 1131 1138 1130
f 1135 1138 1131
f 1132 1165 1135
f 1140 1135 1165
f 952 1137 943
f 943 1137 1134
f 1137 1155 1164
f 1137 1164 1136
f 1135 1140 1138
f 1130 1138 1127
f 1138 1151 1127
f 1151 1138 1152
f 1140 1139 1138
f 1138 1139 1152
f 1165 1141 1140
f 1141 1156 1140
f 1140 1142 1139
f 1143 1073 1065
f 1065 1126 1143
f 1127 1143 1126
f 1073 1143 1145
f 1127 1144 1143
f 1144 1145 1143
f 1146 1077 1073
f 1073 1145 1146
f 1146 1145 1147
f 1146 1148 1077
f 1148 1101 1077
f 1148 1078 1101
f 1145 1144 1147
f 1144 1149 1147
f 1147 1149 1146
f 1149 1078 1146
f 1078 1149 1154
f 1127 1151 1144
f 1139 1142 1152
f 1151 1152 1144
f 1158 1144 1152
f 1142 1158 1152
f 1144 1150 1149
f 1144 1153 1150
f 1144 1154 1153
f 1150 1153 1149
f 1153 1154 1149
f 1158 1154 1144
f 1155 1137 952
f 1156 1141 1165
f 1156 1157 1140
f 1157 1142 1140
f 1157 1158 1142
f 1156 1158 1157
f 1160 1158 1159
f 1154 1183 1078
f 1154 1161 1183
f 1154 1158 1161
f 1160 1162 1158
f 1162 1161 1158
f 1155 1177 1164
f 1169 1165 1132
f 970 973 1166
f 1166 1177 1155
f 1168 1166 973
f 1166 1168 1177
f 1132 1167 1169
f 1165 1169 1156
f 1169 1170 1156
f 1170 1158 1156
f 1170 1173 1171
f 1169 1173 1170
f 1169 1175 1173
f 980 1168 973
f 1167 1172 1169
f 1169 1172 1175
f 1174 1178 1173
f 1173 1175 1174
f 1168 981 1177
f 981 1168 980
f 1176 1172 1167
f 981 1961 1177
f 1172 1176 1960
f 1960 1175 1172
f 1175 1960 1174
f 1170 1159 1158
f 1171 1159 1170
f 1171 1160 1159
f 1171 1178 1160
f 1173 1178 1171
f 1174 1179 1178
f 1160 1163 1162
f 1160 1178 1163
f 1163 1180 1162
f 1181 1180 1163
f 1178 1181 1163
f 1179 1181 1178
f 1078 1148 1146
f 1078 1182 1101
f 1101 1182 1116
f 1078 1183 1184
f 1078 1186 1182
f 1184 1186 1078
f 1182 1186 1116
f 1116 1186 1185
f 1116 1185 1196
f 1186 1196 1185
f 1187 1196 1186
f 1161 1184 1183
f 1161 1186 1184
f 1161 1193 1186
f 1188 1161 1162
f 1180 1188 1162
f 1188 1180 1161
f 1191 1161 1180
f 1161 1191 1193
f 1191 1180 1193
f 1192 1193 1180
f 1186 1189 1187
f 1189 1186 1193
f 1194 1189 1193
f 1189 1190 1187
f 1190 1189 1194
f 1190 1194 1197
f 1193 1192 1195
f 1193 1195 1194
f 1116 1196 1110
f 1123 1110 1196
f 1196 1187 1122
f 1196 1122 1123
f 1122 1952 1123
f 1122 1187 1197
f 1187 1190 1197
f 1198 1192 1180
f 1198 1180 1181
f 1104 1199 521
f 1106 1199 1104
f 521 1199 1203
f 1106 1200 1199
f 1107 1200 1106
f 1200 1107 1201
f 1107 1118 1201
f 724 1203 1204
f 1203 1205 1204
f 1204 1205 728
f 1199 1200 1206
f 1206 1203 1199
f 1203 1206 1205
f 1200 1211 1206
f 1206 1208 1205
f 1205 1208 728
f 1206 1207 1208
f 1218 728 1208
f 1208 1209 1218
f 1209 1208 1221
f 1208 1207 1221
f 1201 1118 1200
f 1118 1202 1200
f 1200 1202 1211
f 1118 1211 1202
f 1118 1121 1211
f 1212 1211 1213
f 1211 1214 1206
f 1206 1214 1207
f 1214 1211 1212
f 1228 1207 1215
f 1214 1212 1207
f 1212 1215 1207
f 1213 1216 1212
f 1212 1216 1215
f 1213 1217 1216
f 1218 1219 743
f 743 1219 1220
f 1209 1221 1218
f 1221 1219 1218
f 1207 1210 1221
f 1221 1223 1219
f 1223 1221 1224
f 1223 1224 1219
f 1219 1224 1222
f 1220 1219 1225
f 1220 1225 748
f 1225 747 748
f 1222 1226 1219
f 1219 1226 1225
f 1226 1227 1225
f 1225 1227 1240
f 1207 1228 1210
f 1210 1224 1221
f 1228 1229 1210
f 1224 1210 1229
f 1215 1216 1228
f 1217 1233 1216
f 1228 1232 1229
f 1216 1232 1228
f 1233 1232 1216
f 1229 1231 1222
f 1224 1229 1222
f 1229 1230 1231
f 1229 1232 1230
f 1230 1251 1231
f 1232 2268 1230
f 1233 1234 1232
f 1232 1234 2268
f 1234 2019 2268
f 747 1236 1235
f 747 1239 1236
f 747 1225 1239
f 1225 1246 1239
f 784 1237 1238
f 1242 1238 1237
f 1240 1246 1225
f 1226 1241 1240
f 1226 1240 1227
f 1242 1243 1238
f 1238 1243 791
f 791 1243 1244
f 1237 1245 1242
f 1240 1241 1246
f 1241 1247 1246
f 1242 1245 1243
f 1248 1243 1245
f 1243 1248 1264
f 1222 1231 1226
f 1231 1249 1226
f 1226 1249 1241
f 1249 1251 1241
f 1241 1251 1250
f 1231 1251 1249
f 2268 1251 1230
f 1251 1253 1259
f 1254 1247 1241
f 1250 1254 1241
f 1245 1257 1255
f 1250 1251 1254
f 1245 1255 1248
f 1251 1259 1254
f 1259 1252 1258
f 1257 1256 1255
f 1254 1259 1258
f 1256 2276 1260
f 1259 1253 1252
f 1260 1261 1255
f 1260 1255 1256
f 1255 1261 1248
f 1260 1272 1261
f 1244 1262 802
f 1244 1263 1262
f 1262 1263 802
f 1244 1243 1264
f 1265 1263 1264
f 1244 1264 1263
f 1264 1266 1265
f 1266 1267 1265
f 1263 807 802
f 807 1263 1265
f 807 1265 202
f 1269 202 1265
f 1268 1269 1265
f 1268 204 1269
f 204 1268 203
f 1268 1265 203
f 1270 1272 1271
f 1248 1271 1264
f 1264 1271 1266
f 1267 1266 1271
f 1248 1270 1271
f 1271 1265 1267
f 1248 1261 1270
f 1261 1272 1270
f 1272 1273 1271
f 1274 203 1265
f 1271 1274 1265
f 1271 1273 1274
f 1274 1275 203
f 208 1275 1274
f 1275 204 203
f 1275 208 204
f 1276 208 1274
f 1273 1276 1274
f 1277 1276 1273
f 131 1276 1277
f 2268 2270 1251
f 2270 1253 1251
f 1278 2276 1256
f 2276 2277 1260
f 1280 2296 272
f 1280 272 1281
f 272 1279 1281
f 1283 1281 1279
f 286 1282 1283
f 286 288 1282
f 1284 1283 1287
f 1284 1281 1283
f 1281 1284 1286
f 1282 1287 1283
f 1287 1282 1285
f 1284 2342 2334
f 1296 1287 1285
f 2342 1284 1287
f 1288 1287 1296
f 1287 1288 2342
f 288 1289 1282
f 1289 288 290
f 1282 1289 1285
f 290 1285 1289
f 279 289 290
f 290 289 1290
f 1290 289 1292
f 1285 1294 1296
f 1285 290 1294
f 1294 1295 1296
f 1295 1297 1296
f 290 1290 1294
f 1295 1294 1297
f 1290 1297 1294
f 1290 1299 1297
f 1290 1292 1299
f 1288 1296 2344
f 1297 2344 1296
f 359 1300 358
f 358 1302 376
f 358 1300 1302
f 1304 1302 1300
f 1302 1303 376
f 1301 1302 1304
f 1301 1305 1302
f 1305 1303 1302
f 1303 1306 376
f 1306 1303 378
f 1303 1307 378
f 378 1307 1312
f 1305 1307 1303
f 1305 1313 1307
f 1308 1305 1301
f 1308 1309 1305
f 1305 1310 1313
f 1311 1310 1305
f 378 1312 383
f 1312 384 383
f 1307 1313 1312
f 1312 1314 384
f 1314 1317 384
f 384 1315 380
f 1315 386 380
f 384 1317 1315
f 1317 1316 1315
f 1315 1316 1
f 1315 1 2
f 1316 1317 1
f 1313 1310 1312
f 1312 1310 1314
f 1310 2366 1318
f 1310 1318 1314
f 1317 1314 1
f 5 6 1
f 1314 5 1
f 1314 1319 5
f 2366 1314 1318
f 610 613 611
f 289 611 1291
f 1291 1322 289
f 1323 1320 1321
f 289 1322 1292
f 1298 1323 1293
f 1293 1323 1321
f 1321 1326 1293
f 1321 609 1324
f 1321 1324 1326
f 1298 1293 1334
f 1293 1328 1334
f 1293 1327 1328
f 1293 1326 1327
f 1326 1325 1327
f 1329 1324 609
f 1326 1324 1329
f 609 1331 1329
f 1331 1325 1329
f 1329 1325 1326
f 1331 615 1330
f 1325 1331 1330
f 1330 1333 1325
f 2645 2465 1325
f 1325 2465 1327
f 2645 1325 1333
f 1333 2465 2645
f 1330 2466 1333
f 1338 1330 1332
f 1330 1338 2466
f 615 1332 1330
f 1335 1332 1337
f 1336 1335 1337
f 1332 1336 1338
f 1332 1335 1336
f 1337 642 2496
f 1337 2496 1336
f 770 772 1339
f 1341 1340 772
f 769 1341 773
f 1340 1342 1343
f 1341 1342 1340
f 797 1342 1341
f 797 1343 1342
f 797 1345 1348
f 799 1346 1345
f 799 1347 1346
f 799 800 1347
f 1345 1346 1347
f 1345 1347 1361
f 1344 1343 1348
f 797 1348 1343
f 1348 2529 1344
f 1349 2529 1348
f 1348 1345 1349
f 1345 1361 1349
f 1349 1361 2529
f 1347 800 805
f 1347 805 1350
f 805 1352 1350
f 806 804 805
f 805 804 1352
f 804 1353 1352
f 804 807 202
f 804 202 1353
f 1353 202 1352
f 202 204 1352
f 205 1352 204
f 1361 1354 1355
f 1347 1351 1361
f 1351 1354 1361
f 1347 1354 1351
f 1347 1350 1354
f 1350 1352 1354
f 1354 205 1357
f 1354 1357 1355
f 1355 1357 1358
f 1352 205 1354
f 2529 1360 1359
f 1360 2529 1361
f 1361 1362 2532
f 1361 1356 1362
f 1361 1355 1356
f 1356 1363 2540
f 1356 1355 1363
f 1358 1363 1355
f 1363 1358 1357
f 1364 1367 1480
f 1366 1601 1602
f 1368 1367 1365
f 1364 1365 1367
f 1374 1583 1372
f 1583 1376 1372
f 1377 1419 1375
f 1375 1376 1377
f 1375 1372 1376
f 1419 1377 1378
f 1378 1377 1376
f 1376 810 1378
f 1376 1379 810
f 1583 1379 1376
f 1391 1380 1381
f 1380 1384 1383
f 1384 1480 1383
f 1384 1380 1391
f 1382 1384 1391
f 1369 1371 1385
f 1371 1388 1390
f 1390 1385 1371
f 1381 1386 1391
f 1387 1391 1386
f 1370 1413 1371
f 1371 1413 1388
f 1389 1390 1388
f 1387 1392 1391
f 1413 1416 1388
f 2628 2643 1416
f 1389 1388 1416
f 1395 1408 1405
f 1398 1408 1395
f 1398 1397 1408
f 1382 1391 1364
f 1364 1391 1403
f 1403 1400 1401
f 1400 1365 1401
f 1403 1401 1364
f 1364 1401 1365
f 1402 1393 1602
f 1391 1404 1403
f 1384 1382 1480
f 1480 1382 1364
f 1406 1407 1366
f 1602 1406 1366
f 1602 1393 1406
f 1407 1408 1614
f 1393 1405 1406
f 1405 1409 1406
f 1409 1408 1406
f 1405 1408 1409
f 1408 1407 1406
f 1404 1392 1403
f 1404 1391 1392
f 1402 1394 1393
f 1395 1405 1393
f 1394 1395 1393
f 1417 1410 1411
f 1411 1424 1417
f 1413 1414 1419
f 1370 1414 1413
f 1414 1370 1373
f 1370 1372 1373
f 1373 1372 1414
f 1372 1375 1414
f 1402 1415 1394
f 1413 1418 1416
f 1417 1396 1394
f 1394 1396 1395
f 1415 1417 1394
f 1417 1415 1410
f 1416 1418 1423
f 1413 1419 1418
f 1419 1420 813
f 1419 813 1421
f 813 814 1421
f 1375 1419 1414
f 1378 1422 1419
f 1419 1422 1420
f 1422 813 1420
f 1422 1378 813
f 1421 1418 1419
f 1418 815 1423
f 1421 814 1418
f 1418 814 815
f 1396 1399 1395
f 1399 1426 1395
f 1395 1426 1398
f 1396 1429 1399
f 1424 1396 1417
f 1424 1429 1396
f 1412 1428 1424
f 1429 1424 1427
f 1424 1428 1427
f 1412 823 1428
f 1412 1424 823
f 1428 823 1427
f 1429 1427 823
f 1429 823 1430
f 1429 1426 1399
f 1426 1432 1431
f 1429 825 1426
f 1426 825 1432
f 1430 825 1429
f 825 1430 823
f 1432 826 1431
f 825 1433 1432
f 1432 1433 826
f 1436 1437 1435
f 1437 1438 1435
f 1439 1437 1436
f 1440 1434 1445
f 1443 1444 1445
f 1443 1442 1444
f 1444 1442 1451
f 1434 1442 1445
f 1445 1442 1443
f 406 408 1449
f 1447 406 1449
f 1447 409 406
f 1447 1448 409
f 1442 1449 1451
f 1449 408 1450
f 1449 1450 1451
f 1451 1450 292
f 1451 292 294
f 1434 1447 1442
f 1449 1442 1447
f 1453 1434 1435
f 1434 1560 1435
f 1434 1452 1454
f 1452 1439 1511
f 1438 1453 1435
f 1453 1438 1452
f 1438 1439 1452
f 1437 1439 1438
f 1453 1452 1434
f 1434 1454 1447
f 1455 394 409
f 1455 1448 394
f 409 1448 1455
f 394 1448 1454
f 1454 393 394
f 1454 1448 1447
f 1457 1454 1452
f 1457 1456 1454
f 1452 1511 1457
f 1454 1460 393
f 1456 1460 1454
f 1457 1460 1456
f 1457 1458 1460
f 1459 1460 1458
f 1480 1464 1383
f 1479 1464 1480
f 1464 1479 1466
f 1464 1466 1471
f 1471 1467 1464
f 1464 1467 1465
f 1471 1469 1467
f 1468 1467 1469
f 1465 1467 1436
f 1467 1439 1436
f 1466 1470 1471
f 1471 1470 1482
f 1475 1470 1466
f 1482 1470 1475
f 1482 1469 1471
f 1475 1466 1474
f 1368 1476 1473
f 1367 1368 1473
f 1473 1476 1474
f 1476 1477 1478
f 1477 1476 1461
f 1461 1476 1462
f 1474 1476 1478
f 1475 1474 1478
f 1479 1480 1473
f 1479 1473 1474
f 1473 1480 1472
f 1472 1367 1473
f 1480 1367 1472
f 1466 1479 1474
f 1475 1483 1482
f 1483 1481 1484
f 1482 1483 2639
f 1482 2639 1485
f 1483 1485 2639
f 1462 1477 1461
f 1477 1475 1478
f 1475 1486 1483
f 1475 1477 1486
f 1486 1481 1483
f 1486 1477 1481
f 1487 1489 1529
f 1489 1487 2636
f 2636 428 431
f 1487 429 2636
f 2636 429 428
f 2636 431 1489
f 1487 1529 429
f 1489 431 1514
f 1514 427 1490
f 1491 1529 1488
f 430 429 1529
f 432 430 1529
f 1529 1491 432
f 432 1491 430
f 1491 1549 430
f 1492 1494 1463
f 1492 1495 1494
f 1463 1494 1462
f 1462 1493 1477
f 1494 1493 1462
f 1493 1494 1503
f 210 211 1495
f 1495 1496 1494
f 1498 1497 1495
f 1498 1495 213
f 211 213 1495
f 213 211 1498
f 1496 1495 1497
f 1496 1497 1498
f 1498 1499 1496
f 1501 456 1502
f 1549 1550 1504
f 1549 1504 458
f 1500 1501 1504
f 1503 1504 1551
f 1501 1502 1504
f 1504 1550 1551
f 1494 1496 1500
f 1504 1494 1500
f 1494 1504 1503
f 1496 1501 1500
f 1482 1507 1469
f 1467 1505 1439
f 1468 1505 1467
f 1505 1511 1439
f 1468 1506 1505
f 1468 1538 1506
f 1468 1469 1508
f 1508 1509 1468
f 1507 1509 1469
f 1508 1469 1509
f 1509 1510 1468
f 1468 1510 1538
f 1511 1458 1457
f 1459 1458 461
f 1512 461 1458
f 1534 1512 1458
f 1513 1515 1516
f 1513 1516 1514
f 1515 1513 1517
f 1517 1530 1515
f 1548 1515 1530
f 1519 1520 1513
f 1519 1532 1518
f 1521 1509 1507
f 1517 1513 1520
f 1518 1509 1520
f 1519 1518 1520
f 1521 1520 1509
f 1522 1520 1521
f 1523 1524 1525
f 1513 2646 1526
f 1514 2646 1513
f 2646 1514 1526
f 1513 1526 1532
f 1513 1532 1519
f 1532 1526 1533
f 1514 1490 1526
f 1527 1490 427
f 1490 1527 1526
f 1527 463 1528
f 1527 1528 1526
f 1528 463 1526
f 463 464 1526
f 1526 464 1533
f 1516 1489 1514
f 1516 1515 1489
f 1489 1515 1529
f 1529 1515 1548
f 1531 1548 1530
f 468 1534 1539
f 1518 1532 1539
f 1532 1533 1539
f 464 1539 1533
f 468 1535 463
f 464 463 1535
f 1512 1534 463
f 468 1539 1535
f 1534 468 463
f 464 1535 1539
f 1520 1536 1517
f 1517 1536 1530
f 1536 1520 1530
f 1530 1520 1522
f 1505 1458 1511
f 1505 1506 1458
f 1506 1537 1458
f 1506 1538 1537
f 1458 1537 1534
f 1538 1510 1539
f 1510 1518 1539
f 1510 1509 1518
f 1537 1538 1534
f 1538 1539 1534
f 1482 1485 1507
f 1485 1484 1507
f 1484 1485 1483
f 1493 1503 1481
f 1481 1503 1541
f 1481 1541 1484
f 1541 1540 1484
f 1503 1542 1540
f 1541 1503 1540
f 1543 1507 1484
f 1543 1542 1507
f 1484 1540 1543
f 1540 1542 1543
f 1477 1493 1481
f 1545 1542 1503
f 1503 1553 1545
f 1507 1544 1521
f 1507 1546 1544
f 1542 1546 1507
f 1546 1542 1544
f 1544 1542 1547
f 1522 1521 1544
f 1542 1545 1547
f 1547 1522 1544
f 1522 1547 1545
f 1545 1531 1522
f 1548 1552 1488
f 1529 1548 1488
f 1488 1553 1550
f 1549 1488 1550
f 1531 1552 1548
f 1531 1545 1552
f 1552 1545 1488
f 1553 1488 1545
f 1488 1549 1491
f 1503 1551 1550
f 1503 1550 1553
f 1530 1522 1531
f 1554 1588 1556
f 1577 1572 1559
f 1557 1558 1556
f 1559 1554 1556
f 1559 1556 1558
f 1381 1465 1436
f 1381 1560 1561
f 1563 1564 1554
f 1563 1559 1572
f 1563 1565 1566
f 1369 1567 1370
f 1370 1563 1566
f 1562 1381 1561
f 1381 1562 1386
f 1371 1369 1370
f 1566 1372 1370
f 1370 1564 1563
f 1564 1370 1567
f 1560 1569 1561
f 1588 1554 1568
f 1554 1564 1568
f 1569 1555 1440
f 1555 1569 1434
f 1569 1560 1434
f 1570 1435 1560
f 1381 1570 1560
f 1381 1436 1570
f 1435 1570 1436
f 1559 1571 1554
f 1571 1563 1554
f 1559 1563 1571
f 859 1573 851
f 1577 1578 1572
f 1574 1573 1572
f 1559 1576 1577
f 1558 1576 1559
f 1577 1576 1578
f 1576 873 1578
f 1576 849 873
f 1572 850 1579
f 1578 850 1572
f 1574 1572 1579
f 1579 851 1574
f 1579 850 851
f 1574 851 1573
f 850 1578 873
f 1565 1563 1572
f 1566 1565 1580
f 1565 1572 1580
f 1572 1581 1580
f 1572 1573 1581
f 1582 1580 1372
f 1580 1582 1566
f 1582 1372 1566
f 1372 1580 1374
f 1580 1585 1584
f 1580 1584 1374
f 1584 857 1583
f 1585 859 857
f 1585 857 1584
f 1580 1581 1573
f 1580 1573 1585
f 1585 1573 859
f 1584 1583 1374
f 1583 857 1586
f 857 860 1586
f 1586 860 1583
f 860 1379 1583
f 1568 1441 1588
f 1440 1555 1434
f 1557 1556 1588
f 1557 1588 1441
f 1589 1446 1557
f 1441 1589 1557
f 1557 1590 1558
f 1590 1576 1558
f 215 1575 1590
f 215 214 1594
f 1591 1557 1446
f 1557 1591 1590
f 1587 1590 1592
f 1590 1591 1592
f 1592 1591 214
f 1591 303 214
f 214 1587 1592
f 1591 1446 303
f 1446 302 303
f 1590 1587 214
f 1590 214 215
f 1576 1590 1575
f 1593 1576 1575
f 1575 215 1594
f 1594 1593 1575
f 872 1576 1593
f 1576 872 1595
f 1576 1595 849
f 1595 873 849
f 1593 1594 872
f 1594 217 872
f 1594 319 217
f 217 808 872
f 217 319 808
f 1381 1380 1596
f 1383 1596 1380
f 1464 1596 1383
f 1381 1596 1465
f 1464 1465 1596
f 1368 1597 1685
f 1597 1598 1685
f 1604 1599 1670
f 1604 1609 1600
f 1599 1604 1600
f 1366 1603 1605
f 1601 1605 1604
f 1601 1366 1605
f 1605 1603 1604
f 1368 1365 1597
f 1601 1604 1670
f 1670 1602 1601
f 1623 1624 1604
f 1624 1609 1604
f 1604 1603 1623
f 1600 1608 1607
f 1609 1608 1610
f 1609 1611 1608
f 1609 1610 1600
f 1608 1600 1610
f 1611 1692 1608
f 1612 1613 1611
f 1408 1397 1614
f 1398 1616 1397
f 1616 1617 1397
f 1397 1621 1614
f 1621 1397 1615
f 1621 1615 1618
f 1615 1619 1618
f 1615 1397 1619
f 1619 1636 1618
f 1407 1614 1366
f 1366 1614 1620
f 1620 1603 1366
f 1620 1614 1621
f 1603 1620 1623
f 1620 1622 1623
f 1622 1624 1623
f 1620 1621 1622
f 1621 1618 1622
f 1624 1626 1609
f 1625 1609 1626
f 1611 1609 1625
f 1622 1627 1624
f 1624 1627 1626
f 1625 1626 1611
f 1626 1628 1611
f 1611 1628 1612
f 1612 1628 1613
f 1629 1613 1628
f 1629 1657 1613
f 1622 1636 1627
f 1627 1630 1626
f 1626 1630 1628
f 1618 1636 1622
f 1627 1636 1631
f 1627 1631 1630
f 1631 1632 1630
f 1628 1630 1633
f 1633 1629 1628
f 1632 1633 1630
f 1629 1633 1658
f 1398 1426 1616
f 1426 1425 1616
f 1425 1617 1616
f 1426 1634 1425
f 1426 1635 1634
f 1397 1617 1619
f 1425 1638 1617
f 1619 1637 1636
f 1617 1638 1619
f 1619 1638 1639
f 1619 1639 1637
f 1637 1639 1636
f 1426 1431 1635
f 1431 1641 1635
f 1634 1635 1425
f 1425 1635 1644
f 1635 1641 1644
f 826 1642 1431
f 1642 1641 1431
f 1638 1425 1639
f 1425 1644 1639
f 1641 1033 1644
f 1033 1036 1644
f 1644 1036 1650
f 1644 1650 1639
f 1639 1640 1636
f 1636 1640 1645
f 1639 1643 1640
f 1639 1649 1643
f 1631 1636 1632
f 1632 1636 1646
f 1640 1651 1645
f 1645 1651 1636
f 1646 1636 1647
f 1647 1636 1651
f 1646 1647 1632
f 1647 1633 1632
f 1647 1651 1633
f 1651 1648 1633
f 1651 1654 1648
f 1643 1649 1640
f 1649 1651 1640
f 1650 1653 1651
f 1639 1650 1649
f 1649 1650 1651
f 1650 1037 1653
f 1653 1652 1651
f 1651 1652 1654
f 1654 1652 1653
f 1654 1661 1648
f 1654 1662 1663
f 1654 1653 1655
f 1655 1044 1654
f 1653 1043 1044
f 1653 1044 1655
f 1044 1656 1654
f 1044 1045 1656
f 1662 1654 1656
f 1656 1045 1662
f 1657 1629 1658
f 1633 1659 1658
f 1660 1659 1633
f 1633 1661 1660
f 1648 1661 1633
f 1659 1660 1759
f 1661 1759 1660
f 1661 1654 1763
f 1759 1661 1763
f 1654 1663 1763
f 1662 1763 1663
f 1763 1662 1045
f 1684 1666 1462
f 1684 1462 1667
f 1667 1462 1476
f 1666 1684 1668
f 1668 1669 1664
f 1698 1670 1675
f 1666 1668 1664
f 1672 491 1693
f 1671 1693 1492
f 1492 1463 1671
f 1671 1672 1693
f 1671 1665 1672
f 1666 1671 1674
f 1666 1664 1671
f 1665 1664 1678
f 1664 1665 1671
f 488 491 1672
f 1680 488 1672
f 1665 1680 1672
f 1674 1671 1673
f 1666 1673 1462
f 1673 1463 1462
f 1666 1674 1673
f 1463 1673 1671
f 1675 1676 1698
f 1664 1669 1679
f 1678 1664 1679
f 1687 1677 1676
f 1691 1677 1687
f 1665 1678 1680
f 489 1680 1679
f 1680 489 488
f 1680 1678 1679
f 489 1679 502
f 502 1679 1682
f 1682 1679 1695
f 1669 1695 1679
f 1683 1695 1669
f 1683 1681 1695
f 1698 1676 1677
f 1685 1684 1476
f 1476 1368 1685
f 1667 1476 1684
f 1684 1598 1668
f 1685 1598 1684
f 1668 1598 1669
f 1670 1599 1675
f 1600 1675 1599
f 1600 1606 1675
f 1606 1607 1675
f 1607 1606 1600
f 1675 1607 1686
f 1608 1687 1607
f 1687 1686 1607
f 1675 1686 1676
f 1686 1687 1676
f 1692 1687 1608
f 1688 1689 1692
f 1687 1692 1690
f 1690 1691 1687
f 1692 1691 1690
f 1613 1692 1611
f 1692 1613 1688
f 1693 490 1694
f 1694 1492 1693
f 491 490 1693
f 488 490 491
f 1694 490 1495
f 1694 1495 1492
f 501 489 502
f 1695 502 1682
f 503 502 1695
f 1704 1677 1691
f 1699 1698 1677
f 1681 1697 1695
f 1677 1704 1700
f 1677 1700 1699
f 1700 1702 1699
f 1728 1701 1703
f 1700 1704 1691
f 1689 1691 1692
f 1689 1706 1691
f 1689 1688 1613
f 1705 1689 1613
f 1613 1657 1705
f 1657 1744 1705
f 1706 1689 1705
f 1707 1706 1705
f 1705 1744 1707
f 1706 1707 1709
f 1747 1711 1707
f 1700 1691 1701
f 1701 1691 1703
f 1706 1709 1691
f 1691 1709 1708
f 1703 1691 1708
f 1703 1708 1728
f 1708 1710 1728
f 1711 1710 1708
f 1709 1707 1708
f 1708 1707 1711
f 1696 1714 1695
f 1696 1695 1697
f 1698 1702 1717
f 1698 1699 1702
f 1702 1700 1715
f 1715 1717 1702
f 1695 1714 503
f 1714 1696 503
f 503 1696 1716
f 1718 1715 1700
f 1700 1701 1718
f 1701 1728 1718
f 1726 1715 1718
f 1716 1725 1720
f 1725 1716 1696
f 1717 1715 1723
f 1721 1723 1715
f 1722 1725 1696
f 1724 1720 1725
f 559 558 1724
f 1725 559 1724
f 1723 1721 652
f 1725 1722 559
f 1726 1718 1719
f 647 652 1721
f 1727 1721 1715
f 1715 1726 1727
f 648 1721 1727
f 1721 648 647
f 654 648 1727
f 654 666 648
f 1727 666 654
f 1710 1711 1728
f 1729 1728 1711
f 1728 1729 1718
f 1711 1712 1729
f 1718 1730 1719
f 1730 1718 1729
f 1719 1730 1731
f 1730 1712 1732
f 1730 1729 1712
f 1713 1733 1712
f 1732 1712 1733
f 1732 1731 1730
f 1733 1731 1732
f 1733 1735 1740
f 1719 1727 1726
f 1727 1719 1731
f 1737 1727 1731
f 1727 1737 666
f 1737 1731 666
f 1731 1735 1738
f 666 1731 1738
f 1735 666 1738
f 1739 666 1735
f 1739 1741 666
f 1741 1742 666
f 1733 1734 1731
f 1740 1731 1734
f 1731 1740 1735
f 1734 1733 1740
f 1742 1741 1739
f 1735 1736 1739
f 1739 1743 1742
f 1736 1743 1739
f 1744 1657 1658
f 1658 1745 1744
f 1745 1659 1744
f 1745 1658 1659
f 1744 1659 1746
f 1744 1747 1707
f 1747 1746 1711
f 1744 1746 1747
f 1659 1759 1750
f 1750 1746 1659
f 1750 1759 1746
f 1711 1748 1712
f 1748 1749 1712
f 1711 1746 1748
f 1746 1749 1748
f 1713 1749 1753
f 1749 1752 1753
f 1712 1749 1713
f 1713 1754 1733
f 1713 1753 1754
f 1754 1753 1755
f 1752 1755 1753
f 1755 1752 1754
f 1749 1751 1757
f 1749 1757 1752
f 1752 1757 1758
f 1759 1763 1760
f 1746 1761 1749
f 1761 1762 1749
f 1749 1762 1751
f 1746 1759 1761
f 1759 1760 1762
f 1761 1759 1762
f 1760 1763 1764
f 1764 1763 1045
f 1045 1765 1764
f 1760 1766 1762
f 1760 1764 1766
f 1766 1764 1765
f 1765 1081 1766
f 1766 1081 1086
f 1751 1762 1757
f 1762 1768 1757
f 1762 1766 1768
f 1769 1768 1766
f 1758 1757 1768
f 1758 1768 1767
f 1758 1767 1780
f 1769 1767 1768
f 1766 1770 1769
f 1766 1086 1770
f 1769 1770 1087
f 1087 1767 1769
f 1733 1754 1752
f 1733 1752 1756
f 1733 1756 1773
f 1733 1773 1771
f 1771 1735 1733
f 1773 1735 1771
f 1775 1735 1773
f 1752 1758 1756
f 1758 1780 1756
f 1773 1756 1775
f 1756 1772 1774
f 1756 1778 1775
f 515 1756 1774
f 1778 1756 1779
f 1756 515 1779
f 1736 1735 1775
f 512 1777 1736
f 1736 1777 1743
f 1777 512 513
f 1777 513 1743
f 1736 1775 512
f 1776 512 1775
f 1775 1778 1776
f 1776 1778 512
f 1778 514 512
f 1778 1779 514
f 1779 515 514
f 1780 1772 1756
f 1774 1772 515
f 1780 1782 1772
f 515 1772 517
f 1772 519 517
f 1780 1767 1782
f 1767 1781 1782
f 1767 1087 1088
f 1088 1783 1767
f 1767 1783 1781
f 1783 1103 1781
f 1783 1088 1103
f 1772 1782 519
f 1782 521 519
f 1782 1784 521
f 1781 1103 1782
f 1103 1784 1782
f 1103 1104 1105
f 1103 1105 1784
f 1784 1105 521
f 1105 1104 521
f 880 1785 881
f 880 984 985
f 985 1785 880
f 1785 1787 881
f 985 991 1785
f 991 1786 1785
f 886 881 1787
f 1785 1786 1788
f 1785 1788 1787
f 1793 886 1787
f 1788 1786 1787
f 991 992 1786
f 992 1796 1786
f 990 1789 992
f 992 1789 1796
f 1789 1790 1796
f 1791 1790 1789
f 917 1793 1795
f 1793 1797 1795
f 1787 1786 1794
f 1793 1787 1794
f 1796 1794 1786
f 1797 1794 1796
f 1798 1797 1796
f 1793 1794 1797
f 1798 1821 1797
f 911 1803 916
f 1795 1803 911
f 911 917 1795
f 1795 1797 1800
f 1795 1802 1803
f 919 916 920
f 1795 1800 1802
f 1800 1799 1804
f 1802 1800 1804
f 1797 1799 1800
f 1799 1797 1821
f 1803 920 916
f 920 1801 959
f 1803 1801 920
f 1803 1837 1801
f 1802 1804 1805
f 1805 1799 1821
f 1799 1805 1804
f 1805 1809 1802
f 1837 1803 1802
f 1806 1809 1805
f 1806 1807 1809
f 2641 1808 2642
f 1802 1809 1837
f 1796 1790 1798
f 1798 1790 1810
f 1791 1811 1790
f 1811 1810 1790
f 1798 1810 1813
f 1821 1798 1813
f 1810 1812 1813
f 1812 1816 1813
f 1791 1010 1814
f 1811 1791 1810
f 1791 1812 1810
f 1010 1815 1814
f 1791 1814 1815
f 1010 1792 1815
f 1791 1815 1792
f 1791 1792 1812
f 1816 1812 1880
f 1813 1819 1817
f 1816 1819 1813
f 1816 1820 1819
f 1821 1813 1823
f 1823 1813 1822
f 1822 1813 1817
f 1805 1821 1806
f 1821 1823 1806
f 1806 1825 1807
f 1809 1807 1825
f 1806 1824 1828
f 1806 1823 1824
f 1806 1828 1825
f 1822 1817 1823
f 1817 1826 1827
f 1817 1827 1823
f 1823 1827 1824
f 1828 1824 1827
f 1828 1827 1829
f 1829 1827 1921
f 1893 1921 1827
f 954 959 1801
f 1801 1830 954
f 1830 1801 1833
f 1833 954 1830
f 1833 960 954
f 965 960 1833
f 1832 1833 1801
f 1801 1831 1832
f 1837 1831 1801
f 1833 1832 965
f 1832 964 965
f 1835 964 1832
f 1835 1836 964
f 1837 1838 1831
f 1831 1838 1832
f 1837 1852 1838
f 1837 1809 1852
f 1832 1838 1835
f 1835 1838 1836
f 1852 1839 1838
f 1838 1840 1836
f 1838 1839 1840
f 1834 1841 964
f 964 1841 977
f 977 1841 979
f 964 1836 1834
f 1836 1846 1834
f 1841 1844 1843
f 1845 980 979
f 980 1957 981
f 980 1845 1957
f 1841 1842 979
f 979 1842 1845
f 1841 1843 1842
f 1845 1842 1849
f 1841 1834 1846
f 1841 1846 1844
f 1844 1847 1843
f 1836 1844 1846
f 1836 1848 1844
f 1844 1851 1847
f 1844 1848 1851
f 1843 1847 1842
f 1842 1850 1849
f 1964 1850 1842
f 1847 1851 1842
f 1842 1851 1860
f 1842 1860 1964
f 1809 1825 1852
f 1825 1828 1852
f 1852 1853 1839
f 1852 1854 1853
f 1854 1852 1828
f 1829 1921 1828
f 1854 1828 1921
f 1854 1839 1853
f 1854 1856 1839
f 1921 1855 1854
f 1854 1857 1856
f 1839 1857 1840
f 1839 1856 1857
f 1857 1854 1859
f 1857 1859 1858
f 1840 1848 1836
f 1840 1860 1848
f 1840 1857 1861
f 1860 1840 1861
f 1848 1860 1851
f 1964 1860 1862
f 1862 1863 1964
f 1861 1864 1860
f 1862 1860 1863
f 1860 1865 1863
f 1860 1864 1865
f 1861 1857 1858
f 1923 1861 1858
f 1866 1861 1923
f 1859 1923 1858
f 1867 1868 1924
f 1861 1866 1864
f 1867 1924 1984
f 1984 1924 1870
f 1925 1870 1924
f 1924 1869 1925
f 1019 1871 1010
f 1010 1871 1792
f 1019 1020 1871
f 1022 1872 1873
f 1871 1020 1899
f 1023 1874 1872
f 1873 1872 1874
f 1873 1874 1879
f 1020 1875 1899
f 1874 1030 1879
f 1023 1032 1876
f 1023 1876 1878
f 1032 8 1876
f 8 1878 1876
f 1023 1878 1030
f 1879 1030 1877
f 1878 8 1030
f 1877 1030 8
f 1903 1879 1877
f 8 9 1877
f 1877 9 1903
f 1812 1792 1880
f 1871 1880 1792
f 1880 1881 1816
f 1816 1881 1818
f 1818 1820 1816
f 1819 1820 1817
f 1820 1888 1817
f 1820 1818 1888
f 1881 1880 1818
f 1818 1883 1888
f 1871 1899 1880
f 1899 1882 1880
f 1882 1885 1880
f 1880 1885 1818
f 1818 1885 1883
f 1884 1883 1894
f 1883 1887 1894
f 1883 1886 1887
f 1888 1883 1884
f 1890 1817 1888
f 1817 1890 1826
f 1891 1888 1884
f 1888 1891 1890
f 1826 1890 1827
f 1890 1893 1827
f 1890 1891 1893
f 1892 1891 1889
f 1891 1892 1893
f 1894 1889 1891
f 1891 1884 1894
f 1892 1889 1895
f 1894 1895 1889
f 1894 1896 1895
f 1882 1899 1898
f 1898 1885 1882
f 1885 1898 1900
f 1885 1900 1886
f 1900 1898 1901
f 1886 1883 1885
f 1886 1905 1908
f 1886 1908 1887
f 1898 1899 1901
f 1900 1901 1886
f 1886 1901 1905
f 1899 1902 1901
f 1899 1875 1902
f 1904 1879 1903
f 1903 32 1904
f 1901 1902 35
f 1904 32 37
f 35 1902 33
f 1905 1901 35
f 1894 1887 1910
f 1908 1907 1887
f 1907 1908 1911
f 1908 1905 1906
f 1906 1905 35
f 1906 35 36
f 1908 1906 36
f 1908 36 1911
f 1911 36 35
f 1909 1911 35
f 35 39 1909
f 1910 1912 1894
f 1887 1907 1910
f 1910 1907 1911
f 1910 1911 1912
f 1912 1896 1894
f 1895 1896 1912
f 1897 1895 1913
f 1912 1913 1895
f 1912 1911 1913
f 1915 1935 1913
f 1909 1913 1911
f 1914 1915 1913
f 1913 1909 39
f 1913 39 1914
f 1914 39 1915
f 39 40 1915
f 1854 1855 1859
f 1921 1893 1892
f 1892 1895 1920
f 1892 1920 1921
f 1921 1916 1855
f 1855 1916 1859
f 1916 1918 1859
f 1859 1922 1917
f 1918 1922 1859
f 1897 1920 1895
f 1921 1920 1916
f 1916 1920 1918
f 1920 1941 1918
f 1918 1941 1922
f 1859 1917 1923
f 1868 1919 1924
f 1924 1926 1869
f 1930 1924 1919
f 1930 1926 1924
f 1869 1926 1925
f 1926 2207 1925
f 1919 1938 1930
f 1938 1946 1930
f 1926 1930 2207
f 1931 1932 1930
f 1930 1928 1927
f 1946 1931 1930
f 2207 1930 1927
f 1946 1932 1931
f 1946 1928 1932
f 1928 1930 1932
f 1947 1928 1946
f 1933 1951 58
f 1934 1933 58
f 58 48 1934
f 1935 1897 1913
f 1897 1941 1937
f 1920 1897 1937
f 1937 1941 1920
f 1919 1944 1938
f 1935 1915 1939
f 1939 1897 1935
f 1897 1939 1940
f 1919 1942 1944
f 1940 1941 1897
f 1940 1943 1941
f 1915 1940 1939
f 40 1940 1915
f 1940 40 41
f 54 55 1942
f 1940 41 1943
f 1942 1936 1944
f 1942 55 1936
f 1947 1948 1928
f 1948 1947 1945
f 1936 1945 1944
f 1948 1929 1928
f 1948 2237 1929
f 1948 1933 2237
f 1947 1946 1938
f 1938 1950 1947
f 1944 1945 1938
f 1938 1945 1950
f 1950 1945 1947
f 55 1945 1936
f 1945 1949 1948
f 1951 1945 55
f 1945 1951 1949
f 58 1951 55
f 1951 1933 1948
f 1948 1949 1951
f 1211 1121 1119
f 1123 1952 1953
f 1123 1953 1119
f 1119 1213 1211
f 1952 1955 1953
f 1952 1954 1955
f 1953 1213 1119
f 1955 1213 1953
f 1213 1233 1217
f 1845 1958 1957
f 1958 981 1957
f 1845 1849 1958
f 1849 1959 1958
f 981 1958 1961
f 1961 1958 1966
f 1960 1962 1174
f 1960 1176 1962
f 1966 1958 1963
f 1958 1959 1963
f 1176 1967 1962
f 1850 1964 1849
f 1849 1964 1959
f 1964 1965 1959
f 1964 1865 1965
f 1963 1959 1966
f 1965 1966 1959
f 1176 1974 1967
f 1179 1971 1181
f 1971 2004 1181
f 1971 1968 2004
f 1962 1179 1174
f 1179 1962 1969
f 1179 1969 1971
f 1971 1969 1962
f 1962 1967 1970
f 1962 1970 1971
f 1972 1973 1968
f 1967 1974 1970
f 1970 1973 1971
f 1974 1975 1970
f 1970 1975 1976
f 1970 1976 1973
f 1976 1975 1973
f 1972 1968 1971
f 1971 1973 1972
f 1977 1988 1973
f 1964 1863 1865
f 1176 1978 1974
f 1980 1978 1176
f 1979 1980 1176
f 1974 1978 1975
f 1981 1987 1975
f 1978 1981 1975
f 1979 1982 1980
f 1980 1981 1978
f 1870 1985 1984
f 1983 1980 1982
f 1980 1986 1981
f 1984 1985 2211
f 1980 1983 1986
f 1988 2022 1973
f 1973 2022 2008
f 1975 1977 1973
f 1975 1987 1977
f 1977 2022 1988
f 1987 1989 1977
f 1989 2022 1977
f 1991 1990 1992
f 1991 1992 2025
f 2025 1992 1990
f 1993 1987 1981
f 1981 1986 1993
f 1990 1987 1994
f 1987 1991 1989
f 1991 1987 1990
f 1993 1994 1987
f 1990 1994 1993
f 1986 1990 1993
f 1195 1192 1194
f 1192 1996 1194
f 1194 1996 1995
f 1122 1197 1952
f 1952 1197 1999
f 1952 1999 1954
f 1954 1999 1955
f 1955 1999 1956
f 1999 1995 1956
f 1197 1194 1999
f 2000 1999 1194
f 1194 1995 2000
f 2000 1995 1999
f 1955 1956 1213
f 1956 1233 1213
f 1995 1233 1956
f 2002 2001 1995
f 1995 2001 1233
f 1995 1996 2002
f 2002 1996 1998
f 1998 1997 2002
f 2003 2002 1997
f 2002 2003 2001
f 1181 2004 1198
f 2004 1192 1198
f 2004 2005 1192
f 2004 1968 2007
f 1192 2005 1996
f 2005 2004 1996
f 2004 2009 1996
f 2006 2004 2007
f 2004 2006 2009
f 1973 2008 2007
f 1968 1973 2007
f 2007 2010 2006
f 2007 2008 2010
f 2009 1998 1996
f 2009 2006 2010
f 2010 2011 2009
f 2011 1998 2009
f 2011 1997 1998
f 2014 1234 1233
f 1233 2001 2014
f 2013 2016 2003
f 2003 2016 2017
f 2003 2014 2001
f 2003 2017 2014
f 2014 2016 1234
f 2017 2016 2014
f 2018 2019 1234
f 2015 2018 1234
f 2268 2019 2020
f 2019 2018 2020
f 2016 2021 2020
f 2013 2273 2021
f 2016 2013 2021
f 2016 2020 2015
f 2016 2015 1234
f 2015 2020 2018
f 2022 2024 2008
f 2010 2023 2011
f 2003 1997 2011
f 2011 2023 2003
f 2003 2023 2013
f 2010 2013 2023
f 2624 2013 2010
f 2022 1989 2024
f 1989 1991 2024
f 2024 1991 2025
f 2025 2280 2024
f 2024 2010 2008
f 2624 2010 2026
f 2010 2280 2026
f 2024 2280 2010
f 2624 2026 2013
f 2026 2280 2012
f 2026 2012 2013
f 2030 2028 2027
f 2029 2031 2030
f 2028 2030 2031
f 2031 2032 2028
f 2045 2630 2623
f 2630 2033 2104
f 2029 2030 2034
f 2039 2035 2029
f 2030 2027 2034
f 2027 2037 2034
f 2027 2062 2037
f 2039 2037 2040
f 2037 2062 2038
f 2034 2037 2029
f 2039 2029 2037
f 2040 2037 2036
f 2038 2036 2037
f 2041 2040 2036
f 2036 2042 2041
f 2041 2044 2040
f 2041 2043 2044
f 2035 2045 2623
f 2630 2029 2623
f 2029 2035 2623
f 2035 2039 2045
f 2029 2104 2031
f 2104 2029 2630
f 2033 2630 2045
f 2045 2039 2046
f 2046 2112 2045
f 2040 2046 2039
f 2040 2044 2046
f 2044 2054 2046
f 2054 2235 2046
f 2041 2047 2043
f 2042 2047 2041
f 2043 2051 2044
f 2051 2043 2050
f 2051 2050 2622
f 2622 2149 2051
f 2149 2054 2051
f 2043 2052 2050
f 2051 2054 2044
f 2048 2052 2043
f 2622 2050 2149
f 2050 2052 2149
f 2149 2150 2053
f 2053 2150 2149
f 2150 2149 2055
f 2055 2149 2052
f 2052 2056 2055
f 2057 2027 2028
f 2028 2032 2057
f 2057 2058 2060
f 2057 2061 2072
f 2060 2061 2057
f 2027 2063 2062
f 2027 2064 2063
f 2072 2066 2062
f 2063 2064 2062
f 2062 2064 2072
f 2038 2062 2036
f 2062 2065 2036
f 2036 2065 2042
f 2062 2066 2065
f 2064 2027 2057
f 2057 2072 2064
f 2069 2070 2066
f 2070 2067 2066
f 2068 2066 2072
f 2066 2068 2069
f 2061 2071 2072
f 2068 2070 2069
f 2068 2073 2070
f 2059 2074 2076
f 2073 2068 2077
f 2072 2077 2068
f 2074 2079 107
f 2071 2077 2072
f 2076 2074 2083
f 2074 107 2083
f 2083 107 2078
f 106 2078 107
f 107 108 106
f 2049 2047 2042
f 2042 2065 2049
f 2043 2047 2048
f 2048 2047 2049
f 2065 2066 2049
f 2067 2049 2066
f 2049 2080 2048
f 2149 2235 2054
f 2052 2048 2056
f 2067 2080 2049
f 2067 2070 2080
f 2080 2070 2073
f 2081 2048 2080
f 2080 2073 2081
f 2073 2085 2081
f 2081 2085 2048
f 2083 2082 2088
f 2048 2087 2086
f 2048 2086 2165
f 2048 2085 2084
f 2084 2087 2048
f 2250 2088 2082
f 2096 2082 2092
f 2250 2082 2089
f 2096 2089 2082
f 2083 2078 2082
f 2078 2090 2082
f 2078 106 2090
f 2092 2082 2090
f 2090 2091 2092
f 2091 2093 2092
f 2091 2090 2093
f 2094 2092 2093
f 2093 113 2094
f 2092 162 2096
f 2092 2094 125
f 2092 125 162
f 2094 113 125
f 2095 1272 1260
f 2278 2289 1272
f 1272 2289 1273
f 2098 132 2097
f 2097 132 133
f 2097 133 2099
f 2289 2099 1273
f 1273 2099 1277
f 2099 133 131
f 2099 131 1277
f 2101 2234 2076
f 2032 2116 2102
f 2032 2100 2103
f 2106 2032 2104
f 2104 2033 2106
f 2106 2033 2105
f 2112 2108 2106
f 2106 2108 2107
f 2106 2107 2100
f 2104 2032 2031
f 2105 2033 2045
f 2106 2111 2032
f 2111 2100 2032
f 2111 2106 2100
f 2106 2105 2112
f 2045 2112 2105
f 2046 2235 2112
f 2112 2235 2236
f 2112 2236 2113
f 2112 2113 2115
f 2108 2114 2110
f 2108 2112 2115
f 2108 2115 2114
f 2032 2103 2116
f 2107 2109 2100
f 2107 2108 2109
f 2109 2108 2135
f 2135 2100 2109
f 2108 2110 2135
f 2100 2135 2117
f 2135 2118 2117
f 2135 2127 2118
f 2120 2121 2103
f 2103 2121 2116
f 2124 2119 2120
f 2120 2128 2124
f 2129 2123 2122
f 2125 2123 2129
f 2129 2130 2125
f 2117 2120 2100
f 2117 2126 2120
f 2117 2118 2126
f 2118 2127 2126
f 2120 2126 2128
f 2127 2128 2126
f 2122 2139 2129
f 2129 2213 2130
f 2122 2131 2139
f 2131 2132 2139
f 2139 2132 2129
f 2100 2120 2134
f 2100 2134 2103
f 2134 2120 2103
f 2110 2114 2135
f 2114 2136 2135
f 2135 2138 2127
f 2135 2136 2138
f 2114 2115 2136
f 2128 2127 2143
f 2127 2140 2143
f 2133 2129 2132
f 2132 2141 2133
f 2141 2142 2133
f 2138 2136 2115
f 2127 2138 2140
f 2115 2140 2138
f 2148 2187 2147
f 2150 2243 2149
f 2164 2151 2150
f 2619 2154 2166
f 2619 2166 2159
f 2055 2056 2150
f 2056 2153 2150
f 2153 2619 2150
f 2153 2056 2619
f 2156 2150 2619
f 2056 2154 2619
f 2156 2164 2150
f 2154 2056 2048
f 2618 2620 2155
f 2620 2156 2155
f 2618 2155 2156
f 2619 2164 2156
f 2619 2152 2164
f 2152 2617 2164
f 2147 2157 2148
f 2621 2634 2147
f 2147 2187 2157
f 2158 2174 2162
f 2619 2159 2152
f 2159 2158 2152
f 2158 2617 2152
f 2159 2166 2158
f 2157 2158 2162
f 2158 2157 2160
f 2157 2161 2160
f 2157 2162 2148
f 2162 2174 2148
f 2617 2158 2164
f 2160 2161 2158
f 2161 2164 2158
f 2158 2166 2174
f 2161 2157 2163
f 2167 2166 2086
f 2168 2250 2265
f 2166 2167 2200
f 2148 2171 2627
f 2627 2187 2148
f 2148 2169 2171
f 2169 2170 2171
f 2171 2170 2183
f 2169 2148 2174
f 2176 2191 2175
f 2172 2178 2177
f 2178 2179 2170
f 2170 2201 2178
f 2125 2175 2144
f 2144 2123 2125
f 2176 2125 2626
f 2125 2176 2175
f 2191 2145 2175
f 2176 2181 2191
f 2170 2179 2172
f 2179 2178 2172
f 2177 2180 2172
f 2176 2626 2181
f 2626 2125 2181
f 2182 2181 2125
f 2182 2194 2181
f 2170 2169 2201
f 2201 2169 2173
f 2145 2191 2146
f 2627 2171 2183
f 2170 2184 2183
f 2627 2183 2187
f 2185 2187 2183
f 2185 2186 2187
f 2183 2184 2192
f 2186 2185 2183
f 2183 2192 2186
f 2170 2172 2184
f 2157 2187 2163
f 2187 2186 2163
f 2192 2188 2186
f 2188 2189 2186
f 2180 2190 2172
f 2172 2192 2184
f 2172 2190 2192
f 2193 2191 2181
f 2194 2195 2181
f 2193 2181 2195
f 2190 2196 2192
f 2193 2195 2198
f 2192 2196 2189
f 2186 2189 2199
f 2199 2197 2186
f 2192 2189 2188
f 2169 2200 2173
f 2174 2166 2169
f 2200 2169 2166
f 1986 2203 2205
f 2202 2204 2211
f 2212 2205 2203
f 1986 2205 2206
f 1985 1870 1925
f 2202 1985 1925
f 2202 1925 2207
f 1985 2202 2211
f 1983 2203 1986
f 1927 1928 2207
f 2207 2209 2202
f 2209 2208 2202
f 2202 2208 2204
f 1928 2237 2210
f 2101 2204 2210
f 2204 2208 2210
f 2209 2210 2208
f 1928 2209 2207
f 1928 2210 2209
f 2205 2212 2122
f 2122 2212 2203
f 2211 2204 2101
f 2119 2121 2120
f 2123 2205 2122
f 2125 2130 2213
f 2221 2125 2213
f 2129 2133 2213
f 2133 2214 2213
f 2142 2214 2133
f 2140 2227 2143
f 2214 2224 2213
f 2140 2256 2227
f 2215 2224 2214
f 2214 2142 2216
f 1990 1986 2145
f 2217 1990 2145
f 2217 2218 1990
f 2206 2205 2145
f 2145 2205 2144
f 2175 2145 2144
f 2145 2146 2217
f 2145 1986 2206
f 2218 2025 1990
f 2217 2146 2218
f 2146 2219 2218
f 2218 2219 2025
f 2205 2123 2144
f 2125 2220 2182
f 2125 2221 2220
f 2220 2194 2182
f 2220 2221 2194
f 2221 2225 2194
f 2222 2225 2221
f 2213 2224 2221
f 2221 2224 2223
f 2223 2222 2221
f 2223 2224 2225
f 2223 2225 2222
f 2214 2216 2215
f 2224 2215 2225
f 2215 2216 2225
f 2216 2228 2225
f 2195 2194 2198
f 2198 2194 2230
f 2231 2189 2196
f 2228 2230 2194
f 2231 2229 2189
f 2194 2225 2228
f 2189 2229 2199
f 2032 2102 2057
f 2102 2232 2057
f 2057 2232 2058
f 2076 2234 2059
f 2234 2233 2059
f 2101 2210 2234
f 2210 2233 2234
f 2233 2238 2059
f 2236 2115 2113
f 2235 2115 2236
f 2115 2235 2245
f 2233 2210 2237
f 2237 2238 2233
f 1933 2239 2238
f 1933 2238 2237
f 2245 2137 2115
f 2137 2240 2115
f 2140 2115 2240
f 2140 2240 2137
f 2238 2241 2059
f 2241 2242 2075
f 2075 2059 2241
f 2075 2074 2059
f 2079 2075 107
f 2074 2075 2079
f 2238 2239 2241
f 2239 1933 2241
f 2241 1933 2242
f 1934 2242 1933
f 1934 48 2242
f 2149 2243 2235
f 2150 2151 2243
f 2243 2151 2235
f 2235 2151 2246
f 2244 2246 2151
f 2165 2154 2048
f 2164 2248 2151
f 2248 2244 2151
f 2246 2245 2235
f 2244 2247 2246
f 2245 2246 2247
f 2164 2161 2163
f 2248 2164 2247
f 2248 2247 2244
f 2164 2249 2247
f 2249 2164 2163
f 2252 2249 2163
f 2247 2249 2252
f 2166 2154 2165
f 2086 2166 2165
f 2250 2168 2088
f 2245 2247 2137
f 2247 2253 2137
f 2247 2251 2253
f 2163 2251 2252
f 2247 2252 2251
f 2251 2163 2186
f 2137 2253 2140
f 2251 2186 2197
f 2253 2251 2254
f 2140 2253 2254
f 2140 2254 2256
f 2254 2251 2255
f 2251 2197 2255
f 2197 2229 2255
f 2199 2229 2197
f 1928 1929 2237
f 2227 2256 2226
f 2254 2255 2256
f 2256 2255 2226
f 2231 2226 2229
f 2226 2255 2229
f 2227 2226 2231
f 2257 2146 2279
f 2259 2258 2012
f 2261 2260 2272
f 2173 2264 2201
f 2263 2279 2191
f 2146 2191 2279
f 2279 2258 2259
f 2279 2263 2258
f 2200 2167 2173
f 2173 2167 2264
f 2168 2265 2272
f 2261 2272 2265
f 2267 2261 2266
f 2267 2262 2261
f 2265 2267 2266
f 2265 2266 2261
f 2269 2276 1278
f 2275 2276 2269
f 2273 2020 2021
f 2013 2012 2271
f 2271 2273 2013
f 2269 2272 2260
f 2258 2270 2271
f 2260 2275 2269
f 2271 2012 2258
f 2273 2268 2020
f 2268 2273 2271
f 2270 2268 2271
f 2260 2274 2275
f 2277 2276 2275
f 2275 2274 2277
f 1260 2277 2095
f 2095 2277 2278
f 2277 2274 2278
f 2261 2274 2260
f 2262 2274 2261
f 2219 2279 2025
f 2279 2259 2280
f 2025 2279 2280
f 2257 2279 2219
f 2146 2257 2219
f 2280 2259 2012
f 2089 2281 2250
f 2281 2265 2250
f 2281 2282 2265
f 2089 2096 2283
f 2089 2283 2281
f 2096 2284 2283
f 2265 2282 2267
f 2283 2282 2281
f 2283 2284 2282
f 2282 2284 2285
f 2284 2096 162
f 162 2286 2284
f 2285 2284 2286
f 2286 162 2287
f 162 125 2288
f 162 2288 2287
f 125 132 2288
f 2267 2274 2262
f 2282 2285 2274
f 2267 2282 2274
f 2274 2099 2289
f 2097 2099 2274
f 2289 2278 2274
f 1272 2095 2278
f 2285 2286 2274
f 2286 2097 2274
f 2286 2287 2098
f 2288 132 2287
f 2287 132 2098
f 2097 2286 2098
f 486 2290 481
f 484 2291 483
f 2292 481 2290
f 484 481 2292
f 485 481 484
f 2292 2290 484
f 2290 2295 484
f 484 2293 2294
f 2295 2293 484
f 2290 2304 2295
f 2298 2304 2290
f 481 2296 486
f 2296 2290 486
f 2290 2296 2297
f 1280 2297 2296
f 2305 2297 2299
f 2297 1280 1281
f 2299 2297 1281
f 2297 2298 2290
f 2300 2302 2299
f 2299 1281 2300
f 2300 1281 1286
f 2300 1286 2302
f 2302 1286 2303
f 2318 2303 1286
f 2303 2301 2302
f 2297 2304 2298
f 2297 2305 2304
f 2299 2302 2305
f 2306 2305 2302
f 2319 2305 2306
f 2301 2306 2302
f 2291 2308 483
f 484 2307 2291
f 359 487 2308
f 2307 2308 2291
f 2307 359 2308
f 2307 484 2309
f 484 2294 2309
f 2307 2311 359
f 2309 2311 2307
f 2311 1300 359
f 1300 2311 1304
f 2311 1301 1304
f 2309 2294 2310
f 2294 2295 2310
f 2315 2309 2310
f 2293 2295 2294
f 2304 2313 2295
f 2313 2310 2295
f 2305 2319 2304
f 2313 2304 2310
f 2304 2312 2310
f 2312 2315 2310
f 2315 2311 2309
f 2315 2314 2311
f 2316 2315 2312
f 2324 2304 2319
f 2320 2319 2306
f 2303 2306 2301
f 2318 2306 2303
f 2338 2320 2306
f 2321 2304 2323
f 2321 2312 2304
f 2323 2312 2321
f 2323 2322 2312
f 2312 2322 2316
f 2324 2323 2304
f 2319 2320 2324
f 2324 2320 2325
f 2328 2320 2338
f 2325 2322 2323
f 2323 2324 2325
f 2320 2327 2325
f 2326 2327 2320
f 2327 2329 2325
f 2326 2320 2328
f 2326 2328 2332
f 2329 2327 2326
f 2325 2376 2322
f 2325 2377 2376
f 2332 2329 2326
f 2332 2328 2331
f 2329 2332 2333
f 2333 2380 2329
f 1286 1284 2334
f 2318 1286 2334
f 1288 2335 2342
f 2334 2342 2318
f 2339 2342 2335
f 2339 2335 1288
f 2318 2338 2306
f 2318 2336 2338
f 2336 2318 2337
f 2318 2342 2337
f 2336 2340 2338
f 2339 1288 2349
f 2337 2340 2336
f 2337 2357 2340
f 2343 2341 2337
f 2337 2341 2357
f 2343 2337 2342
f 2343 2342 2339
f 2339 2359 2343
f 1288 2344 2345
f 2349 1288 2345
f 2345 2344 2349
f 1297 2348 2344
f 1297 2346 2348
f 1297 1299 2346
f 2638 2344 2348
f 2638 2348 2350
f 2638 2350 2344
f 2344 2350 2349
f 2473 2353 2348
f 2349 2350 2351
f 2339 2349 2359
f 2351 2352 2349
f 2359 2349 2352
f 2350 2348 2353
f 2353 2351 2350
f 2351 2353 2355
f 2353 2354 2356
f 2355 2353 2356
f 2328 2338 2340
f 2331 2328 2340
f 2357 2341 2343
f 2340 2357 2343
f 2398 2331 2340
f 2340 2343 2358
f 2398 2340 2358
f 2359 2358 2343
f 2360 2359 2352
f 2311 2314 1301
f 1301 2314 1308
f 2314 2361 1308
f 2361 2314 2315
f 2316 2317 2315
f 2315 2317 2362
f 2362 2361 2315
f 2361 2363 1308
f 2361 2362 2363
f 2363 1309 1308
f 2362 2364 2363
f 1305 1309 1311
f 2363 1311 1309
f 2364 1310 1311
f 2363 2364 1311
f 2364 2365 1310
f 2365 2366 1310
f 2366 2384 1314
f 1319 6 5
f 1319 1314 2384
f 1319 2384 6
f 2317 2367 2362
f 2367 2368 2362
f 2316 2322 2317
f 2317 2322 2367
f 2322 2369 2371
f 2376 2369 2322
f 2371 2367 2322
f 2368 2372 2362
f 2362 2372 2364
f 2372 2374 2364
f 2367 2372 2368
f 2367 2370 2372
f 2371 2369 2367
f 2370 2367 2369
f 2370 2386 2372
f 2375 2386 2370
f 2369 2376 2370
f 2377 2378 2376
f 2325 2329 2378
f 2325 2378 2377
f 2330 2378 2329
f 2329 2380 2330
f 2378 2330 2380
f 2376 2375 2370
f 2375 2376 2378
f 2375 2378 2381
f 2379 2417 2378
f 2375 2381 2382
f 2381 2378 2382
f 2417 2382 2378
f 2364 2383 2365
f 2383 2366 2365
f 2366 2383 2373
f 2364 2373 2383
f 2373 2384 2366
f 2385 2364 2374
f 2364 2385 2373
f 2374 2372 2385
f 2373 2387 2384
f 2384 2387 6
f 6 2387 12
f 2387 2388 12
f 2373 2386 2387
f 2387 16 2388
f 2386 2385 2372
f 2385 2386 2373
f 2375 2389 2386
f 2389 2390 2386
f 2393 2387 2386
f 2393 16 2387
f 2386 2390 2393
f 2391 2393 2390
f 2382 2392 2375
f 2392 2389 2375
f 2382 2419 2418
f 2382 2389 2392
f 2389 2382 2390
f 2382 2391 2390
f 2418 2391 2382
f 2391 2394 2393
f 2393 2394 16
f 2394 2395 16
f 16 2395 79
f 2358 2359 2360
f 2358 2360 2396
f 2398 2332 2331
f 2399 2398 2358
f 2332 2398 2333
f 2414 2398 2399
f 2414 2333 2398
f 2399 2400 2414
f 2399 2358 2400
f 2400 2358 2397
f 2358 2396 2397
f 2400 2397 2403
f 2403 2407 2400
f 2400 2407 2406
f 2401 2400 2406
f 2360 2352 2351
f 2360 2351 2403
f 2351 2355 2403
f 2403 2404 2409
f 2360 2397 2396
f 2360 2403 2397
f 2403 2355 2404
f 2355 2356 2405
f 2405 2552 2404
f 2404 2552 2408
f 2409 2407 2403
f 2404 2411 2409
f 2411 2404 2408
f 2407 2410 2406
f 2410 2407 2409
f 2408 2439 2411
f 2413 2378 2380
f 2413 2380 2333
f 2333 2412 2413
f 2414 2412 2333
f 2378 2413 2379
f 2412 2379 2413
f 2379 2412 2415
f 2415 2421 2379
f 2382 2417 2419
f 2416 2417 2379
f 2421 2417 2416
f 2379 2421 2416
f 2417 2418 2419
f 2391 2418 2420
f 2417 2421 2418
f 2421 2424 2418
f 2418 2424 2420
f 2421 2425 2423
f 2421 2426 2424
f 2424 2426 2422
f 2420 2394 2391
f 2428 2395 2394
f 2428 2427 2395
f 2424 2428 2420
f 2420 2428 2394
f 2428 79 2427
f 2427 79 2395
f 2428 2422 79
f 2424 2422 2428
f 80 79 2422
f 2429 80 2422
f 2414 2430 2415
f 2415 2412 2414
f 2400 2430 2414
f 2400 2401 2430
f 2406 2402 2401
f 2401 2432 2430
f 2421 2415 2430
f 2430 2431 2421
f 2432 2431 2430
f 2431 2425 2421
f 2432 2425 2431
f 2425 2432 2433
f 2432 2434 2436
f 2402 2435 2401
f 2401 2434 2432
f 2434 2401 2435
f 2432 2436 2433
f 2434 2435 2437
f 2434 2433 2436
f 2437 2438 2433
f 2433 2434 2437
f 2406 2410 2402
f 2402 2410 2435
f 2410 2409 2435
f 2409 2439 2435
f 2409 2411 2439
f 2440 2435 2439
f 2439 2441 2440
f 2442 2435 2440
f 2437 2435 2442
f 2437 2442 2438
f 2442 2446 2443
f 2444 2442 2440
f 2444 2446 2442
f 2440 2445 2444
f 2446 2444 2447
f 2421 2423 2426
f 2423 2425 2426
f 2433 2449 2425
f 2425 2449 2426
f 2426 89 2422
f 89 2429 2422
f 2429 86 80
f 2433 2450 2449
f 2450 2433 2448
f 2438 2448 2433
f 2448 2438 2450
f 2438 2452 2450
f 2438 2451 2453
f 2426 2449 89
f 2429 91 86
f 2429 89 91
f 2450 2452 2449
f 89 2449 91
f 2452 91 2449
f 2452 2454 2455
f 2455 2454 93
f 2452 2455 91
f 91 2455 93
f 2438 2453 2452
f 2456 2454 2452
f 2442 2451 2438
f 2442 2443 2451
f 2451 2456 2453
f 2453 2456 2452
f 2451 2443 2457
f 2446 2447 2443
f 2447 2458 2443
f 2443 2459 2457
f 2459 2443 2458
f 2447 2460 2458
f 2456 2451 2457
f 2456 93 2454
f 2461 2462 2456
f 2456 2462 93
f 2456 2457 2461
f 2459 2461 2457
f 2461 2459 2462
f 2459 2463 2462
f 2463 94 2462
f 163 95 94
f 2463 163 94
f 2463 2464 163
f 2466 2477 1333
f 1334 1328 2347
f 1328 2467 2468
f 2467 1328 1327
f 2469 2467 1327
f 1328 2475 2347
f 1328 2468 2475
f 2348 2346 2470
f 2348 2470 2473
f 2469 2468 2467
f 2478 2469 1327
f 2469 2471 2468
f 2469 2478 2471
f 2353 2473 2354
f 2354 2473 2356
f 2468 2474 2475
f 2471 2474 2468
f 2470 2472 2473
f 2473 2472 2486
f 2486 2550 2473
f 2356 2473 2550
f 2475 2474 2487
f 1327 2465 2476
f 1327 2476 2478
f 2465 1333 2476
f 1333 2477 2476
f 2477 2478 2476
f 2471 2478 2481
f 2477 2479 2482
f 2477 2482 2478
f 2481 2478 2482
f 2482 2479 2480
f 2471 2481 2474
f 2481 2482 2474
f 2482 2483 2484
f 2484 2474 2482
f 2480 2483 2482
f 2485 2484 2483
f 2485 2483 2511
f 2486 2472 2549
f 2484 2488 2474
f 2484 2485 2490
f 2490 2489 2484
f 2485 2511 2491
f 642 2492 2496
f 2494 1336 2496
f 2496 2492 2497
f 1336 2493 1338
f 1338 2493 2466
f 2493 1336 2466
f 2466 1336 2494
f 2477 2466 2495
f 2466 2494 2495
f 2495 2494 2496
f 2497 2495 2496
f 2497 2508 2495
f 2501 2502 2497
f 691 2498 2492
f 2498 693 2492
f 693 2501 2492
f 2501 2497 2492
f 2499 2501 693
f 2500 2506 693
f 697 2500 692
f 2500 693 692
f 696 2500 697
f 693 2506 2499
f 2499 2506 2502
f 2501 2499 2502
f 2509 2502 2503
f 2503 2502 2506
f 696 1339 2500
f 1339 772 1340
f 1339 1340 2504
f 1339 2504 2500
f 2504 1340 1343
f 2500 2504 2506
f 2504 2505 2506
f 2522 2505 2504
f 2506 2505 2522
f 2504 1343 2522
f 2507 2522 1343
f 2479 2477 2495
f 2495 2508 2479
f 2508 2480 2479
f 2480 2508 2497
f 2510 2480 2497
f 2502 2509 2497
f 2497 2509 2510
f 2510 2509 2480
f 2480 2509 2512
f 2480 2511 2483
f 2480 2512 2511
f 2503 2519 2509
f 2512 2513 2514
f 2514 2511 2512
f 2491 2511 2514
f 2516 2491 2514
f 2514 2513 2515
f 2517 2491 2516
f 2514 2515 2516
f 2516 2515 2526
f 2526 2517 2516
f 2526 2518 2517
f 2519 2512 2509
f 2503 2520 2519
f 2506 2520 2503
f 2519 2520 2512
f 2520 2513 2512
f 2521 2526 2520
f 2525 2521 2520
f 2522 2525 2506
f 2525 2522 2523
f 2520 2506 2525
f 2522 2507 2523
f 2523 2521 2525
f 2524 2521 2523
f 2520 2515 2513
f 2526 2515 2520
f 2527 2526 2521
f 2526 2527 2518
f 2518 2527 2521
f 1343 1344 2507
f 2507 1344 2529
f 2601 2518 2602
f 2507 2530 2523
f 2529 2530 2507
f 2529 1359 2530
f 1359 1360 2530
f 2530 1360 2532
f 2524 2523 2530
f 2521 2524 2530
f 2536 2530 2535
f 1360 1361 2532
f 2530 2532 2531
f 2518 2521 2534
f 2521 2530 2534
f 2534 2536 2518
f 2534 2530 2536
f 2533 2518 2536
f 2602 2518 2528
f 2538 2518 2533
f 2538 2528 2518
f 2536 2538 2533
f 2538 2536 2539
f 2531 2537 2536
f 2536 2537 2539
f 2531 2535 2530
f 2535 2531 2536
f 2539 2537 2531
f 2539 2531 2544
f 1362 2531 2532
f 1362 1356 2540
f 2540 2545 1362
f 2540 1363 2545
f 2545 1363 2541
f 1363 143 2541
f 2541 143 142
f 2546 2542 2543
f 1362 2544 2531
f 2539 2544 2542
f 2544 1362 2542
f 2542 1362 2543
f 2543 1362 2545
f 199 2615 140
f 2546 145 140
f 140 2547 2546
f 2545 2541 2543
f 145 2548 2541
f 2546 2548 145
f 2541 142 145
f 2543 2541 2548
f 2546 2543 2548
f 2405 2404 2355
f 2552 2405 2549
f 2550 2486 2549
f 2356 2550 2549
f 2487 2474 2557
f 2555 2549 2472
f 2405 2356 2549
f 2408 2552 2553
f 2553 2554 2408
f 2549 2554 2552
f 2553 2552 2554
f 2549 2555 2554
f 2554 2555 2561
f 2408 2554 2566
f 2566 2439 2408
f 2554 2556 2566
f 2561 2556 2554
f 2557 2474 2488
f 2555 2472 2551
f 2488 2484 2558
f 2484 2489 2558
f 2558 2489 2490
f 2491 2490 2485
f 2558 2559 2488
f 2488 2578 2557
f 2555 2551 2561
f 2578 2488 2559
f 2561 2551 2560
f 2559 2562 2578
f 2558 2490 2491
f 2491 2559 2558
f 2491 2563 2559
f 2491 2517 2563
f 2562 2559 2564
f 2563 2517 2565
f 2563 2565 2559
f 2559 2565 2564
f 2565 2517 2564
f 2597 2564 2517
f 2517 2518 2597
f 2441 2439 2566
f 2566 2556 2445
f 2566 2445 2441
f 2440 2441 2445
f 2556 2568 2445
f 2568 2567 2445
f 2445 2567 2569
f 2445 2569 2570
f 2445 2570 2444
f 2444 2570 2447
f 2570 2569 2447
f 2569 2567 2583
f 2567 2577 2571
f 2567 2571 2583
f 2578 2562 2575
f 2562 2600 2572
f 2561 2568 2556
f 2561 2577 2568
f 2577 2561 2574
f 2560 2574 2561
f 2577 2567 2568
f 2576 2577 2574
f 2562 2572 2575
f 2577 2588 2571
f 2578 2575 2594
f 2576 2588 2577
f 2572 2600 2575
f 2600 2573 2575
f 2575 2573 2579
f 2575 2579 2580
f 2447 2569 2581
f 2581 2460 2447
f 2569 2583 2581
f 2584 2581 2583
f 2571 2584 2583
f 2581 2582 2460
f 2581 2584 2582
f 2460 2459 2458
f 2460 2582 2459
f 2459 2464 2463
f 2459 2582 163
f 2459 163 2464
f 2584 2586 2582
f 167 163 2582
f 167 2582 2586
f 2576 2589 2588
f 2588 2591 2571
f 2571 2587 2584
f 2591 2592 2571
f 2588 2587 2592
f 2591 2588 2592
f 2571 2592 2587
f 2584 2587 2585
f 2588 2590 2587
f 2580 2593 2575
f 2575 2593 2594
f 2588 2589 2590
f 2590 177 172
f 2584 2585 2586
f 2585 2587 2590
f 2590 172 2585
f 2586 172 165
f 2586 165 167
f 2585 172 2586
f 2590 2589 2596
f 2593 175 2594
f 2589 2595 2596
f 2612 175 2593
f 2596 173 2590
f 2590 173 177
f 2596 2595 177
f 2595 174 177
f 2562 2564 2598
f 2562 2598 2599
f 2598 2564 2599
f 2564 2597 2599
f 2562 2599 2600
f 2599 2597 2600
f 2601 2597 2518
f 2601 2600 2597
f 2601 2602 2600
f 2600 2602 2603
f 2528 2538 2602
f 2600 2603 2573
f 2573 2607 2579
f 2604 2603 2602
f 2603 2604 2573
f 2602 2538 2604
f 2604 2606 2605
f 2604 2538 2606
f 2573 2604 2607
f 2607 2604 2605
f 2539 2606 2538
f 2606 2539 2605
f 2579 2607 2608
f 2610 2609 2605
f 2605 2609 2607
f 2607 2609 2611
f 2607 2611 2608
f 2608 2614 2613
f 2613 2612 2608
f 2612 169 175
f 2613 197 169
f 2612 2613 169
f 2614 197 2613
f 197 2614 199
f 2610 2615 199
f 2611 2609 2608
f 2610 199 2609
f 2608 2609 2614
f 199 2614 2609
f 2579 2608 2580
f 2593 2580 2608
f 2608 2612 2593
f 2539 2542 2605
f 2542 2616 2605
f 2605 2616 2610
f 2616 2542 2610
f 2546 2610 2542
f 2610 2546 2547
f 2615 2610 2547
f 2547 140 2615

