{
  "mass_kg": 0.35,
  "friction": 0.5,
  "restitution": 0.1,
  "density_kg_m3": 1000.0,
  "size_cm": [
    18.0,
    18.0,
    2.4
  ],
  "tags": [
    "plate",
    "dish",
    "round",
    "flat",
    "thin",
    "grasp",
    "plate_01"
  ],
  "source": "objaverse",
  "description": "Round plate (Objaverse) [uid=b3f6e9bf6afd410491017364994c7767]",
  "stable_poses": [
    {
      "z": 0.02409,
      "quat": [
        0.001256,
        -0.763805,
        -0.645446,
        -0.001061
      ],
      "probability": 0.5509
    },
    {
      "z": 0.02607,
      "quat": [
        0.987572,
        -0.000403,
        6.4e-05,
        0.157168
      ],
      "probability": 0.4491
    }
  ]
}